ISO-10303-21;
HEADER;
/* Generated by software containing ST-Developer
 * from STEP Tools, Inc. (www.steptools.com) 
 */

FILE_DESCRIPTION(
/* description */ (''),
/* implementation_level */ '2;1');

FILE_NAME(
/* name */ 'Final Model Design v4.step',
/* time_stamp */ '2025-07-18T20:16:21+05:30',
/* author */ (''),
/* organization */ (''),
/* preprocessor_version */ 'ST-DEVELOPER v20.1',
/* originating_system */ 'Autodesk Translation Framework v14.10.0.0',
/* authorisation */ '');

FILE_SCHEMA (('AUTOMOTIVE_DESIGN { 1 0 10303 214 3 1 1 }'));
ENDSEC;

DATA;
#10=MECHANICAL_DESIGN_GEOMETRIC_PRESENTATION_REPRESENTATION('',(#314,#315,
#316,#317,#318,#319,#320,#321,#322,#323),#16237);
#11=ELLIPSE('',#10595,5.46861472724863,3.5);
#12=ELLIPSE('',#10637,5.4686147272486,3.5);
#13=ITEM_DEFINED_TRANSFORMATION($,$,#10423,#10507);
#14=ITEM_DEFINED_TRANSFORMATION($,$,#10423,#10508);
#15=ITEM_DEFINED_TRANSFORMATION($,$,#10174,#10765);
#16=ITEM_DEFINED_TRANSFORMATION($,$,#10181,#10766);
#17=ITEM_DEFINED_TRANSFORMATION($,$,#10181,#10767);
#18=ITEM_DEFINED_TRANSFORMATION($,$,#10677,#10768);
#19=ITEM_DEFINED_TRANSFORMATION($,$,#10259,#10769);
#20=ITEM_DEFINED_TRANSFORMATION($,$,#10677,#10770);
#21=ITEM_DEFINED_TRANSFORMATION($,$,#10259,#10771);
#22=ITEM_DEFINED_TRANSFORMATION($,$,#10173,#10772);
#23=ITEM_DEFINED_TRANSFORMATION($,$,#10337,#10773);
#24=ITEM_DEFINED_TRANSFORMATION($,$,#10337,#10774);
#25=ITEM_DEFINED_TRANSFORMATION($,$,#10337,#10775);
#26=ITEM_DEFINED_TRANSFORMATION($,$,#10337,#10776);
#27=ITEM_DEFINED_TRANSFORMATION($,$,#10421,#10777);
#28=ITEM_DEFINED_TRANSFORMATION($,$,#10422,#10778);
#29=ITEM_DEFINED_TRANSFORMATION($,$,#10509,#10779);
#30=ITEM_DEFINED_TRANSFORMATION($,$,#10509,#10780);
#31=ITEM_DEFINED_TRANSFORMATION($,$,#10593,#10781);
#32=ITEM_DEFINED_TRANSFORMATION($,$,#10593,#10782);
#33=ITEM_DEFINED_TRANSFORMATION($,$,#10593,#10783);
#34=ITEM_DEFINED_TRANSFORMATION($,$,#10593,#10784);
#35=ITEM_DEFINED_TRANSFORMATION($,$,#10677,#10785);
#36=ITEM_DEFINED_TRANSFORMATION($,$,#10677,#10786);
#37=ITEM_DEFINED_TRANSFORMATION($,$,#10677,#10787);
#38=ITEM_DEFINED_TRANSFORMATION($,$,#10677,#10788);
#39=(
REPRESENTATION_RELATIONSHIP($,$,#16300,#16298)
REPRESENTATION_RELATIONSHIP_WITH_TRANSFORMATION(#13)
SHAPE_REPRESENTATION_RELATIONSHIP()
);
#40=(
REPRESENTATION_RELATIONSHIP($,$,#16300,#16299)
REPRESENTATION_RELATIONSHIP_WITH_TRANSFORMATION(#14)
SHAPE_REPRESENTATION_RELATIONSHIP()
);
#41=(
REPRESENTATION_RELATIONSHIP($,$,#16294,#16293)
REPRESENTATION_RELATIONSHIP_WITH_TRANSFORMATION(#15)
SHAPE_REPRESENTATION_RELATIONSHIP()
);
#42=(
REPRESENTATION_RELATIONSHIP($,$,#16295,#16293)
REPRESENTATION_RELATIONSHIP_WITH_TRANSFORMATION(#16)
SHAPE_REPRESENTATION_RELATIONSHIP()
);
#43=(
REPRESENTATION_RELATIONSHIP($,$,#16295,#16293)
REPRESENTATION_RELATIONSHIP_WITH_TRANSFORMATION(#17)
SHAPE_REPRESENTATION_RELATIONSHIP()
);
#44=(
REPRESENTATION_RELATIONSHIP($,$,#16303,#16293)
REPRESENTATION_RELATIONSHIP_WITH_TRANSFORMATION(#18)
SHAPE_REPRESENTATION_RELATIONSHIP()
);
#45=(
REPRESENTATION_RELATIONSHIP($,$,#16296,#16293)
REPRESENTATION_RELATIONSHIP_WITH_TRANSFORMATION(#19)
SHAPE_REPRESENTATION_RELATIONSHIP()
);
#46=(
REPRESENTATION_RELATIONSHIP($,$,#16303,#16293)
REPRESENTATION_RELATIONSHIP_WITH_TRANSFORMATION(#20)
SHAPE_REPRESENTATION_RELATIONSHIP()
);
#47=(
REPRESENTATION_RELATIONSHIP($,$,#16296,#16293)
REPRESENTATION_RELATIONSHIP_WITH_TRANSFORMATION(#21)
SHAPE_REPRESENTATION_RELATIONSHIP()
);
#48=(
REPRESENTATION_RELATIONSHIP($,$,#16293,#16292)
REPRESENTATION_RELATIONSHIP_WITH_TRANSFORMATION(#22)
SHAPE_REPRESENTATION_RELATIONSHIP()
);
#49=(
REPRESENTATION_RELATIONSHIP($,$,#16297,#16292)
REPRESENTATION_RELATIONSHIP_WITH_TRANSFORMATION(#23)
SHAPE_REPRESENTATION_RELATIONSHIP()
);
#50=(
REPRESENTATION_RELATIONSHIP($,$,#16297,#16292)
REPRESENTATION_RELATIONSHIP_WITH_TRANSFORMATION(#24)
SHAPE_REPRESENTATION_RELATIONSHIP()
);
#51=(
REPRESENTATION_RELATIONSHIP($,$,#16297,#16292)
REPRESENTATION_RELATIONSHIP_WITH_TRANSFORMATION(#25)
SHAPE_REPRESENTATION_RELATIONSHIP()
);
#52=(
REPRESENTATION_RELATIONSHIP($,$,#16297,#16292)
REPRESENTATION_RELATIONSHIP_WITH_TRANSFORMATION(#26)
SHAPE_REPRESENTATION_RELATIONSHIP()
);
#53=(
REPRESENTATION_RELATIONSHIP($,$,#16298,#16292)
REPRESENTATION_RELATIONSHIP_WITH_TRANSFORMATION(#27)
SHAPE_REPRESENTATION_RELATIONSHIP()
);
#54=(
REPRESENTATION_RELATIONSHIP($,$,#16299,#16292)
REPRESENTATION_RELATIONSHIP_WITH_TRANSFORMATION(#28)
SHAPE_REPRESENTATION_RELATIONSHIP()
);
#55=(
REPRESENTATION_RELATIONSHIP($,$,#16301,#16292)
REPRESENTATION_RELATIONSHIP_WITH_TRANSFORMATION(#29)
SHAPE_REPRESENTATION_RELATIONSHIP()
);
#56=(
REPRESENTATION_RELATIONSHIP($,$,#16301,#16292)
REPRESENTATION_RELATIONSHIP_WITH_TRANSFORMATION(#30)
SHAPE_REPRESENTATION_RELATIONSHIP()
);
#57=(
REPRESENTATION_RELATIONSHIP($,$,#16302,#16292)
REPRESENTATION_RELATIONSHIP_WITH_TRANSFORMATION(#31)
SHAPE_REPRESENTATION_RELATIONSHIP()
);
#58=(
REPRESENTATION_RELATIONSHIP($,$,#16302,#16292)
REPRESENTATION_RELATIONSHIP_WITH_TRANSFORMATION(#32)
SHAPE_REPRESENTATION_RELATIONSHIP()
);
#59=(
REPRESENTATION_RELATIONSHIP($,$,#16302,#16292)
REPRESENTATION_RELATIONSHIP_WITH_TRANSFORMATION(#33)
SHAPE_REPRESENTATION_RELATIONSHIP()
);
#60=(
REPRESENTATION_RELATIONSHIP($,$,#16302,#16292)
REPRESENTATION_RELATIONSHIP_WITH_TRANSFORMATION(#34)
SHAPE_REPRESENTATION_RELATIONSHIP()
);
#61=(
REPRESENTATION_RELATIONSHIP($,$,#16303,#16292)
REPRESENTATION_RELATIONSHIP_WITH_TRANSFORMATION(#35)
SHAPE_REPRESENTATION_RELATIONSHIP()
);
#62=(
REPRESENTATION_RELATIONSHIP($,$,#16303,#16292)
REPRESENTATION_RELATIONSHIP_WITH_TRANSFORMATION(#36)
SHAPE_REPRESENTATION_RELATIONSHIP()
);
#63=(
REPRESENTATION_RELATIONSHIP($,$,#16303,#16292)
REPRESENTATION_RELATIONSHIP_WITH_TRANSFORMATION(#37)
SHAPE_REPRESENTATION_RELATIONSHIP()
);
#64=(
REPRESENTATION_RELATIONSHIP($,$,#16303,#16292)
REPRESENTATION_RELATIONSHIP_WITH_TRANSFORMATION(#38)
SHAPE_REPRESENTATION_RELATIONSHIP()
);
#65=CONTEXT_DEPENDENT_SHAPE_REPRESENTATION(#39,#16263);
#66=CONTEXT_DEPENDENT_SHAPE_REPRESENTATION(#40,#16264);
#67=CONTEXT_DEPENDENT_SHAPE_REPRESENTATION(#41,#16268);
#68=CONTEXT_DEPENDENT_SHAPE_REPRESENTATION(#42,#16269);
#69=CONTEXT_DEPENDENT_SHAPE_REPRESENTATION(#43,#16270);
#70=CONTEXT_DEPENDENT_SHAPE_REPRESENTATION(#44,#16271);
#71=CONTEXT_DEPENDENT_SHAPE_REPRESENTATION(#45,#16272);
#72=CONTEXT_DEPENDENT_SHAPE_REPRESENTATION(#46,#16273);
#73=CONTEXT_DEPENDENT_SHAPE_REPRESENTATION(#47,#16274);
#74=CONTEXT_DEPENDENT_SHAPE_REPRESENTATION(#48,#16275);
#75=CONTEXT_DEPENDENT_SHAPE_REPRESENTATION(#49,#16276);
#76=CONTEXT_DEPENDENT_SHAPE_REPRESENTATION(#50,#16277);
#77=CONTEXT_DEPENDENT_SHAPE_REPRESENTATION(#51,#16278);
#78=CONTEXT_DEPENDENT_SHAPE_REPRESENTATION(#52,#16279);
#79=CONTEXT_DEPENDENT_SHAPE_REPRESENTATION(#53,#16280);
#80=CONTEXT_DEPENDENT_SHAPE_REPRESENTATION(#54,#16281);
#81=CONTEXT_DEPENDENT_SHAPE_REPRESENTATION(#55,#16282);
#82=CONTEXT_DEPENDENT_SHAPE_REPRESENTATION(#56,#16283);
#83=CONTEXT_DEPENDENT_SHAPE_REPRESENTATION(#57,#16284);
#84=CONTEXT_DEPENDENT_SHAPE_REPRESENTATION(#58,#16285);
#85=CONTEXT_DEPENDENT_SHAPE_REPRESENTATION(#59,#16286);
#86=CONTEXT_DEPENDENT_SHAPE_REPRESENTATION(#60,#16287);
#87=CONTEXT_DEPENDENT_SHAPE_REPRESENTATION(#61,#16288);
#88=CONTEXT_DEPENDENT_SHAPE_REPRESENTATION(#62,#16289);
#89=CONTEXT_DEPENDENT_SHAPE_REPRESENTATION(#63,#16290);
#90=CONTEXT_DEPENDENT_SHAPE_REPRESENTATION(#64,#16291);
#91=NEXT_ASSEMBLY_USAGE_OCCURRENCE('30x30 sketch v1:1',
'30x30 sketch v1:1','30x30 sketch v1:1',#16311,#16313,
'30x30 sketch v1:1');
#92=NEXT_ASSEMBLY_USAGE_OCCURRENCE('30x30 sketch v1:1',
'30x30 sketch v1:1','30x30 sketch v1:1',#16312,#16313,
'30x30 sketch v1:1');
#93=NEXT_ASSEMBLY_USAGE_OCCURRENCE('Steel Sheet v1:1',
'Steel Sheet v1:1','Steel Sheet v1:1',#16306,#16307,'Steel Sheet v1:1');
#94=NEXT_ASSEMBLY_USAGE_OCCURRENCE('20 mm ROD 700 mm length v1:1',
'20 mm ROD 700 mm length v1:1','20 mm ROD 700 mm length v1:1',#16306,#16308,
'20 mm ROD 700 mm length v1:1');
#95=NEXT_ASSEMBLY_USAGE_OCCURRENCE('20 mm ROD 700 mm length v1:2',
'20 mm ROD 700 mm length v1:2','20 mm ROD 700 mm length v1:2',#16306,#16308,
'20 mm ROD 700 mm length v1:2');
#96=NEXT_ASSEMBLY_USAGE_OCCURRENCE('20 mm ROD 260mm length v1:1',
'20 mm ROD 260mm length v1:1','20 mm ROD 260mm length v1:1',#16306,#16316,
'20 mm ROD 260mm length v1:1');
#97=NEXT_ASSEMBLY_USAGE_OCCURRENCE('20 mm ROD 660mm  length v1:1',
'20 mm ROD 660mm  length v1:1','20 mm ROD 660mm  length v1:1',#16306,#16309,
'20 mm ROD 660mm  length v1:1');
#98=NEXT_ASSEMBLY_USAGE_OCCURRENCE('20 mm ROD 260mm length v1:2',
'20 mm ROD 260mm length v1:2','20 mm ROD 260mm length v1:2',#16306,#16316,
'20 mm ROD 260mm length v1:2');
#99=NEXT_ASSEMBLY_USAGE_OCCURRENCE('20 mm ROD 660mm  length v1:2',
'20 mm ROD 660mm  length v1:2','20 mm ROD 660mm  length v1:2',#16306,#16309,
'20 mm ROD 660mm  length v1:2');
#100=NEXT_ASSEMBLY_USAGE_OCCURRENCE('Base 70cm x 30 cm v1:1',
'Base 70cm x 30 cm v1:1','Base 70cm x 30 cm v1:1',#16305,#16306,
'Base 70cm x 30 cm v1:1');
#101=NEXT_ASSEMBLY_USAGE_OCCURRENCE('800 mm Rod v1:1','800 mm Rod v1:1',
'800 mm Rod v1:1',#16305,#16310,'800 mm Rod v1:1');
#102=NEXT_ASSEMBLY_USAGE_OCCURRENCE('800 mm Rod v1:2','800 mm Rod v1:2',
'800 mm Rod v1:2',#16305,#16310,'800 mm Rod v1:2');
#103=NEXT_ASSEMBLY_USAGE_OCCURRENCE('800 mm Rod v1:3','800 mm Rod v1:3',
'800 mm Rod v1:3',#16305,#16310,'800 mm Rod v1:3');
#104=NEXT_ASSEMBLY_USAGE_OCCURRENCE('800 mm Rod v1:4','800 mm Rod v1:4',
'800 mm Rod v1:4',#16305,#16310,'800 mm Rod v1:4');
#105=NEXT_ASSEMBLY_USAGE_OCCURRENCE('240 mm rod v1:1','240 mm rod v1:1',
'240 mm rod v1:1',#16305,#16311,'240 mm rod v1:1');
#106=NEXT_ASSEMBLY_USAGE_OCCURRENCE('240 mm rod v1:2','240 mm rod v1:2',
'240 mm rod v1:2',#16305,#16312,'240 mm rod v1:2');
#107=NEXT_ASSEMBLY_USAGE_OCCURRENCE('640mm Rod v1:1','640mm Rod v1:1',
'640mm Rod v1:1',#16305,#16314,'640mm Rod v1:1');
#108=NEXT_ASSEMBLY_USAGE_OCCURRENCE('640mm Rod v1:2','640mm Rod v1:2',
'640mm Rod v1:2',#16305,#16314,'640mm Rod v1:2');
#109=NEXT_ASSEMBLY_USAGE_OCCURRENCE('KSHAPE+ROD v1:1','KSHAPE+ROD v1:1',
'KSHAPE+ROD v1:1',#16305,#16315,'KSHAPE+ROD v1:1');
#110=NEXT_ASSEMBLY_USAGE_OCCURRENCE('KSHAPE+ROD v1:2','KSHAPE+ROD v1:2',
'KSHAPE+ROD v1:2',#16305,#16315,'KSHAPE+ROD v1:2');
#111=NEXT_ASSEMBLY_USAGE_OCCURRENCE('KSHAPE+ROD v1:3','KSHAPE+ROD v1:3',
'KSHAPE+ROD v1:3',#16305,#16315,'KSHAPE+ROD v1:3');
#112=NEXT_ASSEMBLY_USAGE_OCCURRENCE('KSHAPE+ROD v1:4','KSHAPE+ROD v1:4',
'KSHAPE+ROD v1:4',#16305,#16315,'KSHAPE+ROD v1:4');
#113=NEXT_ASSEMBLY_USAGE_OCCURRENCE('20 mm ROD 260mm length v1:1',
'20 mm ROD 260mm length v1:1','20 mm ROD 260mm length v1:1',#16305,#16316,
'20 mm ROD 260mm length v1:1');
#114=NEXT_ASSEMBLY_USAGE_OCCURRENCE('20 mm ROD 260mm length v1:2',
'20 mm ROD 260mm length v1:2','20 mm ROD 260mm length v1:2',#16305,#16316,
'20 mm ROD 260mm length v1:2');
#115=NEXT_ASSEMBLY_USAGE_OCCURRENCE('20 mm ROD 260mm length v1:3',
'20 mm ROD 260mm length v1:3','20 mm ROD 260mm length v1:3',#16305,#16316,
'20 mm ROD 260mm length v1:3');
#116=NEXT_ASSEMBLY_USAGE_OCCURRENCE('20 mm ROD 260mm length v1:4',
'20 mm ROD 260mm length v1:4','20 mm ROD 260mm length v1:4',#16305,#16316,
'20 mm ROD 260mm length v1:4');
#117=FACE_BOUND('',#879,.T.);
#118=FACE_BOUND('',#881,.T.);
#119=FACE_BOUND('',#932,.T.);
#120=FACE_BOUND('',#934,.T.);
#121=FACE_BOUND('',#1015,.T.);
#122=FACE_BOUND('',#1016,.T.);
#123=FACE_BOUND('',#1017,.T.);
#124=FACE_BOUND('',#1018,.T.);
#125=FACE_BOUND('',#1019,.T.);
#126=FACE_BOUND('',#1021,.T.);
#127=FACE_BOUND('',#1022,.T.);
#128=FACE_BOUND('',#1023,.T.);
#129=FACE_BOUND('',#1024,.T.);
#130=FACE_BOUND('',#1025,.T.);
#131=FACE_BOUND('',#1106,.T.);
#132=FACE_BOUND('',#1107,.T.);
#133=FACE_BOUND('',#1108,.T.);
#134=FACE_BOUND('',#1109,.T.);
#135=FACE_BOUND('',#1110,.T.);
#136=FACE_BOUND('',#1112,.T.);
#137=FACE_BOUND('',#1113,.T.);
#138=FACE_BOUND('',#1114,.T.);
#139=FACE_BOUND('',#1115,.T.);
#140=FACE_BOUND('',#1116,.T.);
#141=FACE_BOUND('',#1197,.T.);
#142=FACE_BOUND('',#1198,.T.);
#143=FACE_BOUND('',#1199,.T.);
#144=FACE_BOUND('',#1200,.T.);
#145=FACE_BOUND('',#1201,.T.);
#146=FACE_BOUND('',#1203,.T.);
#147=FACE_BOUND('',#1204,.T.);
#148=FACE_BOUND('',#1205,.T.);
#149=FACE_BOUND('',#1206,.T.);
#150=FACE_BOUND('',#1207,.T.);
#151=FACE_BOUND('',#1209,.T.);
#152=FACE_BOUND('',#1210,.T.);
#153=FACE_BOUND('',#1211,.T.);
#154=FACE_BOUND('',#1212,.T.);
#155=FACE_BOUND('',#1213,.T.);
#156=FACE_BOUND('',#1255,.T.);
#157=FACE_BOUND('',#1256,.T.);
#158=FACE_BOUND('',#1257,.T.);
#159=FACE_BOUND('',#1258,.T.);
#160=FACE_BOUND('',#1259,.T.);
#161=FACE_BOUND('',#1349,.T.);
#162=FACE_BOUND('',#1351,.T.);
#163=CIRCLE('',#10183,2.);
#164=CIRCLE('',#10184,2.);
#165=CIRCLE('',#10187,0.500000000000002);
#166=CIRCLE('',#10188,0.500000000000002);
#167=CIRCLE('',#10193,0.5);
#168=CIRCLE('',#10194,0.5);
#169=CIRCLE('',#10199,1.);
#170=CIRCLE('',#10200,1.);
#171=CIRCLE('',#10205,0.5);
#172=CIRCLE('',#10206,0.5);
#173=CIRCLE('',#10211,0.499999999999999);
#174=CIRCLE('',#10212,0.499999999999999);
#175=CIRCLE('',#10217,1.);
#176=CIRCLE('',#10218,1.);
#177=CIRCLE('',#10223,0.5);
#178=CIRCLE('',#10224,0.5);
#179=CIRCLE('',#10229,0.500000000000002);
#180=CIRCLE('',#10230,0.500000000000002);
#181=CIRCLE('',#10235,1.);
#182=CIRCLE('',#10236,1.);
#183=CIRCLE('',#10241,0.500000000000002);
#184=CIRCLE('',#10242,0.500000000000002);
#185=CIRCLE('',#10247,0.499999999999999);
#186=CIRCLE('',#10248,0.499999999999999);
#187=CIRCLE('',#10253,1.);
#188=CIRCLE('',#10254,1.);
#189=CIRCLE('',#10261,2.);
#190=CIRCLE('',#10262,2.);
#191=CIRCLE('',#10265,0.500000000000002);
#192=CIRCLE('',#10266,0.500000000000002);
#193=CIRCLE('',#10271,0.5);
#194=CIRCLE('',#10272,0.5);
#195=CIRCLE('',#10277,1.);
#196=CIRCLE('',#10278,1.);
#197=CIRCLE('',#10283,0.5);
#198=CIRCLE('',#10284,0.5);
#199=CIRCLE('',#10289,0.499999999999999);
#200=CIRCLE('',#10290,0.499999999999999);
#201=CIRCLE('',#10295,1.);
#202=CIRCLE('',#10296,1.);
#203=CIRCLE('',#10301,0.5);
#204=CIRCLE('',#10302,0.5);
#205=CIRCLE('',#10307,0.500000000000002);
#206=CIRCLE('',#10308,0.500000000000002);
#207=CIRCLE('',#10313,1.);
#208=CIRCLE('',#10314,1.);
#209=CIRCLE('',#10319,0.500000000000002);
#210=CIRCLE('',#10320,0.500000000000002);
#211=CIRCLE('',#10325,0.499999999999999);
#212=CIRCLE('',#10326,0.499999999999999);
#213=CIRCLE('',#10331,1.);
#214=CIRCLE('',#10332,1.);
#215=CIRCLE('',#10343,3.5);
#216=CIRCLE('',#10344,3.5);
#217=CIRCLE('',#10429,3.5);
#218=CIRCLE('',#10430,3.5);
#219=CIRCLE('',#10527,3.5);
#220=CIRCLE('',#10528,3.5);
#221=CIRCLE('',#10679,2.);
#222=CIRCLE('',#10680,2.);
#223=CIRCLE('',#10683,0.500000000000002);
#224=CIRCLE('',#10684,0.500000000000002);
#225=CIRCLE('',#10689,0.5);
#226=CIRCLE('',#10690,0.5);
#227=CIRCLE('',#10695,1.);
#228=CIRCLE('',#10696,1.);
#229=CIRCLE('',#10701,0.5);
#230=CIRCLE('',#10702,0.5);
#231=CIRCLE('',#10707,0.499999999999999);
#232=CIRCLE('',#10708,0.499999999999999);
#233=CIRCLE('',#10713,1.);
#234=CIRCLE('',#10714,1.);
#235=CIRCLE('',#10719,0.5);
#236=CIRCLE('',#10720,0.5);
#237=CIRCLE('',#10725,0.500000000000002);
#238=CIRCLE('',#10726,0.500000000000002);
#239=CIRCLE('',#10731,1.);
#240=CIRCLE('',#10732,1.);
#241=CIRCLE('',#10737,0.500000000000002);
#242=CIRCLE('',#10738,0.500000000000002);
#243=CIRCLE('',#10743,0.499999999999999);
#244=CIRCLE('',#10744,0.499999999999999);
#245=CIRCLE('',#10749,1.);
#246=CIRCLE('',#10750,1.);
#247=CIRCLE('',#10756,2.5);
#248=CIRCLE('',#10757,2.5);
#249=CIRCLE('',#10761,2.5);
#250=CIRCLE('',#10762,2.5);
#251=CYLINDRICAL_SURFACE('',#10182,2.);
#252=CYLINDRICAL_SURFACE('',#10186,0.500000000000002);
#253=CYLINDRICAL_SURFACE('',#10192,0.5);
#254=CYLINDRICAL_SURFACE('',#10198,1.);
#255=CYLINDRICAL_SURFACE('',#10204,0.5);
#256=CYLINDRICAL_SURFACE('',#10210,0.499999999999999);
#257=CYLINDRICAL_SURFACE('',#10216,1.);
#258=CYLINDRICAL_SURFACE('',#10222,0.5);
#259=CYLINDRICAL_SURFACE('',#10228,0.500000000000002);
#260=CYLINDRICAL_SURFACE('',#10234,1.);
#261=CYLINDRICAL_SURFACE('',#10240,0.500000000000002);
#262=CYLINDRICAL_SURFACE('',#10246,0.499999999999999);
#263=CYLINDRICAL_SURFACE('',#10252,1.);
#264=CYLINDRICAL_SURFACE('',#10260,2.);
#265=CYLINDRICAL_SURFACE('',#10264,0.500000000000002);
#266=CYLINDRICAL_SURFACE('',#10270,0.5);
#267=CYLINDRICAL_SURFACE('',#10276,1.);
#268=CYLINDRICAL_SURFACE('',#10282,0.5);
#269=CYLINDRICAL_SURFACE('',#10288,0.499999999999999);
#270=CYLINDRICAL_SURFACE('',#10294,1.);
#271=CYLINDRICAL_SURFACE('',#10300,0.5);
#272=CYLINDRICAL_SURFACE('',#10306,0.500000000000002);
#273=CYLINDRICAL_SURFACE('',#10312,1.);
#274=CYLINDRICAL_SURFACE('',#10318,0.500000000000002);
#275=CYLINDRICAL_SURFACE('',#10324,0.499999999999999);
#276=CYLINDRICAL_SURFACE('',#10330,1.);
#277=CYLINDRICAL_SURFACE('',#10342,3.5);
#278=CYLINDRICAL_SURFACE('',#10428,3.5);
#279=CYLINDRICAL_SURFACE('',#10526,3.5);
#280=CYLINDRICAL_SURFACE('',#10667,3.5);
#281=CYLINDRICAL_SURFACE('',#10678,2.);
#282=CYLINDRICAL_SURFACE('',#10682,0.500000000000002);
#283=CYLINDRICAL_SURFACE('',#10688,0.5);
#284=CYLINDRICAL_SURFACE('',#10694,1.);
#285=CYLINDRICAL_SURFACE('',#10700,0.5);
#286=CYLINDRICAL_SURFACE('',#10706,0.499999999999999);
#287=CYLINDRICAL_SURFACE('',#10712,1.);
#288=CYLINDRICAL_SURFACE('',#10718,0.5);
#289=CYLINDRICAL_SURFACE('',#10724,0.500000000000002);
#290=CYLINDRICAL_SURFACE('',#10730,1.);
#291=CYLINDRICAL_SURFACE('',#10736,0.500000000000002);
#292=CYLINDRICAL_SURFACE('',#10742,0.499999999999999);
#293=CYLINDRICAL_SURFACE('',#10748,1.);
#294=CYLINDRICAL_SURFACE('',#10755,2.5);
#295=CYLINDRICAL_SURFACE('',#10760,2.5);
#296=SHAPE_REPRESENTATION_RELATIONSHIP('SRR','None',#16294,#305);
#297=SHAPE_REPRESENTATION_RELATIONSHIP('SRR','None',#16295,#306);
#298=SHAPE_REPRESENTATION_RELATIONSHIP('SRR','None',#16296,#307);
#299=SHAPE_REPRESENTATION_RELATIONSHIP('SRR','None',#16297,#308);
#300=SHAPE_REPRESENTATION_RELATIONSHIP('SRR','None',#16298,#309);
#301=SHAPE_REPRESENTATION_RELATIONSHIP('SRR','None',#16299,#310);
#302=SHAPE_REPRESENTATION_RELATIONSHIP('SRR','None',#16301,#311);
#303=SHAPE_REPRESENTATION_RELATIONSHIP('SRR','None',#16302,#312);
#304=SHAPE_REPRESENTATION_RELATIONSHIP('SRR','None',#16303,#313);
#305=ADVANCED_BREP_SHAPE_REPRESENTATION('',(#324),#16227);
#306=ADVANCED_BREP_SHAPE_REPRESENTATION('',(#325),#16228);
#307=ADVANCED_BREP_SHAPE_REPRESENTATION('',(#326),#16229);
#308=ADVANCED_BREP_SHAPE_REPRESENTATION('',(#327),#16230);
#309=ADVANCED_BREP_SHAPE_REPRESENTATION('',(#328),#16231);
#310=ADVANCED_BREP_SHAPE_REPRESENTATION('',(#328),#16232);
#311=ADVANCED_BREP_SHAPE_REPRESENTATION('',(#329),#16234);
#312=ADVANCED_BREP_SHAPE_REPRESENTATION('',(#330),#16235);
#313=ADVANCED_BREP_SHAPE_REPRESENTATION('',(#331,#332,#333),#16236);
#314=STYLED_ITEM('',(#16356),#324);
#315=STYLED_ITEM('',(#16357),#325);
#316=STYLED_ITEM('',(#16357),#326);
#317=STYLED_ITEM('',(#16358),#327);
#318=STYLED_ITEM('',(#16358),#328);
#319=STYLED_ITEM('',(#16357),#329);
#320=STYLED_ITEM('',(#16357),#330);
#321=STYLED_ITEM('',(#16357),#331);
#322=STYLED_ITEM('',(#16357),#332);
#323=STYLED_ITEM('',(#16357),#333);
#324=MANIFOLD_SOLID_BREP('Body1',#10084);
#325=MANIFOLD_SOLID_BREP('Body1',#10085);
#326=MANIFOLD_SOLID_BREP('Body1',#10086);
#327=MANIFOLD_SOLID_BREP('Body1',#10087);
#328=MANIFOLD_SOLID_BREP('Body1',#10088);
#329=MANIFOLD_SOLID_BREP('Body1',#10089);
#330=MANIFOLD_SOLID_BREP('Body1',#10090);
#331=MANIFOLD_SOLID_BREP('Body1',#10091);
#332=MANIFOLD_SOLID_BREP('Body2',#10092);
#333=MANIFOLD_SOLID_BREP('Body3',#10093);
#334=FACE_OUTER_BOUND('',#823,.T.);
#335=FACE_OUTER_BOUND('',#824,.T.);
#336=FACE_OUTER_BOUND('',#825,.T.);
#337=FACE_OUTER_BOUND('',#826,.T.);
#338=FACE_OUTER_BOUND('',#827,.T.);
#339=FACE_OUTER_BOUND('',#828,.T.);
#340=FACE_OUTER_BOUND('',#829,.T.);
#341=FACE_OUTER_BOUND('',#830,.T.);
#342=FACE_OUTER_BOUND('',#831,.T.);
#343=FACE_OUTER_BOUND('',#832,.T.);
#344=FACE_OUTER_BOUND('',#833,.T.);
#345=FACE_OUTER_BOUND('',#834,.T.);
#346=FACE_OUTER_BOUND('',#835,.T.);
#347=FACE_OUTER_BOUND('',#836,.T.);
#348=FACE_OUTER_BOUND('',#837,.T.);
#349=FACE_OUTER_BOUND('',#838,.T.);
#350=FACE_OUTER_BOUND('',#839,.T.);
#351=FACE_OUTER_BOUND('',#840,.T.);
#352=FACE_OUTER_BOUND('',#841,.T.);
#353=FACE_OUTER_BOUND('',#842,.T.);
#354=FACE_OUTER_BOUND('',#843,.T.);
#355=FACE_OUTER_BOUND('',#844,.T.);
#356=FACE_OUTER_BOUND('',#845,.T.);
#357=FACE_OUTER_BOUND('',#846,.T.);
#358=FACE_OUTER_BOUND('',#847,.T.);
#359=FACE_OUTER_BOUND('',#848,.T.);
#360=FACE_OUTER_BOUND('',#849,.T.);
#361=FACE_OUTER_BOUND('',#850,.T.);
#362=FACE_OUTER_BOUND('',#851,.T.);
#363=FACE_OUTER_BOUND('',#852,.T.);
#364=FACE_OUTER_BOUND('',#853,.T.);
#365=FACE_OUTER_BOUND('',#854,.T.);
#366=FACE_OUTER_BOUND('',#855,.T.);
#367=FACE_OUTER_BOUND('',#856,.T.);
#368=FACE_OUTER_BOUND('',#857,.T.);
#369=FACE_OUTER_BOUND('',#858,.T.);
#370=FACE_OUTER_BOUND('',#859,.T.);
#371=FACE_OUTER_BOUND('',#860,.T.);
#372=FACE_OUTER_BOUND('',#861,.T.);
#373=FACE_OUTER_BOUND('',#862,.T.);
#374=FACE_OUTER_BOUND('',#863,.T.);
#375=FACE_OUTER_BOUND('',#864,.T.);
#376=FACE_OUTER_BOUND('',#865,.T.);
#377=FACE_OUTER_BOUND('',#866,.T.);
#378=FACE_OUTER_BOUND('',#867,.T.);
#379=FACE_OUTER_BOUND('',#868,.T.);
#380=FACE_OUTER_BOUND('',#869,.T.);
#381=FACE_OUTER_BOUND('',#870,.T.);
#382=FACE_OUTER_BOUND('',#871,.T.);
#383=FACE_OUTER_BOUND('',#872,.T.);
#384=FACE_OUTER_BOUND('',#873,.T.);
#385=FACE_OUTER_BOUND('',#874,.T.);
#386=FACE_OUTER_BOUND('',#875,.T.);
#387=FACE_OUTER_BOUND('',#876,.T.);
#388=FACE_OUTER_BOUND('',#877,.T.);
#389=FACE_OUTER_BOUND('',#878,.T.);
#390=FACE_OUTER_BOUND('',#880,.T.);
#391=FACE_OUTER_BOUND('',#882,.T.);
#392=FACE_OUTER_BOUND('',#883,.T.);
#393=FACE_OUTER_BOUND('',#884,.T.);
#394=FACE_OUTER_BOUND('',#885,.T.);
#395=FACE_OUTER_BOUND('',#886,.T.);
#396=FACE_OUTER_BOUND('',#887,.T.);
#397=FACE_OUTER_BOUND('',#888,.T.);
#398=FACE_OUTER_BOUND('',#889,.T.);
#399=FACE_OUTER_BOUND('',#890,.T.);
#400=FACE_OUTER_BOUND('',#891,.T.);
#401=FACE_OUTER_BOUND('',#892,.T.);
#402=FACE_OUTER_BOUND('',#893,.T.);
#403=FACE_OUTER_BOUND('',#894,.T.);
#404=FACE_OUTER_BOUND('',#895,.T.);
#405=FACE_OUTER_BOUND('',#896,.T.);
#406=FACE_OUTER_BOUND('',#897,.T.);
#407=FACE_OUTER_BOUND('',#898,.T.);
#408=FACE_OUTER_BOUND('',#899,.T.);
#409=FACE_OUTER_BOUND('',#900,.T.);
#410=FACE_OUTER_BOUND('',#901,.T.);
#411=FACE_OUTER_BOUND('',#902,.T.);
#412=FACE_OUTER_BOUND('',#903,.T.);
#413=FACE_OUTER_BOUND('',#904,.T.);
#414=FACE_OUTER_BOUND('',#905,.T.);
#415=FACE_OUTER_BOUND('',#906,.T.);
#416=FACE_OUTER_BOUND('',#907,.T.);
#417=FACE_OUTER_BOUND('',#908,.T.);
#418=FACE_OUTER_BOUND('',#909,.T.);
#419=FACE_OUTER_BOUND('',#910,.T.);
#420=FACE_OUTER_BOUND('',#911,.T.);
#421=FACE_OUTER_BOUND('',#912,.T.);
#422=FACE_OUTER_BOUND('',#913,.T.);
#423=FACE_OUTER_BOUND('',#914,.T.);
#424=FACE_OUTER_BOUND('',#915,.T.);
#425=FACE_OUTER_BOUND('',#916,.T.);
#426=FACE_OUTER_BOUND('',#917,.T.);
#427=FACE_OUTER_BOUND('',#918,.T.);
#428=FACE_OUTER_BOUND('',#919,.T.);
#429=FACE_OUTER_BOUND('',#920,.T.);
#430=FACE_OUTER_BOUND('',#921,.T.);
#431=FACE_OUTER_BOUND('',#922,.T.);
#432=FACE_OUTER_BOUND('',#923,.T.);
#433=FACE_OUTER_BOUND('',#924,.T.);
#434=FACE_OUTER_BOUND('',#925,.T.);
#435=FACE_OUTER_BOUND('',#926,.T.);
#436=FACE_OUTER_BOUND('',#927,.T.);
#437=FACE_OUTER_BOUND('',#928,.T.);
#438=FACE_OUTER_BOUND('',#929,.T.);
#439=FACE_OUTER_BOUND('',#930,.T.);
#440=FACE_OUTER_BOUND('',#931,.T.);
#441=FACE_OUTER_BOUND('',#933,.T.);
#442=FACE_OUTER_BOUND('',#935,.T.);
#443=FACE_OUTER_BOUND('',#936,.T.);
#444=FACE_OUTER_BOUND('',#937,.T.);
#445=FACE_OUTER_BOUND('',#938,.T.);
#446=FACE_OUTER_BOUND('',#939,.T.);
#447=FACE_OUTER_BOUND('',#940,.T.);
#448=FACE_OUTER_BOUND('',#941,.T.);
#449=FACE_OUTER_BOUND('',#942,.T.);
#450=FACE_OUTER_BOUND('',#943,.T.);
#451=FACE_OUTER_BOUND('',#944,.T.);
#452=FACE_OUTER_BOUND('',#945,.T.);
#453=FACE_OUTER_BOUND('',#946,.T.);
#454=FACE_OUTER_BOUND('',#947,.T.);
#455=FACE_OUTER_BOUND('',#948,.T.);
#456=FACE_OUTER_BOUND('',#949,.T.);
#457=FACE_OUTER_BOUND('',#950,.T.);
#458=FACE_OUTER_BOUND('',#951,.T.);
#459=FACE_OUTER_BOUND('',#952,.T.);
#460=FACE_OUTER_BOUND('',#953,.T.);
#461=FACE_OUTER_BOUND('',#954,.T.);
#462=FACE_OUTER_BOUND('',#955,.T.);
#463=FACE_OUTER_BOUND('',#956,.T.);
#464=FACE_OUTER_BOUND('',#957,.T.);
#465=FACE_OUTER_BOUND('',#958,.T.);
#466=FACE_OUTER_BOUND('',#959,.T.);
#467=FACE_OUTER_BOUND('',#960,.T.);
#468=FACE_OUTER_BOUND('',#961,.T.);
#469=FACE_OUTER_BOUND('',#962,.T.);
#470=FACE_OUTER_BOUND('',#963,.T.);
#471=FACE_OUTER_BOUND('',#964,.T.);
#472=FACE_OUTER_BOUND('',#965,.T.);
#473=FACE_OUTER_BOUND('',#966,.T.);
#474=FACE_OUTER_BOUND('',#967,.T.);
#475=FACE_OUTER_BOUND('',#968,.T.);
#476=FACE_OUTER_BOUND('',#969,.T.);
#477=FACE_OUTER_BOUND('',#970,.T.);
#478=FACE_OUTER_BOUND('',#971,.T.);
#479=FACE_OUTER_BOUND('',#972,.T.);
#480=FACE_OUTER_BOUND('',#973,.T.);
#481=FACE_OUTER_BOUND('',#974,.T.);
#482=FACE_OUTER_BOUND('',#975,.T.);
#483=FACE_OUTER_BOUND('',#976,.T.);
#484=FACE_OUTER_BOUND('',#977,.T.);
#485=FACE_OUTER_BOUND('',#978,.T.);
#486=FACE_OUTER_BOUND('',#979,.T.);
#487=FACE_OUTER_BOUND('',#980,.T.);
#488=FACE_OUTER_BOUND('',#981,.T.);
#489=FACE_OUTER_BOUND('',#982,.T.);
#490=FACE_OUTER_BOUND('',#983,.T.);
#491=FACE_OUTER_BOUND('',#984,.T.);
#492=FACE_OUTER_BOUND('',#985,.T.);
#493=FACE_OUTER_BOUND('',#986,.T.);
#494=FACE_OUTER_BOUND('',#987,.T.);
#495=FACE_OUTER_BOUND('',#988,.T.);
#496=FACE_OUTER_BOUND('',#989,.T.);
#497=FACE_OUTER_BOUND('',#990,.T.);
#498=FACE_OUTER_BOUND('',#991,.T.);
#499=FACE_OUTER_BOUND('',#992,.T.);
#500=FACE_OUTER_BOUND('',#993,.T.);
#501=FACE_OUTER_BOUND('',#994,.T.);
#502=FACE_OUTER_BOUND('',#995,.T.);
#503=FACE_OUTER_BOUND('',#996,.T.);
#504=FACE_OUTER_BOUND('',#997,.T.);
#505=FACE_OUTER_BOUND('',#998,.T.);
#506=FACE_OUTER_BOUND('',#999,.T.);
#507=FACE_OUTER_BOUND('',#1000,.T.);
#508=FACE_OUTER_BOUND('',#1001,.T.);
#509=FACE_OUTER_BOUND('',#1002,.T.);
#510=FACE_OUTER_BOUND('',#1003,.T.);
#511=FACE_OUTER_BOUND('',#1004,.T.);
#512=FACE_OUTER_BOUND('',#1005,.T.);
#513=FACE_OUTER_BOUND('',#1006,.T.);
#514=FACE_OUTER_BOUND('',#1007,.T.);
#515=FACE_OUTER_BOUND('',#1008,.T.);
#516=FACE_OUTER_BOUND('',#1009,.T.);
#517=FACE_OUTER_BOUND('',#1010,.T.);
#518=FACE_OUTER_BOUND('',#1011,.T.);
#519=FACE_OUTER_BOUND('',#1012,.T.);
#520=FACE_OUTER_BOUND('',#1013,.T.);
#521=FACE_OUTER_BOUND('',#1014,.T.);
#522=FACE_OUTER_BOUND('',#1020,.T.);
#523=FACE_OUTER_BOUND('',#1026,.T.);
#524=FACE_OUTER_BOUND('',#1027,.T.);
#525=FACE_OUTER_BOUND('',#1028,.T.);
#526=FACE_OUTER_BOUND('',#1029,.T.);
#527=FACE_OUTER_BOUND('',#1030,.T.);
#528=FACE_OUTER_BOUND('',#1031,.T.);
#529=FACE_OUTER_BOUND('',#1032,.T.);
#530=FACE_OUTER_BOUND('',#1033,.T.);
#531=FACE_OUTER_BOUND('',#1034,.T.);
#532=FACE_OUTER_BOUND('',#1035,.T.);
#533=FACE_OUTER_BOUND('',#1036,.T.);
#534=FACE_OUTER_BOUND('',#1037,.T.);
#535=FACE_OUTER_BOUND('',#1038,.T.);
#536=FACE_OUTER_BOUND('',#1039,.T.);
#537=FACE_OUTER_BOUND('',#1040,.T.);
#538=FACE_OUTER_BOUND('',#1041,.T.);
#539=FACE_OUTER_BOUND('',#1042,.T.);
#540=FACE_OUTER_BOUND('',#1043,.T.);
#541=FACE_OUTER_BOUND('',#1044,.T.);
#542=FACE_OUTER_BOUND('',#1045,.T.);
#543=FACE_OUTER_BOUND('',#1046,.T.);
#544=FACE_OUTER_BOUND('',#1047,.T.);
#545=FACE_OUTER_BOUND('',#1048,.T.);
#546=FACE_OUTER_BOUND('',#1049,.T.);
#547=FACE_OUTER_BOUND('',#1050,.T.);
#548=FACE_OUTER_BOUND('',#1051,.T.);
#549=FACE_OUTER_BOUND('',#1052,.T.);
#550=FACE_OUTER_BOUND('',#1053,.T.);
#551=FACE_OUTER_BOUND('',#1054,.T.);
#552=FACE_OUTER_BOUND('',#1055,.T.);
#553=FACE_OUTER_BOUND('',#1056,.T.);
#554=FACE_OUTER_BOUND('',#1057,.T.);
#555=FACE_OUTER_BOUND('',#1058,.T.);
#556=FACE_OUTER_BOUND('',#1059,.T.);
#557=FACE_OUTER_BOUND('',#1060,.T.);
#558=FACE_OUTER_BOUND('',#1061,.T.);
#559=FACE_OUTER_BOUND('',#1062,.T.);
#560=FACE_OUTER_BOUND('',#1063,.T.);
#561=FACE_OUTER_BOUND('',#1064,.T.);
#562=FACE_OUTER_BOUND('',#1065,.T.);
#563=FACE_OUTER_BOUND('',#1066,.T.);
#564=FACE_OUTER_BOUND('',#1067,.T.);
#565=FACE_OUTER_BOUND('',#1068,.T.);
#566=FACE_OUTER_BOUND('',#1069,.T.);
#567=FACE_OUTER_BOUND('',#1070,.T.);
#568=FACE_OUTER_BOUND('',#1071,.T.);
#569=FACE_OUTER_BOUND('',#1072,.T.);
#570=FACE_OUTER_BOUND('',#1073,.T.);
#571=FACE_OUTER_BOUND('',#1074,.T.);
#572=FACE_OUTER_BOUND('',#1075,.T.);
#573=FACE_OUTER_BOUND('',#1076,.T.);
#574=FACE_OUTER_BOUND('',#1077,.T.);
#575=FACE_OUTER_BOUND('',#1078,.T.);
#576=FACE_OUTER_BOUND('',#1079,.T.);
#577=FACE_OUTER_BOUND('',#1080,.T.);
#578=FACE_OUTER_BOUND('',#1081,.T.);
#579=FACE_OUTER_BOUND('',#1082,.T.);
#580=FACE_OUTER_BOUND('',#1083,.T.);
#581=FACE_OUTER_BOUND('',#1084,.T.);
#582=FACE_OUTER_BOUND('',#1085,.T.);
#583=FACE_OUTER_BOUND('',#1086,.T.);
#584=FACE_OUTER_BOUND('',#1087,.T.);
#585=FACE_OUTER_BOUND('',#1088,.T.);
#586=FACE_OUTER_BOUND('',#1089,.T.);
#587=FACE_OUTER_BOUND('',#1090,.T.);
#588=FACE_OUTER_BOUND('',#1091,.T.);
#589=FACE_OUTER_BOUND('',#1092,.T.);
#590=FACE_OUTER_BOUND('',#1093,.T.);
#591=FACE_OUTER_BOUND('',#1094,.T.);
#592=FACE_OUTER_BOUND('',#1095,.T.);
#593=FACE_OUTER_BOUND('',#1096,.T.);
#594=FACE_OUTER_BOUND('',#1097,.T.);
#595=FACE_OUTER_BOUND('',#1098,.T.);
#596=FACE_OUTER_BOUND('',#1099,.T.);
#597=FACE_OUTER_BOUND('',#1100,.T.);
#598=FACE_OUTER_BOUND('',#1101,.T.);
#599=FACE_OUTER_BOUND('',#1102,.T.);
#600=FACE_OUTER_BOUND('',#1103,.T.);
#601=FACE_OUTER_BOUND('',#1104,.T.);
#602=FACE_OUTER_BOUND('',#1105,.T.);
#603=FACE_OUTER_BOUND('',#1111,.T.);
#604=FACE_OUTER_BOUND('',#1117,.T.);
#605=FACE_OUTER_BOUND('',#1118,.T.);
#606=FACE_OUTER_BOUND('',#1119,.T.);
#607=FACE_OUTER_BOUND('',#1120,.T.);
#608=FACE_OUTER_BOUND('',#1121,.T.);
#609=FACE_OUTER_BOUND('',#1122,.T.);
#610=FACE_OUTER_BOUND('',#1123,.T.);
#611=FACE_OUTER_BOUND('',#1124,.T.);
#612=FACE_OUTER_BOUND('',#1125,.T.);
#613=FACE_OUTER_BOUND('',#1126,.T.);
#614=FACE_OUTER_BOUND('',#1127,.T.);
#615=FACE_OUTER_BOUND('',#1128,.T.);
#616=FACE_OUTER_BOUND('',#1129,.T.);
#617=FACE_OUTER_BOUND('',#1130,.T.);
#618=FACE_OUTER_BOUND('',#1131,.T.);
#619=FACE_OUTER_BOUND('',#1132,.T.);
#620=FACE_OUTER_BOUND('',#1133,.T.);
#621=FACE_OUTER_BOUND('',#1134,.T.);
#622=FACE_OUTER_BOUND('',#1135,.T.);
#623=FACE_OUTER_BOUND('',#1136,.T.);
#624=FACE_OUTER_BOUND('',#1137,.T.);
#625=FACE_OUTER_BOUND('',#1138,.T.);
#626=FACE_OUTER_BOUND('',#1139,.T.);
#627=FACE_OUTER_BOUND('',#1140,.T.);
#628=FACE_OUTER_BOUND('',#1141,.T.);
#629=FACE_OUTER_BOUND('',#1142,.T.);
#630=FACE_OUTER_BOUND('',#1143,.T.);
#631=FACE_OUTER_BOUND('',#1144,.T.);
#632=FACE_OUTER_BOUND('',#1145,.T.);
#633=FACE_OUTER_BOUND('',#1146,.T.);
#634=FACE_OUTER_BOUND('',#1147,.T.);
#635=FACE_OUTER_BOUND('',#1148,.T.);
#636=FACE_OUTER_BOUND('',#1149,.T.);
#637=FACE_OUTER_BOUND('',#1150,.T.);
#638=FACE_OUTER_BOUND('',#1151,.T.);
#639=FACE_OUTER_BOUND('',#1152,.T.);
#640=FACE_OUTER_BOUND('',#1153,.T.);
#641=FACE_OUTER_BOUND('',#1154,.T.);
#642=FACE_OUTER_BOUND('',#1155,.T.);
#643=FACE_OUTER_BOUND('',#1156,.T.);
#644=FACE_OUTER_BOUND('',#1157,.T.);
#645=FACE_OUTER_BOUND('',#1158,.T.);
#646=FACE_OUTER_BOUND('',#1159,.T.);
#647=FACE_OUTER_BOUND('',#1160,.T.);
#648=FACE_OUTER_BOUND('',#1161,.T.);
#649=FACE_OUTER_BOUND('',#1162,.T.);
#650=FACE_OUTER_BOUND('',#1163,.T.);
#651=FACE_OUTER_BOUND('',#1164,.T.);
#652=FACE_OUTER_BOUND('',#1165,.T.);
#653=FACE_OUTER_BOUND('',#1166,.T.);
#654=FACE_OUTER_BOUND('',#1167,.T.);
#655=FACE_OUTER_BOUND('',#1168,.T.);
#656=FACE_OUTER_BOUND('',#1169,.T.);
#657=FACE_OUTER_BOUND('',#1170,.T.);
#658=FACE_OUTER_BOUND('',#1171,.T.);
#659=FACE_OUTER_BOUND('',#1172,.T.);
#660=FACE_OUTER_BOUND('',#1173,.T.);
#661=FACE_OUTER_BOUND('',#1174,.T.);
#662=FACE_OUTER_BOUND('',#1175,.T.);
#663=FACE_OUTER_BOUND('',#1176,.T.);
#664=FACE_OUTER_BOUND('',#1177,.T.);
#665=FACE_OUTER_BOUND('',#1178,.T.);
#666=FACE_OUTER_BOUND('',#1179,.T.);
#667=FACE_OUTER_BOUND('',#1180,.T.);
#668=FACE_OUTER_BOUND('',#1181,.T.);
#669=FACE_OUTER_BOUND('',#1182,.T.);
#670=FACE_OUTER_BOUND('',#1183,.T.);
#671=FACE_OUTER_BOUND('',#1184,.T.);
#672=FACE_OUTER_BOUND('',#1185,.T.);
#673=FACE_OUTER_BOUND('',#1186,.T.);
#674=FACE_OUTER_BOUND('',#1187,.T.);
#675=FACE_OUTER_BOUND('',#1188,.T.);
#676=FACE_OUTER_BOUND('',#1189,.T.);
#677=FACE_OUTER_BOUND('',#1190,.T.);
#678=FACE_OUTER_BOUND('',#1191,.T.);
#679=FACE_OUTER_BOUND('',#1192,.T.);
#680=FACE_OUTER_BOUND('',#1193,.T.);
#681=FACE_OUTER_BOUND('',#1194,.T.);
#682=FACE_OUTER_BOUND('',#1195,.T.);
#683=FACE_OUTER_BOUND('',#1196,.T.);
#684=FACE_OUTER_BOUND('',#1202,.T.);
#685=FACE_OUTER_BOUND('',#1208,.T.);
#686=FACE_OUTER_BOUND('',#1214,.T.);
#687=FACE_OUTER_BOUND('',#1215,.T.);
#688=FACE_OUTER_BOUND('',#1216,.T.);
#689=FACE_OUTER_BOUND('',#1217,.T.);
#690=FACE_OUTER_BOUND('',#1218,.T.);
#691=FACE_OUTER_BOUND('',#1219,.T.);
#692=FACE_OUTER_BOUND('',#1220,.T.);
#693=FACE_OUTER_BOUND('',#1221,.T.);
#694=FACE_OUTER_BOUND('',#1222,.T.);
#695=FACE_OUTER_BOUND('',#1223,.T.);
#696=FACE_OUTER_BOUND('',#1224,.T.);
#697=FACE_OUTER_BOUND('',#1225,.T.);
#698=FACE_OUTER_BOUND('',#1226,.T.);
#699=FACE_OUTER_BOUND('',#1227,.T.);
#700=FACE_OUTER_BOUND('',#1228,.T.);
#701=FACE_OUTER_BOUND('',#1229,.T.);
#702=FACE_OUTER_BOUND('',#1230,.T.);
#703=FACE_OUTER_BOUND('',#1231,.T.);
#704=FACE_OUTER_BOUND('',#1232,.T.);
#705=FACE_OUTER_BOUND('',#1233,.T.);
#706=FACE_OUTER_BOUND('',#1234,.T.);
#707=FACE_OUTER_BOUND('',#1235,.T.);
#708=FACE_OUTER_BOUND('',#1236,.T.);
#709=FACE_OUTER_BOUND('',#1237,.T.);
#710=FACE_OUTER_BOUND('',#1238,.T.);
#711=FACE_OUTER_BOUND('',#1239,.T.);
#712=FACE_OUTER_BOUND('',#1240,.T.);
#713=FACE_OUTER_BOUND('',#1241,.T.);
#714=FACE_OUTER_BOUND('',#1242,.T.);
#715=FACE_OUTER_BOUND('',#1243,.T.);
#716=FACE_OUTER_BOUND('',#1244,.T.);
#717=FACE_OUTER_BOUND('',#1245,.T.);
#718=FACE_OUTER_BOUND('',#1246,.T.);
#719=FACE_OUTER_BOUND('',#1247,.T.);
#720=FACE_OUTER_BOUND('',#1248,.T.);
#721=FACE_OUTER_BOUND('',#1249,.T.);
#722=FACE_OUTER_BOUND('',#1250,.T.);
#723=FACE_OUTER_BOUND('',#1251,.T.);
#724=FACE_OUTER_BOUND('',#1252,.T.);
#725=FACE_OUTER_BOUND('',#1253,.T.);
#726=FACE_OUTER_BOUND('',#1254,.T.);
#727=FACE_OUTER_BOUND('',#1260,.T.);
#728=FACE_OUTER_BOUND('',#1261,.T.);
#729=FACE_OUTER_BOUND('',#1262,.T.);
#730=FACE_OUTER_BOUND('',#1263,.T.);
#731=FACE_OUTER_BOUND('',#1264,.T.);
#732=FACE_OUTER_BOUND('',#1265,.T.);
#733=FACE_OUTER_BOUND('',#1266,.T.);
#734=FACE_OUTER_BOUND('',#1267,.T.);
#735=FACE_OUTER_BOUND('',#1268,.T.);
#736=FACE_OUTER_BOUND('',#1269,.T.);
#737=FACE_OUTER_BOUND('',#1270,.T.);
#738=FACE_OUTER_BOUND('',#1271,.T.);
#739=FACE_OUTER_BOUND('',#1272,.T.);
#740=FACE_OUTER_BOUND('',#1273,.T.);
#741=FACE_OUTER_BOUND('',#1274,.T.);
#742=FACE_OUTER_BOUND('',#1275,.T.);
#743=FACE_OUTER_BOUND('',#1276,.T.);
#744=FACE_OUTER_BOUND('',#1277,.T.);
#745=FACE_OUTER_BOUND('',#1278,.T.);
#746=FACE_OUTER_BOUND('',#1279,.T.);
#747=FACE_OUTER_BOUND('',#1280,.T.);
#748=FACE_OUTER_BOUND('',#1281,.T.);
#749=FACE_OUTER_BOUND('',#1282,.T.);
#750=FACE_OUTER_BOUND('',#1283,.T.);
#751=FACE_OUTER_BOUND('',#1284,.T.);
#752=FACE_OUTER_BOUND('',#1285,.T.);
#753=FACE_OUTER_BOUND('',#1286,.T.);
#754=FACE_OUTER_BOUND('',#1287,.T.);
#755=FACE_OUTER_BOUND('',#1288,.T.);
#756=FACE_OUTER_BOUND('',#1289,.T.);
#757=FACE_OUTER_BOUND('',#1290,.T.);
#758=FACE_OUTER_BOUND('',#1291,.T.);
#759=FACE_OUTER_BOUND('',#1292,.T.);
#760=FACE_OUTER_BOUND('',#1293,.T.);
#761=FACE_OUTER_BOUND('',#1294,.T.);
#762=FACE_OUTER_BOUND('',#1295,.T.);
#763=FACE_OUTER_BOUND('',#1296,.T.);
#764=FACE_OUTER_BOUND('',#1297,.T.);
#765=FACE_OUTER_BOUND('',#1298,.T.);
#766=FACE_OUTER_BOUND('',#1299,.T.);
#767=FACE_OUTER_BOUND('',#1300,.T.);
#768=FACE_OUTER_BOUND('',#1301,.T.);
#769=FACE_OUTER_BOUND('',#1302,.T.);
#770=FACE_OUTER_BOUND('',#1303,.T.);
#771=FACE_OUTER_BOUND('',#1304,.T.);
#772=FACE_OUTER_BOUND('',#1305,.T.);
#773=FACE_OUTER_BOUND('',#1306,.T.);
#774=FACE_OUTER_BOUND('',#1307,.T.);
#775=FACE_OUTER_BOUND('',#1308,.T.);
#776=FACE_OUTER_BOUND('',#1309,.T.);
#777=FACE_OUTER_BOUND('',#1310,.T.);
#778=FACE_OUTER_BOUND('',#1311,.T.);
#779=FACE_OUTER_BOUND('',#1312,.T.);
#780=FACE_OUTER_BOUND('',#1313,.T.);
#781=FACE_OUTER_BOUND('',#1314,.T.);
#782=FACE_OUTER_BOUND('',#1315,.T.);
#783=FACE_OUTER_BOUND('',#1316,.T.);
#784=FACE_OUTER_BOUND('',#1317,.T.);
#785=FACE_OUTER_BOUND('',#1318,.T.);
#786=FACE_OUTER_BOUND('',#1319,.T.);
#787=FACE_OUTER_BOUND('',#1320,.T.);
#788=FACE_OUTER_BOUND('',#1321,.T.);
#789=FACE_OUTER_BOUND('',#1322,.T.);
#790=FACE_OUTER_BOUND('',#1323,.T.);
#791=FACE_OUTER_BOUND('',#1324,.T.);
#792=FACE_OUTER_BOUND('',#1325,.T.);
#793=FACE_OUTER_BOUND('',#1326,.T.);
#794=FACE_OUTER_BOUND('',#1327,.T.);
#795=FACE_OUTER_BOUND('',#1328,.T.);
#796=FACE_OUTER_BOUND('',#1329,.T.);
#797=FACE_OUTER_BOUND('',#1330,.T.);
#798=FACE_OUTER_BOUND('',#1331,.T.);
#799=FACE_OUTER_BOUND('',#1332,.T.);
#800=FACE_OUTER_BOUND('',#1333,.T.);
#801=FACE_OUTER_BOUND('',#1334,.T.);
#802=FACE_OUTER_BOUND('',#1335,.T.);
#803=FACE_OUTER_BOUND('',#1336,.T.);
#804=FACE_OUTER_BOUND('',#1337,.T.);
#805=FACE_OUTER_BOUND('',#1338,.T.);
#806=FACE_OUTER_BOUND('',#1339,.T.);
#807=FACE_OUTER_BOUND('',#1340,.T.);
#808=FACE_OUTER_BOUND('',#1341,.T.);
#809=FACE_OUTER_BOUND('',#1342,.T.);
#810=FACE_OUTER_BOUND('',#1343,.T.);
#811=FACE_OUTER_BOUND('',#1344,.T.);
#812=FACE_OUTER_BOUND('',#1345,.T.);
#813=FACE_OUTER_BOUND('',#1346,.T.);
#814=FACE_OUTER_BOUND('',#1347,.T.);
#815=FACE_OUTER_BOUND('',#1348,.T.);
#816=FACE_OUTER_BOUND('',#1350,.T.);
#817=FACE_OUTER_BOUND('',#1352,.T.);
#818=FACE_OUTER_BOUND('',#1353,.T.);
#819=FACE_OUTER_BOUND('',#1354,.T.);
#820=FACE_OUTER_BOUND('',#1355,.T.);
#821=FACE_OUTER_BOUND('',#1356,.T.);
#822=FACE_OUTER_BOUND('',#1357,.T.);
#823=EDGE_LOOP('',(#6337,#6338,#6339,#6340));
#824=EDGE_LOOP('',(#6341,#6342,#6343,#6344));
#825=EDGE_LOOP('',(#6345,#6346,#6347,#6348));
#826=EDGE_LOOP('',(#6349,#6350,#6351,#6352));
#827=EDGE_LOOP('',(#6353,#6354,#6355,#6356));
#828=EDGE_LOOP('',(#6357,#6358,#6359,#6360));
#829=EDGE_LOOP('',(#6361,#6362,#6363,#6364));
#830=EDGE_LOOP('',(#6365,#6366,#6367,#6368));
#831=EDGE_LOOP('',(#6369,#6370,#6371,#6372));
#832=EDGE_LOOP('',(#6373,#6374,#6375,#6376));
#833=EDGE_LOOP('',(#6377,#6378,#6379,#6380));
#834=EDGE_LOOP('',(#6381,#6382,#6383,#6384));
#835=EDGE_LOOP('',(#6385,#6386,#6387,#6388));
#836=EDGE_LOOP('',(#6389,#6390,#6391,#6392));
#837=EDGE_LOOP('',(#6393,#6394,#6395,#6396));
#838=EDGE_LOOP('',(#6397,#6398,#6399,#6400));
#839=EDGE_LOOP('',(#6401,#6402,#6403,#6404));
#840=EDGE_LOOP('',(#6405,#6406,#6407,#6408));
#841=EDGE_LOOP('',(#6409,#6410,#6411,#6412));
#842=EDGE_LOOP('',(#6413,#6414,#6415,#6416));
#843=EDGE_LOOP('',(#6417,#6418,#6419,#6420));
#844=EDGE_LOOP('',(#6421,#6422,#6423,#6424));
#845=EDGE_LOOP('',(#6425,#6426,#6427,#6428));
#846=EDGE_LOOP('',(#6429,#6430,#6431,#6432));
#847=EDGE_LOOP('',(#6433,#6434,#6435,#6436));
#848=EDGE_LOOP('',(#6437,#6438,#6439,#6440));
#849=EDGE_LOOP('',(#6441,#6442,#6443,#6444));
#850=EDGE_LOOP('',(#6445,#6446,#6447,#6448));
#851=EDGE_LOOP('',(#6449,#6450,#6451,#6452));
#852=EDGE_LOOP('',(#6453,#6454,#6455,#6456));
#853=EDGE_LOOP('',(#6457,#6458,#6459,#6460));
#854=EDGE_LOOP('',(#6461,#6462,#6463,#6464));
#855=EDGE_LOOP('',(#6465,#6466,#6467,#6468));
#856=EDGE_LOOP('',(#6469,#6470,#6471,#6472));
#857=EDGE_LOOP('',(#6473,#6474,#6475,#6476));
#858=EDGE_LOOP('',(#6477,#6478,#6479,#6480));
#859=EDGE_LOOP('',(#6481,#6482,#6483,#6484));
#860=EDGE_LOOP('',(#6485,#6486,#6487,#6488));
#861=EDGE_LOOP('',(#6489,#6490,#6491,#6492));
#862=EDGE_LOOP('',(#6493,#6494,#6495,#6496));
#863=EDGE_LOOP('',(#6497,#6498,#6499,#6500));
#864=EDGE_LOOP('',(#6501,#6502,#6503,#6504));
#865=EDGE_LOOP('',(#6505,#6506,#6507,#6508));
#866=EDGE_LOOP('',(#6509,#6510,#6511,#6512));
#867=EDGE_LOOP('',(#6513,#6514,#6515,#6516));
#868=EDGE_LOOP('',(#6517,#6518,#6519,#6520));
#869=EDGE_LOOP('',(#6521,#6522,#6523,#6524));
#870=EDGE_LOOP('',(#6525,#6526,#6527,#6528));
#871=EDGE_LOOP('',(#6529,#6530,#6531,#6532));
#872=EDGE_LOOP('',(#6533,#6534,#6535,#6536));
#873=EDGE_LOOP('',(#6537,#6538,#6539,#6540));
#874=EDGE_LOOP('',(#6541,#6542,#6543,#6544));
#875=EDGE_LOOP('',(#6545,#6546,#6547,#6548));
#876=EDGE_LOOP('',(#6549,#6550,#6551,#6552));
#877=EDGE_LOOP('',(#6553,#6554,#6555,#6556));
#878=EDGE_LOOP('',(#6557,#6558,#6559,#6560,#6561,#6562,#6563,#6564,#6565,
#6566,#6567,#6568,#6569,#6570,#6571,#6572,#6573,#6574,#6575,#6576,#6577,
#6578,#6579,#6580,#6581,#6582,#6583,#6584,#6585,#6586,#6587,#6588,#6589,
#6590,#6591,#6592,#6593,#6594,#6595,#6596,#6597,#6598,#6599,#6600,#6601,
#6602,#6603,#6604));
#879=EDGE_LOOP('',(#6605));
#880=EDGE_LOOP('',(#6606,#6607,#6608,#6609,#6610,#6611,#6612,#6613,#6614,
#6615,#6616,#6617,#6618,#6619,#6620,#6621,#6622,#6623,#6624,#6625,#6626,
#6627,#6628,#6629,#6630,#6631,#6632,#6633,#6634,#6635,#6636,#6637,#6638,
#6639,#6640,#6641,#6642,#6643,#6644,#6645,#6646,#6647,#6648,#6649,#6650,
#6651,#6652,#6653));
#881=EDGE_LOOP('',(#6654));
#882=EDGE_LOOP('',(#6655,#6656,#6657,#6658));
#883=EDGE_LOOP('',(#6659,#6660,#6661,#6662));
#884=EDGE_LOOP('',(#6663,#6664,#6665,#6666));
#885=EDGE_LOOP('',(#6667,#6668,#6669,#6670));
#886=EDGE_LOOP('',(#6671,#6672,#6673,#6674));
#887=EDGE_LOOP('',(#6675,#6676,#6677,#6678));
#888=EDGE_LOOP('',(#6679,#6680,#6681,#6682));
#889=EDGE_LOOP('',(#6683,#6684,#6685,#6686));
#890=EDGE_LOOP('',(#6687,#6688,#6689,#6690));
#891=EDGE_LOOP('',(#6691,#6692,#6693,#6694));
#892=EDGE_LOOP('',(#6695,#6696,#6697,#6698));
#893=EDGE_LOOP('',(#6699,#6700,#6701,#6702));
#894=EDGE_LOOP('',(#6703,#6704,#6705,#6706));
#895=EDGE_LOOP('',(#6707,#6708,#6709,#6710));
#896=EDGE_LOOP('',(#6711,#6712,#6713,#6714));
#897=EDGE_LOOP('',(#6715,#6716,#6717,#6718));
#898=EDGE_LOOP('',(#6719,#6720,#6721,#6722));
#899=EDGE_LOOP('',(#6723,#6724,#6725,#6726));
#900=EDGE_LOOP('',(#6727,#6728,#6729,#6730));
#901=EDGE_LOOP('',(#6731,#6732,#6733,#6734));
#902=EDGE_LOOP('',(#6735,#6736,#6737,#6738));
#903=EDGE_LOOP('',(#6739,#6740,#6741,#6742));
#904=EDGE_LOOP('',(#6743,#6744,#6745,#6746));
#905=EDGE_LOOP('',(#6747,#6748,#6749,#6750));
#906=EDGE_LOOP('',(#6751,#6752,#6753,#6754));
#907=EDGE_LOOP('',(#6755,#6756,#6757,#6758));
#908=EDGE_LOOP('',(#6759,#6760,#6761,#6762));
#909=EDGE_LOOP('',(#6763,#6764,#6765,#6766));
#910=EDGE_LOOP('',(#6767,#6768,#6769,#6770));
#911=EDGE_LOOP('',(#6771,#6772,#6773,#6774));
#912=EDGE_LOOP('',(#6775,#6776,#6777,#6778));
#913=EDGE_LOOP('',(#6779,#6780,#6781,#6782));
#914=EDGE_LOOP('',(#6783,#6784,#6785,#6786));
#915=EDGE_LOOP('',(#6787,#6788,#6789,#6790));
#916=EDGE_LOOP('',(#6791,#6792,#6793,#6794));
#917=EDGE_LOOP('',(#6795,#6796,#6797,#6798));
#918=EDGE_LOOP('',(#6799,#6800,#6801,#6802));
#919=EDGE_LOOP('',(#6803,#6804,#6805,#6806));
#920=EDGE_LOOP('',(#6807,#6808,#6809,#6810));
#921=EDGE_LOOP('',(#6811,#6812,#6813,#6814));
#922=EDGE_LOOP('',(#6815,#6816,#6817,#6818));
#923=EDGE_LOOP('',(#6819,#6820,#6821,#6822));
#924=EDGE_LOOP('',(#6823,#6824,#6825,#6826));
#925=EDGE_LOOP('',(#6827,#6828,#6829,#6830));
#926=EDGE_LOOP('',(#6831,#6832,#6833,#6834));
#927=EDGE_LOOP('',(#6835,#6836,#6837,#6838));
#928=EDGE_LOOP('',(#6839,#6840,#6841,#6842));
#929=EDGE_LOOP('',(#6843,#6844,#6845,#6846));
#930=EDGE_LOOP('',(#6847,#6848,#6849,#6850));
#931=EDGE_LOOP('',(#6851,#6852,#6853,#6854,#6855,#6856,#6857,#6858,#6859,
#6860,#6861,#6862,#6863,#6864,#6865,#6866,#6867,#6868,#6869,#6870,#6871,
#6872,#6873,#6874,#6875,#6876,#6877,#6878,#6879,#6880,#6881,#6882,#6883,
#6884,#6885,#6886,#6887,#6888,#6889,#6890,#6891,#6892,#6893,#6894,#6895,
#6896,#6897,#6898));
#932=EDGE_LOOP('',(#6899));
#933=EDGE_LOOP('',(#6900,#6901,#6902,#6903,#6904,#6905,#6906,#6907,#6908,
#6909,#6910,#6911,#6912,#6913,#6914,#6915,#6916,#6917,#6918,#6919,#6920,
#6921,#6922,#6923,#6924,#6925,#6926,#6927,#6928,#6929,#6930,#6931,#6932,
#6933,#6934,#6935,#6936,#6937,#6938,#6939,#6940,#6941,#6942,#6943,#6944,
#6945,#6946,#6947));
#934=EDGE_LOOP('',(#6948));
#935=EDGE_LOOP('',(#6949,#6950,#6951,#6952));
#936=EDGE_LOOP('',(#6953,#6954,#6955,#6956));
#937=EDGE_LOOP('',(#6957,#6958,#6959,#6960));
#938=EDGE_LOOP('',(#6961,#6962,#6963,#6964));
#939=EDGE_LOOP('',(#6965,#6966,#6967,#6968));
#940=EDGE_LOOP('',(#6969,#6970,#6971,#6972));
#941=EDGE_LOOP('',(#6973,#6974,#6975,#6976));
#942=EDGE_LOOP('',(#6977,#6978,#6979,#6980));
#943=EDGE_LOOP('',(#6981,#6982,#6983,#6984));
#944=EDGE_LOOP('',(#6985,#6986,#6987,#6988));
#945=EDGE_LOOP('',(#6989,#6990,#6991,#6992));
#946=EDGE_LOOP('',(#6993,#6994,#6995,#6996));
#947=EDGE_LOOP('',(#6997,#6998,#6999,#7000));
#948=EDGE_LOOP('',(#7001,#7002,#7003,#7004));
#949=EDGE_LOOP('',(#7005,#7006,#7007,#7008));
#950=EDGE_LOOP('',(#7009,#7010,#7011,#7012));
#951=EDGE_LOOP('',(#7013,#7014,#7015,#7016));
#952=EDGE_LOOP('',(#7017,#7018,#7019,#7020));
#953=EDGE_LOOP('',(#7021,#7022,#7023,#7024));
#954=EDGE_LOOP('',(#7025,#7026,#7027,#7028));
#955=EDGE_LOOP('',(#7029,#7030,#7031,#7032));
#956=EDGE_LOOP('',(#7033,#7034,#7035,#7036));
#957=EDGE_LOOP('',(#7037,#7038,#7039,#7040));
#958=EDGE_LOOP('',(#7041,#7042,#7043,#7044));
#959=EDGE_LOOP('',(#7045,#7046,#7047,#7048));
#960=EDGE_LOOP('',(#7049,#7050,#7051,#7052));
#961=EDGE_LOOP('',(#7053,#7054,#7055,#7056));
#962=EDGE_LOOP('',(#7057,#7058,#7059,#7060));
#963=EDGE_LOOP('',(#7061,#7062,#7063,#7064));
#964=EDGE_LOOP('',(#7065,#7066,#7067,#7068));
#965=EDGE_LOOP('',(#7069,#7070,#7071,#7072));
#966=EDGE_LOOP('',(#7073,#7074,#7075,#7076));
#967=EDGE_LOOP('',(#7077,#7078,#7079,#7080));
#968=EDGE_LOOP('',(#7081,#7082,#7083,#7084));
#969=EDGE_LOOP('',(#7085,#7086,#7087,#7088));
#970=EDGE_LOOP('',(#7089,#7090,#7091,#7092));
#971=EDGE_LOOP('',(#7093,#7094,#7095,#7096));
#972=EDGE_LOOP('',(#7097,#7098,#7099,#7100));
#973=EDGE_LOOP('',(#7101,#7102,#7103,#7104));
#974=EDGE_LOOP('',(#7105,#7106,#7107,#7108));
#975=EDGE_LOOP('',(#7109,#7110,#7111,#7112));
#976=EDGE_LOOP('',(#7113,#7114,#7115,#7116));
#977=EDGE_LOOP('',(#7117,#7118,#7119,#7120));
#978=EDGE_LOOP('',(#7121,#7122,#7123,#7124));
#979=EDGE_LOOP('',(#7125,#7126,#7127,#7128));
#980=EDGE_LOOP('',(#7129,#7130,#7131,#7132));
#981=EDGE_LOOP('',(#7133,#7134,#7135,#7136));
#982=EDGE_LOOP('',(#7137,#7138,#7139,#7140));
#983=EDGE_LOOP('',(#7141,#7142,#7143,#7144));
#984=EDGE_LOOP('',(#7145,#7146,#7147,#7148));
#985=EDGE_LOOP('',(#7149,#7150,#7151,#7152));
#986=EDGE_LOOP('',(#7153,#7154,#7155,#7156));
#987=EDGE_LOOP('',(#7157,#7158,#7159,#7160));
#988=EDGE_LOOP('',(#7161,#7162,#7163,#7164));
#989=EDGE_LOOP('',(#7165,#7166,#7167,#7168));
#990=EDGE_LOOP('',(#7169,#7170,#7171,#7172));
#991=EDGE_LOOP('',(#7173,#7174,#7175,#7176));
#992=EDGE_LOOP('',(#7177,#7178,#7179,#7180));
#993=EDGE_LOOP('',(#7181,#7182,#7183,#7184));
#994=EDGE_LOOP('',(#7185,#7186,#7187,#7188));
#995=EDGE_LOOP('',(#7189,#7190,#7191,#7192));
#996=EDGE_LOOP('',(#7193,#7194,#7195,#7196));
#997=EDGE_LOOP('',(#7197,#7198,#7199,#7200));
#998=EDGE_LOOP('',(#7201,#7202,#7203,#7204));
#999=EDGE_LOOP('',(#7205,#7206,#7207,#7208));
#1000=EDGE_LOOP('',(#7209,#7210,#7211,#7212));
#1001=EDGE_LOOP('',(#7213,#7214,#7215,#7216));
#1002=EDGE_LOOP('',(#7217,#7218,#7219,#7220));
#1003=EDGE_LOOP('',(#7221,#7222,#7223,#7224));
#1004=EDGE_LOOP('',(#7225,#7226,#7227,#7228));
#1005=EDGE_LOOP('',(#7229,#7230,#7231,#7232));
#1006=EDGE_LOOP('',(#7233,#7234,#7235,#7236));
#1007=EDGE_LOOP('',(#7237,#7238,#7239,#7240));
#1008=EDGE_LOOP('',(#7241,#7242,#7243,#7244));
#1009=EDGE_LOOP('',(#7245,#7246,#7247,#7248));
#1010=EDGE_LOOP('',(#7249,#7250,#7251,#7252));
#1011=EDGE_LOOP('',(#7253,#7254,#7255,#7256));
#1012=EDGE_LOOP('',(#7257,#7258,#7259,#7260));
#1013=EDGE_LOOP('',(#7261,#7262,#7263,#7264));
#1014=EDGE_LOOP('',(#7265,#7266,#7267,#7268,#7269,#7270,#7271,#7272,#7273,
#7274,#7275,#7276,#7277,#7278,#7279,#7280,#7281,#7282,#7283,#7284,#7285,
#7286,#7287,#7288,#7289,#7290,#7291,#7292,#7293,#7294,#7295,#7296,#7297,
#7298,#7299,#7300,#7301,#7302,#7303,#7304,#7305,#7306,#7307,#7308,#7309,
#7310,#7311,#7312,#7313,#7314,#7315,#7316,#7317,#7318,#7319,#7320,#7321,
#7322,#7323,#7324,#7325,#7326));
#1015=EDGE_LOOP('',(#7327,#7328,#7329,#7330));
#1016=EDGE_LOOP('',(#7331,#7332,#7333,#7334));
#1017=EDGE_LOOP('',(#7335,#7336,#7337,#7338));
#1018=EDGE_LOOP('',(#7339));
#1019=EDGE_LOOP('',(#7340,#7341,#7342,#7343));
#1020=EDGE_LOOP('',(#7344,#7345,#7346,#7347,#7348,#7349,#7350,#7351,#7352,
#7353,#7354,#7355,#7356,#7357,#7358,#7359,#7360,#7361,#7362,#7363,#7364,
#7365,#7366,#7367,#7368,#7369,#7370,#7371,#7372,#7373,#7374,#7375,#7376,
#7377,#7378,#7379,#7380,#7381,#7382,#7383,#7384,#7385,#7386,#7387,#7388,
#7389,#7390,#7391,#7392,#7393,#7394,#7395,#7396,#7397,#7398,#7399,#7400,
#7401,#7402,#7403,#7404,#7405));
#1021=EDGE_LOOP('',(#7406,#7407,#7408,#7409));
#1022=EDGE_LOOP('',(#7410,#7411,#7412,#7413));
#1023=EDGE_LOOP('',(#7414,#7415,#7416,#7417));
#1024=EDGE_LOOP('',(#7418));
#1025=EDGE_LOOP('',(#7419,#7420,#7421,#7422));
#1026=EDGE_LOOP('',(#7423,#7424,#7425,#7426));
#1027=EDGE_LOOP('',(#7427,#7428,#7429,#7430));
#1028=EDGE_LOOP('',(#7431,#7432,#7433,#7434));
#1029=EDGE_LOOP('',(#7435,#7436,#7437,#7438));
#1030=EDGE_LOOP('',(#7439,#7440,#7441,#7442));
#1031=EDGE_LOOP('',(#7443,#7444,#7445,#7446));
#1032=EDGE_LOOP('',(#7447,#7448,#7449,#7450));
#1033=EDGE_LOOP('',(#7451,#7452,#7453,#7454));
#1034=EDGE_LOOP('',(#7455,#7456,#7457,#7458));
#1035=EDGE_LOOP('',(#7459,#7460,#7461,#7462));
#1036=EDGE_LOOP('',(#7463,#7464,#7465,#7466));
#1037=EDGE_LOOP('',(#7467,#7468,#7469,#7470));
#1038=EDGE_LOOP('',(#7471,#7472,#7473,#7474));
#1039=EDGE_LOOP('',(#7475,#7476,#7477,#7478));
#1040=EDGE_LOOP('',(#7479,#7480,#7481,#7482));
#1041=EDGE_LOOP('',(#7483,#7484,#7485,#7486));
#1042=EDGE_LOOP('',(#7487,#7488,#7489,#7490));
#1043=EDGE_LOOP('',(#7491,#7492,#7493,#7494));
#1044=EDGE_LOOP('',(#7495,#7496,#7497,#7498));
#1045=EDGE_LOOP('',(#7499,#7500,#7501,#7502));
#1046=EDGE_LOOP('',(#7503,#7504,#7505,#7506));
#1047=EDGE_LOOP('',(#7507,#7508,#7509,#7510));
#1048=EDGE_LOOP('',(#7511,#7512,#7513,#7514));
#1049=EDGE_LOOP('',(#7515,#7516,#7517,#7518));
#1050=EDGE_LOOP('',(#7519,#7520,#7521,#7522));
#1051=EDGE_LOOP('',(#7523,#7524,#7525,#7526));
#1052=EDGE_LOOP('',(#7527,#7528,#7529,#7530));
#1053=EDGE_LOOP('',(#7531,#7532,#7533,#7534));
#1054=EDGE_LOOP('',(#7535,#7536,#7537,#7538));
#1055=EDGE_LOOP('',(#7539,#7540,#7541,#7542));
#1056=EDGE_LOOP('',(#7543,#7544,#7545,#7546));
#1057=EDGE_LOOP('',(#7547,#7548,#7549,#7550));
#1058=EDGE_LOOP('',(#7551,#7552,#7553,#7554));
#1059=EDGE_LOOP('',(#7555,#7556,#7557,#7558));
#1060=EDGE_LOOP('',(#7559,#7560,#7561,#7562));
#1061=EDGE_LOOP('',(#7563,#7564,#7565,#7566));
#1062=EDGE_LOOP('',(#7567,#7568,#7569,#7570));
#1063=EDGE_LOOP('',(#7571,#7572,#7573,#7574));
#1064=EDGE_LOOP('',(#7575,#7576,#7577,#7578));
#1065=EDGE_LOOP('',(#7579,#7580,#7581,#7582));
#1066=EDGE_LOOP('',(#7583,#7584,#7585,#7586));
#1067=EDGE_LOOP('',(#7587,#7588,#7589,#7590));
#1068=EDGE_LOOP('',(#7591,#7592,#7593,#7594));
#1069=EDGE_LOOP('',(#7595,#7596,#7597,#7598));
#1070=EDGE_LOOP('',(#7599,#7600,#7601,#7602));
#1071=EDGE_LOOP('',(#7603,#7604,#7605,#7606));
#1072=EDGE_LOOP('',(#7607,#7608,#7609,#7610));
#1073=EDGE_LOOP('',(#7611,#7612,#7613,#7614));
#1074=EDGE_LOOP('',(#7615,#7616,#7617,#7618));
#1075=EDGE_LOOP('',(#7619,#7620,#7621,#7622));
#1076=EDGE_LOOP('',(#7623,#7624,#7625,#7626));
#1077=EDGE_LOOP('',(#7627,#7628,#7629,#7630));
#1078=EDGE_LOOP('',(#7631,#7632,#7633,#7634));
#1079=EDGE_LOOP('',(#7635,#7636,#7637,#7638));
#1080=EDGE_LOOP('',(#7639,#7640,#7641,#7642));
#1081=EDGE_LOOP('',(#7643,#7644,#7645,#7646));
#1082=EDGE_LOOP('',(#7647,#7648,#7649,#7650));
#1083=EDGE_LOOP('',(#7651,#7652,#7653,#7654));
#1084=EDGE_LOOP('',(#7655,#7656,#7657,#7658));
#1085=EDGE_LOOP('',(#7659,#7660,#7661,#7662));
#1086=EDGE_LOOP('',(#7663,#7664,#7665,#7666));
#1087=EDGE_LOOP('',(#7667,#7668,#7669,#7670));
#1088=EDGE_LOOP('',(#7671,#7672,#7673,#7674));
#1089=EDGE_LOOP('',(#7675,#7676,#7677,#7678));
#1090=EDGE_LOOP('',(#7679,#7680,#7681,#7682));
#1091=EDGE_LOOP('',(#7683,#7684,#7685,#7686));
#1092=EDGE_LOOP('',(#7687,#7688,#7689,#7690));
#1093=EDGE_LOOP('',(#7691,#7692,#7693,#7694));
#1094=EDGE_LOOP('',(#7695,#7696,#7697,#7698));
#1095=EDGE_LOOP('',(#7699,#7700,#7701,#7702));
#1096=EDGE_LOOP('',(#7703,#7704,#7705,#7706));
#1097=EDGE_LOOP('',(#7707,#7708,#7709,#7710));
#1098=EDGE_LOOP('',(#7711,#7712,#7713,#7714));
#1099=EDGE_LOOP('',(#7715,#7716,#7717,#7718));
#1100=EDGE_LOOP('',(#7719,#7720,#7721,#7722));
#1101=EDGE_LOOP('',(#7723,#7724,#7725,#7726));
#1102=EDGE_LOOP('',(#7727,#7728,#7729,#7730));
#1103=EDGE_LOOP('',(#7731,#7732,#7733,#7734));
#1104=EDGE_LOOP('',(#7735,#7736,#7737,#7738));
#1105=EDGE_LOOP('',(#7739,#7740,#7741,#7742,#7743,#7744,#7745,#7746,#7747,
#7748,#7749,#7750,#7751,#7752,#7753,#7754,#7755,#7756,#7757,#7758,#7759,
#7760,#7761,#7762,#7763,#7764,#7765,#7766,#7767,#7768,#7769,#7770,#7771,
#7772,#7773,#7774,#7775,#7776,#7777,#7778,#7779,#7780,#7781,#7782,#7783,
#7784,#7785,#7786,#7787,#7788,#7789,#7790,#7791,#7792,#7793,#7794,#7795,
#7796,#7797,#7798,#7799,#7800));
#1106=EDGE_LOOP('',(#7801,#7802,#7803,#7804));
#1107=EDGE_LOOP('',(#7805,#7806,#7807,#7808));
#1108=EDGE_LOOP('',(#7809,#7810,#7811,#7812));
#1109=EDGE_LOOP('',(#7813));
#1110=EDGE_LOOP('',(#7814,#7815,#7816,#7817));
#1111=EDGE_LOOP('',(#7818,#7819,#7820,#7821,#7822,#7823,#7824,#7825,#7826,
#7827,#7828,#7829,#7830,#7831,#7832,#7833,#7834,#7835,#7836,#7837,#7838,
#7839,#7840,#7841,#7842,#7843,#7844,#7845,#7846,#7847,#7848,#7849,#7850,
#7851,#7852,#7853,#7854,#7855,#7856,#7857,#7858,#7859,#7860,#7861,#7862,
#7863,#7864,#7865,#7866,#7867,#7868,#7869,#7870,#7871,#7872,#7873,#7874,
#7875,#7876,#7877,#7878,#7879));
#1112=EDGE_LOOP('',(#7880,#7881,#7882,#7883));
#1113=EDGE_LOOP('',(#7884,#7885,#7886,#7887));
#1114=EDGE_LOOP('',(#7888,#7889,#7890,#7891));
#1115=EDGE_LOOP('',(#7892));
#1116=EDGE_LOOP('',(#7893,#7894,#7895,#7896));
#1117=EDGE_LOOP('',(#7897,#7898,#7899,#7900));
#1118=EDGE_LOOP('',(#7901,#7902,#7903,#7904));
#1119=EDGE_LOOP('',(#7905,#7906,#7907,#7908));
#1120=EDGE_LOOP('',(#7909,#7910,#7911,#7912));
#1121=EDGE_LOOP('',(#7913,#7914,#7915,#7916));
#1122=EDGE_LOOP('',(#7917,#7918,#7919,#7920));
#1123=EDGE_LOOP('',(#7921,#7922,#7923,#7924));
#1124=EDGE_LOOP('',(#7925,#7926,#7927,#7928));
#1125=EDGE_LOOP('',(#7929,#7930,#7931,#7932));
#1126=EDGE_LOOP('',(#7933,#7934,#7935,#7936));
#1127=EDGE_LOOP('',(#7937,#7938,#7939,#7940));
#1128=EDGE_LOOP('',(#7941,#7942,#7943,#7944));
#1129=EDGE_LOOP('',(#7945,#7946,#7947,#7948));
#1130=EDGE_LOOP('',(#7949,#7950,#7951,#7952));
#1131=EDGE_LOOP('',(#7953,#7954,#7955,#7956));
#1132=EDGE_LOOP('',(#7957,#7958,#7959,#7960));
#1133=EDGE_LOOP('',(#7961,#7962,#7963,#7964));
#1134=EDGE_LOOP('',(#7965,#7966,#7967,#7968));
#1135=EDGE_LOOP('',(#7969,#7970,#7971,#7972));
#1136=EDGE_LOOP('',(#7973,#7974,#7975,#7976));
#1137=EDGE_LOOP('',(#7977,#7978,#7979,#7980));
#1138=EDGE_LOOP('',(#7981,#7982,#7983,#7984));
#1139=EDGE_LOOP('',(#7985,#7986,#7987,#7988));
#1140=EDGE_LOOP('',(#7989,#7990,#7991,#7992));
#1141=EDGE_LOOP('',(#7993,#7994,#7995,#7996));
#1142=EDGE_LOOP('',(#7997,#7998,#7999,#8000));
#1143=EDGE_LOOP('',(#8001,#8002,#8003,#8004));
#1144=EDGE_LOOP('',(#8005,#8006,#8007,#8008));
#1145=EDGE_LOOP('',(#8009,#8010,#8011,#8012));
#1146=EDGE_LOOP('',(#8013,#8014,#8015,#8016));
#1147=EDGE_LOOP('',(#8017,#8018,#8019,#8020));
#1148=EDGE_LOOP('',(#8021,#8022,#8023,#8024));
#1149=EDGE_LOOP('',(#8025,#8026,#8027,#8028));
#1150=EDGE_LOOP('',(#8029,#8030,#8031,#8032));
#1151=EDGE_LOOP('',(#8033,#8034,#8035,#8036));
#1152=EDGE_LOOP('',(#8037,#8038,#8039,#8040));
#1153=EDGE_LOOP('',(#8041,#8042,#8043,#8044));
#1154=EDGE_LOOP('',(#8045,#8046,#8047,#8048));
#1155=EDGE_LOOP('',(#8049,#8050,#8051,#8052));
#1156=EDGE_LOOP('',(#8053,#8054,#8055,#8056));
#1157=EDGE_LOOP('',(#8057,#8058,#8059,#8060));
#1158=EDGE_LOOP('',(#8061,#8062,#8063,#8064));
#1159=EDGE_LOOP('',(#8065,#8066,#8067,#8068));
#1160=EDGE_LOOP('',(#8069,#8070,#8071,#8072));
#1161=EDGE_LOOP('',(#8073,#8074,#8075,#8076));
#1162=EDGE_LOOP('',(#8077,#8078,#8079,#8080));
#1163=EDGE_LOOP('',(#8081,#8082,#8083,#8084));
#1164=EDGE_LOOP('',(#8085,#8086,#8087,#8088));
#1165=EDGE_LOOP('',(#8089,#8090,#8091,#8092));
#1166=EDGE_LOOP('',(#8093,#8094,#8095,#8096));
#1167=EDGE_LOOP('',(#8097,#8098,#8099,#8100));
#1168=EDGE_LOOP('',(#8101,#8102,#8103,#8104));
#1169=EDGE_LOOP('',(#8105,#8106,#8107,#8108));
#1170=EDGE_LOOP('',(#8109,#8110,#8111,#8112));
#1171=EDGE_LOOP('',(#8113,#8114,#8115,#8116));
#1172=EDGE_LOOP('',(#8117,#8118,#8119,#8120));
#1173=EDGE_LOOP('',(#8121,#8122,#8123,#8124));
#1174=EDGE_LOOP('',(#8125,#8126,#8127,#8128));
#1175=EDGE_LOOP('',(#8129,#8130,#8131,#8132));
#1176=EDGE_LOOP('',(#8133,#8134,#8135,#8136));
#1177=EDGE_LOOP('',(#8137,#8138,#8139,#8140));
#1178=EDGE_LOOP('',(#8141,#8142,#8143,#8144));
#1179=EDGE_LOOP('',(#8145,#8146,#8147,#8148));
#1180=EDGE_LOOP('',(#8149,#8150,#8151,#8152));
#1181=EDGE_LOOP('',(#8153,#8154,#8155,#8156));
#1182=EDGE_LOOP('',(#8157,#8158,#8159,#8160));
#1183=EDGE_LOOP('',(#8161,#8162,#8163,#8164));
#1184=EDGE_LOOP('',(#8165,#8166,#8167,#8168));
#1185=EDGE_LOOP('',(#8169,#8170,#8171,#8172));
#1186=EDGE_LOOP('',(#8173,#8174,#8175,#8176));
#1187=EDGE_LOOP('',(#8177,#8178,#8179,#8180));
#1188=EDGE_LOOP('',(#8181,#8182,#8183,#8184));
#1189=EDGE_LOOP('',(#8185,#8186,#8187,#8188));
#1190=EDGE_LOOP('',(#8189,#8190,#8191,#8192));
#1191=EDGE_LOOP('',(#8193,#8194,#8195,#8196));
#1192=EDGE_LOOP('',(#8197,#8198,#8199,#8200));
#1193=EDGE_LOOP('',(#8201,#8202,#8203,#8204));
#1194=EDGE_LOOP('',(#8205,#8206,#8207,#8208));
#1195=EDGE_LOOP('',(#8209,#8210,#8211,#8212));
#1196=EDGE_LOOP('',(#8213,#8214,#8215,#8216,#8217,#8218,#8219,#8220,#8221,
#8222,#8223,#8224,#8225,#8226,#8227,#8228,#8229,#8230,#8231,#8232,#8233,
#8234,#8235,#8236,#8237,#8238,#8239,#8240,#8241,#8242,#8243,#8244,#8245,
#8246,#8247,#8248,#8249,#8250,#8251,#8252,#8253,#8254,#8255,#8256,#8257,
#8258,#8259,#8260,#8261,#8262,#8263,#8264,#8265,#8266,#8267,#8268,#8269,
#8270,#8271,#8272,#8273,#8274));
#1197=EDGE_LOOP('',(#8275));
#1198=EDGE_LOOP('',(#8276,#8277,#8278,#8279));
#1199=EDGE_LOOP('',(#8280,#8281,#8282,#8283));
#1200=EDGE_LOOP('',(#8284,#8285,#8286,#8287));
#1201=EDGE_LOOP('',(#8288,#8289,#8290,#8291));
#1202=EDGE_LOOP('',(#8292,#8293,#8294,#8295,#8296,#8297,#8298,#8299,#8300,
#8301,#8302,#8303,#8304,#8305,#8306,#8307,#8308,#8309,#8310,#8311,#8312,
#8313,#8314,#8315,#8316,#8317,#8318,#8319,#8320,#8321,#8322,#8323,#8324,
#8325,#8326,#8327,#8328,#8329,#8330,#8331,#8332,#8333,#8334,#8335,#8336,
#8337,#8338,#8339,#8340,#8341,#8342,#8343,#8344,#8345,#8346,#8347,#8348,
#8349,#8350,#8351,#8352,#8353));
#1203=EDGE_LOOP('',(#8354));
#1204=EDGE_LOOP('',(#8355,#8356,#8357,#8358));
#1205=EDGE_LOOP('',(#8359,#8360,#8361,#8362));
#1206=EDGE_LOOP('',(#8363,#8364,#8365,#8366));
#1207=EDGE_LOOP('',(#8367,#8368,#8369,#8370));
#1208=EDGE_LOOP('',(#8371,#8372,#8373,#8374,#8375,#8376,#8377,#8378,#8379,
#8380,#8381,#8382,#8383,#8384,#8385,#8386,#8387,#8388,#8389,#8390,#8391,
#8392,#8393,#8394,#8395,#8396,#8397,#8398,#8399,#8400,#8401,#8402,#8403,
#8404,#8405,#8406,#8407,#8408,#8409,#8410,#8411,#8412,#8413,#8414,#8415,
#8416,#8417,#8418,#8419,#8420,#8421,#8422,#8423,#8424,#8425,#8426,#8427,
#8428,#8429,#8430,#8431,#8432));
#1209=EDGE_LOOP('',(#8433));
#1210=EDGE_LOOP('',(#8434,#8435,#8436,#8437));
#1211=EDGE_LOOP('',(#8438,#8439,#8440,#8441));
#1212=EDGE_LOOP('',(#8442,#8443,#8444,#8445));
#1213=EDGE_LOOP('',(#8446,#8447,#8448,#8449));
#1214=EDGE_LOOP('',(#8450,#8451,#8452,#8453));
#1215=EDGE_LOOP('',(#8454,#8455,#8456,#8457));
#1216=EDGE_LOOP('',(#8458,#8459,#8460,#8461));
#1217=EDGE_LOOP('',(#8462,#8463,#8464,#8465));
#1218=EDGE_LOOP('',(#8466,#8467,#8468,#8469));
#1219=EDGE_LOOP('',(#8470,#8471,#8472,#8473));
#1220=EDGE_LOOP('',(#8474,#8475,#8476,#8477));
#1221=EDGE_LOOP('',(#8478,#8479,#8480,#8481));
#1222=EDGE_LOOP('',(#8482,#8483,#8484,#8485));
#1223=EDGE_LOOP('',(#8486,#8487,#8488,#8489));
#1224=EDGE_LOOP('',(#8490,#8491,#8492,#8493));
#1225=EDGE_LOOP('',(#8494,#8495,#8496,#8497));
#1226=EDGE_LOOP('',(#8498,#8499,#8500,#8501));
#1227=EDGE_LOOP('',(#8502,#8503,#8504,#8505));
#1228=EDGE_LOOP('',(#8506,#8507,#8508,#8509));
#1229=EDGE_LOOP('',(#8510,#8511,#8512,#8513));
#1230=EDGE_LOOP('',(#8514,#8515,#8516,#8517));
#1231=EDGE_LOOP('',(#8518,#8519,#8520,#8521));
#1232=EDGE_LOOP('',(#8522,#8523,#8524,#8525));
#1233=EDGE_LOOP('',(#8526,#8527,#8528,#8529));
#1234=EDGE_LOOP('',(#8530,#8531,#8532,#8533));
#1235=EDGE_LOOP('',(#8534,#8535,#8536,#8537));
#1236=EDGE_LOOP('',(#8538,#8539,#8540,#8541));
#1237=EDGE_LOOP('',(#8542,#8543,#8544,#8545));
#1238=EDGE_LOOP('',(#8546,#8547,#8548,#8549));
#1239=EDGE_LOOP('',(#8550,#8551,#8552,#8553));
#1240=EDGE_LOOP('',(#8554,#8555,#8556,#8557));
#1241=EDGE_LOOP('',(#8558,#8559,#8560,#8561));
#1242=EDGE_LOOP('',(#8562,#8563,#8564,#8565));
#1243=EDGE_LOOP('',(#8566,#8567,#8568,#8569));
#1244=EDGE_LOOP('',(#8570,#8571,#8572,#8573));
#1245=EDGE_LOOP('',(#8574,#8575,#8576,#8577));
#1246=EDGE_LOOP('',(#8578,#8579,#8580,#8581));
#1247=EDGE_LOOP('',(#8582,#8583,#8584,#8585));
#1248=EDGE_LOOP('',(#8586,#8587,#8588,#8589));
#1249=EDGE_LOOP('',(#8590,#8591,#8592,#8593));
#1250=EDGE_LOOP('',(#8594,#8595,#8596,#8597));
#1251=EDGE_LOOP('',(#8598,#8599,#8600,#8601));
#1252=EDGE_LOOP('',(#8602,#8603,#8604,#8605));
#1253=EDGE_LOOP('',(#8606,#8607,#8608,#8609));
#1254=EDGE_LOOP('',(#8610,#8611,#8612,#8613,#8614,#8615,#8616,#8617,#8618,
#8619,#8620,#8621,#8622,#8623,#8624,#8625,#8626,#8627,#8628,#8629,#8630,
#8631,#8632,#8633,#8634,#8635,#8636,#8637,#8638,#8639,#8640,#8641,#8642,
#8643,#8644,#8645,#8646,#8647,#8648,#8649,#8650,#8651,#8652,#8653,#8654,
#8655,#8656,#8657,#8658,#8659,#8660,#8661,#8662,#8663,#8664,#8665,#8666,
#8667,#8668,#8669,#8670,#8671));
#1255=EDGE_LOOP('',(#8672,#8673,#8674,#8675));
#1256=EDGE_LOOP('',(#8676,#8677,#8678,#8679));
#1257=EDGE_LOOP('',(#8680,#8681,#8682,#8683));
#1258=EDGE_LOOP('',(#8684,#8685,#8686,#8687));
#1259=EDGE_LOOP('',(#8688));
#1260=EDGE_LOOP('',(#8689,#8690,#8691,#8692));
#1261=EDGE_LOOP('',(#8693,#8694,#8695,#8696));
#1262=EDGE_LOOP('',(#8697,#8698,#8699,#8700));
#1263=EDGE_LOOP('',(#8701,#8702,#8703,#8704));
#1264=EDGE_LOOP('',(#8705,#8706,#8707,#8708));
#1265=EDGE_LOOP('',(#8709,#8710,#8711,#8712));
#1266=EDGE_LOOP('',(#8713,#8714,#8715,#8716));
#1267=EDGE_LOOP('',(#8717,#8718,#8719,#8720));
#1268=EDGE_LOOP('',(#8721,#8722,#8723,#8724));
#1269=EDGE_LOOP('',(#8725,#8726,#8727,#8728));
#1270=EDGE_LOOP('',(#8729,#8730,#8731,#8732));
#1271=EDGE_LOOP('',(#8733,#8734,#8735,#8736));
#1272=EDGE_LOOP('',(#8737,#8738,#8739,#8740));
#1273=EDGE_LOOP('',(#8741,#8742,#8743,#8744));
#1274=EDGE_LOOP('',(#8745,#8746,#8747,#8748));
#1275=EDGE_LOOP('',(#8749,#8750,#8751,#8752));
#1276=EDGE_LOOP('',(#8753,#8754,#8755,#8756));
#1277=EDGE_LOOP('',(#8757,#8758,#8759,#8760));
#1278=EDGE_LOOP('',(#8761,#8762,#8763,#8764));
#1279=EDGE_LOOP('',(#8765,#8766,#8767,#8768));
#1280=EDGE_LOOP('',(#8769,#8770,#8771,#8772));
#1281=EDGE_LOOP('',(#8773,#8774,#8775,#8776));
#1282=EDGE_LOOP('',(#8777,#8778,#8779,#8780));
#1283=EDGE_LOOP('',(#8781,#8782,#8783,#8784));
#1284=EDGE_LOOP('',(#8785,#8786,#8787,#8788));
#1285=EDGE_LOOP('',(#8789,#8790,#8791,#8792));
#1286=EDGE_LOOP('',(#8793,#8794,#8795,#8796));
#1287=EDGE_LOOP('',(#8797,#8798,#8799,#8800));
#1288=EDGE_LOOP('',(#8801,#8802,#8803,#8804));
#1289=EDGE_LOOP('',(#8805,#8806,#8807,#8808));
#1290=EDGE_LOOP('',(#8809,#8810,#8811,#8812));
#1291=EDGE_LOOP('',(#8813,#8814,#8815,#8816));
#1292=EDGE_LOOP('',(#8817,#8818,#8819,#8820));
#1293=EDGE_LOOP('',(#8821,#8822,#8823,#8824));
#1294=EDGE_LOOP('',(#8825,#8826,#8827,#8828));
#1295=EDGE_LOOP('',(#8829,#8830,#8831,#8832));
#1296=EDGE_LOOP('',(#8833,#8834,#8835,#8836));
#1297=EDGE_LOOP('',(#8837,#8838,#8839,#8840));
#1298=EDGE_LOOP('',(#8841,#8842,#8843,#8844));
#1299=EDGE_LOOP('',(#8845,#8846,#8847,#8848));
#1300=EDGE_LOOP('',(#8849,#8850,#8851,#8852));
#1301=EDGE_LOOP('',(#8853,#8854,#8855,#8856));
#1302=EDGE_LOOP('',(#8857,#8858,#8859,#8860));
#1303=EDGE_LOOP('',(#8861,#8862,#8863,#8864));
#1304=EDGE_LOOP('',(#8865,#8866,#8867,#8868));
#1305=EDGE_LOOP('',(#8869,#8870,#8871,#8872));
#1306=EDGE_LOOP('',(#8873,#8874,#8875,#8876));
#1307=EDGE_LOOP('',(#8877,#8878,#8879,#8880));
#1308=EDGE_LOOP('',(#8881,#8882,#8883,#8884));
#1309=EDGE_LOOP('',(#8885,#8886,#8887,#8888));
#1310=EDGE_LOOP('',(#8889,#8890,#8891,#8892));
#1311=EDGE_LOOP('',(#8893,#8894,#8895,#8896));
#1312=EDGE_LOOP('',(#8897,#8898,#8899,#8900));
#1313=EDGE_LOOP('',(#8901,#8902,#8903,#8904));
#1314=EDGE_LOOP('',(#8905,#8906,#8907,#8908));
#1315=EDGE_LOOP('',(#8909,#8910,#8911,#8912));
#1316=EDGE_LOOP('',(#8913,#8914,#8915,#8916));
#1317=EDGE_LOOP('',(#8917,#8918,#8919,#8920));
#1318=EDGE_LOOP('',(#8921,#8922,#8923,#8924));
#1319=EDGE_LOOP('',(#8925,#8926,#8927,#8928));
#1320=EDGE_LOOP('',(#8929,#8930,#8931,#8932));
#1321=EDGE_LOOP('',(#8933,#8934,#8935,#8936));
#1322=EDGE_LOOP('',(#8937,#8938,#8939,#8940));
#1323=EDGE_LOOP('',(#8941,#8942,#8943,#8944));
#1324=EDGE_LOOP('',(#8945,#8946,#8947,#8948));
#1325=EDGE_LOOP('',(#8949,#8950,#8951,#8952));
#1326=EDGE_LOOP('',(#8953,#8954,#8955,#8956));
#1327=EDGE_LOOP('',(#8957,#8958,#8959,#8960));
#1328=EDGE_LOOP('',(#8961,#8962,#8963,#8964));
#1329=EDGE_LOOP('',(#8965,#8966,#8967,#8968));
#1330=EDGE_LOOP('',(#8969,#8970,#8971,#8972));
#1331=EDGE_LOOP('',(#8973,#8974,#8975,#8976));
#1332=EDGE_LOOP('',(#8977,#8978,#8979,#8980));
#1333=EDGE_LOOP('',(#8981,#8982,#8983,#8984));
#1334=EDGE_LOOP('',(#8985,#8986,#8987,#8988));
#1335=EDGE_LOOP('',(#8989,#8990,#8991,#8992));
#1336=EDGE_LOOP('',(#8993,#8994,#8995,#8996));
#1337=EDGE_LOOP('',(#8997,#8998,#8999,#9000));
#1338=EDGE_LOOP('',(#9001,#9002,#9003,#9004));
#1339=EDGE_LOOP('',(#9005,#9006,#9007,#9008));
#1340=EDGE_LOOP('',(#9009,#9010,#9011,#9012));
#1341=EDGE_LOOP('',(#9013,#9014,#9015,#9016));
#1342=EDGE_LOOP('',(#9017,#9018,#9019,#9020));
#1343=EDGE_LOOP('',(#9021,#9022,#9023,#9024));
#1344=EDGE_LOOP('',(#9025,#9026,#9027,#9028));
#1345=EDGE_LOOP('',(#9029,#9030,#9031,#9032));
#1346=EDGE_LOOP('',(#9033,#9034,#9035,#9036));
#1347=EDGE_LOOP('',(#9037,#9038,#9039,#9040));
#1348=EDGE_LOOP('',(#9041,#9042,#9043,#9044,#9045,#9046,#9047,#9048,#9049,
#9050,#9051,#9052,#9053,#9054,#9055,#9056,#9057,#9058,#9059,#9060,#9061,
#9062,#9063,#9064,#9065,#9066,#9067,#9068,#9069,#9070,#9071,#9072,#9073,
#9074,#9075,#9076,#9077,#9078,#9079,#9080,#9081,#9082,#9083,#9084,#9085,
#9086,#9087,#9088));
#1349=EDGE_LOOP('',(#9089));
#1350=EDGE_LOOP('',(#9090,#9091,#9092,#9093,#9094,#9095,#9096,#9097,#9098,
#9099,#9100,#9101,#9102,#9103,#9104,#9105,#9106,#9107,#9108,#9109,#9110,
#9111,#9112,#9113,#9114,#9115,#9116,#9117,#9118,#9119,#9120,#9121,#9122,
#9123,#9124,#9125,#9126,#9127,#9128,#9129,#9130,#9131,#9132,#9133,#9134,
#9135,#9136,#9137));
#1351=EDGE_LOOP('',(#9138));
#1352=EDGE_LOOP('',(#9139,#9140,#9141,#9142));
#1353=EDGE_LOOP('',(#9143));
#1354=EDGE_LOOP('',(#9144));
#1355=EDGE_LOOP('',(#9145,#9146,#9147,#9148));
#1356=EDGE_LOOP('',(#9149));
#1357=EDGE_LOOP('',(#9150));
#1358=LINE('',#13346,#2675);
#1359=LINE('',#13348,#2676);
#1360=LINE('',#13350,#2677);
#1361=LINE('',#13351,#2678);
#1362=LINE('',#13354,#2679);
#1363=LINE('',#13356,#2680);
#1364=LINE('',#13357,#2681);
#1365=LINE('',#13360,#2682);
#1366=LINE('',#13362,#2683);
#1367=LINE('',#13363,#2684);
#1368=LINE('',#13365,#2685);
#1369=LINE('',#13366,#2686);
#1370=LINE('',#13374,#2687);
#1371=LINE('',#13379,#2688);
#1372=LINE('',#13381,#2689);
#1373=LINE('',#13383,#2690);
#1374=LINE('',#13384,#2691);
#1375=LINE('',#13390,#2692);
#1376=LINE('',#13393,#2693);
#1377=LINE('',#13395,#2694);
#1378=LINE('',#13396,#2695);
#1379=LINE('',#13399,#2696);
#1380=LINE('',#13401,#2697);
#1381=LINE('',#13402,#2698);
#1382=LINE('',#13405,#2699);
#1383=LINE('',#13407,#2700);
#1384=LINE('',#13408,#2701);
#1385=LINE('',#13414,#2702);
#1386=LINE('',#13417,#2703);
#1387=LINE('',#13419,#2704);
#1388=LINE('',#13420,#2705);
#1389=LINE('',#13423,#2706);
#1390=LINE('',#13425,#2707);
#1391=LINE('',#13426,#2708);
#1392=LINE('',#13429,#2709);
#1393=LINE('',#13431,#2710);
#1394=LINE('',#13432,#2711);
#1395=LINE('',#13438,#2712);
#1396=LINE('',#13441,#2713);
#1397=LINE('',#13443,#2714);
#1398=LINE('',#13444,#2715);
#1399=LINE('',#13447,#2716);
#1400=LINE('',#13449,#2717);
#1401=LINE('',#13450,#2718);
#1402=LINE('',#13453,#2719);
#1403=LINE('',#13455,#2720);
#1404=LINE('',#13456,#2721);
#1405=LINE('',#13462,#2722);
#1406=LINE('',#13465,#2723);
#1407=LINE('',#13467,#2724);
#1408=LINE('',#13468,#2725);
#1409=LINE('',#13471,#2726);
#1410=LINE('',#13473,#2727);
#1411=LINE('',#13474,#2728);
#1412=LINE('',#13477,#2729);
#1413=LINE('',#13479,#2730);
#1414=LINE('',#13480,#2731);
#1415=LINE('',#13486,#2732);
#1416=LINE('',#13489,#2733);
#1417=LINE('',#13491,#2734);
#1418=LINE('',#13492,#2735);
#1419=LINE('',#13495,#2736);
#1420=LINE('',#13497,#2737);
#1421=LINE('',#13498,#2738);
#1422=LINE('',#13501,#2739);
#1423=LINE('',#13503,#2740);
#1424=LINE('',#13504,#2741);
#1425=LINE('',#13510,#2742);
#1426=LINE('',#13513,#2743);
#1427=LINE('',#13515,#2744);
#1428=LINE('',#13516,#2745);
#1429=LINE('',#13519,#2746);
#1430=LINE('',#13521,#2747);
#1431=LINE('',#13522,#2748);
#1432=LINE('',#13525,#2749);
#1433=LINE('',#13527,#2750);
#1434=LINE('',#13528,#2751);
#1435=LINE('',#13534,#2752);
#1436=LINE('',#13537,#2753);
#1437=LINE('',#13539,#2754);
#1438=LINE('',#13540,#2755);
#1439=LINE('',#13543,#2756);
#1440=LINE('',#13545,#2757);
#1441=LINE('',#13546,#2758);
#1442=LINE('',#13549,#2759);
#1443=LINE('',#13551,#2760);
#1444=LINE('',#13552,#2761);
#1445=LINE('',#13558,#2762);
#1446=LINE('',#13561,#2763);
#1447=LINE('',#13563,#2764);
#1448=LINE('',#13564,#2765);
#1449=LINE('',#13567,#2766);
#1450=LINE('',#13569,#2767);
#1451=LINE('',#13570,#2768);
#1452=LINE('',#13573,#2769);
#1453=LINE('',#13575,#2770);
#1454=LINE('',#13576,#2771);
#1455=LINE('',#13582,#2772);
#1456=LINE('',#13585,#2773);
#1457=LINE('',#13587,#2774);
#1458=LINE('',#13588,#2775);
#1459=LINE('',#13591,#2776);
#1460=LINE('',#13593,#2777);
#1461=LINE('',#13594,#2778);
#1462=LINE('',#13597,#2779);
#1463=LINE('',#13599,#2780);
#1464=LINE('',#13600,#2781);
#1465=LINE('',#13606,#2782);
#1466=LINE('',#13609,#2783);
#1467=LINE('',#13611,#2784);
#1468=LINE('',#13612,#2785);
#1469=LINE('',#13615,#2786);
#1470=LINE('',#13617,#2787);
#1471=LINE('',#13618,#2788);
#1472=LINE('',#13621,#2789);
#1473=LINE('',#13623,#2790);
#1474=LINE('',#13624,#2791);
#1475=LINE('',#13630,#2792);
#1476=LINE('',#13633,#2793);
#1477=LINE('',#13635,#2794);
#1478=LINE('',#13636,#2795);
#1479=LINE('',#13639,#2796);
#1480=LINE('',#13641,#2797);
#1481=LINE('',#13642,#2798);
#1482=LINE('',#13645,#2799);
#1483=LINE('',#13647,#2800);
#1484=LINE('',#13648,#2801);
#1485=LINE('',#13654,#2802);
#1486=LINE('',#13657,#2803);
#1487=LINE('',#13659,#2804);
#1488=LINE('',#13660,#2805);
#1489=LINE('',#13662,#2806);
#1490=LINE('',#13663,#2807);
#1491=LINE('',#13671,#2808);
#1492=LINE('',#13676,#2809);
#1493=LINE('',#13678,#2810);
#1494=LINE('',#13680,#2811);
#1495=LINE('',#13681,#2812);
#1496=LINE('',#13687,#2813);
#1497=LINE('',#13690,#2814);
#1498=LINE('',#13692,#2815);
#1499=LINE('',#13693,#2816);
#1500=LINE('',#13696,#2817);
#1501=LINE('',#13698,#2818);
#1502=LINE('',#13699,#2819);
#1503=LINE('',#13702,#2820);
#1504=LINE('',#13704,#2821);
#1505=LINE('',#13705,#2822);
#1506=LINE('',#13711,#2823);
#1507=LINE('',#13714,#2824);
#1508=LINE('',#13716,#2825);
#1509=LINE('',#13717,#2826);
#1510=LINE('',#13720,#2827);
#1511=LINE('',#13722,#2828);
#1512=LINE('',#13723,#2829);
#1513=LINE('',#13726,#2830);
#1514=LINE('',#13728,#2831);
#1515=LINE('',#13729,#2832);
#1516=LINE('',#13735,#2833);
#1517=LINE('',#13738,#2834);
#1518=LINE('',#13740,#2835);
#1519=LINE('',#13741,#2836);
#1520=LINE('',#13744,#2837);
#1521=LINE('',#13746,#2838);
#1522=LINE('',#13747,#2839);
#1523=LINE('',#13750,#2840);
#1524=LINE('',#13752,#2841);
#1525=LINE('',#13753,#2842);
#1526=LINE('',#13759,#2843);
#1527=LINE('',#13762,#2844);
#1528=LINE('',#13764,#2845);
#1529=LINE('',#13765,#2846);
#1530=LINE('',#13768,#2847);
#1531=LINE('',#13770,#2848);
#1532=LINE('',#13771,#2849);
#1533=LINE('',#13774,#2850);
#1534=LINE('',#13776,#2851);
#1535=LINE('',#13777,#2852);
#1536=LINE('',#13783,#2853);
#1537=LINE('',#13786,#2854);
#1538=LINE('',#13788,#2855);
#1539=LINE('',#13789,#2856);
#1540=LINE('',#13792,#2857);
#1541=LINE('',#13794,#2858);
#1542=LINE('',#13795,#2859);
#1543=LINE('',#13798,#2860);
#1544=LINE('',#13800,#2861);
#1545=LINE('',#13801,#2862);
#1546=LINE('',#13807,#2863);
#1547=LINE('',#13810,#2864);
#1548=LINE('',#13812,#2865);
#1549=LINE('',#13813,#2866);
#1550=LINE('',#13816,#2867);
#1551=LINE('',#13818,#2868);
#1552=LINE('',#13819,#2869);
#1553=LINE('',#13822,#2870);
#1554=LINE('',#13824,#2871);
#1555=LINE('',#13825,#2872);
#1556=LINE('',#13831,#2873);
#1557=LINE('',#13834,#2874);
#1558=LINE('',#13836,#2875);
#1559=LINE('',#13837,#2876);
#1560=LINE('',#13840,#2877);
#1561=LINE('',#13842,#2878);
#1562=LINE('',#13843,#2879);
#1563=LINE('',#13846,#2880);
#1564=LINE('',#13848,#2881);
#1565=LINE('',#13849,#2882);
#1566=LINE('',#13855,#2883);
#1567=LINE('',#13858,#2884);
#1568=LINE('',#13860,#2885);
#1569=LINE('',#13861,#2886);
#1570=LINE('',#13864,#2887);
#1571=LINE('',#13866,#2888);
#1572=LINE('',#13867,#2889);
#1573=LINE('',#13870,#2890);
#1574=LINE('',#13872,#2891);
#1575=LINE('',#13873,#2892);
#1576=LINE('',#13879,#2893);
#1577=LINE('',#13882,#2894);
#1578=LINE('',#13884,#2895);
#1579=LINE('',#13885,#2896);
#1580=LINE('',#13888,#2897);
#1581=LINE('',#13890,#2898);
#1582=LINE('',#13891,#2899);
#1583=LINE('',#13894,#2900);
#1584=LINE('',#13896,#2901);
#1585=LINE('',#13897,#2902);
#1586=LINE('',#13903,#2903);
#1587=LINE('',#13906,#2904);
#1588=LINE('',#13908,#2905);
#1589=LINE('',#13909,#2906);
#1590=LINE('',#13912,#2907);
#1591=LINE('',#13914,#2908);
#1592=LINE('',#13915,#2909);
#1593=LINE('',#13918,#2910);
#1594=LINE('',#13920,#2911);
#1595=LINE('',#13921,#2912);
#1596=LINE('',#13927,#2913);
#1597=LINE('',#13930,#2914);
#1598=LINE('',#13932,#2915);
#1599=LINE('',#13933,#2916);
#1600=LINE('',#13936,#2917);
#1601=LINE('',#13938,#2918);
#1602=LINE('',#13939,#2919);
#1603=LINE('',#13942,#2920);
#1604=LINE('',#13944,#2921);
#1605=LINE('',#13945,#2922);
#1606=LINE('',#13951,#2923);
#1607=LINE('',#13954,#2924);
#1608=LINE('',#13956,#2925);
#1609=LINE('',#13957,#2926);
#1610=LINE('',#13959,#2927);
#1611=LINE('',#13960,#2928);
#1612=LINE('',#13967,#2929);
#1613=LINE('',#13969,#2930);
#1614=LINE('',#13971,#2931);
#1615=LINE('',#13972,#2932);
#1616=LINE('',#13975,#2933);
#1617=LINE('',#13977,#2934);
#1618=LINE('',#13978,#2935);
#1619=LINE('',#13981,#2936);
#1620=LINE('',#13983,#2937);
#1621=LINE('',#13984,#2938);
#1622=LINE('',#13986,#2939);
#1623=LINE('',#13987,#2940);
#1624=LINE('',#13992,#2941);
#1625=LINE('',#13997,#2942);
#1626=LINE('',#13999,#2943);
#1627=LINE('',#14001,#2944);
#1628=LINE('',#14002,#2945);
#1629=LINE('',#14005,#2946);
#1630=LINE('',#14007,#2947);
#1631=LINE('',#14008,#2948);
#1632=LINE('',#14011,#2949);
#1633=LINE('',#14013,#2950);
#1634=LINE('',#14014,#2951);
#1635=LINE('',#14016,#2952);
#1636=LINE('',#14017,#2953);
#1637=LINE('',#14021,#2954);
#1638=LINE('',#14023,#2955);
#1639=LINE('',#14025,#2956);
#1640=LINE('',#14026,#2957);
#1641=LINE('',#14029,#2958);
#1642=LINE('',#14031,#2959);
#1643=LINE('',#14032,#2960);
#1644=LINE('',#14035,#2961);
#1645=LINE('',#14037,#2962);
#1646=LINE('',#14038,#2963);
#1647=LINE('',#14040,#2964);
#1648=LINE('',#14041,#2965);
#1649=LINE('',#14045,#2966);
#1650=LINE('',#14047,#2967);
#1651=LINE('',#14049,#2968);
#1652=LINE('',#14050,#2969);
#1653=LINE('',#14053,#2970);
#1654=LINE('',#14055,#2971);
#1655=LINE('',#14056,#2972);
#1656=LINE('',#14059,#2973);
#1657=LINE('',#14061,#2974);
#1658=LINE('',#14062,#2975);
#1659=LINE('',#14064,#2976);
#1660=LINE('',#14065,#2977);
#1661=LINE('',#14069,#2978);
#1662=LINE('',#14071,#2979);
#1663=LINE('',#14073,#2980);
#1664=LINE('',#14074,#2981);
#1665=LINE('',#14077,#2982);
#1666=LINE('',#14079,#2983);
#1667=LINE('',#14080,#2984);
#1668=LINE('',#14083,#2985);
#1669=LINE('',#14085,#2986);
#1670=LINE('',#14086,#2987);
#1671=LINE('',#14089,#2988);
#1672=LINE('',#14091,#2989);
#1673=LINE('',#14092,#2990);
#1674=LINE('',#14095,#2991);
#1675=LINE('',#14097,#2992);
#1676=LINE('',#14098,#2993);
#1677=LINE('',#14101,#2994);
#1678=LINE('',#14103,#2995);
#1679=LINE('',#14104,#2996);
#1680=LINE('',#14107,#2997);
#1681=LINE('',#14109,#2998);
#1682=LINE('',#14110,#2999);
#1683=LINE('',#14113,#3000);
#1684=LINE('',#14115,#3001);
#1685=LINE('',#14116,#3002);
#1686=LINE('',#14119,#3003);
#1687=LINE('',#14121,#3004);
#1688=LINE('',#14122,#3005);
#1689=LINE('',#14125,#3006);
#1690=LINE('',#14127,#3007);
#1691=LINE('',#14128,#3008);
#1692=LINE('',#14131,#3009);
#1693=LINE('',#14133,#3010);
#1694=LINE('',#14134,#3011);
#1695=LINE('',#14137,#3012);
#1696=LINE('',#14139,#3013);
#1697=LINE('',#14140,#3014);
#1698=LINE('',#14143,#3015);
#1699=LINE('',#14145,#3016);
#1700=LINE('',#14146,#3017);
#1701=LINE('',#14149,#3018);
#1702=LINE('',#14151,#3019);
#1703=LINE('',#14152,#3020);
#1704=LINE('',#14155,#3021);
#1705=LINE('',#14157,#3022);
#1706=LINE('',#14158,#3023);
#1707=LINE('',#14161,#3024);
#1708=LINE('',#14163,#3025);
#1709=LINE('',#14164,#3026);
#1710=LINE('',#14167,#3027);
#1711=LINE('',#14169,#3028);
#1712=LINE('',#14170,#3029);
#1713=LINE('',#14173,#3030);
#1714=LINE('',#14175,#3031);
#1715=LINE('',#14176,#3032);
#1716=LINE('',#14179,#3033);
#1717=LINE('',#14181,#3034);
#1718=LINE('',#14182,#3035);
#1719=LINE('',#14185,#3036);
#1720=LINE('',#14187,#3037);
#1721=LINE('',#14188,#3038);
#1722=LINE('',#14191,#3039);
#1723=LINE('',#14193,#3040);
#1724=LINE('',#14194,#3041);
#1725=LINE('',#14197,#3042);
#1726=LINE('',#14199,#3043);
#1727=LINE('',#14200,#3044);
#1728=LINE('',#14203,#3045);
#1729=LINE('',#14205,#3046);
#1730=LINE('',#14206,#3047);
#1731=LINE('',#14209,#3048);
#1732=LINE('',#14211,#3049);
#1733=LINE('',#14212,#3050);
#1734=LINE('',#14215,#3051);
#1735=LINE('',#14217,#3052);
#1736=LINE('',#14218,#3053);
#1737=LINE('',#14221,#3054);
#1738=LINE('',#14223,#3055);
#1739=LINE('',#14224,#3056);
#1740=LINE('',#14227,#3057);
#1741=LINE('',#14229,#3058);
#1742=LINE('',#14230,#3059);
#1743=LINE('',#14233,#3060);
#1744=LINE('',#14235,#3061);
#1745=LINE('',#14236,#3062);
#1746=LINE('',#14239,#3063);
#1747=LINE('',#14241,#3064);
#1748=LINE('',#14242,#3065);
#1749=LINE('',#14245,#3066);
#1750=LINE('',#14247,#3067);
#1751=LINE('',#14248,#3068);
#1752=LINE('',#14251,#3069);
#1753=LINE('',#14253,#3070);
#1754=LINE('',#14254,#3071);
#1755=LINE('',#14257,#3072);
#1756=LINE('',#14259,#3073);
#1757=LINE('',#14260,#3074);
#1758=LINE('',#14263,#3075);
#1759=LINE('',#14265,#3076);
#1760=LINE('',#14266,#3077);
#1761=LINE('',#14269,#3078);
#1762=LINE('',#14271,#3079);
#1763=LINE('',#14272,#3080);
#1764=LINE('',#14275,#3081);
#1765=LINE('',#14277,#3082);
#1766=LINE('',#14278,#3083);
#1767=LINE('',#14281,#3084);
#1768=LINE('',#14283,#3085);
#1769=LINE('',#14284,#3086);
#1770=LINE('',#14287,#3087);
#1771=LINE('',#14289,#3088);
#1772=LINE('',#14290,#3089);
#1773=LINE('',#14293,#3090);
#1774=LINE('',#14295,#3091);
#1775=LINE('',#14296,#3092);
#1776=LINE('',#14299,#3093);
#1777=LINE('',#14301,#3094);
#1778=LINE('',#14302,#3095);
#1779=LINE('',#14305,#3096);
#1780=LINE('',#14307,#3097);
#1781=LINE('',#14308,#3098);
#1782=LINE('',#14311,#3099);
#1783=LINE('',#14313,#3100);
#1784=LINE('',#14314,#3101);
#1785=LINE('',#14317,#3102);
#1786=LINE('',#14319,#3103);
#1787=LINE('',#14320,#3104);
#1788=LINE('',#14323,#3105);
#1789=LINE('',#14325,#3106);
#1790=LINE('',#14326,#3107);
#1791=LINE('',#14329,#3108);
#1792=LINE('',#14331,#3109);
#1793=LINE('',#14332,#3110);
#1794=LINE('',#14335,#3111);
#1795=LINE('',#14337,#3112);
#1796=LINE('',#14338,#3113);
#1797=LINE('',#14341,#3114);
#1798=LINE('',#14343,#3115);
#1799=LINE('',#14344,#3116);
#1800=LINE('',#14347,#3117);
#1801=LINE('',#14349,#3118);
#1802=LINE('',#14350,#3119);
#1803=LINE('',#14353,#3120);
#1804=LINE('',#14355,#3121);
#1805=LINE('',#14356,#3122);
#1806=LINE('',#14359,#3123);
#1807=LINE('',#14361,#3124);
#1808=LINE('',#14362,#3125);
#1809=LINE('',#14365,#3126);
#1810=LINE('',#14367,#3127);
#1811=LINE('',#14368,#3128);
#1812=LINE('',#14371,#3129);
#1813=LINE('',#14373,#3130);
#1814=LINE('',#14374,#3131);
#1815=LINE('',#14377,#3132);
#1816=LINE('',#14379,#3133);
#1817=LINE('',#14380,#3134);
#1818=LINE('',#14383,#3135);
#1819=LINE('',#14385,#3136);
#1820=LINE('',#14386,#3137);
#1821=LINE('',#14389,#3138);
#1822=LINE('',#14391,#3139);
#1823=LINE('',#14392,#3140);
#1824=LINE('',#14395,#3141);
#1825=LINE('',#14397,#3142);
#1826=LINE('',#14398,#3143);
#1827=LINE('',#14401,#3144);
#1828=LINE('',#14403,#3145);
#1829=LINE('',#14404,#3146);
#1830=LINE('',#14407,#3147);
#1831=LINE('',#14409,#3148);
#1832=LINE('',#14410,#3149);
#1833=LINE('',#14413,#3150);
#1834=LINE('',#14415,#3151);
#1835=LINE('',#14416,#3152);
#1836=LINE('',#14419,#3153);
#1837=LINE('',#14421,#3154);
#1838=LINE('',#14422,#3155);
#1839=LINE('',#14425,#3156);
#1840=LINE('',#14427,#3157);
#1841=LINE('',#14428,#3158);
#1842=LINE('',#14431,#3159);
#1843=LINE('',#14433,#3160);
#1844=LINE('',#14434,#3161);
#1845=LINE('',#14436,#3162);
#1846=LINE('',#14437,#3163);
#1847=LINE('',#14446,#3164);
#1848=LINE('',#14448,#3165);
#1849=LINE('',#14450,#3166);
#1850=LINE('',#14451,#3167);
#1851=LINE('',#14454,#3168);
#1852=LINE('',#14456,#3169);
#1853=LINE('',#14457,#3170);
#1854=LINE('',#14460,#3171);
#1855=LINE('',#14462,#3172);
#1856=LINE('',#14463,#3173);
#1857=LINE('',#14465,#3174);
#1858=LINE('',#14466,#3175);
#1859=LINE('',#14471,#3176);
#1860=LINE('',#14476,#3177);
#1861=LINE('',#14478,#3178);
#1862=LINE('',#14480,#3179);
#1863=LINE('',#14481,#3180);
#1864=LINE('',#14484,#3181);
#1865=LINE('',#14486,#3182);
#1866=LINE('',#14487,#3183);
#1867=LINE('',#14490,#3184);
#1868=LINE('',#14492,#3185);
#1869=LINE('',#14493,#3186);
#1870=LINE('',#14495,#3187);
#1871=LINE('',#14496,#3188);
#1872=LINE('',#14500,#3189);
#1873=LINE('',#14502,#3190);
#1874=LINE('',#14504,#3191);
#1875=LINE('',#14505,#3192);
#1876=LINE('',#14508,#3193);
#1877=LINE('',#14510,#3194);
#1878=LINE('',#14511,#3195);
#1879=LINE('',#14514,#3196);
#1880=LINE('',#14516,#3197);
#1881=LINE('',#14517,#3198);
#1882=LINE('',#14519,#3199);
#1883=LINE('',#14520,#3200);
#1884=LINE('',#14524,#3201);
#1885=LINE('',#14526,#3202);
#1886=LINE('',#14528,#3203);
#1887=LINE('',#14529,#3204);
#1888=LINE('',#14532,#3205);
#1889=LINE('',#14534,#3206);
#1890=LINE('',#14535,#3207);
#1891=LINE('',#14538,#3208);
#1892=LINE('',#14540,#3209);
#1893=LINE('',#14541,#3210);
#1894=LINE('',#14543,#3211);
#1895=LINE('',#14544,#3212);
#1896=LINE('',#14548,#3213);
#1897=LINE('',#14550,#3214);
#1898=LINE('',#14552,#3215);
#1899=LINE('',#14553,#3216);
#1900=LINE('',#14556,#3217);
#1901=LINE('',#14558,#3218);
#1902=LINE('',#14559,#3219);
#1903=LINE('',#14562,#3220);
#1904=LINE('',#14564,#3221);
#1905=LINE('',#14565,#3222);
#1906=LINE('',#14568,#3223);
#1907=LINE('',#14570,#3224);
#1908=LINE('',#14571,#3225);
#1909=LINE('',#14574,#3226);
#1910=LINE('',#14576,#3227);
#1911=LINE('',#14577,#3228);
#1912=LINE('',#14580,#3229);
#1913=LINE('',#14582,#3230);
#1914=LINE('',#14583,#3231);
#1915=LINE('',#14586,#3232);
#1916=LINE('',#14588,#3233);
#1917=LINE('',#14589,#3234);
#1918=LINE('',#14592,#3235);
#1919=LINE('',#14594,#3236);
#1920=LINE('',#14595,#3237);
#1921=LINE('',#14598,#3238);
#1922=LINE('',#14600,#3239);
#1923=LINE('',#14601,#3240);
#1924=LINE('',#14604,#3241);
#1925=LINE('',#14606,#3242);
#1926=LINE('',#14607,#3243);
#1927=LINE('',#14610,#3244);
#1928=LINE('',#14612,#3245);
#1929=LINE('',#14613,#3246);
#1930=LINE('',#14616,#3247);
#1931=LINE('',#14618,#3248);
#1932=LINE('',#14619,#3249);
#1933=LINE('',#14622,#3250);
#1934=LINE('',#14624,#3251);
#1935=LINE('',#14625,#3252);
#1936=LINE('',#14628,#3253);
#1937=LINE('',#14630,#3254);
#1938=LINE('',#14631,#3255);
#1939=LINE('',#14634,#3256);
#1940=LINE('',#14636,#3257);
#1941=LINE('',#14637,#3258);
#1942=LINE('',#14640,#3259);
#1943=LINE('',#14642,#3260);
#1944=LINE('',#14643,#3261);
#1945=LINE('',#14646,#3262);
#1946=LINE('',#14648,#3263);
#1947=LINE('',#14649,#3264);
#1948=LINE('',#14652,#3265);
#1949=LINE('',#14654,#3266);
#1950=LINE('',#14655,#3267);
#1951=LINE('',#14658,#3268);
#1952=LINE('',#14660,#3269);
#1953=LINE('',#14661,#3270);
#1954=LINE('',#14664,#3271);
#1955=LINE('',#14666,#3272);
#1956=LINE('',#14667,#3273);
#1957=LINE('',#14670,#3274);
#1958=LINE('',#14672,#3275);
#1959=LINE('',#14673,#3276);
#1960=LINE('',#14676,#3277);
#1961=LINE('',#14678,#3278);
#1962=LINE('',#14679,#3279);
#1963=LINE('',#14682,#3280);
#1964=LINE('',#14684,#3281);
#1965=LINE('',#14685,#3282);
#1966=LINE('',#14688,#3283);
#1967=LINE('',#14690,#3284);
#1968=LINE('',#14691,#3285);
#1969=LINE('',#14694,#3286);
#1970=LINE('',#14696,#3287);
#1971=LINE('',#14697,#3288);
#1972=LINE('',#14700,#3289);
#1973=LINE('',#14702,#3290);
#1974=LINE('',#14703,#3291);
#1975=LINE('',#14706,#3292);
#1976=LINE('',#14708,#3293);
#1977=LINE('',#14709,#3294);
#1978=LINE('',#14712,#3295);
#1979=LINE('',#14714,#3296);
#1980=LINE('',#14715,#3297);
#1981=LINE('',#14718,#3298);
#1982=LINE('',#14720,#3299);
#1983=LINE('',#14721,#3300);
#1984=LINE('',#14724,#3301);
#1985=LINE('',#14726,#3302);
#1986=LINE('',#14727,#3303);
#1987=LINE('',#14730,#3304);
#1988=LINE('',#14732,#3305);
#1989=LINE('',#14733,#3306);
#1990=LINE('',#14736,#3307);
#1991=LINE('',#14738,#3308);
#1992=LINE('',#14739,#3309);
#1993=LINE('',#14742,#3310);
#1994=LINE('',#14744,#3311);
#1995=LINE('',#14745,#3312);
#1996=LINE('',#14748,#3313);
#1997=LINE('',#14750,#3314);
#1998=LINE('',#14751,#3315);
#1999=LINE('',#14754,#3316);
#2000=LINE('',#14756,#3317);
#2001=LINE('',#14757,#3318);
#2002=LINE('',#14760,#3319);
#2003=LINE('',#14762,#3320);
#2004=LINE('',#14763,#3321);
#2005=LINE('',#14766,#3322);
#2006=LINE('',#14768,#3323);
#2007=LINE('',#14769,#3324);
#2008=LINE('',#14772,#3325);
#2009=LINE('',#14774,#3326);
#2010=LINE('',#14775,#3327);
#2011=LINE('',#14778,#3328);
#2012=LINE('',#14780,#3329);
#2013=LINE('',#14781,#3330);
#2014=LINE('',#14784,#3331);
#2015=LINE('',#14786,#3332);
#2016=LINE('',#14787,#3333);
#2017=LINE('',#14790,#3334);
#2018=LINE('',#14792,#3335);
#2019=LINE('',#14793,#3336);
#2020=LINE('',#14796,#3337);
#2021=LINE('',#14798,#3338);
#2022=LINE('',#14799,#3339);
#2023=LINE('',#14802,#3340);
#2024=LINE('',#14804,#3341);
#2025=LINE('',#14805,#3342);
#2026=LINE('',#14808,#3343);
#2027=LINE('',#14810,#3344);
#2028=LINE('',#14811,#3345);
#2029=LINE('',#14814,#3346);
#2030=LINE('',#14816,#3347);
#2031=LINE('',#14817,#3348);
#2032=LINE('',#14820,#3349);
#2033=LINE('',#14822,#3350);
#2034=LINE('',#14823,#3351);
#2035=LINE('',#14826,#3352);
#2036=LINE('',#14828,#3353);
#2037=LINE('',#14829,#3354);
#2038=LINE('',#14832,#3355);
#2039=LINE('',#14834,#3356);
#2040=LINE('',#14835,#3357);
#2041=LINE('',#14838,#3358);
#2042=LINE('',#14840,#3359);
#2043=LINE('',#14841,#3360);
#2044=LINE('',#14844,#3361);
#2045=LINE('',#14846,#3362);
#2046=LINE('',#14847,#3363);
#2047=LINE('',#14850,#3364);
#2048=LINE('',#14852,#3365);
#2049=LINE('',#14853,#3366);
#2050=LINE('',#14856,#3367);
#2051=LINE('',#14858,#3368);
#2052=LINE('',#14859,#3369);
#2053=LINE('',#14862,#3370);
#2054=LINE('',#14864,#3371);
#2055=LINE('',#14865,#3372);
#2056=LINE('',#14868,#3373);
#2057=LINE('',#14870,#3374);
#2058=LINE('',#14871,#3375);
#2059=LINE('',#14874,#3376);
#2060=LINE('',#14876,#3377);
#2061=LINE('',#14877,#3378);
#2062=LINE('',#14880,#3379);
#2063=LINE('',#14882,#3380);
#2064=LINE('',#14883,#3381);
#2065=LINE('',#14886,#3382);
#2066=LINE('',#14888,#3383);
#2067=LINE('',#14889,#3384);
#2068=LINE('',#14892,#3385);
#2069=LINE('',#14894,#3386);
#2070=LINE('',#14895,#3387);
#2071=LINE('',#14898,#3388);
#2072=LINE('',#14900,#3389);
#2073=LINE('',#14901,#3390);
#2074=LINE('',#14904,#3391);
#2075=LINE('',#14906,#3392);
#2076=LINE('',#14907,#3393);
#2077=LINE('',#14910,#3394);
#2078=LINE('',#14912,#3395);
#2079=LINE('',#14913,#3396);
#2080=LINE('',#14915,#3397);
#2081=LINE('',#14916,#3398);
#2082=LINE('',#14925,#3399);
#2083=LINE('',#14927,#3400);
#2084=LINE('',#14929,#3401);
#2085=LINE('',#14930,#3402);
#2086=LINE('',#14933,#3403);
#2087=LINE('',#14935,#3404);
#2088=LINE('',#14936,#3405);
#2089=LINE('',#14939,#3406);
#2090=LINE('',#14941,#3407);
#2091=LINE('',#14942,#3408);
#2092=LINE('',#14944,#3409);
#2093=LINE('',#14945,#3410);
#2094=LINE('',#14949,#3411);
#2095=LINE('',#14951,#3412);
#2096=LINE('',#14953,#3413);
#2097=LINE('',#14954,#3414);
#2098=LINE('',#14957,#3415);
#2099=LINE('',#14959,#3416);
#2100=LINE('',#14960,#3417);
#2101=LINE('',#14963,#3418);
#2102=LINE('',#14965,#3419);
#2103=LINE('',#14966,#3420);
#2104=LINE('',#14968,#3421);
#2105=LINE('',#14969,#3422);
#2106=LINE('',#14973,#3423);
#2107=LINE('',#14975,#3424);
#2108=LINE('',#14977,#3425);
#2109=LINE('',#14978,#3426);
#2110=LINE('',#14981,#3427);
#2111=LINE('',#14983,#3428);
#2112=LINE('',#14984,#3429);
#2113=LINE('',#14987,#3430);
#2114=LINE('',#14989,#3431);
#2115=LINE('',#14990,#3432);
#2116=LINE('',#14992,#3433);
#2117=LINE('',#14993,#3434);
#2118=LINE('',#14997,#3435);
#2119=LINE('',#14999,#3436);
#2120=LINE('',#15001,#3437);
#2121=LINE('',#15002,#3438);
#2122=LINE('',#15005,#3439);
#2123=LINE('',#15007,#3440);
#2124=LINE('',#15008,#3441);
#2125=LINE('',#15011,#3442);
#2126=LINE('',#15013,#3443);
#2127=LINE('',#15014,#3444);
#2128=LINE('',#15016,#3445);
#2129=LINE('',#15017,#3446);
#2130=LINE('',#15022,#3447);
#2131=LINE('',#15027,#3448);
#2132=LINE('',#15029,#3449);
#2133=LINE('',#15031,#3450);
#2134=LINE('',#15032,#3451);
#2135=LINE('',#15035,#3452);
#2136=LINE('',#15037,#3453);
#2137=LINE('',#15038,#3454);
#2138=LINE('',#15041,#3455);
#2139=LINE('',#15043,#3456);
#2140=LINE('',#15044,#3457);
#2141=LINE('',#15047,#3458);
#2142=LINE('',#15049,#3459);
#2143=LINE('',#15050,#3460);
#2144=LINE('',#15053,#3461);
#2145=LINE('',#15055,#3462);
#2146=LINE('',#15056,#3463);
#2147=LINE('',#15059,#3464);
#2148=LINE('',#15061,#3465);
#2149=LINE('',#15062,#3466);
#2150=LINE('',#15065,#3467);
#2151=LINE('',#15067,#3468);
#2152=LINE('',#15068,#3469);
#2153=LINE('',#15071,#3470);
#2154=LINE('',#15073,#3471);
#2155=LINE('',#15074,#3472);
#2156=LINE('',#15077,#3473);
#2157=LINE('',#15079,#3474);
#2158=LINE('',#15080,#3475);
#2159=LINE('',#15083,#3476);
#2160=LINE('',#15085,#3477);
#2161=LINE('',#15086,#3478);
#2162=LINE('',#15089,#3479);
#2163=LINE('',#15091,#3480);
#2164=LINE('',#15092,#3481);
#2165=LINE('',#15095,#3482);
#2166=LINE('',#15097,#3483);
#2167=LINE('',#15098,#3484);
#2168=LINE('',#15101,#3485);
#2169=LINE('',#15103,#3486);
#2170=LINE('',#15104,#3487);
#2171=LINE('',#15107,#3488);
#2172=LINE('',#15109,#3489);
#2173=LINE('',#15110,#3490);
#2174=LINE('',#15113,#3491);
#2175=LINE('',#15115,#3492);
#2176=LINE('',#15116,#3493);
#2177=LINE('',#15119,#3494);
#2178=LINE('',#15121,#3495);
#2179=LINE('',#15122,#3496);
#2180=LINE('',#15125,#3497);
#2181=LINE('',#15127,#3498);
#2182=LINE('',#15128,#3499);
#2183=LINE('',#15131,#3500);
#2184=LINE('',#15133,#3501);
#2185=LINE('',#15134,#3502);
#2186=LINE('',#15137,#3503);
#2187=LINE('',#15139,#3504);
#2188=LINE('',#15140,#3505);
#2189=LINE('',#15143,#3506);
#2190=LINE('',#15145,#3507);
#2191=LINE('',#15146,#3508);
#2192=LINE('',#15149,#3509);
#2193=LINE('',#15151,#3510);
#2194=LINE('',#15152,#3511);
#2195=LINE('',#15155,#3512);
#2196=LINE('',#15157,#3513);
#2197=LINE('',#15158,#3514);
#2198=LINE('',#15161,#3515);
#2199=LINE('',#15163,#3516);
#2200=LINE('',#15164,#3517);
#2201=LINE('',#15167,#3518);
#2202=LINE('',#15169,#3519);
#2203=LINE('',#15170,#3520);
#2204=LINE('',#15173,#3521);
#2205=LINE('',#15175,#3522);
#2206=LINE('',#15176,#3523);
#2207=LINE('',#15179,#3524);
#2208=LINE('',#15181,#3525);
#2209=LINE('',#15182,#3526);
#2210=LINE('',#15185,#3527);
#2211=LINE('',#15187,#3528);
#2212=LINE('',#15188,#3529);
#2213=LINE('',#15191,#3530);
#2214=LINE('',#15193,#3531);
#2215=LINE('',#15194,#3532);
#2216=LINE('',#15197,#3533);
#2217=LINE('',#15199,#3534);
#2218=LINE('',#15200,#3535);
#2219=LINE('',#15203,#3536);
#2220=LINE('',#15205,#3537);
#2221=LINE('',#15206,#3538);
#2222=LINE('',#15209,#3539);
#2223=LINE('',#15211,#3540);
#2224=LINE('',#15212,#3541);
#2225=LINE('',#15215,#3542);
#2226=LINE('',#15217,#3543);
#2227=LINE('',#15218,#3544);
#2228=LINE('',#15221,#3545);
#2229=LINE('',#15223,#3546);
#2230=LINE('',#15224,#3547);
#2231=LINE('',#15227,#3548);
#2232=LINE('',#15229,#3549);
#2233=LINE('',#15230,#3550);
#2234=LINE('',#15233,#3551);
#2235=LINE('',#15235,#3552);
#2236=LINE('',#15236,#3553);
#2237=LINE('',#15239,#3554);
#2238=LINE('',#15241,#3555);
#2239=LINE('',#15242,#3556);
#2240=LINE('',#15245,#3557);
#2241=LINE('',#15247,#3558);
#2242=LINE('',#15248,#3559);
#2243=LINE('',#15251,#3560);
#2244=LINE('',#15253,#3561);
#2245=LINE('',#15254,#3562);
#2246=LINE('',#15257,#3563);
#2247=LINE('',#15259,#3564);
#2248=LINE('',#15260,#3565);
#2249=LINE('',#15263,#3566);
#2250=LINE('',#15265,#3567);
#2251=LINE('',#15266,#3568);
#2252=LINE('',#15269,#3569);
#2253=LINE('',#15271,#3570);
#2254=LINE('',#15272,#3571);
#2255=LINE('',#15275,#3572);
#2256=LINE('',#15277,#3573);
#2257=LINE('',#15278,#3574);
#2258=LINE('',#15281,#3575);
#2259=LINE('',#15283,#3576);
#2260=LINE('',#15284,#3577);
#2261=LINE('',#15287,#3578);
#2262=LINE('',#15289,#3579);
#2263=LINE('',#15290,#3580);
#2264=LINE('',#15293,#3581);
#2265=LINE('',#15295,#3582);
#2266=LINE('',#15296,#3583);
#2267=LINE('',#15299,#3584);
#2268=LINE('',#15301,#3585);
#2269=LINE('',#15302,#3586);
#2270=LINE('',#15305,#3587);
#2271=LINE('',#15307,#3588);
#2272=LINE('',#15308,#3589);
#2273=LINE('',#15311,#3590);
#2274=LINE('',#15313,#3591);
#2275=LINE('',#15314,#3592);
#2276=LINE('',#15317,#3593);
#2277=LINE('',#15319,#3594);
#2278=LINE('',#15320,#3595);
#2279=LINE('',#15323,#3596);
#2280=LINE('',#15325,#3597);
#2281=LINE('',#15326,#3598);
#2282=LINE('',#15329,#3599);
#2283=LINE('',#15331,#3600);
#2284=LINE('',#15332,#3601);
#2285=LINE('',#15335,#3602);
#2286=LINE('',#15337,#3603);
#2287=LINE('',#15338,#3604);
#2288=LINE('',#15341,#3605);
#2289=LINE('',#15343,#3606);
#2290=LINE('',#15344,#3607);
#2291=LINE('',#15347,#3608);
#2292=LINE('',#15349,#3609);
#2293=LINE('',#15350,#3610);
#2294=LINE('',#15353,#3611);
#2295=LINE('',#15355,#3612);
#2296=LINE('',#15356,#3613);
#2297=LINE('',#15359,#3614);
#2298=LINE('',#15361,#3615);
#2299=LINE('',#15362,#3616);
#2300=LINE('',#15365,#3617);
#2301=LINE('',#15367,#3618);
#2302=LINE('',#15368,#3619);
#2303=LINE('',#15371,#3620);
#2304=LINE('',#15373,#3621);
#2305=LINE('',#15374,#3622);
#2306=LINE('',#15377,#3623);
#2307=LINE('',#15379,#3624);
#2308=LINE('',#15380,#3625);
#2309=LINE('',#15383,#3626);
#2310=LINE('',#15385,#3627);
#2311=LINE('',#15386,#3628);
#2312=LINE('',#15389,#3629);
#2313=LINE('',#15391,#3630);
#2314=LINE('',#15392,#3631);
#2315=LINE('',#15394,#3632);
#2316=LINE('',#15395,#3633);
#2317=LINE('',#15402,#3634);
#2318=LINE('',#15404,#3635);
#2319=LINE('',#15406,#3636);
#2320=LINE('',#15408,#3637);
#2321=LINE('',#15410,#3638);
#2322=LINE('',#15412,#3639);
#2323=LINE('',#15414,#3640);
#2324=LINE('',#15416,#3641);
#2325=LINE('',#15418,#3642);
#2326=LINE('',#15420,#3643);
#2327=LINE('',#15422,#3644);
#2328=LINE('',#15424,#3645);
#2329=LINE('',#15426,#3646);
#2330=LINE('',#15428,#3647);
#2331=LINE('',#15430,#3648);
#2332=LINE('',#15432,#3649);
#2333=LINE('',#15434,#3650);
#2334=LINE('',#15436,#3651);
#2335=LINE('',#15438,#3652);
#2336=LINE('',#15440,#3653);
#2337=LINE('',#15442,#3654);
#2338=LINE('',#15444,#3655);
#2339=LINE('',#15446,#3656);
#2340=LINE('',#15448,#3657);
#2341=LINE('',#15450,#3658);
#2342=LINE('',#15452,#3659);
#2343=LINE('',#15454,#3660);
#2344=LINE('',#15456,#3661);
#2345=LINE('',#15458,#3662);
#2346=LINE('',#15460,#3663);
#2347=LINE('',#15462,#3664);
#2348=LINE('',#15464,#3665);
#2349=LINE('',#15466,#3666);
#2350=LINE('',#15468,#3667);
#2351=LINE('',#15470,#3668);
#2352=LINE('',#15472,#3669);
#2353=LINE('',#15474,#3670);
#2354=LINE('',#15476,#3671);
#2355=LINE('',#15478,#3672);
#2356=LINE('',#15480,#3673);
#2357=LINE('',#15482,#3674);
#2358=LINE('',#15484,#3675);
#2359=LINE('',#15486,#3676);
#2360=LINE('',#15488,#3677);
#2361=LINE('',#15490,#3678);
#2362=LINE('',#15492,#3679);
#2363=LINE('',#15494,#3680);
#2364=LINE('',#15496,#3681);
#2365=LINE('',#15498,#3682);
#2366=LINE('',#15500,#3683);
#2367=LINE('',#15502,#3684);
#2368=LINE('',#15504,#3685);
#2369=LINE('',#15506,#3686);
#2370=LINE('',#15508,#3687);
#2371=LINE('',#15510,#3688);
#2372=LINE('',#15512,#3689);
#2373=LINE('',#15514,#3690);
#2374=LINE('',#15516,#3691);
#2375=LINE('',#15518,#3692);
#2376=LINE('',#15520,#3693);
#2377=LINE('',#15522,#3694);
#2378=LINE('',#15523,#3695);
#2379=LINE('',#15528,#3696);
#2380=LINE('',#15530,#3697);
#2381=LINE('',#15532,#3698);
#2382=LINE('',#15533,#3699);
#2383=LINE('',#15536,#3700);
#2384=LINE('',#15538,#3701);
#2385=LINE('',#15540,#3702);
#2386=LINE('',#15541,#3703);
#2387=LINE('',#15544,#3704);
#2388=LINE('',#15546,#3705);
#2389=LINE('',#15548,#3706);
#2390=LINE('',#15549,#3707);
#2391=LINE('',#15552,#3708);
#2392=LINE('',#15554,#3709);
#2393=LINE('',#15556,#3710);
#2394=LINE('',#15557,#3711);
#2395=LINE('',#15560,#3712);
#2396=LINE('',#15562,#3713);
#2397=LINE('',#15563,#3714);
#2398=LINE('',#15566,#3715);
#2399=LINE('',#15567,#3716);
#2400=LINE('',#15570,#3717);
#2401=LINE('',#15572,#3718);
#2402=LINE('',#15573,#3719);
#2403=LINE('',#15576,#3720);
#2404=LINE('',#15577,#3721);
#2405=LINE('',#15580,#3722);
#2406=LINE('',#15582,#3723);
#2407=LINE('',#15583,#3724);
#2408=LINE('',#15586,#3725);
#2409=LINE('',#15587,#3726);
#2410=LINE('',#15590,#3727);
#2411=LINE('',#15592,#3728);
#2412=LINE('',#15593,#3729);
#2413=LINE('',#15596,#3730);
#2414=LINE('',#15597,#3731);
#2415=LINE('',#15600,#3732);
#2416=LINE('',#15602,#3733);
#2417=LINE('',#15603,#3734);
#2418=LINE('',#15606,#3735);
#2419=LINE('',#15607,#3736);
#2420=LINE('',#15610,#3737);
#2421=LINE('',#15611,#3738);
#2422=LINE('',#15614,#3739);
#2423=LINE('',#15615,#3740);
#2424=LINE('',#15618,#3741);
#2425=LINE('',#15619,#3742);
#2426=LINE('',#15622,#3743);
#2427=LINE('',#15623,#3744);
#2428=LINE('',#15626,#3745);
#2429=LINE('',#15627,#3746);
#2430=LINE('',#15630,#3747);
#2431=LINE('',#15631,#3748);
#2432=LINE('',#15634,#3749);
#2433=LINE('',#15635,#3750);
#2434=LINE('',#15638,#3751);
#2435=LINE('',#15639,#3752);
#2436=LINE('',#15642,#3753);
#2437=LINE('',#15643,#3754);
#2438=LINE('',#15646,#3755);
#2439=LINE('',#15647,#3756);
#2440=LINE('',#15650,#3757);
#2441=LINE('',#15651,#3758);
#2442=LINE('',#15654,#3759);
#2443=LINE('',#15655,#3760);
#2444=LINE('',#15658,#3761);
#2445=LINE('',#15659,#3762);
#2446=LINE('',#15662,#3763);
#2447=LINE('',#15663,#3764);
#2448=LINE('',#15666,#3765);
#2449=LINE('',#15667,#3766);
#2450=LINE('',#15670,#3767);
#2451=LINE('',#15671,#3768);
#2452=LINE('',#15674,#3769);
#2453=LINE('',#15675,#3770);
#2454=LINE('',#15678,#3771);
#2455=LINE('',#15679,#3772);
#2456=LINE('',#15682,#3773);
#2457=LINE('',#15683,#3774);
#2458=LINE('',#15686,#3775);
#2459=LINE('',#15687,#3776);
#2460=LINE('',#15690,#3777);
#2461=LINE('',#15691,#3778);
#2462=LINE('',#15694,#3779);
#2463=LINE('',#15695,#3780);
#2464=LINE('',#15698,#3781);
#2465=LINE('',#15699,#3782);
#2466=LINE('',#15702,#3783);
#2467=LINE('',#15703,#3784);
#2468=LINE('',#15706,#3785);
#2469=LINE('',#15707,#3786);
#2470=LINE('',#15710,#3787);
#2471=LINE('',#15711,#3788);
#2472=LINE('',#15714,#3789);
#2473=LINE('',#15715,#3790);
#2474=LINE('',#15718,#3791);
#2475=LINE('',#15719,#3792);
#2476=LINE('',#15722,#3793);
#2477=LINE('',#15723,#3794);
#2478=LINE('',#15726,#3795);
#2479=LINE('',#15727,#3796);
#2480=LINE('',#15731,#3797);
#2481=LINE('',#15732,#3798);
#2482=LINE('',#15734,#3799);
#2483=LINE('',#15736,#3800);
#2484=LINE('',#15738,#3801);
#2485=LINE('',#15740,#3802);
#2486=LINE('',#15742,#3803);
#2487=LINE('',#15744,#3804);
#2488=LINE('',#15746,#3805);
#2489=LINE('',#15748,#3806);
#2490=LINE('',#15750,#3807);
#2491=LINE('',#15752,#3808);
#2492=LINE('',#15754,#3809);
#2493=LINE('',#15756,#3810);
#2494=LINE('',#15758,#3811);
#2495=LINE('',#15760,#3812);
#2496=LINE('',#15762,#3813);
#2497=LINE('',#15764,#3814);
#2498=LINE('',#15766,#3815);
#2499=LINE('',#15768,#3816);
#2500=LINE('',#15770,#3817);
#2501=LINE('',#15772,#3818);
#2502=LINE('',#15774,#3819);
#2503=LINE('',#15776,#3820);
#2504=LINE('',#15778,#3821);
#2505=LINE('',#15780,#3822);
#2506=LINE('',#15782,#3823);
#2507=LINE('',#15784,#3824);
#2508=LINE('',#15786,#3825);
#2509=LINE('',#15787,#3826);
#2510=LINE('',#15789,#3827);
#2511=LINE('',#15790,#3828);
#2512=LINE('',#15792,#3829);
#2513=LINE('',#15793,#3830);
#2514=LINE('',#15795,#3831);
#2515=LINE('',#15796,#3832);
#2516=LINE('',#15798,#3833);
#2517=LINE('',#15799,#3834);
#2518=LINE('',#15803,#3835);
#2519=LINE('',#15805,#3836);
#2520=LINE('',#15807,#3837);
#2521=LINE('',#15809,#3838);
#2522=LINE('',#15811,#3839);
#2523=LINE('',#15812,#3840);
#2524=LINE('',#15814,#3841);
#2525=LINE('',#15816,#3842);
#2526=LINE('',#15818,#3843);
#2527=LINE('',#15820,#3844);
#2528=LINE('',#15822,#3845);
#2529=LINE('',#15824,#3846);
#2530=LINE('',#15826,#3847);
#2531=LINE('',#15828,#3848);
#2532=LINE('',#15830,#3849);
#2533=LINE('',#15832,#3850);
#2534=LINE('',#15834,#3851);
#2535=LINE('',#15836,#3852);
#2536=LINE('',#15837,#3853);
#2537=LINE('',#15839,#3854);
#2538=LINE('',#15841,#3855);
#2539=LINE('',#15843,#3856);
#2540=LINE('',#15845,#3857);
#2541=LINE('',#15847,#3858);
#2542=LINE('',#15849,#3859);
#2543=LINE('',#15851,#3860);
#2544=LINE('',#15853,#3861);
#2545=LINE('',#15855,#3862);
#2546=LINE('',#15857,#3863);
#2547=LINE('',#15859,#3864);
#2548=LINE('',#15861,#3865);
#2549=LINE('',#15863,#3866);
#2550=LINE('',#15871,#3867);
#2551=LINE('',#15873,#3868);
#2552=LINE('',#15880,#3869);
#2553=LINE('',#15885,#3870);
#2554=LINE('',#15887,#3871);
#2555=LINE('',#15889,#3872);
#2556=LINE('',#15890,#3873);
#2557=LINE('',#15896,#3874);
#2558=LINE('',#15899,#3875);
#2559=LINE('',#15901,#3876);
#2560=LINE('',#15902,#3877);
#2561=LINE('',#15905,#3878);
#2562=LINE('',#15907,#3879);
#2563=LINE('',#15908,#3880);
#2564=LINE('',#15911,#3881);
#2565=LINE('',#15913,#3882);
#2566=LINE('',#15914,#3883);
#2567=LINE('',#15920,#3884);
#2568=LINE('',#15923,#3885);
#2569=LINE('',#15925,#3886);
#2570=LINE('',#15926,#3887);
#2571=LINE('',#15929,#3888);
#2572=LINE('',#15931,#3889);
#2573=LINE('',#15932,#3890);
#2574=LINE('',#15935,#3891);
#2575=LINE('',#15937,#3892);
#2576=LINE('',#15938,#3893);
#2577=LINE('',#15944,#3894);
#2578=LINE('',#15947,#3895);
#2579=LINE('',#15949,#3896);
#2580=LINE('',#15950,#3897);
#2581=LINE('',#15953,#3898);
#2582=LINE('',#15955,#3899);
#2583=LINE('',#15956,#3900);
#2584=LINE('',#15959,#3901);
#2585=LINE('',#15961,#3902);
#2586=LINE('',#15962,#3903);
#2587=LINE('',#15968,#3904);
#2588=LINE('',#15971,#3905);
#2589=LINE('',#15973,#3906);
#2590=LINE('',#15974,#3907);
#2591=LINE('',#15977,#3908);
#2592=LINE('',#15979,#3909);
#2593=LINE('',#15980,#3910);
#2594=LINE('',#15983,#3911);
#2595=LINE('',#15985,#3912);
#2596=LINE('',#15986,#3913);
#2597=LINE('',#15992,#3914);
#2598=LINE('',#15995,#3915);
#2599=LINE('',#15997,#3916);
#2600=LINE('',#15998,#3917);
#2601=LINE('',#16001,#3918);
#2602=LINE('',#16003,#3919);
#2603=LINE('',#16004,#3920);
#2604=LINE('',#16007,#3921);
#2605=LINE('',#16009,#3922);
#2606=LINE('',#16010,#3923);
#2607=LINE('',#16016,#3924);
#2608=LINE('',#16019,#3925);
#2609=LINE('',#16021,#3926);
#2610=LINE('',#16022,#3927);
#2611=LINE('',#16025,#3928);
#2612=LINE('',#16027,#3929);
#2613=LINE('',#16028,#3930);
#2614=LINE('',#16031,#3931);
#2615=LINE('',#16033,#3932);
#2616=LINE('',#16034,#3933);
#2617=LINE('',#16040,#3934);
#2618=LINE('',#16043,#3935);
#2619=LINE('',#16045,#3936);
#2620=LINE('',#16046,#3937);
#2621=LINE('',#16049,#3938);
#2622=LINE('',#16051,#3939);
#2623=LINE('',#16052,#3940);
#2624=LINE('',#16055,#3941);
#2625=LINE('',#16057,#3942);
#2626=LINE('',#16058,#3943);
#2627=LINE('',#16064,#3944);
#2628=LINE('',#16067,#3945);
#2629=LINE('',#16069,#3946);
#2630=LINE('',#16070,#3947);
#2631=LINE('',#16073,#3948);
#2632=LINE('',#16075,#3949);
#2633=LINE('',#16076,#3950);
#2634=LINE('',#16079,#3951);
#2635=LINE('',#16081,#3952);
#2636=LINE('',#16082,#3953);
#2637=LINE('',#16088,#3954);
#2638=LINE('',#16091,#3955);
#2639=LINE('',#16093,#3956);
#2640=LINE('',#16094,#3957);
#2641=LINE('',#16097,#3958);
#2642=LINE('',#16099,#3959);
#2643=LINE('',#16100,#3960);
#2644=LINE('',#16103,#3961);
#2645=LINE('',#16105,#3962);
#2646=LINE('',#16106,#3963);
#2647=LINE('',#16112,#3964);
#2648=LINE('',#16115,#3965);
#2649=LINE('',#16117,#3966);
#2650=LINE('',#16118,#3967);
#2651=LINE('',#16121,#3968);
#2652=LINE('',#16123,#3969);
#2653=LINE('',#16124,#3970);
#2654=LINE('',#16127,#3971);
#2655=LINE('',#16129,#3972);
#2656=LINE('',#16130,#3973);
#2657=LINE('',#16136,#3974);
#2658=LINE('',#16139,#3975);
#2659=LINE('',#16141,#3976);
#2660=LINE('',#16142,#3977);
#2661=LINE('',#16145,#3978);
#2662=LINE('',#16147,#3979);
#2663=LINE('',#16148,#3980);
#2664=LINE('',#16151,#3981);
#2665=LINE('',#16153,#3982);
#2666=LINE('',#16154,#3983);
#2667=LINE('',#16160,#3984);
#2668=LINE('',#16163,#3985);
#2669=LINE('',#16165,#3986);
#2670=LINE('',#16166,#3987);
#2671=LINE('',#16168,#3988);
#2672=LINE('',#16169,#3989);
#2673=LINE('',#16176,#3990);
#2674=LINE('',#16184,#3991);
#2675=VECTOR('',#10797,10.);
#2676=VECTOR('',#10798,10.);
#2677=VECTOR('',#10799,10.);
#2678=VECTOR('',#10800,10.);
#2679=VECTOR('',#10803,10.);
#2680=VECTOR('',#10804,10.);
#2681=VECTOR('',#10805,10.);
#2682=VECTOR('',#10808,10.);
#2683=VECTOR('',#10809,10.);
#2684=VECTOR('',#10810,10.);
#2685=VECTOR('',#10813,10.);
#2686=VECTOR('',#10814,10.);
#2687=VECTOR('',#10825,2.);
#2688=VECTOR('',#10830,10.);
#2689=VECTOR('',#10831,10.);
#2690=VECTOR('',#10832,10.);
#2691=VECTOR('',#10833,10.);
#2692=VECTOR('',#10840,10.);
#2693=VECTOR('',#10843,10.);
#2694=VECTOR('',#10844,10.);
#2695=VECTOR('',#10845,10.);
#2696=VECTOR('',#10848,10.);
#2697=VECTOR('',#10849,10.);
#2698=VECTOR('',#10850,10.);
#2699=VECTOR('',#10853,10.);
#2700=VECTOR('',#10854,10.);
#2701=VECTOR('',#10855,10.);
#2702=VECTOR('',#10862,10.);
#2703=VECTOR('',#10865,10.);
#2704=VECTOR('',#10866,10.);
#2705=VECTOR('',#10867,10.);
#2706=VECTOR('',#10870,10.);
#2707=VECTOR('',#10871,10.);
#2708=VECTOR('',#10872,10.);
#2709=VECTOR('',#10875,10.);
#2710=VECTOR('',#10876,10.);
#2711=VECTOR('',#10877,10.);
#2712=VECTOR('',#10884,10.);
#2713=VECTOR('',#10887,10.);
#2714=VECTOR('',#10888,10.);
#2715=VECTOR('',#10889,10.);
#2716=VECTOR('',#10892,10.);
#2717=VECTOR('',#10893,10.);
#2718=VECTOR('',#10894,10.);
#2719=VECTOR('',#10897,10.);
#2720=VECTOR('',#10898,10.);
#2721=VECTOR('',#10899,10.);
#2722=VECTOR('',#10906,10.);
#2723=VECTOR('',#10909,10.);
#2724=VECTOR('',#10910,10.);
#2725=VECTOR('',#10911,10.);
#2726=VECTOR('',#10914,10.);
#2727=VECTOR('',#10915,10.);
#2728=VECTOR('',#10916,10.);
#2729=VECTOR('',#10919,10.);
#2730=VECTOR('',#10920,10.);
#2731=VECTOR('',#10921,10.);
#2732=VECTOR('',#10928,10.);
#2733=VECTOR('',#10931,10.);
#2734=VECTOR('',#10932,10.);
#2735=VECTOR('',#10933,10.);
#2736=VECTOR('',#10936,10.);
#2737=VECTOR('',#10937,10.);
#2738=VECTOR('',#10938,10.);
#2739=VECTOR('',#10941,10.);
#2740=VECTOR('',#10942,10.);
#2741=VECTOR('',#10943,10.);
#2742=VECTOR('',#10950,10.);
#2743=VECTOR('',#10953,10.);
#2744=VECTOR('',#10954,10.);
#2745=VECTOR('',#10955,10.);
#2746=VECTOR('',#10958,10.);
#2747=VECTOR('',#10959,10.);
#2748=VECTOR('',#10960,10.);
#2749=VECTOR('',#10963,10.);
#2750=VECTOR('',#10964,10.);
#2751=VECTOR('',#10965,10.);
#2752=VECTOR('',#10972,10.);
#2753=VECTOR('',#10975,10.);
#2754=VECTOR('',#10976,10.);
#2755=VECTOR('',#10977,10.);
#2756=VECTOR('',#10980,10.);
#2757=VECTOR('',#10981,10.);
#2758=VECTOR('',#10982,10.);
#2759=VECTOR('',#10985,10.);
#2760=VECTOR('',#10986,10.);
#2761=VECTOR('',#10987,10.);
#2762=VECTOR('',#10994,10.);
#2763=VECTOR('',#10997,10.);
#2764=VECTOR('',#10998,10.);
#2765=VECTOR('',#10999,10.);
#2766=VECTOR('',#11002,10.);
#2767=VECTOR('',#11003,10.);
#2768=VECTOR('',#11004,10.);
#2769=VECTOR('',#11007,10.);
#2770=VECTOR('',#11008,10.);
#2771=VECTOR('',#11009,10.);
#2772=VECTOR('',#11016,10.);
#2773=VECTOR('',#11019,10.);
#2774=VECTOR('',#11020,10.);
#2775=VECTOR('',#11021,10.);
#2776=VECTOR('',#11024,10.);
#2777=VECTOR('',#11025,10.);
#2778=VECTOR('',#11026,10.);
#2779=VECTOR('',#11029,10.);
#2780=VECTOR('',#11030,10.);
#2781=VECTOR('',#11031,10.);
#2782=VECTOR('',#11038,10.);
#2783=VECTOR('',#11041,10.);
#2784=VECTOR('',#11042,10.);
#2785=VECTOR('',#11043,10.);
#2786=VECTOR('',#11046,10.);
#2787=VECTOR('',#11047,10.);
#2788=VECTOR('',#11048,10.);
#2789=VECTOR('',#11051,10.);
#2790=VECTOR('',#11052,10.);
#2791=VECTOR('',#11053,10.);
#2792=VECTOR('',#11060,10.);
#2793=VECTOR('',#11063,10.);
#2794=VECTOR('',#11064,10.);
#2795=VECTOR('',#11065,10.);
#2796=VECTOR('',#11068,10.);
#2797=VECTOR('',#11069,10.);
#2798=VECTOR('',#11070,10.);
#2799=VECTOR('',#11073,10.);
#2800=VECTOR('',#11074,10.);
#2801=VECTOR('',#11075,10.);
#2802=VECTOR('',#11082,10.);
#2803=VECTOR('',#11085,10.);
#2804=VECTOR('',#11086,10.);
#2805=VECTOR('',#11087,10.);
#2806=VECTOR('',#11090,10.);
#2807=VECTOR('',#11091,10.);
#2808=VECTOR('',#11102,2.);
#2809=VECTOR('',#11107,10.);
#2810=VECTOR('',#11108,10.);
#2811=VECTOR('',#11109,10.);
#2812=VECTOR('',#11110,10.);
#2813=VECTOR('',#11117,10.);
#2814=VECTOR('',#11120,10.);
#2815=VECTOR('',#11121,10.);
#2816=VECTOR('',#11122,10.);
#2817=VECTOR('',#11125,10.);
#2818=VECTOR('',#11126,10.);
#2819=VECTOR('',#11127,10.);
#2820=VECTOR('',#11130,10.);
#2821=VECTOR('',#11131,10.);
#2822=VECTOR('',#11132,10.);
#2823=VECTOR('',#11139,10.);
#2824=VECTOR('',#11142,10.);
#2825=VECTOR('',#11143,10.);
#2826=VECTOR('',#11144,10.);
#2827=VECTOR('',#11147,10.);
#2828=VECTOR('',#11148,10.);
#2829=VECTOR('',#11149,10.);
#2830=VECTOR('',#11152,10.);
#2831=VECTOR('',#11153,10.);
#2832=VECTOR('',#11154,10.);
#2833=VECTOR('',#11161,10.);
#2834=VECTOR('',#11164,10.);
#2835=VECTOR('',#11165,10.);
#2836=VECTOR('',#11166,10.);
#2837=VECTOR('',#11169,10.);
#2838=VECTOR('',#11170,10.);
#2839=VECTOR('',#11171,10.);
#2840=VECTOR('',#11174,10.);
#2841=VECTOR('',#11175,10.);
#2842=VECTOR('',#11176,10.);
#2843=VECTOR('',#11183,10.);
#2844=VECTOR('',#11186,10.);
#2845=VECTOR('',#11187,10.);
#2846=VECTOR('',#11188,10.);
#2847=VECTOR('',#11191,10.);
#2848=VECTOR('',#11192,10.);
#2849=VECTOR('',#11193,10.);
#2850=VECTOR('',#11196,10.);
#2851=VECTOR('',#11197,10.);
#2852=VECTOR('',#11198,10.);
#2853=VECTOR('',#11205,10.);
#2854=VECTOR('',#11208,10.);
#2855=VECTOR('',#11209,10.);
#2856=VECTOR('',#11210,10.);
#2857=VECTOR('',#11213,10.);
#2858=VECTOR('',#11214,10.);
#2859=VECTOR('',#11215,10.);
#2860=VECTOR('',#11218,10.);
#2861=VECTOR('',#11219,10.);
#2862=VECTOR('',#11220,10.);
#2863=VECTOR('',#11227,10.);
#2864=VECTOR('',#11230,10.);
#2865=VECTOR('',#11231,10.);
#2866=VECTOR('',#11232,10.);
#2867=VECTOR('',#11235,10.);
#2868=VECTOR('',#11236,10.);
#2869=VECTOR('',#11237,10.);
#2870=VECTOR('',#11240,10.);
#2871=VECTOR('',#11241,10.);
#2872=VECTOR('',#11242,10.);
#2873=VECTOR('',#11249,10.);
#2874=VECTOR('',#11252,10.);
#2875=VECTOR('',#11253,10.);
#2876=VECTOR('',#11254,10.);
#2877=VECTOR('',#11257,10.);
#2878=VECTOR('',#11258,10.);
#2879=VECTOR('',#11259,10.);
#2880=VECTOR('',#11262,10.);
#2881=VECTOR('',#11263,10.);
#2882=VECTOR('',#11264,10.);
#2883=VECTOR('',#11271,10.);
#2884=VECTOR('',#11274,10.);
#2885=VECTOR('',#11275,10.);
#2886=VECTOR('',#11276,10.);
#2887=VECTOR('',#11279,10.);
#2888=VECTOR('',#11280,10.);
#2889=VECTOR('',#11281,10.);
#2890=VECTOR('',#11284,10.);
#2891=VECTOR('',#11285,10.);
#2892=VECTOR('',#11286,10.);
#2893=VECTOR('',#11293,10.);
#2894=VECTOR('',#11296,10.);
#2895=VECTOR('',#11297,10.);
#2896=VECTOR('',#11298,10.);
#2897=VECTOR('',#11301,10.);
#2898=VECTOR('',#11302,10.);
#2899=VECTOR('',#11303,10.);
#2900=VECTOR('',#11306,10.);
#2901=VECTOR('',#11307,10.);
#2902=VECTOR('',#11308,10.);
#2903=VECTOR('',#11315,10.);
#2904=VECTOR('',#11318,10.);
#2905=VECTOR('',#11319,10.);
#2906=VECTOR('',#11320,10.);
#2907=VECTOR('',#11323,10.);
#2908=VECTOR('',#11324,10.);
#2909=VECTOR('',#11325,10.);
#2910=VECTOR('',#11328,10.);
#2911=VECTOR('',#11329,10.);
#2912=VECTOR('',#11330,10.);
#2913=VECTOR('',#11337,10.);
#2914=VECTOR('',#11340,10.);
#2915=VECTOR('',#11341,10.);
#2916=VECTOR('',#11342,10.);
#2917=VECTOR('',#11345,10.);
#2918=VECTOR('',#11346,10.);
#2919=VECTOR('',#11347,10.);
#2920=VECTOR('',#11350,10.);
#2921=VECTOR('',#11351,10.);
#2922=VECTOR('',#11352,10.);
#2923=VECTOR('',#11359,10.);
#2924=VECTOR('',#11362,10.);
#2925=VECTOR('',#11363,10.);
#2926=VECTOR('',#11364,10.);
#2927=VECTOR('',#11367,10.);
#2928=VECTOR('',#11368,10.);
#2929=VECTOR('',#11377,10.);
#2930=VECTOR('',#11378,10.);
#2931=VECTOR('',#11379,10.);
#2932=VECTOR('',#11380,10.);
#2933=VECTOR('',#11383,10.);
#2934=VECTOR('',#11384,10.);
#2935=VECTOR('',#11385,10.);
#2936=VECTOR('',#11388,10.);
#2937=VECTOR('',#11389,10.);
#2938=VECTOR('',#11390,10.);
#2939=VECTOR('',#11393,10.);
#2940=VECTOR('',#11394,10.);
#2941=VECTOR('',#11399,3.5);
#2942=VECTOR('',#11404,10.);
#2943=VECTOR('',#11405,10.);
#2944=VECTOR('',#11406,10.);
#2945=VECTOR('',#11407,10.);
#2946=VECTOR('',#11410,10.);
#2947=VECTOR('',#11411,10.);
#2948=VECTOR('',#11412,10.);
#2949=VECTOR('',#11415,10.);
#2950=VECTOR('',#11416,10.);
#2951=VECTOR('',#11417,10.);
#2952=VECTOR('',#11420,10.);
#2953=VECTOR('',#11421,10.);
#2954=VECTOR('',#11424,10.);
#2955=VECTOR('',#11425,10.);
#2956=VECTOR('',#11426,10.);
#2957=VECTOR('',#11427,10.);
#2958=VECTOR('',#11430,10.);
#2959=VECTOR('',#11431,10.);
#2960=VECTOR('',#11432,10.);
#2961=VECTOR('',#11435,10.);
#2962=VECTOR('',#11436,10.);
#2963=VECTOR('',#11437,10.);
#2964=VECTOR('',#11440,10.);
#2965=VECTOR('',#11441,10.);
#2966=VECTOR('',#11444,10.);
#2967=VECTOR('',#11445,10.);
#2968=VECTOR('',#11446,10.);
#2969=VECTOR('',#11447,10.);
#2970=VECTOR('',#11450,10.);
#2971=VECTOR('',#11451,10.);
#2972=VECTOR('',#11452,10.);
#2973=VECTOR('',#11455,10.);
#2974=VECTOR('',#11456,10.);
#2975=VECTOR('',#11457,10.);
#2976=VECTOR('',#11460,10.);
#2977=VECTOR('',#11461,10.);
#2978=VECTOR('',#11464,10.);
#2979=VECTOR('',#11465,10.);
#2980=VECTOR('',#11466,10.);
#2981=VECTOR('',#11467,10.);
#2982=VECTOR('',#11470,10.);
#2983=VECTOR('',#11471,10.);
#2984=VECTOR('',#11472,10.);
#2985=VECTOR('',#11475,10.);
#2986=VECTOR('',#11476,10.);
#2987=VECTOR('',#11477,10.);
#2988=VECTOR('',#11480,10.);
#2989=VECTOR('',#11481,10.);
#2990=VECTOR('',#11482,10.);
#2991=VECTOR('',#11485,10.);
#2992=VECTOR('',#11486,10.);
#2993=VECTOR('',#11487,10.);
#2994=VECTOR('',#11490,10.);
#2995=VECTOR('',#11491,10.);
#2996=VECTOR('',#11492,10.);
#2997=VECTOR('',#11495,10.);
#2998=VECTOR('',#11496,10.);
#2999=VECTOR('',#11497,10.);
#3000=VECTOR('',#11500,10.);
#3001=VECTOR('',#11501,10.);
#3002=VECTOR('',#11502,10.);
#3003=VECTOR('',#11505,10.);
#3004=VECTOR('',#11506,10.);
#3005=VECTOR('',#11507,10.);
#3006=VECTOR('',#11510,10.);
#3007=VECTOR('',#11511,10.);
#3008=VECTOR('',#11512,10.);
#3009=VECTOR('',#11515,10.);
#3010=VECTOR('',#11516,10.);
#3011=VECTOR('',#11517,10.);
#3012=VECTOR('',#11520,10.);
#3013=VECTOR('',#11521,10.);
#3014=VECTOR('',#11522,10.);
#3015=VECTOR('',#11525,10.);
#3016=VECTOR('',#11526,10.);
#3017=VECTOR('',#11527,10.);
#3018=VECTOR('',#11530,10.);
#3019=VECTOR('',#11531,10.);
#3020=VECTOR('',#11532,10.);
#3021=VECTOR('',#11535,10.);
#3022=VECTOR('',#11536,10.);
#3023=VECTOR('',#11537,10.);
#3024=VECTOR('',#11540,10.);
#3025=VECTOR('',#11541,10.);
#3026=VECTOR('',#11542,10.);
#3027=VECTOR('',#11545,10.);
#3028=VECTOR('',#11546,10.);
#3029=VECTOR('',#11547,10.);
#3030=VECTOR('',#11550,10.);
#3031=VECTOR('',#11551,10.);
#3032=VECTOR('',#11552,10.);
#3033=VECTOR('',#11555,10.);
#3034=VECTOR('',#11556,10.);
#3035=VECTOR('',#11557,10.);
#3036=VECTOR('',#11560,10.);
#3037=VECTOR('',#11561,10.);
#3038=VECTOR('',#11562,10.);
#3039=VECTOR('',#11565,10.);
#3040=VECTOR('',#11566,10.);
#3041=VECTOR('',#11567,10.);
#3042=VECTOR('',#11570,10.);
#3043=VECTOR('',#11571,10.);
#3044=VECTOR('',#11572,10.);
#3045=VECTOR('',#11575,10.);
#3046=VECTOR('',#11576,10.);
#3047=VECTOR('',#11577,10.);
#3048=VECTOR('',#11580,10.);
#3049=VECTOR('',#11581,10.);
#3050=VECTOR('',#11582,10.);
#3051=VECTOR('',#11585,10.);
#3052=VECTOR('',#11586,10.);
#3053=VECTOR('',#11587,10.);
#3054=VECTOR('',#11590,10.);
#3055=VECTOR('',#11591,10.);
#3056=VECTOR('',#11592,10.);
#3057=VECTOR('',#11595,10.);
#3058=VECTOR('',#11596,10.);
#3059=VECTOR('',#11597,10.);
#3060=VECTOR('',#11600,10.);
#3061=VECTOR('',#11601,10.);
#3062=VECTOR('',#11602,10.);
#3063=VECTOR('',#11605,10.);
#3064=VECTOR('',#11606,10.);
#3065=VECTOR('',#11607,10.);
#3066=VECTOR('',#11610,10.);
#3067=VECTOR('',#11611,10.);
#3068=VECTOR('',#11612,10.);
#3069=VECTOR('',#11615,10.);
#3070=VECTOR('',#11616,10.);
#3071=VECTOR('',#11617,10.);
#3072=VECTOR('',#11620,10.);
#3073=VECTOR('',#11621,10.);
#3074=VECTOR('',#11622,10.);
#3075=VECTOR('',#11625,10.);
#3076=VECTOR('',#11626,10.);
#3077=VECTOR('',#11627,10.);
#3078=VECTOR('',#11630,10.);
#3079=VECTOR('',#11631,10.);
#3080=VECTOR('',#11632,10.);
#3081=VECTOR('',#11635,10.);
#3082=VECTOR('',#11636,10.);
#3083=VECTOR('',#11637,10.);
#3084=VECTOR('',#11640,10.);
#3085=VECTOR('',#11641,10.);
#3086=VECTOR('',#11642,10.);
#3087=VECTOR('',#11645,10.);
#3088=VECTOR('',#11646,10.);
#3089=VECTOR('',#11647,10.);
#3090=VECTOR('',#11650,10.);
#3091=VECTOR('',#11651,10.);
#3092=VECTOR('',#11652,10.);
#3093=VECTOR('',#11655,10.);
#3094=VECTOR('',#11656,10.);
#3095=VECTOR('',#11657,10.);
#3096=VECTOR('',#11660,10.);
#3097=VECTOR('',#11661,10.);
#3098=VECTOR('',#11662,10.);
#3099=VECTOR('',#11665,10.);
#3100=VECTOR('',#11666,10.);
#3101=VECTOR('',#11667,10.);
#3102=VECTOR('',#11670,10.);
#3103=VECTOR('',#11671,10.);
#3104=VECTOR('',#11672,10.);
#3105=VECTOR('',#11675,10.);
#3106=VECTOR('',#11676,10.);
#3107=VECTOR('',#11677,10.);
#3108=VECTOR('',#11680,10.);
#3109=VECTOR('',#11681,10.);
#3110=VECTOR('',#11682,10.);
#3111=VECTOR('',#11685,10.);
#3112=VECTOR('',#11686,10.);
#3113=VECTOR('',#11687,10.);
#3114=VECTOR('',#11690,10.);
#3115=VECTOR('',#11691,10.);
#3116=VECTOR('',#11692,10.);
#3117=VECTOR('',#11695,10.);
#3118=VECTOR('',#11696,10.);
#3119=VECTOR('',#11697,10.);
#3120=VECTOR('',#11700,10.);
#3121=VECTOR('',#11701,10.);
#3122=VECTOR('',#11702,10.);
#3123=VECTOR('',#11705,10.);
#3124=VECTOR('',#11706,10.);
#3125=VECTOR('',#11707,10.);
#3126=VECTOR('',#11710,10.);
#3127=VECTOR('',#11711,10.);
#3128=VECTOR('',#11712,10.);
#3129=VECTOR('',#11715,10.);
#3130=VECTOR('',#11716,10.);
#3131=VECTOR('',#11717,10.);
#3132=VECTOR('',#11720,10.);
#3133=VECTOR('',#11721,10.);
#3134=VECTOR('',#11722,10.);
#3135=VECTOR('',#11725,10.);
#3136=VECTOR('',#11726,10.);
#3137=VECTOR('',#11727,10.);
#3138=VECTOR('',#11730,10.);
#3139=VECTOR('',#11731,10.);
#3140=VECTOR('',#11732,10.);
#3141=VECTOR('',#11735,10.);
#3142=VECTOR('',#11736,10.);
#3143=VECTOR('',#11737,10.);
#3144=VECTOR('',#11740,10.);
#3145=VECTOR('',#11741,10.);
#3146=VECTOR('',#11742,10.);
#3147=VECTOR('',#11745,10.);
#3148=VECTOR('',#11746,10.);
#3149=VECTOR('',#11747,10.);
#3150=VECTOR('',#11750,10.);
#3151=VECTOR('',#11751,10.);
#3152=VECTOR('',#11752,10.);
#3153=VECTOR('',#11755,10.);
#3154=VECTOR('',#11756,10.);
#3155=VECTOR('',#11757,10.);
#3156=VECTOR('',#11760,10.);
#3157=VECTOR('',#11761,10.);
#3158=VECTOR('',#11762,10.);
#3159=VECTOR('',#11765,10.);
#3160=VECTOR('',#11766,10.);
#3161=VECTOR('',#11767,10.);
#3162=VECTOR('',#11770,10.);
#3163=VECTOR('',#11771,10.);
#3164=VECTOR('',#11784,10.);
#3165=VECTOR('',#11785,10.);
#3166=VECTOR('',#11786,10.);
#3167=VECTOR('',#11787,10.);
#3168=VECTOR('',#11790,10.);
#3169=VECTOR('',#11791,10.);
#3170=VECTOR('',#11792,10.);
#3171=VECTOR('',#11795,10.);
#3172=VECTOR('',#11796,10.);
#3173=VECTOR('',#11797,10.);
#3174=VECTOR('',#11800,10.);
#3175=VECTOR('',#11801,10.);
#3176=VECTOR('',#11806,3.5);
#3177=VECTOR('',#11811,10.);
#3178=VECTOR('',#11812,10.);
#3179=VECTOR('',#11813,10.);
#3180=VECTOR('',#11814,10.);
#3181=VECTOR('',#11817,10.);
#3182=VECTOR('',#11818,10.);
#3183=VECTOR('',#11819,10.);
#3184=VECTOR('',#11822,10.);
#3185=VECTOR('',#11823,10.);
#3186=VECTOR('',#11824,10.);
#3187=VECTOR('',#11827,10.);
#3188=VECTOR('',#11828,10.);
#3189=VECTOR('',#11831,10.);
#3190=VECTOR('',#11832,10.);
#3191=VECTOR('',#11833,10.);
#3192=VECTOR('',#11834,10.);
#3193=VECTOR('',#11837,10.);
#3194=VECTOR('',#11838,10.);
#3195=VECTOR('',#11839,10.);
#3196=VECTOR('',#11842,10.);
#3197=VECTOR('',#11843,10.);
#3198=VECTOR('',#11844,10.);
#3199=VECTOR('',#11847,10.);
#3200=VECTOR('',#11848,10.);
#3201=VECTOR('',#11851,10.);
#3202=VECTOR('',#11852,10.);
#3203=VECTOR('',#11853,10.);
#3204=VECTOR('',#11854,10.);
#3205=VECTOR('',#11857,10.);
#3206=VECTOR('',#11858,10.);
#3207=VECTOR('',#11859,10.);
#3208=VECTOR('',#11862,10.);
#3209=VECTOR('',#11863,10.);
#3210=VECTOR('',#11864,10.);
#3211=VECTOR('',#11867,10.);
#3212=VECTOR('',#11868,10.);
#3213=VECTOR('',#11871,10.);
#3214=VECTOR('',#11872,10.);
#3215=VECTOR('',#11873,10.);
#3216=VECTOR('',#11874,10.);
#3217=VECTOR('',#11877,10.);
#3218=VECTOR('',#11878,10.);
#3219=VECTOR('',#11879,10.);
#3220=VECTOR('',#11882,10.);
#3221=VECTOR('',#11883,10.);
#3222=VECTOR('',#11884,10.);
#3223=VECTOR('',#11887,10.);
#3224=VECTOR('',#11888,10.);
#3225=VECTOR('',#11889,10.);
#3226=VECTOR('',#11892,10.);
#3227=VECTOR('',#11893,10.);
#3228=VECTOR('',#11894,10.);
#3229=VECTOR('',#11897,10.);
#3230=VECTOR('',#11898,10.);
#3231=VECTOR('',#11899,10.);
#3232=VECTOR('',#11902,10.);
#3233=VECTOR('',#11903,10.);
#3234=VECTOR('',#11904,10.);
#3235=VECTOR('',#11907,10.);
#3236=VECTOR('',#11908,10.);
#3237=VECTOR('',#11909,10.);
#3238=VECTOR('',#11912,10.);
#3239=VECTOR('',#11913,10.);
#3240=VECTOR('',#11914,10.);
#3241=VECTOR('',#11917,10.);
#3242=VECTOR('',#11918,10.);
#3243=VECTOR('',#11919,10.);
#3244=VECTOR('',#11922,10.);
#3245=VECTOR('',#11923,10.);
#3246=VECTOR('',#11924,10.);
#3247=VECTOR('',#11927,10.);
#3248=VECTOR('',#11928,10.);
#3249=VECTOR('',#11929,10.);
#3250=VECTOR('',#11932,10.);
#3251=VECTOR('',#11933,10.);
#3252=VECTOR('',#11934,10.);
#3253=VECTOR('',#11937,10.);
#3254=VECTOR('',#11938,10.);
#3255=VECTOR('',#11939,10.);
#3256=VECTOR('',#11942,10.);
#3257=VECTOR('',#11943,10.);
#3258=VECTOR('',#11944,10.);
#3259=VECTOR('',#11947,10.);
#3260=VECTOR('',#11948,10.);
#3261=VECTOR('',#11949,10.);
#3262=VECTOR('',#11952,10.);
#3263=VECTOR('',#11953,10.);
#3264=VECTOR('',#11954,10.);
#3265=VECTOR('',#11957,10.);
#3266=VECTOR('',#11958,10.);
#3267=VECTOR('',#11959,10.);
#3268=VECTOR('',#11962,10.);
#3269=VECTOR('',#11963,10.);
#3270=VECTOR('',#11964,10.);
#3271=VECTOR('',#11967,10.);
#3272=VECTOR('',#11968,10.);
#3273=VECTOR('',#11969,10.);
#3274=VECTOR('',#11972,10.);
#3275=VECTOR('',#11973,10.);
#3276=VECTOR('',#11974,10.);
#3277=VECTOR('',#11977,10.);
#3278=VECTOR('',#11978,10.);
#3279=VECTOR('',#11979,10.);
#3280=VECTOR('',#11982,10.);
#3281=VECTOR('',#11983,10.);
#3282=VECTOR('',#11984,10.);
#3283=VECTOR('',#11987,10.);
#3284=VECTOR('',#11988,10.);
#3285=VECTOR('',#11989,10.);
#3286=VECTOR('',#11992,10.);
#3287=VECTOR('',#11993,10.);
#3288=VECTOR('',#11994,10.);
#3289=VECTOR('',#11997,10.);
#3290=VECTOR('',#11998,10.);
#3291=VECTOR('',#11999,10.);
#3292=VECTOR('',#12002,10.);
#3293=VECTOR('',#12003,10.);
#3294=VECTOR('',#12004,10.);
#3295=VECTOR('',#12007,10.);
#3296=VECTOR('',#12008,10.);
#3297=VECTOR('',#12009,10.);
#3298=VECTOR('',#12012,10.);
#3299=VECTOR('',#12013,10.);
#3300=VECTOR('',#12014,10.);
#3301=VECTOR('',#12017,10.);
#3302=VECTOR('',#12018,10.);
#3303=VECTOR('',#12019,10.);
#3304=VECTOR('',#12022,10.);
#3305=VECTOR('',#12023,10.);
#3306=VECTOR('',#12024,10.);
#3307=VECTOR('',#12027,10.);
#3308=VECTOR('',#12028,10.);
#3309=VECTOR('',#12029,10.);
#3310=VECTOR('',#12032,10.);
#3311=VECTOR('',#12033,10.);
#3312=VECTOR('',#12034,10.);
#3313=VECTOR('',#12037,10.);
#3314=VECTOR('',#12038,10.);
#3315=VECTOR('',#12039,10.);
#3316=VECTOR('',#12042,10.);
#3317=VECTOR('',#12043,10.);
#3318=VECTOR('',#12044,10.);
#3319=VECTOR('',#12047,10.);
#3320=VECTOR('',#12048,10.);
#3321=VECTOR('',#12049,10.);
#3322=VECTOR('',#12052,10.);
#3323=VECTOR('',#12053,10.);
#3324=VECTOR('',#12054,10.);
#3325=VECTOR('',#12057,10.);
#3326=VECTOR('',#12058,10.);
#3327=VECTOR('',#12059,10.);
#3328=VECTOR('',#12062,10.);
#3329=VECTOR('',#12063,10.);
#3330=VECTOR('',#12064,10.);
#3331=VECTOR('',#12067,10.);
#3332=VECTOR('',#12068,10.);
#3333=VECTOR('',#12069,10.);
#3334=VECTOR('',#12072,10.);
#3335=VECTOR('',#12073,10.);
#3336=VECTOR('',#12074,10.);
#3337=VECTOR('',#12077,10.);
#3338=VECTOR('',#12078,10.);
#3339=VECTOR('',#12079,10.);
#3340=VECTOR('',#12082,10.);
#3341=VECTOR('',#12083,10.);
#3342=VECTOR('',#12084,10.);
#3343=VECTOR('',#12087,10.);
#3344=VECTOR('',#12088,10.);
#3345=VECTOR('',#12089,10.);
#3346=VECTOR('',#12092,10.);
#3347=VECTOR('',#12093,10.);
#3348=VECTOR('',#12094,10.);
#3349=VECTOR('',#12097,10.);
#3350=VECTOR('',#12098,10.);
#3351=VECTOR('',#12099,10.);
#3352=VECTOR('',#12102,10.);
#3353=VECTOR('',#12103,10.);
#3354=VECTOR('',#12104,10.);
#3355=VECTOR('',#12107,10.);
#3356=VECTOR('',#12108,10.);
#3357=VECTOR('',#12109,10.);
#3358=VECTOR('',#12112,10.);
#3359=VECTOR('',#12113,10.);
#3360=VECTOR('',#12114,10.);
#3361=VECTOR('',#12117,10.);
#3362=VECTOR('',#12118,10.);
#3363=VECTOR('',#12119,10.);
#3364=VECTOR('',#12122,10.);
#3365=VECTOR('',#12123,10.);
#3366=VECTOR('',#12124,10.);
#3367=VECTOR('',#12127,10.);
#3368=VECTOR('',#12128,10.);
#3369=VECTOR('',#12129,10.);
#3370=VECTOR('',#12132,10.);
#3371=VECTOR('',#12133,10.);
#3372=VECTOR('',#12134,10.);
#3373=VECTOR('',#12137,10.);
#3374=VECTOR('',#12138,10.);
#3375=VECTOR('',#12139,10.);
#3376=VECTOR('',#12142,10.);
#3377=VECTOR('',#12143,10.);
#3378=VECTOR('',#12144,10.);
#3379=VECTOR('',#12147,10.);
#3380=VECTOR('',#12148,10.);
#3381=VECTOR('',#12149,10.);
#3382=VECTOR('',#12152,10.);
#3383=VECTOR('',#12153,10.);
#3384=VECTOR('',#12154,10.);
#3385=VECTOR('',#12157,10.);
#3386=VECTOR('',#12158,10.);
#3387=VECTOR('',#12159,10.);
#3388=VECTOR('',#12162,10.);
#3389=VECTOR('',#12163,10.);
#3390=VECTOR('',#12164,10.);
#3391=VECTOR('',#12167,10.);
#3392=VECTOR('',#12168,10.);
#3393=VECTOR('',#12169,10.);
#3394=VECTOR('',#12172,10.);
#3395=VECTOR('',#12173,10.);
#3396=VECTOR('',#12174,10.);
#3397=VECTOR('',#12177,10.);
#3398=VECTOR('',#12178,10.);
#3399=VECTOR('',#12191,10.);
#3400=VECTOR('',#12192,10.);
#3401=VECTOR('',#12193,10.);
#3402=VECTOR('',#12194,10.);
#3403=VECTOR('',#12197,10.);
#3404=VECTOR('',#12198,10.);
#3405=VECTOR('',#12199,10.);
#3406=VECTOR('',#12202,10.);
#3407=VECTOR('',#12203,10.);
#3408=VECTOR('',#12204,10.);
#3409=VECTOR('',#12207,10.);
#3410=VECTOR('',#12208,10.);
#3411=VECTOR('',#12211,10.);
#3412=VECTOR('',#12212,10.);
#3413=VECTOR('',#12213,10.);
#3414=VECTOR('',#12214,10.);
#3415=VECTOR('',#12217,10.);
#3416=VECTOR('',#12218,10.);
#3417=VECTOR('',#12219,10.);
#3418=VECTOR('',#12222,10.);
#3419=VECTOR('',#12223,10.);
#3420=VECTOR('',#12224,10.);
#3421=VECTOR('',#12227,10.);
#3422=VECTOR('',#12228,10.);
#3423=VECTOR('',#12231,10.);
#3424=VECTOR('',#12232,10.);
#3425=VECTOR('',#12233,10.);
#3426=VECTOR('',#12234,10.);
#3427=VECTOR('',#12237,10.);
#3428=VECTOR('',#12238,10.);
#3429=VECTOR('',#12239,10.);
#3430=VECTOR('',#12242,10.);
#3431=VECTOR('',#12243,10.);
#3432=VECTOR('',#12244,10.);
#3433=VECTOR('',#12247,10.);
#3434=VECTOR('',#12248,10.);
#3435=VECTOR('',#12251,10.);
#3436=VECTOR('',#12252,10.);
#3437=VECTOR('',#12253,10.);
#3438=VECTOR('',#12254,10.);
#3439=VECTOR('',#12257,10.);
#3440=VECTOR('',#12258,10.);
#3441=VECTOR('',#12259,10.);
#3442=VECTOR('',#12262,10.);
#3443=VECTOR('',#12263,10.);
#3444=VECTOR('',#12264,10.);
#3445=VECTOR('',#12267,10.);
#3446=VECTOR('',#12268,10.);
#3447=VECTOR('',#12273,3.5);
#3448=VECTOR('',#12278,10.);
#3449=VECTOR('',#12279,10.);
#3450=VECTOR('',#12280,10.);
#3451=VECTOR('',#12281,10.);
#3452=VECTOR('',#12284,10.);
#3453=VECTOR('',#12285,10.);
#3454=VECTOR('',#12286,10.);
#3455=VECTOR('',#12289,10.);
#3456=VECTOR('',#12290,10.);
#3457=VECTOR('',#12291,10.);
#3458=VECTOR('',#12294,10.);
#3459=VECTOR('',#12295,10.);
#3460=VECTOR('',#12296,10.);
#3461=VECTOR('',#12299,10.);
#3462=VECTOR('',#12300,10.);
#3463=VECTOR('',#12301,10.);
#3464=VECTOR('',#12304,10.);
#3465=VECTOR('',#12305,10.);
#3466=VECTOR('',#12306,10.);
#3467=VECTOR('',#12309,10.);
#3468=VECTOR('',#12310,10.);
#3469=VECTOR('',#12311,10.);
#3470=VECTOR('',#12314,10.);
#3471=VECTOR('',#12315,10.);
#3472=VECTOR('',#12316,10.);
#3473=VECTOR('',#12319,10.);
#3474=VECTOR('',#12320,10.);
#3475=VECTOR('',#12321,10.);
#3476=VECTOR('',#12324,10.);
#3477=VECTOR('',#12325,10.);
#3478=VECTOR('',#12326,10.);
#3479=VECTOR('',#12329,10.);
#3480=VECTOR('',#12330,10.);
#3481=VECTOR('',#12331,10.);
#3482=VECTOR('',#12334,10.);
#3483=VECTOR('',#12335,10.);
#3484=VECTOR('',#12336,10.);
#3485=VECTOR('',#12339,10.);
#3486=VECTOR('',#12340,10.);
#3487=VECTOR('',#12341,10.);
#3488=VECTOR('',#12344,10.);
#3489=VECTOR('',#12345,10.);
#3490=VECTOR('',#12346,10.);
#3491=VECTOR('',#12349,10.);
#3492=VECTOR('',#12350,10.);
#3493=VECTOR('',#12351,10.);
#3494=VECTOR('',#12354,10.);
#3495=VECTOR('',#12355,10.);
#3496=VECTOR('',#12356,10.);
#3497=VECTOR('',#12359,10.);
#3498=VECTOR('',#12360,10.);
#3499=VECTOR('',#12361,10.);
#3500=VECTOR('',#12364,10.);
#3501=VECTOR('',#12365,10.);
#3502=VECTOR('',#12366,10.);
#3503=VECTOR('',#12369,10.);
#3504=VECTOR('',#12370,10.);
#3505=VECTOR('',#12371,10.);
#3506=VECTOR('',#12374,10.);
#3507=VECTOR('',#12375,10.);
#3508=VECTOR('',#12376,10.);
#3509=VECTOR('',#12379,10.);
#3510=VECTOR('',#12380,10.);
#3511=VECTOR('',#12381,10.);
#3512=VECTOR('',#12384,10.);
#3513=VECTOR('',#12385,10.);
#3514=VECTOR('',#12386,10.);
#3515=VECTOR('',#12389,10.);
#3516=VECTOR('',#12390,10.);
#3517=VECTOR('',#12391,10.);
#3518=VECTOR('',#12394,10.);
#3519=VECTOR('',#12395,10.);
#3520=VECTOR('',#12396,10.);
#3521=VECTOR('',#12399,10.);
#3522=VECTOR('',#12400,10.);
#3523=VECTOR('',#12401,10.);
#3524=VECTOR('',#12404,10.);
#3525=VECTOR('',#12405,10.);
#3526=VECTOR('',#12406,10.);
#3527=VECTOR('',#12409,10.);
#3528=VECTOR('',#12410,10.);
#3529=VECTOR('',#12411,10.);
#3530=VECTOR('',#12414,10.);
#3531=VECTOR('',#12415,10.);
#3532=VECTOR('',#12416,10.);
#3533=VECTOR('',#12419,10.);
#3534=VECTOR('',#12420,10.);
#3535=VECTOR('',#12421,10.);
#3536=VECTOR('',#12424,10.);
#3537=VECTOR('',#12425,10.);
#3538=VECTOR('',#12426,10.);
#3539=VECTOR('',#12429,10.);
#3540=VECTOR('',#12430,10.);
#3541=VECTOR('',#12431,10.);
#3542=VECTOR('',#12434,10.);
#3543=VECTOR('',#12435,10.);
#3544=VECTOR('',#12436,10.);
#3545=VECTOR('',#12439,10.);
#3546=VECTOR('',#12440,10.);
#3547=VECTOR('',#12441,10.);
#3548=VECTOR('',#12444,10.);
#3549=VECTOR('',#12445,10.);
#3550=VECTOR('',#12446,10.);
#3551=VECTOR('',#12449,10.);
#3552=VECTOR('',#12450,10.);
#3553=VECTOR('',#12451,10.);
#3554=VECTOR('',#12454,10.);
#3555=VECTOR('',#12455,10.);
#3556=VECTOR('',#12456,10.);
#3557=VECTOR('',#12459,10.);
#3558=VECTOR('',#12460,10.);
#3559=VECTOR('',#12461,10.);
#3560=VECTOR('',#12464,10.);
#3561=VECTOR('',#12465,10.);
#3562=VECTOR('',#12466,10.);
#3563=VECTOR('',#12469,10.);
#3564=VECTOR('',#12470,10.);
#3565=VECTOR('',#12471,10.);
#3566=VECTOR('',#12474,10.);
#3567=VECTOR('',#12475,10.);
#3568=VECTOR('',#12476,10.);
#3569=VECTOR('',#12479,10.);
#3570=VECTOR('',#12480,10.);
#3571=VECTOR('',#12481,10.);
#3572=VECTOR('',#12484,10.);
#3573=VECTOR('',#12485,10.);
#3574=VECTOR('',#12486,10.);
#3575=VECTOR('',#12489,10.);
#3576=VECTOR('',#12490,10.);
#3577=VECTOR('',#12491,10.);
#3578=VECTOR('',#12494,10.);
#3579=VECTOR('',#12495,10.);
#3580=VECTOR('',#12496,10.);
#3581=VECTOR('',#12499,10.);
#3582=VECTOR('',#12500,10.);
#3583=VECTOR('',#12501,10.);
#3584=VECTOR('',#12504,10.);
#3585=VECTOR('',#12505,10.);
#3586=VECTOR('',#12506,10.);
#3587=VECTOR('',#12509,10.);
#3588=VECTOR('',#12510,10.);
#3589=VECTOR('',#12511,10.);
#3590=VECTOR('',#12514,10.);
#3591=VECTOR('',#12515,10.);
#3592=VECTOR('',#12516,10.);
#3593=VECTOR('',#12519,10.);
#3594=VECTOR('',#12520,10.);
#3595=VECTOR('',#12521,10.);
#3596=VECTOR('',#12524,10.);
#3597=VECTOR('',#12525,10.);
#3598=VECTOR('',#12526,10.);
#3599=VECTOR('',#12529,10.);
#3600=VECTOR('',#12530,10.);
#3601=VECTOR('',#12531,10.);
#3602=VECTOR('',#12534,10.);
#3603=VECTOR('',#12535,10.);
#3604=VECTOR('',#12536,10.);
#3605=VECTOR('',#12539,10.);
#3606=VECTOR('',#12540,10.);
#3607=VECTOR('',#12541,10.);
#3608=VECTOR('',#12544,10.);
#3609=VECTOR('',#12545,10.);
#3610=VECTOR('',#12546,10.);
#3611=VECTOR('',#12549,10.);
#3612=VECTOR('',#12550,10.);
#3613=VECTOR('',#12551,10.);
#3614=VECTOR('',#12554,10.);
#3615=VECTOR('',#12555,10.);
#3616=VECTOR('',#12556,10.);
#3617=VECTOR('',#12559,10.);
#3618=VECTOR('',#12560,10.);
#3619=VECTOR('',#12561,10.);
#3620=VECTOR('',#12564,10.);
#3621=VECTOR('',#12565,10.);
#3622=VECTOR('',#12566,10.);
#3623=VECTOR('',#12569,10.);
#3624=VECTOR('',#12570,10.);
#3625=VECTOR('',#12571,10.);
#3626=VECTOR('',#12574,10.);
#3627=VECTOR('',#12575,10.);
#3628=VECTOR('',#12576,10.);
#3629=VECTOR('',#12579,10.);
#3630=VECTOR('',#12580,10.);
#3631=VECTOR('',#12581,10.);
#3632=VECTOR('',#12584,10.);
#3633=VECTOR('',#12585,10.);
#3634=VECTOR('',#12594,10.);
#3635=VECTOR('',#12595,10.);
#3636=VECTOR('',#12596,10.);
#3637=VECTOR('',#12597,10.);
#3638=VECTOR('',#12598,10.);
#3639=VECTOR('',#12599,10.);
#3640=VECTOR('',#12600,10.);
#3641=VECTOR('',#12601,10.);
#3642=VECTOR('',#12602,10.);
#3643=VECTOR('',#12603,10.);
#3644=VECTOR('',#12604,10.);
#3645=VECTOR('',#12605,10.);
#3646=VECTOR('',#12606,10.);
#3647=VECTOR('',#12607,10.);
#3648=VECTOR('',#12608,10.);
#3649=VECTOR('',#12609,10.);
#3650=VECTOR('',#12610,10.);
#3651=VECTOR('',#12611,10.);
#3652=VECTOR('',#12612,10.);
#3653=VECTOR('',#12613,10.);
#3654=VECTOR('',#12614,10.);
#3655=VECTOR('',#12615,10.);
#3656=VECTOR('',#12616,10.);
#3657=VECTOR('',#12617,10.);
#3658=VECTOR('',#12618,10.);
#3659=VECTOR('',#12619,10.);
#3660=VECTOR('',#12620,10.);
#3661=VECTOR('',#12621,10.);
#3662=VECTOR('',#12622,10.);
#3663=VECTOR('',#12623,10.);
#3664=VECTOR('',#12624,10.);
#3665=VECTOR('',#12625,10.);
#3666=VECTOR('',#12626,10.);
#3667=VECTOR('',#12627,10.);
#3668=VECTOR('',#12628,10.);
#3669=VECTOR('',#12629,10.);
#3670=VECTOR('',#12630,10.);
#3671=VECTOR('',#12631,10.);
#3672=VECTOR('',#12632,10.);
#3673=VECTOR('',#12633,10.);
#3674=VECTOR('',#12634,10.);
#3675=VECTOR('',#12635,10.);
#3676=VECTOR('',#12636,10.);
#3677=VECTOR('',#12637,10.);
#3678=VECTOR('',#12638,10.);
#3679=VECTOR('',#12639,10.);
#3680=VECTOR('',#12640,10.);
#3681=VECTOR('',#12641,10.);
#3682=VECTOR('',#12642,10.);
#3683=VECTOR('',#12643,10.);
#3684=VECTOR('',#12644,10.);
#3685=VECTOR('',#12645,10.);
#3686=VECTOR('',#12646,10.);
#3687=VECTOR('',#12647,10.);
#3688=VECTOR('',#12648,10.);
#3689=VECTOR('',#12649,10.);
#3690=VECTOR('',#12650,10.);
#3691=VECTOR('',#12651,10.);
#3692=VECTOR('',#12652,10.);
#3693=VECTOR('',#12653,10.);
#3694=VECTOR('',#12654,10.);
#3695=VECTOR('',#12655,10.);
#3696=VECTOR('',#12658,10.);
#3697=VECTOR('',#12659,10.);
#3698=VECTOR('',#12660,10.);
#3699=VECTOR('',#12661,10.);
#3700=VECTOR('',#12662,10.);
#3701=VECTOR('',#12663,10.);
#3702=VECTOR('',#12664,10.);
#3703=VECTOR('',#12665,10.);
#3704=VECTOR('',#12666,10.);
#3705=VECTOR('',#12667,10.);
#3706=VECTOR('',#12668,10.);
#3707=VECTOR('',#12669,10.);
#3708=VECTOR('',#12670,10.);
#3709=VECTOR('',#12671,10.);
#3710=VECTOR('',#12672,10.);
#3711=VECTOR('',#12673,10.);
#3712=VECTOR('',#12676,10.);
#3713=VECTOR('',#12677,10.);
#3714=VECTOR('',#12678,10.);
#3715=VECTOR('',#12681,10.);
#3716=VECTOR('',#12682,10.);
#3717=VECTOR('',#12685,10.);
#3718=VECTOR('',#12686,10.);
#3719=VECTOR('',#12687,10.);
#3720=VECTOR('',#12690,10.);
#3721=VECTOR('',#12691,10.);
#3722=VECTOR('',#12694,10.);
#3723=VECTOR('',#12695,10.);
#3724=VECTOR('',#12696,10.);
#3725=VECTOR('',#12699,10.);
#3726=VECTOR('',#12700,10.);
#3727=VECTOR('',#12703,10.);
#3728=VECTOR('',#12704,10.);
#3729=VECTOR('',#12705,10.);
#3730=VECTOR('',#12708,10.);
#3731=VECTOR('',#12709,10.);
#3732=VECTOR('',#12712,10.);
#3733=VECTOR('',#12713,10.);
#3734=VECTOR('',#12714,10.);
#3735=VECTOR('',#12717,10.);
#3736=VECTOR('',#12718,10.);
#3737=VECTOR('',#12721,10.);
#3738=VECTOR('',#12722,10.);
#3739=VECTOR('',#12725,10.);
#3740=VECTOR('',#12726,10.);
#3741=VECTOR('',#12729,10.);
#3742=VECTOR('',#12730,10.);
#3743=VECTOR('',#12733,10.);
#3744=VECTOR('',#12734,10.);
#3745=VECTOR('',#12737,10.);
#3746=VECTOR('',#12738,10.);
#3747=VECTOR('',#12741,10.);
#3748=VECTOR('',#12742,10.);
#3749=VECTOR('',#12745,10.);
#3750=VECTOR('',#12746,10.);
#3751=VECTOR('',#12749,10.);
#3752=VECTOR('',#12750,10.);
#3753=VECTOR('',#12753,10.);
#3754=VECTOR('',#12754,10.);
#3755=VECTOR('',#12757,10.);
#3756=VECTOR('',#12758,10.);
#3757=VECTOR('',#12761,10.);
#3758=VECTOR('',#12762,10.);
#3759=VECTOR('',#12765,10.);
#3760=VECTOR('',#12766,10.);
#3761=VECTOR('',#12769,10.);
#3762=VECTOR('',#12770,10.);
#3763=VECTOR('',#12773,10.);
#3764=VECTOR('',#12774,10.);
#3765=VECTOR('',#12777,10.);
#3766=VECTOR('',#12778,10.);
#3767=VECTOR('',#12781,10.);
#3768=VECTOR('',#12782,10.);
#3769=VECTOR('',#12785,10.);
#3770=VECTOR('',#12786,10.);
#3771=VECTOR('',#12789,10.);
#3772=VECTOR('',#12790,10.);
#3773=VECTOR('',#12793,10.);
#3774=VECTOR('',#12794,10.);
#3775=VECTOR('',#12797,10.);
#3776=VECTOR('',#12798,10.);
#3777=VECTOR('',#12801,10.);
#3778=VECTOR('',#12802,10.);
#3779=VECTOR('',#12805,10.);
#3780=VECTOR('',#12806,10.);
#3781=VECTOR('',#12809,10.);
#3782=VECTOR('',#12810,10.);
#3783=VECTOR('',#12813,10.);
#3784=VECTOR('',#12814,10.);
#3785=VECTOR('',#12817,10.);
#3786=VECTOR('',#12818,10.);
#3787=VECTOR('',#12821,10.);
#3788=VECTOR('',#12822,10.);
#3789=VECTOR('',#12825,10.);
#3790=VECTOR('',#12826,10.);
#3791=VECTOR('',#12829,10.);
#3792=VECTOR('',#12830,10.);
#3793=VECTOR('',#12833,10.);
#3794=VECTOR('',#12834,10.);
#3795=VECTOR('',#12837,10.);
#3796=VECTOR('',#12838,10.);
#3797=VECTOR('',#12841,10.);
#3798=VECTOR('',#12842,10.);
#3799=VECTOR('',#12843,10.);
#3800=VECTOR('',#12844,10.);
#3801=VECTOR('',#12845,10.);
#3802=VECTOR('',#12846,10.);
#3803=VECTOR('',#12847,10.);
#3804=VECTOR('',#12848,10.);
#3805=VECTOR('',#12849,10.);
#3806=VECTOR('',#12850,10.);
#3807=VECTOR('',#12851,10.);
#3808=VECTOR('',#12852,10.);
#3809=VECTOR('',#12853,10.);
#3810=VECTOR('',#12854,10.);
#3811=VECTOR('',#12855,10.);
#3812=VECTOR('',#12856,10.);
#3813=VECTOR('',#12857,10.);
#3814=VECTOR('',#12858,10.);
#3815=VECTOR('',#12859,10.);
#3816=VECTOR('',#12860,10.);
#3817=VECTOR('',#12861,10.);
#3818=VECTOR('',#12862,10.);
#3819=VECTOR('',#12863,10.);
#3820=VECTOR('',#12864,10.);
#3821=VECTOR('',#12865,10.);
#3822=VECTOR('',#12866,10.);
#3823=VECTOR('',#12867,10.);
#3824=VECTOR('',#12868,10.);
#3825=VECTOR('',#12869,10.);
#3826=VECTOR('',#12870,10.);
#3827=VECTOR('',#12871,10.);
#3828=VECTOR('',#12872,10.);
#3829=VECTOR('',#12873,10.);
#3830=VECTOR('',#12874,10.);
#3831=VECTOR('',#12875,10.);
#3832=VECTOR('',#12876,10.);
#3833=VECTOR('',#12877,10.);
#3834=VECTOR('',#12878,10.);
#3835=VECTOR('',#12883,10.);
#3836=VECTOR('',#12886,10.);
#3837=VECTOR('',#12889,10.);
#3838=VECTOR('',#12892,10.);
#3839=VECTOR('',#12895,10.);
#3840=VECTOR('',#12896,10.);
#3841=VECTOR('',#12899,10.);
#3842=VECTOR('',#12902,10.);
#3843=VECTOR('',#12905,10.);
#3844=VECTOR('',#12908,10.);
#3845=VECTOR('',#12911,10.);
#3846=VECTOR('',#12914,10.);
#3847=VECTOR('',#12917,10.);
#3848=VECTOR('',#12920,10.);
#3849=VECTOR('',#12923,10.);
#3850=VECTOR('',#12926,10.);
#3851=VECTOR('',#12929,10.);
#3852=VECTOR('',#12932,10.);
#3853=VECTOR('',#12933,10.);
#3854=VECTOR('',#12936,10.);
#3855=VECTOR('',#12939,10.);
#3856=VECTOR('',#12942,10.);
#3857=VECTOR('',#12945,10.);
#3858=VECTOR('',#12948,10.);
#3859=VECTOR('',#12951,10.);
#3860=VECTOR('',#12954,10.);
#3861=VECTOR('',#12957,10.);
#3862=VECTOR('',#12960,10.);
#3863=VECTOR('',#12963,10.);
#3864=VECTOR('',#12966,10.);
#3865=VECTOR('',#12969,10.);
#3866=VECTOR('',#12972,3.5);
#3867=VECTOR('',#12987,10.);
#3868=VECTOR('',#12990,10.);
#3869=VECTOR('',#12999,2.);
#3870=VECTOR('',#13004,10.);
#3871=VECTOR('',#13005,10.);
#3872=VECTOR('',#13006,10.);
#3873=VECTOR('',#13007,10.);
#3874=VECTOR('',#13014,10.);
#3875=VECTOR('',#13017,10.);
#3876=VECTOR('',#13018,10.);
#3877=VECTOR('',#13019,10.);
#3878=VECTOR('',#13022,10.);
#3879=VECTOR('',#13023,10.);
#3880=VECTOR('',#13024,10.);
#3881=VECTOR('',#13027,10.);
#3882=VECTOR('',#13028,10.);
#3883=VECTOR('',#13029,10.);
#3884=VECTOR('',#13036,10.);
#3885=VECTOR('',#13039,10.);
#3886=VECTOR('',#13040,10.);
#3887=VECTOR('',#13041,10.);
#3888=VECTOR('',#13044,10.);
#3889=VECTOR('',#13045,10.);
#3890=VECTOR('',#13046,10.);
#3891=VECTOR('',#13049,10.);
#3892=VECTOR('',#13050,10.);
#3893=VECTOR('',#13051,10.);
#3894=VECTOR('',#13058,10.);
#3895=VECTOR('',#13061,10.);
#3896=VECTOR('',#13062,10.);
#3897=VECTOR('',#13063,10.);
#3898=VECTOR('',#13066,10.);
#3899=VECTOR('',#13067,10.);
#3900=VECTOR('',#13068,10.);
#3901=VECTOR('',#13071,10.);
#3902=VECTOR('',#13072,10.);
#3903=VECTOR('',#13073,10.);
#3904=VECTOR('',#13080,10.);
#3905=VECTOR('',#13083,10.);
#3906=VECTOR('',#13084,10.);
#3907=VECTOR('',#13085,10.);
#3908=VECTOR('',#13088,10.);
#3909=VECTOR('',#13089,10.);
#3910=VECTOR('',#13090,10.);
#3911=VECTOR('',#13093,10.);
#3912=VECTOR('',#13094,10.);
#3913=VECTOR('',#13095,10.);
#3914=VECTOR('',#13102,10.);
#3915=VECTOR('',#13105,10.);
#3916=VECTOR('',#13106,10.);
#3917=VECTOR('',#13107,10.);
#3918=VECTOR('',#13110,10.);
#3919=VECTOR('',#13111,10.);
#3920=VECTOR('',#13112,10.);
#3921=VECTOR('',#13115,10.);
#3922=VECTOR('',#13116,10.);
#3923=VECTOR('',#13117,10.);
#3924=VECTOR('',#13124,10.);
#3925=VECTOR('',#13127,10.);
#3926=VECTOR('',#13128,10.);
#3927=VECTOR('',#13129,10.);
#3928=VECTOR('',#13132,10.);
#3929=VECTOR('',#13133,10.);
#3930=VECTOR('',#13134,10.);
#3931=VECTOR('',#13137,10.);
#3932=VECTOR('',#13138,10.);
#3933=VECTOR('',#13139,10.);
#3934=VECTOR('',#13146,10.);
#3935=VECTOR('',#13149,10.);
#3936=VECTOR('',#13150,10.);
#3937=VECTOR('',#13151,10.);
#3938=VECTOR('',#13154,10.);
#3939=VECTOR('',#13155,10.);
#3940=VECTOR('',#13156,10.);
#3941=VECTOR('',#13159,10.);
#3942=VECTOR('',#13160,10.);
#3943=VECTOR('',#13161,10.);
#3944=VECTOR('',#13168,10.);
#3945=VECTOR('',#13171,10.);
#3946=VECTOR('',#13172,10.);
#3947=VECTOR('',#13173,10.);
#3948=VECTOR('',#13176,10.);
#3949=VECTOR('',#13177,10.);
#3950=VECTOR('',#13178,10.);
#3951=VECTOR('',#13181,10.);
#3952=VECTOR('',#13182,10.);
#3953=VECTOR('',#13183,10.);
#3954=VECTOR('',#13190,10.);
#3955=VECTOR('',#13193,10.);
#3956=VECTOR('',#13194,10.);
#3957=VECTOR('',#13195,10.);
#3958=VECTOR('',#13198,10.);
#3959=VECTOR('',#13199,10.);
#3960=VECTOR('',#13200,10.);
#3961=VECTOR('',#13203,10.);
#3962=VECTOR('',#13204,10.);
#3963=VECTOR('',#13205,10.);
#3964=VECTOR('',#13212,10.);
#3965=VECTOR('',#13215,10.);
#3966=VECTOR('',#13216,10.);
#3967=VECTOR('',#13217,10.);
#3968=VECTOR('',#13220,10.);
#3969=VECTOR('',#13221,10.);
#3970=VECTOR('',#13222,10.);
#3971=VECTOR('',#13225,10.);
#3972=VECTOR('',#13226,10.);
#3973=VECTOR('',#13227,10.);
#3974=VECTOR('',#13234,10.);
#3975=VECTOR('',#13237,10.);
#3976=VECTOR('',#13238,10.);
#3977=VECTOR('',#13239,10.);
#3978=VECTOR('',#13242,10.);
#3979=VECTOR('',#13243,10.);
#3980=VECTOR('',#13244,10.);
#3981=VECTOR('',#13247,10.);
#3982=VECTOR('',#13248,10.);
#3983=VECTOR('',#13249,10.);
#3984=VECTOR('',#13256,10.);
#3985=VECTOR('',#13259,10.);
#3986=VECTOR('',#13260,10.);
#3987=VECTOR('',#13261,10.);
#3988=VECTOR('',#13264,10.);
#3989=VECTOR('',#13265,10.);
#3990=VECTOR('',#13274,2.5);
#3991=VECTOR('',#13285,2.5);
#3992=VERTEX_POINT('',#13344);
#3993=VERTEX_POINT('',#13345);
#3994=VERTEX_POINT('',#13347);
#3995=VERTEX_POINT('',#13349);
#3996=VERTEX_POINT('',#13353);
#3997=VERTEX_POINT('',#13355);
#3998=VERTEX_POINT('',#13359);
#3999=VERTEX_POINT('',#13361);
#4000=VERTEX_POINT('',#13371);
#4001=VERTEX_POINT('',#13373);
#4002=VERTEX_POINT('',#13377);
#4003=VERTEX_POINT('',#13378);
#4004=VERTEX_POINT('',#13380);
#4005=VERTEX_POINT('',#13382);
#4006=VERTEX_POINT('',#13386);
#4007=VERTEX_POINT('',#13388);
#4008=VERTEX_POINT('',#13392);
#4009=VERTEX_POINT('',#13394);
#4010=VERTEX_POINT('',#13398);
#4011=VERTEX_POINT('',#13400);
#4012=VERTEX_POINT('',#13404);
#4013=VERTEX_POINT('',#13406);
#4014=VERTEX_POINT('',#13410);
#4015=VERTEX_POINT('',#13412);
#4016=VERTEX_POINT('',#13416);
#4017=VERTEX_POINT('',#13418);
#4018=VERTEX_POINT('',#13422);
#4019=VERTEX_POINT('',#13424);
#4020=VERTEX_POINT('',#13428);
#4021=VERTEX_POINT('',#13430);
#4022=VERTEX_POINT('',#13434);
#4023=VERTEX_POINT('',#13436);
#4024=VERTEX_POINT('',#13440);
#4025=VERTEX_POINT('',#13442);
#4026=VERTEX_POINT('',#13446);
#4027=VERTEX_POINT('',#13448);
#4028=VERTEX_POINT('',#13452);
#4029=VERTEX_POINT('',#13454);
#4030=VERTEX_POINT('',#13458);
#4031=VERTEX_POINT('',#13460);
#4032=VERTEX_POINT('',#13464);
#4033=VERTEX_POINT('',#13466);
#4034=VERTEX_POINT('',#13470);
#4035=VERTEX_POINT('',#13472);
#4036=VERTEX_POINT('',#13476);
#4037=VERTEX_POINT('',#13478);
#4038=VERTEX_POINT('',#13482);
#4039=VERTEX_POINT('',#13484);
#4040=VERTEX_POINT('',#13488);
#4041=VERTEX_POINT('',#13490);
#4042=VERTEX_POINT('',#13494);
#4043=VERTEX_POINT('',#13496);
#4044=VERTEX_POINT('',#13500);
#4045=VERTEX_POINT('',#13502);
#4046=VERTEX_POINT('',#13506);
#4047=VERTEX_POINT('',#13508);
#4048=VERTEX_POINT('',#13512);
#4049=VERTEX_POINT('',#13514);
#4050=VERTEX_POINT('',#13518);
#4051=VERTEX_POINT('',#13520);
#4052=VERTEX_POINT('',#13524);
#4053=VERTEX_POINT('',#13526);
#4054=VERTEX_POINT('',#13530);
#4055=VERTEX_POINT('',#13532);
#4056=VERTEX_POINT('',#13536);
#4057=VERTEX_POINT('',#13538);
#4058=VERTEX_POINT('',#13542);
#4059=VERTEX_POINT('',#13544);
#4060=VERTEX_POINT('',#13548);
#4061=VERTEX_POINT('',#13550);
#4062=VERTEX_POINT('',#13554);
#4063=VERTEX_POINT('',#13556);
#4064=VERTEX_POINT('',#13560);
#4065=VERTEX_POINT('',#13562);
#4066=VERTEX_POINT('',#13566);
#4067=VERTEX_POINT('',#13568);
#4068=VERTEX_POINT('',#13572);
#4069=VERTEX_POINT('',#13574);
#4070=VERTEX_POINT('',#13578);
#4071=VERTEX_POINT('',#13580);
#4072=VERTEX_POINT('',#13584);
#4073=VERTEX_POINT('',#13586);
#4074=VERTEX_POINT('',#13590);
#4075=VERTEX_POINT('',#13592);
#4076=VERTEX_POINT('',#13596);
#4077=VERTEX_POINT('',#13598);
#4078=VERTEX_POINT('',#13602);
#4079=VERTEX_POINT('',#13604);
#4080=VERTEX_POINT('',#13608);
#4081=VERTEX_POINT('',#13610);
#4082=VERTEX_POINT('',#13614);
#4083=VERTEX_POINT('',#13616);
#4084=VERTEX_POINT('',#13620);
#4085=VERTEX_POINT('',#13622);
#4086=VERTEX_POINT('',#13626);
#4087=VERTEX_POINT('',#13628);
#4088=VERTEX_POINT('',#13632);
#4089=VERTEX_POINT('',#13634);
#4090=VERTEX_POINT('',#13638);
#4091=VERTEX_POINT('',#13640);
#4092=VERTEX_POINT('',#13644);
#4093=VERTEX_POINT('',#13646);
#4094=VERTEX_POINT('',#13650);
#4095=VERTEX_POINT('',#13652);
#4096=VERTEX_POINT('',#13656);
#4097=VERTEX_POINT('',#13658);
#4098=VERTEX_POINT('',#13668);
#4099=VERTEX_POINT('',#13670);
#4100=VERTEX_POINT('',#13674);
#4101=VERTEX_POINT('',#13675);
#4102=VERTEX_POINT('',#13677);
#4103=VERTEX_POINT('',#13679);
#4104=VERTEX_POINT('',#13683);
#4105=VERTEX_POINT('',#13685);
#4106=VERTEX_POINT('',#13689);
#4107=VERTEX_POINT('',#13691);
#4108=VERTEX_POINT('',#13695);
#4109=VERTEX_POINT('',#13697);
#4110=VERTEX_POINT('',#13701);
#4111=VERTEX_POINT('',#13703);
#4112=VERTEX_POINT('',#13707);
#4113=VERTEX_POINT('',#13709);
#4114=VERTEX_POINT('',#13713);
#4115=VERTEX_POINT('',#13715);
#4116=VERTEX_POINT('',#13719);
#4117=VERTEX_POINT('',#13721);
#4118=VERTEX_POINT('',#13725);
#4119=VERTEX_POINT('',#13727);
#4120=VERTEX_POINT('',#13731);
#4121=VERTEX_POINT('',#13733);
#4122=VERTEX_POINT('',#13737);
#4123=VERTEX_POINT('',#13739);
#4124=VERTEX_POINT('',#13743);
#4125=VERTEX_POINT('',#13745);
#4126=VERTEX_POINT('',#13749);
#4127=VERTEX_POINT('',#13751);
#4128=VERTEX_POINT('',#13755);
#4129=VERTEX_POINT('',#13757);
#4130=VERTEX_POINT('',#13761);
#4131=VERTEX_POINT('',#13763);
#4132=VERTEX_POINT('',#13767);
#4133=VERTEX_POINT('',#13769);
#4134=VERTEX_POINT('',#13773);
#4135=VERTEX_POINT('',#13775);
#4136=VERTEX_POINT('',#13779);
#4137=VERTEX_POINT('',#13781);
#4138=VERTEX_POINT('',#13785);
#4139=VERTEX_POINT('',#13787);
#4140=VERTEX_POINT('',#13791);
#4141=VERTEX_POINT('',#13793);
#4142=VERTEX_POINT('',#13797);
#4143=VERTEX_POINT('',#13799);
#4144=VERTEX_POINT('',#13803);
#4145=VERTEX_POINT('',#13805);
#4146=VERTEX_POINT('',#13809);
#4147=VERTEX_POINT('',#13811);
#4148=VERTEX_POINT('',#13815);
#4149=VERTEX_POINT('',#13817);
#4150=VERTEX_POINT('',#13821);
#4151=VERTEX_POINT('',#13823);
#4152=VERTEX_POINT('',#13827);
#4153=VERTEX_POINT('',#13829);
#4154=VERTEX_POINT('',#13833);
#4155=VERTEX_POINT('',#13835);
#4156=VERTEX_POINT('',#13839);
#4157=VERTEX_POINT('',#13841);
#4158=VERTEX_POINT('',#13845);
#4159=VERTEX_POINT('',#13847);
#4160=VERTEX_POINT('',#13851);
#4161=VERTEX_POINT('',#13853);
#4162=VERTEX_POINT('',#13857);
#4163=VERTEX_POINT('',#13859);
#4164=VERTEX_POINT('',#13863);
#4165=VERTEX_POINT('',#13865);
#4166=VERTEX_POINT('',#13869);
#4167=VERTEX_POINT('',#13871);
#4168=VERTEX_POINT('',#13875);
#4169=VERTEX_POINT('',#13877);
#4170=VERTEX_POINT('',#13881);
#4171=VERTEX_POINT('',#13883);
#4172=VERTEX_POINT('',#13887);
#4173=VERTEX_POINT('',#13889);
#4174=VERTEX_POINT('',#13893);
#4175=VERTEX_POINT('',#13895);
#4176=VERTEX_POINT('',#13899);
#4177=VERTEX_POINT('',#13901);
#4178=VERTEX_POINT('',#13905);
#4179=VERTEX_POINT('',#13907);
#4180=VERTEX_POINT('',#13911);
#4181=VERTEX_POINT('',#13913);
#4182=VERTEX_POINT('',#13917);
#4183=VERTEX_POINT('',#13919);
#4184=VERTEX_POINT('',#13923);
#4185=VERTEX_POINT('',#13925);
#4186=VERTEX_POINT('',#13929);
#4187=VERTEX_POINT('',#13931);
#4188=VERTEX_POINT('',#13935);
#4189=VERTEX_POINT('',#13937);
#4190=VERTEX_POINT('',#13941);
#4191=VERTEX_POINT('',#13943);
#4192=VERTEX_POINT('',#13947);
#4193=VERTEX_POINT('',#13949);
#4194=VERTEX_POINT('',#13953);
#4195=VERTEX_POINT('',#13955);
#4196=VERTEX_POINT('',#13965);
#4197=VERTEX_POINT('',#13966);
#4198=VERTEX_POINT('',#13968);
#4199=VERTEX_POINT('',#13970);
#4200=VERTEX_POINT('',#13974);
#4201=VERTEX_POINT('',#13976);
#4202=VERTEX_POINT('',#13980);
#4203=VERTEX_POINT('',#13982);
#4204=VERTEX_POINT('',#13989);
#4205=VERTEX_POINT('',#13991);
#4206=VERTEX_POINT('',#13995);
#4207=VERTEX_POINT('',#13996);
#4208=VERTEX_POINT('',#13998);
#4209=VERTEX_POINT('',#14000);
#4210=VERTEX_POINT('',#14004);
#4211=VERTEX_POINT('',#14006);
#4212=VERTEX_POINT('',#14010);
#4213=VERTEX_POINT('',#14012);
#4214=VERTEX_POINT('',#14019);
#4215=VERTEX_POINT('',#14020);
#4216=VERTEX_POINT('',#14022);
#4217=VERTEX_POINT('',#14024);
#4218=VERTEX_POINT('',#14028);
#4219=VERTEX_POINT('',#14030);
#4220=VERTEX_POINT('',#14034);
#4221=VERTEX_POINT('',#14036);
#4222=VERTEX_POINT('',#14043);
#4223=VERTEX_POINT('',#14044);
#4224=VERTEX_POINT('',#14046);
#4225=VERTEX_POINT('',#14048);
#4226=VERTEX_POINT('',#14052);
#4227=VERTEX_POINT('',#14054);
#4228=VERTEX_POINT('',#14058);
#4229=VERTEX_POINT('',#14060);
#4230=VERTEX_POINT('',#14067);
#4231=VERTEX_POINT('',#14068);
#4232=VERTEX_POINT('',#14070);
#4233=VERTEX_POINT('',#14072);
#4234=VERTEX_POINT('',#14076);
#4235=VERTEX_POINT('',#14078);
#4236=VERTEX_POINT('',#14082);
#4237=VERTEX_POINT('',#14084);
#4238=VERTEX_POINT('',#14088);
#4239=VERTEX_POINT('',#14090);
#4240=VERTEX_POINT('',#14094);
#4241=VERTEX_POINT('',#14096);
#4242=VERTEX_POINT('',#14100);
#4243=VERTEX_POINT('',#14102);
#4244=VERTEX_POINT('',#14106);
#4245=VERTEX_POINT('',#14108);
#4246=VERTEX_POINT('',#14112);
#4247=VERTEX_POINT('',#14114);
#4248=VERTEX_POINT('',#14118);
#4249=VERTEX_POINT('',#14120);
#4250=VERTEX_POINT('',#14124);
#4251=VERTEX_POINT('',#14126);
#4252=VERTEX_POINT('',#14130);
#4253=VERTEX_POINT('',#14132);
#4254=VERTEX_POINT('',#14136);
#4255=VERTEX_POINT('',#14138);
#4256=VERTEX_POINT('',#14142);
#4257=VERTEX_POINT('',#14144);
#4258=VERTEX_POINT('',#14148);
#4259=VERTEX_POINT('',#14150);
#4260=VERTEX_POINT('',#14154);
#4261=VERTEX_POINT('',#14156);
#4262=VERTEX_POINT('',#14160);
#4263=VERTEX_POINT('',#14162);
#4264=VERTEX_POINT('',#14166);
#4265=VERTEX_POINT('',#14168);
#4266=VERTEX_POINT('',#14172);
#4267=VERTEX_POINT('',#14174);
#4268=VERTEX_POINT('',#14178);
#4269=VERTEX_POINT('',#14180);
#4270=VERTEX_POINT('',#14184);
#4271=VERTEX_POINT('',#14186);
#4272=VERTEX_POINT('',#14190);
#4273=VERTEX_POINT('',#14192);
#4274=VERTEX_POINT('',#14196);
#4275=VERTEX_POINT('',#14198);
#4276=VERTEX_POINT('',#14202);
#4277=VERTEX_POINT('',#14204);
#4278=VERTEX_POINT('',#14208);
#4279=VERTEX_POINT('',#14210);
#4280=VERTEX_POINT('',#14214);
#4281=VERTEX_POINT('',#14216);
#4282=VERTEX_POINT('',#14220);
#4283=VERTEX_POINT('',#14222);
#4284=VERTEX_POINT('',#14226);
#4285=VERTEX_POINT('',#14228);
#4286=VERTEX_POINT('',#14232);
#4287=VERTEX_POINT('',#14234);
#4288=VERTEX_POINT('',#14238);
#4289=VERTEX_POINT('',#14240);
#4290=VERTEX_POINT('',#14244);
#4291=VERTEX_POINT('',#14246);
#4292=VERTEX_POINT('',#14250);
#4293=VERTEX_POINT('',#14252);
#4294=VERTEX_POINT('',#14256);
#4295=VERTEX_POINT('',#14258);
#4296=VERTEX_POINT('',#14262);
#4297=VERTEX_POINT('',#14264);
#4298=VERTEX_POINT('',#14268);
#4299=VERTEX_POINT('',#14270);
#4300=VERTEX_POINT('',#14274);
#4301=VERTEX_POINT('',#14276);
#4302=VERTEX_POINT('',#14280);
#4303=VERTEX_POINT('',#14282);
#4304=VERTEX_POINT('',#14286);
#4305=VERTEX_POINT('',#14288);
#4306=VERTEX_POINT('',#14292);
#4307=VERTEX_POINT('',#14294);
#4308=VERTEX_POINT('',#14298);
#4309=VERTEX_POINT('',#14300);
#4310=VERTEX_POINT('',#14304);
#4311=VERTEX_POINT('',#14306);
#4312=VERTEX_POINT('',#14310);
#4313=VERTEX_POINT('',#14312);
#4314=VERTEX_POINT('',#14316);
#4315=VERTEX_POINT('',#14318);
#4316=VERTEX_POINT('',#14322);
#4317=VERTEX_POINT('',#14324);
#4318=VERTEX_POINT('',#14328);
#4319=VERTEX_POINT('',#14330);
#4320=VERTEX_POINT('',#14334);
#4321=VERTEX_POINT('',#14336);
#4322=VERTEX_POINT('',#14340);
#4323=VERTEX_POINT('',#14342);
#4324=VERTEX_POINT('',#14346);
#4325=VERTEX_POINT('',#14348);
#4326=VERTEX_POINT('',#14352);
#4327=VERTEX_POINT('',#14354);
#4328=VERTEX_POINT('',#14358);
#4329=VERTEX_POINT('',#14360);
#4330=VERTEX_POINT('',#14364);
#4331=VERTEX_POINT('',#14366);
#4332=VERTEX_POINT('',#14370);
#4333=VERTEX_POINT('',#14372);
#4334=VERTEX_POINT('',#14376);
#4335=VERTEX_POINT('',#14378);
#4336=VERTEX_POINT('',#14382);
#4337=VERTEX_POINT('',#14384);
#4338=VERTEX_POINT('',#14388);
#4339=VERTEX_POINT('',#14390);
#4340=VERTEX_POINT('',#14394);
#4341=VERTEX_POINT('',#14396);
#4342=VERTEX_POINT('',#14400);
#4343=VERTEX_POINT('',#14402);
#4344=VERTEX_POINT('',#14406);
#4345=VERTEX_POINT('',#14408);
#4346=VERTEX_POINT('',#14412);
#4347=VERTEX_POINT('',#14414);
#4348=VERTEX_POINT('',#14418);
#4349=VERTEX_POINT('',#14420);
#4350=VERTEX_POINT('',#14424);
#4351=VERTEX_POINT('',#14426);
#4352=VERTEX_POINT('',#14430);
#4353=VERTEX_POINT('',#14432);
#4354=VERTEX_POINT('',#14444);
#4355=VERTEX_POINT('',#14445);
#4356=VERTEX_POINT('',#14447);
#4357=VERTEX_POINT('',#14449);
#4358=VERTEX_POINT('',#14453);
#4359=VERTEX_POINT('',#14455);
#4360=VERTEX_POINT('',#14459);
#4361=VERTEX_POINT('',#14461);
#4362=VERTEX_POINT('',#14468);
#4363=VERTEX_POINT('',#14470);
#4364=VERTEX_POINT('',#14474);
#4365=VERTEX_POINT('',#14475);
#4366=VERTEX_POINT('',#14477);
#4367=VERTEX_POINT('',#14479);
#4368=VERTEX_POINT('',#14483);
#4369=VERTEX_POINT('',#14485);
#4370=VERTEX_POINT('',#14489);
#4371=VERTEX_POINT('',#14491);
#4372=VERTEX_POINT('',#14498);
#4373=VERTEX_POINT('',#14499);
#4374=VERTEX_POINT('',#14501);
#4375=VERTEX_POINT('',#14503);
#4376=VERTEX_POINT('',#14507);
#4377=VERTEX_POINT('',#14509);
#4378=VERTEX_POINT('',#14513);
#4379=VERTEX_POINT('',#14515);
#4380=VERTEX_POINT('',#14522);
#4381=VERTEX_POINT('',#14523);
#4382=VERTEX_POINT('',#14525);
#4383=VERTEX_POINT('',#14527);
#4384=VERTEX_POINT('',#14531);
#4385=VERTEX_POINT('',#14533);
#4386=VERTEX_POINT('',#14537);
#4387=VERTEX_POINT('',#14539);
#4388=VERTEX_POINT('',#14546);
#4389=VERTEX_POINT('',#14547);
#4390=VERTEX_POINT('',#14549);
#4391=VERTEX_POINT('',#14551);
#4392=VERTEX_POINT('',#14555);
#4393=VERTEX_POINT('',#14557);
#4394=VERTEX_POINT('',#14561);
#4395=VERTEX_POINT('',#14563);
#4396=VERTEX_POINT('',#14567);
#4397=VERTEX_POINT('',#14569);
#4398=VERTEX_POINT('',#14573);
#4399=VERTEX_POINT('',#14575);
#4400=VERTEX_POINT('',#14579);
#4401=VERTEX_POINT('',#14581);
#4402=VERTEX_POINT('',#14585);
#4403=VERTEX_POINT('',#14587);
#4404=VERTEX_POINT('',#14591);
#4405=VERTEX_POINT('',#14593);
#4406=VERTEX_POINT('',#14597);
#4407=VERTEX_POINT('',#14599);
#4408=VERTEX_POINT('',#14603);
#4409=VERTEX_POINT('',#14605);
#4410=VERTEX_POINT('',#14609);
#4411=VERTEX_POINT('',#14611);
#4412=VERTEX_POINT('',#14615);
#4413=VERTEX_POINT('',#14617);
#4414=VERTEX_POINT('',#14621);
#4415=VERTEX_POINT('',#14623);
#4416=VERTEX_POINT('',#14627);
#4417=VERTEX_POINT('',#14629);
#4418=VERTEX_POINT('',#14633);
#4419=VERTEX_POINT('',#14635);
#4420=VERTEX_POINT('',#14639);
#4421=VERTEX_POINT('',#14641);
#4422=VERTEX_POINT('',#14645);
#4423=VERTEX_POINT('',#14647);
#4424=VERTEX_POINT('',#14651);
#4425=VERTEX_POINT('',#14653);
#4426=VERTEX_POINT('',#14657);
#4427=VERTEX_POINT('',#14659);
#4428=VERTEX_POINT('',#14663);
#4429=VERTEX_POINT('',#14665);
#4430=VERTEX_POINT('',#14669);
#4431=VERTEX_POINT('',#14671);
#4432=VERTEX_POINT('',#14675);
#4433=VERTEX_POINT('',#14677);
#4434=VERTEX_POINT('',#14681);
#4435=VERTEX_POINT('',#14683);
#4436=VERTEX_POINT('',#14687);
#4437=VERTEX_POINT('',#14689);
#4438=VERTEX_POINT('',#14693);
#4439=VERTEX_POINT('',#14695);
#4440=VERTEX_POINT('',#14699);
#4441=VERTEX_POINT('',#14701);
#4442=VERTEX_POINT('',#14705);
#4443=VERTEX_POINT('',#14707);
#4444=VERTEX_POINT('',#14711);
#4445=VERTEX_POINT('',#14713);
#4446=VERTEX_POINT('',#14717);
#4447=VERTEX_POINT('',#14719);
#4448=VERTEX_POINT('',#14723);
#4449=VERTEX_POINT('',#14725);
#4450=VERTEX_POINT('',#14729);
#4451=VERTEX_POINT('',#14731);
#4452=VERTEX_POINT('',#14735);
#4453=VERTEX_POINT('',#14737);
#4454=VERTEX_POINT('',#14741);
#4455=VERTEX_POINT('',#14743);
#4456=VERTEX_POINT('',#14747);
#4457=VERTEX_POINT('',#14749);
#4458=VERTEX_POINT('',#14753);
#4459=VERTEX_POINT('',#14755);
#4460=VERTEX_POINT('',#14759);
#4461=VERTEX_POINT('',#14761);
#4462=VERTEX_POINT('',#14765);
#4463=VERTEX_POINT('',#14767);
#4464=VERTEX_POINT('',#14771);
#4465=VERTEX_POINT('',#14773);
#4466=VERTEX_POINT('',#14777);
#4467=VERTEX_POINT('',#14779);
#4468=VERTEX_POINT('',#14783);
#4469=VERTEX_POINT('',#14785);
#4470=VERTEX_POINT('',#14789);
#4471=VERTEX_POINT('',#14791);
#4472=VERTEX_POINT('',#14795);
#4473=VERTEX_POINT('',#14797);
#4474=VERTEX_POINT('',#14801);
#4475=VERTEX_POINT('',#14803);
#4476=VERTEX_POINT('',#14807);
#4477=VERTEX_POINT('',#14809);
#4478=VERTEX_POINT('',#14813);
#4479=VERTEX_POINT('',#14815);
#4480=VERTEX_POINT('',#14819);
#4481=VERTEX_POINT('',#14821);
#4482=VERTEX_POINT('',#14825);
#4483=VERTEX_POINT('',#14827);
#4484=VERTEX_POINT('',#14831);
#4485=VERTEX_POINT('',#14833);
#4486=VERTEX_POINT('',#14837);
#4487=VERTEX_POINT('',#14839);
#4488=VERTEX_POINT('',#14843);
#4489=VERTEX_POINT('',#14845);
#4490=VERTEX_POINT('',#14849);
#4491=VERTEX_POINT('',#14851);
#4492=VERTEX_POINT('',#14855);
#4493=VERTEX_POINT('',#14857);
#4494=VERTEX_POINT('',#14861);
#4495=VERTEX_POINT('',#14863);
#4496=VERTEX_POINT('',#14867);
#4497=VERTEX_POINT('',#14869);
#4498=VERTEX_POINT('',#14873);
#4499=VERTEX_POINT('',#14875);
#4500=VERTEX_POINT('',#14879);
#4501=VERTEX_POINT('',#14881);
#4502=VERTEX_POINT('',#14885);
#4503=VERTEX_POINT('',#14887);
#4504=VERTEX_POINT('',#14891);
#4505=VERTEX_POINT('',#14893);
#4506=VERTEX_POINT('',#14897);
#4507=VERTEX_POINT('',#14899);
#4508=VERTEX_POINT('',#14903);
#4509=VERTEX_POINT('',#14905);
#4510=VERTEX_POINT('',#14909);
#4511=VERTEX_POINT('',#14911);
#4512=VERTEX_POINT('',#14923);
#4513=VERTEX_POINT('',#14924);
#4514=VERTEX_POINT('',#14926);
#4515=VERTEX_POINT('',#14928);
#4516=VERTEX_POINT('',#14932);
#4517=VERTEX_POINT('',#14934);
#4518=VERTEX_POINT('',#14938);
#4519=VERTEX_POINT('',#14940);
#4520=VERTEX_POINT('',#14947);
#4521=VERTEX_POINT('',#14948);
#4522=VERTEX_POINT('',#14950);
#4523=VERTEX_POINT('',#14952);
#4524=VERTEX_POINT('',#14956);
#4525=VERTEX_POINT('',#14958);
#4526=VERTEX_POINT('',#14962);
#4527=VERTEX_POINT('',#14964);
#4528=VERTEX_POINT('',#14971);
#4529=VERTEX_POINT('',#14972);
#4530=VERTEX_POINT('',#14974);
#4531=VERTEX_POINT('',#14976);
#4532=VERTEX_POINT('',#14980);
#4533=VERTEX_POINT('',#14982);
#4534=VERTEX_POINT('',#14986);
#4535=VERTEX_POINT('',#14988);
#4536=VERTEX_POINT('',#14995);
#4537=VERTEX_POINT('',#14996);
#4538=VERTEX_POINT('',#14998);
#4539=VERTEX_POINT('',#15000);
#4540=VERTEX_POINT('',#15004);
#4541=VERTEX_POINT('',#15006);
#4542=VERTEX_POINT('',#15010);
#4543=VERTEX_POINT('',#15012);
#4544=VERTEX_POINT('',#15019);
#4545=VERTEX_POINT('',#15021);
#4546=VERTEX_POINT('',#15025);
#4547=VERTEX_POINT('',#15026);
#4548=VERTEX_POINT('',#15028);
#4549=VERTEX_POINT('',#15030);
#4550=VERTEX_POINT('',#15034);
#4551=VERTEX_POINT('',#15036);
#4552=VERTEX_POINT('',#15040);
#4553=VERTEX_POINT('',#15042);
#4554=VERTEX_POINT('',#15046);
#4555=VERTEX_POINT('',#15048);
#4556=VERTEX_POINT('',#15052);
#4557=VERTEX_POINT('',#15054);
#4558=VERTEX_POINT('',#15058);
#4559=VERTEX_POINT('',#15060);
#4560=VERTEX_POINT('',#15064);
#4561=VERTEX_POINT('',#15066);
#4562=VERTEX_POINT('',#15070);
#4563=VERTEX_POINT('',#15072);
#4564=VERTEX_POINT('',#15076);
#4565=VERTEX_POINT('',#15078);
#4566=VERTEX_POINT('',#15082);
#4567=VERTEX_POINT('',#15084);
#4568=VERTEX_POINT('',#15088);
#4569=VERTEX_POINT('',#15090);
#4570=VERTEX_POINT('',#15094);
#4571=VERTEX_POINT('',#15096);
#4572=VERTEX_POINT('',#15100);
#4573=VERTEX_POINT('',#15102);
#4574=VERTEX_POINT('',#15106);
#4575=VERTEX_POINT('',#15108);
#4576=VERTEX_POINT('',#15112);
#4577=VERTEX_POINT('',#15114);
#4578=VERTEX_POINT('',#15118);
#4579=VERTEX_POINT('',#15120);
#4580=VERTEX_POINT('',#15124);
#4581=VERTEX_POINT('',#15126);
#4582=VERTEX_POINT('',#15130);
#4583=VERTEX_POINT('',#15132);
#4584=VERTEX_POINT('',#15136);
#4585=VERTEX_POINT('',#15138);
#4586=VERTEX_POINT('',#15142);
#4587=VERTEX_POINT('',#15144);
#4588=VERTEX_POINT('',#15148);
#4589=VERTEX_POINT('',#15150);
#4590=VERTEX_POINT('',#15154);
#4591=VERTEX_POINT('',#15156);
#4592=VERTEX_POINT('',#15160);
#4593=VERTEX_POINT('',#15162);
#4594=VERTEX_POINT('',#15166);
#4595=VERTEX_POINT('',#15168);
#4596=VERTEX_POINT('',#15172);
#4597=VERTEX_POINT('',#15174);
#4598=VERTEX_POINT('',#15178);
#4599=VERTEX_POINT('',#15180);
#4600=VERTEX_POINT('',#15184);
#4601=VERTEX_POINT('',#15186);
#4602=VERTEX_POINT('',#15190);
#4603=VERTEX_POINT('',#15192);
#4604=VERTEX_POINT('',#15196);
#4605=VERTEX_POINT('',#15198);
#4606=VERTEX_POINT('',#15202);
#4607=VERTEX_POINT('',#15204);
#4608=VERTEX_POINT('',#15208);
#4609=VERTEX_POINT('',#15210);
#4610=VERTEX_POINT('',#15214);
#4611=VERTEX_POINT('',#15216);
#4612=VERTEX_POINT('',#15220);
#4613=VERTEX_POINT('',#15222);
#4614=VERTEX_POINT('',#15226);
#4615=VERTEX_POINT('',#15228);
#4616=VERTEX_POINT('',#15232);
#4617=VERTEX_POINT('',#15234);
#4618=VERTEX_POINT('',#15238);
#4619=VERTEX_POINT('',#15240);
#4620=VERTEX_POINT('',#15244);
#4621=VERTEX_POINT('',#15246);
#4622=VERTEX_POINT('',#15250);
#4623=VERTEX_POINT('',#15252);
#4624=VERTEX_POINT('',#15256);
#4625=VERTEX_POINT('',#15258);
#4626=VERTEX_POINT('',#15262);
#4627=VERTEX_POINT('',#15264);
#4628=VERTEX_POINT('',#15268);
#4629=VERTEX_POINT('',#15270);
#4630=VERTEX_POINT('',#15274);
#4631=VERTEX_POINT('',#15276);
#4632=VERTEX_POINT('',#15280);
#4633=VERTEX_POINT('',#15282);
#4634=VERTEX_POINT('',#15286);
#4635=VERTEX_POINT('',#15288);
#4636=VERTEX_POINT('',#15292);
#4637=VERTEX_POINT('',#15294);
#4638=VERTEX_POINT('',#15298);
#4639=VERTEX_POINT('',#15300);
#4640=VERTEX_POINT('',#15304);
#4641=VERTEX_POINT('',#15306);
#4642=VERTEX_POINT('',#15310);
#4643=VERTEX_POINT('',#15312);
#4644=VERTEX_POINT('',#15316);
#4645=VERTEX_POINT('',#15318);
#4646=VERTEX_POINT('',#15322);
#4647=VERTEX_POINT('',#15324);
#4648=VERTEX_POINT('',#15328);
#4649=VERTEX_POINT('',#15330);
#4650=VERTEX_POINT('',#15334);
#4651=VERTEX_POINT('',#15336);
#4652=VERTEX_POINT('',#15340);
#4653=VERTEX_POINT('',#15342);
#4654=VERTEX_POINT('',#15346);
#4655=VERTEX_POINT('',#15348);
#4656=VERTEX_POINT('',#15352);
#4657=VERTEX_POINT('',#15354);
#4658=VERTEX_POINT('',#15358);
#4659=VERTEX_POINT('',#15360);
#4660=VERTEX_POINT('',#15364);
#4661=VERTEX_POINT('',#15366);
#4662=VERTEX_POINT('',#15370);
#4663=VERTEX_POINT('',#15372);
#4664=VERTEX_POINT('',#15376);
#4665=VERTEX_POINT('',#15378);
#4666=VERTEX_POINT('',#15382);
#4667=VERTEX_POINT('',#15384);
#4668=VERTEX_POINT('',#15388);
#4669=VERTEX_POINT('',#15390);
#4670=VERTEX_POINT('',#15400);
#4671=VERTEX_POINT('',#15401);
#4672=VERTEX_POINT('',#15403);
#4673=VERTEX_POINT('',#15405);
#4674=VERTEX_POINT('',#15407);
#4675=VERTEX_POINT('',#15409);
#4676=VERTEX_POINT('',#15411);
#4677=VERTEX_POINT('',#15413);
#4678=VERTEX_POINT('',#15415);
#4679=VERTEX_POINT('',#15417);
#4680=VERTEX_POINT('',#15419);
#4681=VERTEX_POINT('',#15421);
#4682=VERTEX_POINT('',#15423);
#4683=VERTEX_POINT('',#15425);
#4684=VERTEX_POINT('',#15427);
#4685=VERTEX_POINT('',#15429);
#4686=VERTEX_POINT('',#15431);
#4687=VERTEX_POINT('',#15433);
#4688=VERTEX_POINT('',#15435);
#4689=VERTEX_POINT('',#15437);
#4690=VERTEX_POINT('',#15439);
#4691=VERTEX_POINT('',#15441);
#4692=VERTEX_POINT('',#15443);
#4693=VERTEX_POINT('',#15445);
#4694=VERTEX_POINT('',#15447);
#4695=VERTEX_POINT('',#15449);
#4696=VERTEX_POINT('',#15451);
#4697=VERTEX_POINT('',#15453);
#4698=VERTEX_POINT('',#15455);
#4699=VERTEX_POINT('',#15457);
#4700=VERTEX_POINT('',#15459);
#4701=VERTEX_POINT('',#15461);
#4702=VERTEX_POINT('',#15463);
#4703=VERTEX_POINT('',#15465);
#4704=VERTEX_POINT('',#15467);
#4705=VERTEX_POINT('',#15469);
#4706=VERTEX_POINT('',#15471);
#4707=VERTEX_POINT('',#15473);
#4708=VERTEX_POINT('',#15475);
#4709=VERTEX_POINT('',#15477);
#4710=VERTEX_POINT('',#15479);
#4711=VERTEX_POINT('',#15481);
#4712=VERTEX_POINT('',#15483);
#4713=VERTEX_POINT('',#15485);
#4714=VERTEX_POINT('',#15487);
#4715=VERTEX_POINT('',#15489);
#4716=VERTEX_POINT('',#15491);
#4717=VERTEX_POINT('',#15493);
#4718=VERTEX_POINT('',#15495);
#4719=VERTEX_POINT('',#15497);
#4720=VERTEX_POINT('',#15499);
#4721=VERTEX_POINT('',#15501);
#4722=VERTEX_POINT('',#15503);
#4723=VERTEX_POINT('',#15505);
#4724=VERTEX_POINT('',#15507);
#4725=VERTEX_POINT('',#15509);
#4726=VERTEX_POINT('',#15511);
#4727=VERTEX_POINT('',#15513);
#4728=VERTEX_POINT('',#15515);
#4729=VERTEX_POINT('',#15517);
#4730=VERTEX_POINT('',#15519);
#4731=VERTEX_POINT('',#15521);
#4732=VERTEX_POINT('',#15524);
#4733=VERTEX_POINT('',#15526);
#4734=VERTEX_POINT('',#15527);
#4735=VERTEX_POINT('',#15529);
#4736=VERTEX_POINT('',#15531);
#4737=VERTEX_POINT('',#15534);
#4738=VERTEX_POINT('',#15535);
#4739=VERTEX_POINT('',#15537);
#4740=VERTEX_POINT('',#15539);
#4741=VERTEX_POINT('',#15542);
#4742=VERTEX_POINT('',#15543);
#4743=VERTEX_POINT('',#15545);
#4744=VERTEX_POINT('',#15547);
#4745=VERTEX_POINT('',#15550);
#4746=VERTEX_POINT('',#15551);
#4747=VERTEX_POINT('',#15553);
#4748=VERTEX_POINT('',#15555);
#4749=VERTEX_POINT('',#15559);
#4750=VERTEX_POINT('',#15561);
#4751=VERTEX_POINT('',#15565);
#4752=VERTEX_POINT('',#15569);
#4753=VERTEX_POINT('',#15571);
#4754=VERTEX_POINT('',#15575);
#4755=VERTEX_POINT('',#15579);
#4756=VERTEX_POINT('',#15581);
#4757=VERTEX_POINT('',#15585);
#4758=VERTEX_POINT('',#15589);
#4759=VERTEX_POINT('',#15591);
#4760=VERTEX_POINT('',#15595);
#4761=VERTEX_POINT('',#15599);
#4762=VERTEX_POINT('',#15601);
#4763=VERTEX_POINT('',#15605);
#4764=VERTEX_POINT('',#15609);
#4765=VERTEX_POINT('',#15613);
#4766=VERTEX_POINT('',#15617);
#4767=VERTEX_POINT('',#15621);
#4768=VERTEX_POINT('',#15625);
#4769=VERTEX_POINT('',#15629);
#4770=VERTEX_POINT('',#15633);
#4771=VERTEX_POINT('',#15637);
#4772=VERTEX_POINT('',#15641);
#4773=VERTEX_POINT('',#15645);
#4774=VERTEX_POINT('',#15649);
#4775=VERTEX_POINT('',#15653);
#4776=VERTEX_POINT('',#15657);
#4777=VERTEX_POINT('',#15661);
#4778=VERTEX_POINT('',#15665);
#4779=VERTEX_POINT('',#15669);
#4780=VERTEX_POINT('',#15673);
#4781=VERTEX_POINT('',#15677);
#4782=VERTEX_POINT('',#15681);
#4783=VERTEX_POINT('',#15685);
#4784=VERTEX_POINT('',#15689);
#4785=VERTEX_POINT('',#15693);
#4786=VERTEX_POINT('',#15697);
#4787=VERTEX_POINT('',#15701);
#4788=VERTEX_POINT('',#15705);
#4789=VERTEX_POINT('',#15709);
#4790=VERTEX_POINT('',#15713);
#4791=VERTEX_POINT('',#15717);
#4792=VERTEX_POINT('',#15721);
#4793=VERTEX_POINT('',#15725);
#4794=VERTEX_POINT('',#15729);
#4795=VERTEX_POINT('',#15730);
#4796=VERTEX_POINT('',#15733);
#4797=VERTEX_POINT('',#15735);
#4798=VERTEX_POINT('',#15737);
#4799=VERTEX_POINT('',#15739);
#4800=VERTEX_POINT('',#15741);
#4801=VERTEX_POINT('',#15743);
#4802=VERTEX_POINT('',#15745);
#4803=VERTEX_POINT('',#15747);
#4804=VERTEX_POINT('',#15749);
#4805=VERTEX_POINT('',#15751);
#4806=VERTEX_POINT('',#15753);
#4807=VERTEX_POINT('',#15755);
#4808=VERTEX_POINT('',#15757);
#4809=VERTEX_POINT('',#15759);
#4810=VERTEX_POINT('',#15761);
#4811=VERTEX_POINT('',#15763);
#4812=VERTEX_POINT('',#15765);
#4813=VERTEX_POINT('',#15767);
#4814=VERTEX_POINT('',#15769);
#4815=VERTEX_POINT('',#15771);
#4816=VERTEX_POINT('',#15773);
#4817=VERTEX_POINT('',#15775);
#4818=VERTEX_POINT('',#15777);
#4819=VERTEX_POINT('',#15779);
#4820=VERTEX_POINT('',#15781);
#4821=VERTEX_POINT('',#15783);
#4822=VERTEX_POINT('',#15785);
#4823=VERTEX_POINT('',#15788);
#4824=VERTEX_POINT('',#15791);
#4825=VERTEX_POINT('',#15794);
#4826=VERTEX_POINT('',#15797);
#4827=VERTEX_POINT('',#15800);
#4828=VERTEX_POINT('',#15877);
#4829=VERTEX_POINT('',#15879);
#4830=VERTEX_POINT('',#15883);
#4831=VERTEX_POINT('',#15884);
#4832=VERTEX_POINT('',#15886);
#4833=VERTEX_POINT('',#15888);
#4834=VERTEX_POINT('',#15892);
#4835=VERTEX_POINT('',#15894);
#4836=VERTEX_POINT('',#15898);
#4837=VERTEX_POINT('',#15900);
#4838=VERTEX_POINT('',#15904);
#4839=VERTEX_POINT('',#15906);
#4840=VERTEX_POINT('',#15910);
#4841=VERTEX_POINT('',#15912);
#4842=VERTEX_POINT('',#15916);
#4843=VERTEX_POINT('',#15918);
#4844=VERTEX_POINT('',#15922);
#4845=VERTEX_POINT('',#15924);
#4846=VERTEX_POINT('',#15928);
#4847=VERTEX_POINT('',#15930);
#4848=VERTEX_POINT('',#15934);
#4849=VERTEX_POINT('',#15936);
#4850=VERTEX_POINT('',#15940);
#4851=VERTEX_POINT('',#15942);
#4852=VERTEX_POINT('',#15946);
#4853=VERTEX_POINT('',#15948);
#4854=VERTEX_POINT('',#15952);
#4855=VERTEX_POINT('',#15954);
#4856=VERTEX_POINT('',#15958);
#4857=VERTEX_POINT('',#15960);
#4858=VERTEX_POINT('',#15964);
#4859=VERTEX_POINT('',#15966);
#4860=VERTEX_POINT('',#15970);
#4861=VERTEX_POINT('',#15972);
#4862=VERTEX_POINT('',#15976);
#4863=VERTEX_POINT('',#15978);
#4864=VERTEX_POINT('',#15982);
#4865=VERTEX_POINT('',#15984);
#4866=VERTEX_POINT('',#15988);
#4867=VERTEX_POINT('',#15990);
#4868=VERTEX_POINT('',#15994);
#4869=VERTEX_POINT('',#15996);
#4870=VERTEX_POINT('',#16000);
#4871=VERTEX_POINT('',#16002);
#4872=VERTEX_POINT('',#16006);
#4873=VERTEX_POINT('',#16008);
#4874=VERTEX_POINT('',#16012);
#4875=VERTEX_POINT('',#16014);
#4876=VERTEX_POINT('',#16018);
#4877=VERTEX_POINT('',#16020);
#4878=VERTEX_POINT('',#16024);
#4879=VERTEX_POINT('',#16026);
#4880=VERTEX_POINT('',#16030);
#4881=VERTEX_POINT('',#16032);
#4882=VERTEX_POINT('',#16036);
#4883=VERTEX_POINT('',#16038);
#4884=VERTEX_POINT('',#16042);
#4885=VERTEX_POINT('',#16044);
#4886=VERTEX_POINT('',#16048);
#4887=VERTEX_POINT('',#16050);
#4888=VERTEX_POINT('',#16054);
#4889=VERTEX_POINT('',#16056);
#4890=VERTEX_POINT('',#16060);
#4891=VERTEX_POINT('',#16062);
#4892=VERTEX_POINT('',#16066);
#4893=VERTEX_POINT('',#16068);
#4894=VERTEX_POINT('',#16072);
#4895=VERTEX_POINT('',#16074);
#4896=VERTEX_POINT('',#16078);
#4897=VERTEX_POINT('',#16080);
#4898=VERTEX_POINT('',#16084);
#4899=VERTEX_POINT('',#16086);
#4900=VERTEX_POINT('',#16090);
#4901=VERTEX_POINT('',#16092);
#4902=VERTEX_POINT('',#16096);
#4903=VERTEX_POINT('',#16098);
#4904=VERTEX_POINT('',#16102);
#4905=VERTEX_POINT('',#16104);
#4906=VERTEX_POINT('',#16108);
#4907=VERTEX_POINT('',#16110);
#4908=VERTEX_POINT('',#16114);
#4909=VERTEX_POINT('',#16116);
#4910=VERTEX_POINT('',#16120);
#4911=VERTEX_POINT('',#16122);
#4912=VERTEX_POINT('',#16126);
#4913=VERTEX_POINT('',#16128);
#4914=VERTEX_POINT('',#16132);
#4915=VERTEX_POINT('',#16134);
#4916=VERTEX_POINT('',#16138);
#4917=VERTEX_POINT('',#16140);
#4918=VERTEX_POINT('',#16144);
#4919=VERTEX_POINT('',#16146);
#4920=VERTEX_POINT('',#16150);
#4921=VERTEX_POINT('',#16152);
#4922=VERTEX_POINT('',#16156);
#4923=VERTEX_POINT('',#16158);
#4924=VERTEX_POINT('',#16162);
#4925=VERTEX_POINT('',#16164);
#4926=VERTEX_POINT('',#16173);
#4927=VERTEX_POINT('',#16175);
#4928=VERTEX_POINT('',#16181);
#4929=VERTEX_POINT('',#16183);
#4930=EDGE_CURVE('',#3992,#3993,#1358,.T.);
#4931=EDGE_CURVE('',#3992,#3994,#1359,.T.);
#4932=EDGE_CURVE('',#3995,#3994,#1360,.T.);
#4933=EDGE_CURVE('',#3993,#3995,#1361,.T.);
#4934=EDGE_CURVE('',#3993,#3996,#1362,.T.);
#4935=EDGE_CURVE('',#3997,#3995,#1363,.T.);
#4936=EDGE_CURVE('',#3996,#3997,#1364,.T.);
#4937=EDGE_CURVE('',#3996,#3998,#1365,.T.);
#4938=EDGE_CURVE('',#3999,#3997,#1366,.T.);
#4939=EDGE_CURVE('',#3998,#3999,#1367,.T.);
#4940=EDGE_CURVE('',#3998,#3992,#1368,.T.);
#4941=EDGE_CURVE('',#3994,#3999,#1369,.T.);
#4942=EDGE_CURVE('',#4000,#4000,#163,.T.);
#4943=EDGE_CURVE('',#4000,#4001,#1370,.T.);
#4944=EDGE_CURVE('',#4001,#4001,#164,.T.);
#4945=EDGE_CURVE('',#4002,#4003,#1371,.T.);
#4946=EDGE_CURVE('',#4002,#4004,#1372,.T.);
#4947=EDGE_CURVE('',#4005,#4004,#1373,.T.);
#4948=EDGE_CURVE('',#4003,#4005,#1374,.T.);
#4949=EDGE_CURVE('',#4003,#4006,#165,.T.);
#4950=EDGE_CURVE('',#4007,#4005,#166,.T.);
#4951=EDGE_CURVE('',#4006,#4007,#1375,.T.);
#4952=EDGE_CURVE('',#4008,#4006,#1376,.T.);
#4953=EDGE_CURVE('',#4009,#4007,#1377,.T.);
#4954=EDGE_CURVE('',#4008,#4009,#1378,.T.);
#4955=EDGE_CURVE('',#4010,#4008,#1379,.T.);
#4956=EDGE_CURVE('',#4011,#4009,#1380,.T.);
#4957=EDGE_CURVE('',#4010,#4011,#1381,.T.);
#4958=EDGE_CURVE('',#4010,#4012,#1382,.T.);
#4959=EDGE_CURVE('',#4013,#4011,#1383,.T.);
#4960=EDGE_CURVE('',#4012,#4013,#1384,.T.);
#4961=EDGE_CURVE('',#4012,#4014,#167,.T.);
#4962=EDGE_CURVE('',#4015,#4013,#168,.T.);
#4963=EDGE_CURVE('',#4014,#4015,#1385,.T.);
#4964=EDGE_CURVE('',#4016,#4014,#1386,.T.);
#4965=EDGE_CURVE('',#4017,#4015,#1387,.T.);
#4966=EDGE_CURVE('',#4016,#4017,#1388,.T.);
#4967=EDGE_CURVE('',#4016,#4018,#1389,.T.);
#4968=EDGE_CURVE('',#4019,#4017,#1390,.T.);
#4969=EDGE_CURVE('',#4018,#4019,#1391,.T.);
#4970=EDGE_CURVE('',#4020,#4018,#1392,.T.);
#4971=EDGE_CURVE('',#4021,#4019,#1393,.T.);
#4972=EDGE_CURVE('',#4020,#4021,#1394,.T.);
#4973=EDGE_CURVE('',#4022,#4020,#169,.T.);
#4974=EDGE_CURVE('',#4023,#4021,#170,.T.);
#4975=EDGE_CURVE('',#4022,#4023,#1395,.T.);
#4976=EDGE_CURVE('',#4024,#4022,#1396,.T.);
#4977=EDGE_CURVE('',#4025,#4023,#1397,.T.);
#4978=EDGE_CURVE('',#4024,#4025,#1398,.T.);
#4979=EDGE_CURVE('',#4026,#4024,#1399,.T.);
#4980=EDGE_CURVE('',#4027,#4025,#1400,.T.);
#4981=EDGE_CURVE('',#4026,#4027,#1401,.T.);
#4982=EDGE_CURVE('',#4026,#4028,#1402,.T.);
#4983=EDGE_CURVE('',#4029,#4027,#1403,.T.);
#4984=EDGE_CURVE('',#4028,#4029,#1404,.T.);
#4985=EDGE_CURVE('',#4028,#4030,#171,.T.);
#4986=EDGE_CURVE('',#4031,#4029,#172,.T.);
#4987=EDGE_CURVE('',#4030,#4031,#1405,.T.);
#4988=EDGE_CURVE('',#4032,#4030,#1406,.T.);
#4989=EDGE_CURVE('',#4033,#4031,#1407,.T.);
#4990=EDGE_CURVE('',#4032,#4033,#1408,.T.);
#4991=EDGE_CURVE('',#4034,#4032,#1409,.T.);
#4992=EDGE_CURVE('',#4035,#4033,#1410,.T.);
#4993=EDGE_CURVE('',#4034,#4035,#1411,.T.);
#4994=EDGE_CURVE('',#4034,#4036,#1412,.T.);
#4995=EDGE_CURVE('',#4037,#4035,#1413,.T.);
#4996=EDGE_CURVE('',#4036,#4037,#1414,.T.);
#4997=EDGE_CURVE('',#4036,#4038,#173,.T.);
#4998=EDGE_CURVE('',#4039,#4037,#174,.T.);
#4999=EDGE_CURVE('',#4038,#4039,#1415,.T.);
#5000=EDGE_CURVE('',#4040,#4038,#1416,.T.);
#5001=EDGE_CURVE('',#4041,#4039,#1417,.T.);
#5002=EDGE_CURVE('',#4040,#4041,#1418,.T.);
#5003=EDGE_CURVE('',#4040,#4042,#1419,.T.);
#5004=EDGE_CURVE('',#4043,#4041,#1420,.T.);
#5005=EDGE_CURVE('',#4042,#4043,#1421,.T.);
#5006=EDGE_CURVE('',#4044,#4042,#1422,.T.);
#5007=EDGE_CURVE('',#4045,#4043,#1423,.T.);
#5008=EDGE_CURVE('',#4044,#4045,#1424,.T.);
#5009=EDGE_CURVE('',#4046,#4044,#175,.T.);
#5010=EDGE_CURVE('',#4047,#4045,#176,.T.);
#5011=EDGE_CURVE('',#4046,#4047,#1425,.T.);
#5012=EDGE_CURVE('',#4048,#4046,#1426,.T.);
#5013=EDGE_CURVE('',#4049,#4047,#1427,.T.);
#5014=EDGE_CURVE('',#4048,#4049,#1428,.T.);
#5015=EDGE_CURVE('',#4050,#4048,#1429,.T.);
#5016=EDGE_CURVE('',#4051,#4049,#1430,.T.);
#5017=EDGE_CURVE('',#4050,#4051,#1431,.T.);
#5018=EDGE_CURVE('',#4050,#4052,#1432,.T.);
#5019=EDGE_CURVE('',#4053,#4051,#1433,.T.);
#5020=EDGE_CURVE('',#4052,#4053,#1434,.T.);
#5021=EDGE_CURVE('',#4052,#4054,#177,.T.);
#5022=EDGE_CURVE('',#4055,#4053,#178,.T.);
#5023=EDGE_CURVE('',#4054,#4055,#1435,.T.);
#5024=EDGE_CURVE('',#4056,#4054,#1436,.T.);
#5025=EDGE_CURVE('',#4057,#4055,#1437,.T.);
#5026=EDGE_CURVE('',#4056,#4057,#1438,.T.);
#5027=EDGE_CURVE('',#4058,#4056,#1439,.T.);
#5028=EDGE_CURVE('',#4059,#4057,#1440,.T.);
#5029=EDGE_CURVE('',#4058,#4059,#1441,.T.);
#5030=EDGE_CURVE('',#4058,#4060,#1442,.T.);
#5031=EDGE_CURVE('',#4061,#4059,#1443,.T.);
#5032=EDGE_CURVE('',#4060,#4061,#1444,.T.);
#5033=EDGE_CURVE('',#4060,#4062,#179,.T.);
#5034=EDGE_CURVE('',#4063,#4061,#180,.T.);
#5035=EDGE_CURVE('',#4062,#4063,#1445,.T.);
#5036=EDGE_CURVE('',#4064,#4062,#1446,.T.);
#5037=EDGE_CURVE('',#4065,#4063,#1447,.T.);
#5038=EDGE_CURVE('',#4064,#4065,#1448,.T.);
#5039=EDGE_CURVE('',#4064,#4066,#1449,.T.);
#5040=EDGE_CURVE('',#4067,#4065,#1450,.T.);
#5041=EDGE_CURVE('',#4066,#4067,#1451,.T.);
#5042=EDGE_CURVE('',#4068,#4066,#1452,.T.);
#5043=EDGE_CURVE('',#4069,#4067,#1453,.T.);
#5044=EDGE_CURVE('',#4068,#4069,#1454,.T.);
#5045=EDGE_CURVE('',#4070,#4068,#181,.T.);
#5046=EDGE_CURVE('',#4071,#4069,#182,.T.);
#5047=EDGE_CURVE('',#4070,#4071,#1455,.T.);
#5048=EDGE_CURVE('',#4072,#4070,#1456,.T.);
#5049=EDGE_CURVE('',#4073,#4071,#1457,.T.);
#5050=EDGE_CURVE('',#4072,#4073,#1458,.T.);
#5051=EDGE_CURVE('',#4074,#4072,#1459,.T.);
#5052=EDGE_CURVE('',#4075,#4073,#1460,.T.);
#5053=EDGE_CURVE('',#4074,#4075,#1461,.T.);
#5054=EDGE_CURVE('',#4074,#4076,#1462,.T.);
#5055=EDGE_CURVE('',#4077,#4075,#1463,.T.);
#5056=EDGE_CURVE('',#4076,#4077,#1464,.T.);
#5057=EDGE_CURVE('',#4076,#4078,#183,.T.);
#5058=EDGE_CURVE('',#4079,#4077,#184,.T.);
#5059=EDGE_CURVE('',#4078,#4079,#1465,.T.);
#5060=EDGE_CURVE('',#4080,#4078,#1466,.T.);
#5061=EDGE_CURVE('',#4081,#4079,#1467,.T.);
#5062=EDGE_CURVE('',#4080,#4081,#1468,.T.);
#5063=EDGE_CURVE('',#4082,#4080,#1469,.T.);
#5064=EDGE_CURVE('',#4083,#4081,#1470,.T.);
#5065=EDGE_CURVE('',#4082,#4083,#1471,.T.);
#5066=EDGE_CURVE('',#4082,#4084,#1472,.T.);
#5067=EDGE_CURVE('',#4085,#4083,#1473,.T.);
#5068=EDGE_CURVE('',#4084,#4085,#1474,.T.);
#5069=EDGE_CURVE('',#4084,#4086,#185,.T.);
#5070=EDGE_CURVE('',#4087,#4085,#186,.T.);
#5071=EDGE_CURVE('',#4086,#4087,#1475,.T.);
#5072=EDGE_CURVE('',#4088,#4086,#1476,.T.);
#5073=EDGE_CURVE('',#4089,#4087,#1477,.T.);
#5074=EDGE_CURVE('',#4088,#4089,#1478,.T.);
#5075=EDGE_CURVE('',#4088,#4090,#1479,.T.);
#5076=EDGE_CURVE('',#4091,#4089,#1480,.T.);
#5077=EDGE_CURVE('',#4090,#4091,#1481,.T.);
#5078=EDGE_CURVE('',#4092,#4090,#1482,.T.);
#5079=EDGE_CURVE('',#4093,#4091,#1483,.T.);
#5080=EDGE_CURVE('',#4092,#4093,#1484,.T.);
#5081=EDGE_CURVE('',#4094,#4092,#187,.T.);
#5082=EDGE_CURVE('',#4095,#4093,#188,.T.);
#5083=EDGE_CURVE('',#4094,#4095,#1485,.T.);
#5084=EDGE_CURVE('',#4096,#4094,#1486,.T.);
#5085=EDGE_CURVE('',#4097,#4095,#1487,.T.);
#5086=EDGE_CURVE('',#4096,#4097,#1488,.T.);
#5087=EDGE_CURVE('',#4002,#4096,#1489,.T.);
#5088=EDGE_CURVE('',#4004,#4097,#1490,.T.);
#5089=EDGE_CURVE('',#4098,#4098,#189,.T.);
#5090=EDGE_CURVE('',#4098,#4099,#1491,.T.);
#5091=EDGE_CURVE('',#4099,#4099,#190,.T.);
#5092=EDGE_CURVE('',#4100,#4101,#1492,.T.);
#5093=EDGE_CURVE('',#4100,#4102,#1493,.T.);
#5094=EDGE_CURVE('',#4103,#4102,#1494,.T.);
#5095=EDGE_CURVE('',#4101,#4103,#1495,.T.);
#5096=EDGE_CURVE('',#4101,#4104,#191,.T.);
#5097=EDGE_CURVE('',#4105,#4103,#192,.T.);
#5098=EDGE_CURVE('',#4104,#4105,#1496,.T.);
#5099=EDGE_CURVE('',#4106,#4104,#1497,.T.);
#5100=EDGE_CURVE('',#4107,#4105,#1498,.T.);
#5101=EDGE_CURVE('',#4106,#4107,#1499,.T.);
#5102=EDGE_CURVE('',#4108,#4106,#1500,.T.);
#5103=EDGE_CURVE('',#4109,#4107,#1501,.T.);
#5104=EDGE_CURVE('',#4108,#4109,#1502,.T.);
#5105=EDGE_CURVE('',#4108,#4110,#1503,.T.);
#5106=EDGE_CURVE('',#4111,#4109,#1504,.T.);
#5107=EDGE_CURVE('',#4110,#4111,#1505,.T.);
#5108=EDGE_CURVE('',#4110,#4112,#193,.T.);
#5109=EDGE_CURVE('',#4113,#4111,#194,.T.);
#5110=EDGE_CURVE('',#4112,#4113,#1506,.T.);
#5111=EDGE_CURVE('',#4114,#4112,#1507,.T.);
#5112=EDGE_CURVE('',#4115,#4113,#1508,.T.);
#5113=EDGE_CURVE('',#4114,#4115,#1509,.T.);
#5114=EDGE_CURVE('',#4114,#4116,#1510,.T.);
#5115=EDGE_CURVE('',#4117,#4115,#1511,.T.);
#5116=EDGE_CURVE('',#4116,#4117,#1512,.T.);
#5117=EDGE_CURVE('',#4118,#4116,#1513,.T.);
#5118=EDGE_CURVE('',#4119,#4117,#1514,.T.);
#5119=EDGE_CURVE('',#4118,#4119,#1515,.T.);
#5120=EDGE_CURVE('',#4120,#4118,#195,.T.);
#5121=EDGE_CURVE('',#4121,#4119,#196,.T.);
#5122=EDGE_CURVE('',#4120,#4121,#1516,.T.);
#5123=EDGE_CURVE('',#4122,#4120,#1517,.T.);
#5124=EDGE_CURVE('',#4123,#4121,#1518,.T.);
#5125=EDGE_CURVE('',#4122,#4123,#1519,.T.);
#5126=EDGE_CURVE('',#4124,#4122,#1520,.T.);
#5127=EDGE_CURVE('',#4125,#4123,#1521,.T.);
#5128=EDGE_CURVE('',#4124,#4125,#1522,.T.);
#5129=EDGE_CURVE('',#4124,#4126,#1523,.T.);
#5130=EDGE_CURVE('',#4127,#4125,#1524,.T.);
#5131=EDGE_CURVE('',#4126,#4127,#1525,.T.);
#5132=EDGE_CURVE('',#4126,#4128,#197,.T.);
#5133=EDGE_CURVE('',#4129,#4127,#198,.T.);
#5134=EDGE_CURVE('',#4128,#4129,#1526,.T.);
#5135=EDGE_CURVE('',#4130,#4128,#1527,.T.);
#5136=EDGE_CURVE('',#4131,#4129,#1528,.T.);
#5137=EDGE_CURVE('',#4130,#4131,#1529,.T.);
#5138=EDGE_CURVE('',#4132,#4130,#1530,.T.);
#5139=EDGE_CURVE('',#4133,#4131,#1531,.T.);
#5140=EDGE_CURVE('',#4132,#4133,#1532,.T.);
#5141=EDGE_CURVE('',#4132,#4134,#1533,.T.);
#5142=EDGE_CURVE('',#4135,#4133,#1534,.T.);
#5143=EDGE_CURVE('',#4134,#4135,#1535,.T.);
#5144=EDGE_CURVE('',#4134,#4136,#199,.T.);
#5145=EDGE_CURVE('',#4137,#4135,#200,.T.);
#5146=EDGE_CURVE('',#4136,#4137,#1536,.T.);
#5147=EDGE_CURVE('',#4138,#4136,#1537,.T.);
#5148=EDGE_CURVE('',#4139,#4137,#1538,.T.);
#5149=EDGE_CURVE('',#4138,#4139,#1539,.T.);
#5150=EDGE_CURVE('',#4138,#4140,#1540,.T.);
#5151=EDGE_CURVE('',#4141,#4139,#1541,.T.);
#5152=EDGE_CURVE('',#4140,#4141,#1542,.T.);
#5153=EDGE_CURVE('',#4142,#4140,#1543,.T.);
#5154=EDGE_CURVE('',#4143,#4141,#1544,.T.);
#5155=EDGE_CURVE('',#4142,#4143,#1545,.T.);
#5156=EDGE_CURVE('',#4144,#4142,#201,.T.);
#5157=EDGE_CURVE('',#4145,#4143,#202,.T.);
#5158=EDGE_CURVE('',#4144,#4145,#1546,.T.);
#5159=EDGE_CURVE('',#4146,#4144,#1547,.T.);
#5160=EDGE_CURVE('',#4147,#4145,#1548,.T.);
#5161=EDGE_CURVE('',#4146,#4147,#1549,.T.);
#5162=EDGE_CURVE('',#4148,#4146,#1550,.T.);
#5163=EDGE_CURVE('',#4149,#4147,#1551,.T.);
#5164=EDGE_CURVE('',#4148,#4149,#1552,.T.);
#5165=EDGE_CURVE('',#4148,#4150,#1553,.T.);
#5166=EDGE_CURVE('',#4151,#4149,#1554,.T.);
#5167=EDGE_CURVE('',#4150,#4151,#1555,.T.);
#5168=EDGE_CURVE('',#4150,#4152,#203,.T.);
#5169=EDGE_CURVE('',#4153,#4151,#204,.T.);
#5170=EDGE_CURVE('',#4152,#4153,#1556,.T.);
#5171=EDGE_CURVE('',#4154,#4152,#1557,.T.);
#5172=EDGE_CURVE('',#4155,#4153,#1558,.T.);
#5173=EDGE_CURVE('',#4154,#4155,#1559,.T.);
#5174=EDGE_CURVE('',#4156,#4154,#1560,.T.);
#5175=EDGE_CURVE('',#4157,#4155,#1561,.T.);
#5176=EDGE_CURVE('',#4156,#4157,#1562,.T.);
#5177=EDGE_CURVE('',#4156,#4158,#1563,.T.);
#5178=EDGE_CURVE('',#4159,#4157,#1564,.T.);
#5179=EDGE_CURVE('',#4158,#4159,#1565,.T.);
#5180=EDGE_CURVE('',#4158,#4160,#205,.T.);
#5181=EDGE_CURVE('',#4161,#4159,#206,.T.);
#5182=EDGE_CURVE('',#4160,#4161,#1566,.T.);
#5183=EDGE_CURVE('',#4162,#4160,#1567,.T.);
#5184=EDGE_CURVE('',#4163,#4161,#1568,.T.);
#5185=EDGE_CURVE('',#4162,#4163,#1569,.T.);
#5186=EDGE_CURVE('',#4162,#4164,#1570,.T.);
#5187=EDGE_CURVE('',#4165,#4163,#1571,.T.);
#5188=EDGE_CURVE('',#4164,#4165,#1572,.T.);
#5189=EDGE_CURVE('',#4166,#4164,#1573,.T.);
#5190=EDGE_CURVE('',#4167,#4165,#1574,.T.);
#5191=EDGE_CURVE('',#4166,#4167,#1575,.T.);
#5192=EDGE_CURVE('',#4168,#4166,#207,.T.);
#5193=EDGE_CURVE('',#4169,#4167,#208,.T.);
#5194=EDGE_CURVE('',#4168,#4169,#1576,.T.);
#5195=EDGE_CURVE('',#4170,#4168,#1577,.T.);
#5196=EDGE_CURVE('',#4171,#4169,#1578,.T.);
#5197=EDGE_CURVE('',#4170,#4171,#1579,.T.);
#5198=EDGE_CURVE('',#4172,#4170,#1580,.T.);
#5199=EDGE_CURVE('',#4173,#4171,#1581,.T.);
#5200=EDGE_CURVE('',#4172,#4173,#1582,.T.);
#5201=EDGE_CURVE('',#4172,#4174,#1583,.T.);
#5202=EDGE_CURVE('',#4175,#4173,#1584,.T.);
#5203=EDGE_CURVE('',#4174,#4175,#1585,.T.);
#5204=EDGE_CURVE('',#4174,#4176,#209,.T.);
#5205=EDGE_CURVE('',#4177,#4175,#210,.T.);
#5206=EDGE_CURVE('',#4176,#4177,#1586,.T.);
#5207=EDGE_CURVE('',#4178,#4176,#1587,.T.);
#5208=EDGE_CURVE('',#4179,#4177,#1588,.T.);
#5209=EDGE_CURVE('',#4178,#4179,#1589,.T.);
#5210=EDGE_CURVE('',#4180,#4178,#1590,.T.);
#5211=EDGE_CURVE('',#4181,#4179,#1591,.T.);
#5212=EDGE_CURVE('',#4180,#4181,#1592,.T.);
#5213=EDGE_CURVE('',#4180,#4182,#1593,.T.);
#5214=EDGE_CURVE('',#4183,#4181,#1594,.T.);
#5215=EDGE_CURVE('',#4182,#4183,#1595,.T.);
#5216=EDGE_CURVE('',#4182,#4184,#211,.T.);
#5217=EDGE_CURVE('',#4185,#4183,#212,.T.);
#5218=EDGE_CURVE('',#4184,#4185,#1596,.T.);
#5219=EDGE_CURVE('',#4186,#4184,#1597,.T.);
#5220=EDGE_CURVE('',#4187,#4185,#1598,.T.);
#5221=EDGE_CURVE('',#4186,#4187,#1599,.T.);
#5222=EDGE_CURVE('',#4186,#4188,#1600,.T.);
#5223=EDGE_CURVE('',#4189,#4187,#1601,.T.);
#5224=EDGE_CURVE('',#4188,#4189,#1602,.T.);
#5225=EDGE_CURVE('',#4190,#4188,#1603,.T.);
#5226=EDGE_CURVE('',#4191,#4189,#1604,.T.);
#5227=EDGE_CURVE('',#4190,#4191,#1605,.T.);
#5228=EDGE_CURVE('',#4192,#4190,#213,.T.);
#5229=EDGE_CURVE('',#4193,#4191,#214,.T.);
#5230=EDGE_CURVE('',#4192,#4193,#1606,.T.);
#5231=EDGE_CURVE('',#4194,#4192,#1607,.T.);
#5232=EDGE_CURVE('',#4195,#4193,#1608,.T.);
#5233=EDGE_CURVE('',#4194,#4195,#1609,.T.);
#5234=EDGE_CURVE('',#4100,#4194,#1610,.T.);
#5235=EDGE_CURVE('',#4102,#4195,#1611,.T.);
#5236=EDGE_CURVE('',#4196,#4197,#1612,.T.);
#5237=EDGE_CURVE('',#4197,#4198,#1613,.T.);
#5238=EDGE_CURVE('',#4199,#4198,#1614,.T.);
#5239=EDGE_CURVE('',#4196,#4199,#1615,.T.);
#5240=EDGE_CURVE('',#4200,#4196,#1616,.T.);
#5241=EDGE_CURVE('',#4201,#4199,#1617,.T.);
#5242=EDGE_CURVE('',#4200,#4201,#1618,.T.);
#5243=EDGE_CURVE('',#4202,#4200,#1619,.T.);
#5244=EDGE_CURVE('',#4203,#4201,#1620,.T.);
#5245=EDGE_CURVE('',#4202,#4203,#1621,.T.);
#5246=EDGE_CURVE('',#4197,#4202,#1622,.T.);
#5247=EDGE_CURVE('',#4198,#4203,#1623,.T.);
#5248=EDGE_CURVE('',#4204,#4204,#215,.T.);
#5249=EDGE_CURVE('',#4204,#4205,#1624,.T.);
#5250=EDGE_CURVE('',#4205,#4205,#216,.T.);
#5251=EDGE_CURVE('',#4206,#4207,#1625,.T.);
#5252=EDGE_CURVE('',#4207,#4208,#1626,.T.);
#5253=EDGE_CURVE('',#4209,#4208,#1627,.T.);
#5254=EDGE_CURVE('',#4206,#4209,#1628,.T.);
#5255=EDGE_CURVE('',#4210,#4206,#1629,.T.);
#5256=EDGE_CURVE('',#4211,#4209,#1630,.T.);
#5257=EDGE_CURVE('',#4210,#4211,#1631,.T.);
#5258=EDGE_CURVE('',#4212,#4210,#1632,.T.);
#5259=EDGE_CURVE('',#4213,#4211,#1633,.T.);
#5260=EDGE_CURVE('',#4212,#4213,#1634,.T.);
#5261=EDGE_CURVE('',#4207,#4212,#1635,.T.);
#5262=EDGE_CURVE('',#4208,#4213,#1636,.T.);
#5263=EDGE_CURVE('',#4214,#4215,#1637,.T.);
#5264=EDGE_CURVE('',#4215,#4216,#1638,.T.);
#5265=EDGE_CURVE('',#4217,#4216,#1639,.T.);
#5266=EDGE_CURVE('',#4214,#4217,#1640,.T.);
#5267=EDGE_CURVE('',#4218,#4214,#1641,.T.);
#5268=EDGE_CURVE('',#4219,#4217,#1642,.T.);
#5269=EDGE_CURVE('',#4218,#4219,#1643,.T.);
#5270=EDGE_CURVE('',#4220,#4218,#1644,.T.);
#5271=EDGE_CURVE('',#4221,#4219,#1645,.T.);
#5272=EDGE_CURVE('',#4220,#4221,#1646,.T.);
#5273=EDGE_CURVE('',#4215,#4220,#1647,.T.);
#5274=EDGE_CURVE('',#4216,#4221,#1648,.T.);
#5275=EDGE_CURVE('',#4222,#4223,#1649,.T.);
#5276=EDGE_CURVE('',#4223,#4224,#1650,.T.);
#5277=EDGE_CURVE('',#4225,#4224,#1651,.T.);
#5278=EDGE_CURVE('',#4222,#4225,#1652,.T.);
#5279=EDGE_CURVE('',#4226,#4222,#1653,.T.);
#5280=EDGE_CURVE('',#4227,#4225,#1654,.T.);
#5281=EDGE_CURVE('',#4226,#4227,#1655,.T.);
#5282=EDGE_CURVE('',#4228,#4226,#1656,.T.);
#5283=EDGE_CURVE('',#4229,#4227,#1657,.T.);
#5284=EDGE_CURVE('',#4228,#4229,#1658,.T.);
#5285=EDGE_CURVE('',#4223,#4228,#1659,.T.);
#5286=EDGE_CURVE('',#4224,#4229,#1660,.T.);
#5287=EDGE_CURVE('',#4230,#4231,#1661,.T.);
#5288=EDGE_CURVE('',#4230,#4232,#1662,.T.);
#5289=EDGE_CURVE('',#4233,#4232,#1663,.T.);
#5290=EDGE_CURVE('',#4231,#4233,#1664,.T.);
#5291=EDGE_CURVE('',#4231,#4234,#1665,.T.);
#5292=EDGE_CURVE('',#4235,#4233,#1666,.T.);
#5293=EDGE_CURVE('',#4234,#4235,#1667,.T.);
#5294=EDGE_CURVE('',#4234,#4236,#1668,.T.);
#5295=EDGE_CURVE('',#4237,#4235,#1669,.T.);
#5296=EDGE_CURVE('',#4236,#4237,#1670,.T.);
#5297=EDGE_CURVE('',#4236,#4238,#1671,.T.);
#5298=EDGE_CURVE('',#4239,#4237,#1672,.T.);
#5299=EDGE_CURVE('',#4238,#4239,#1673,.T.);
#5300=EDGE_CURVE('',#4240,#4238,#1674,.T.);
#5301=EDGE_CURVE('',#4241,#4239,#1675,.T.);
#5302=EDGE_CURVE('',#4240,#4241,#1676,.T.);
#5303=EDGE_CURVE('',#4240,#4242,#1677,.T.);
#5304=EDGE_CURVE('',#4243,#4241,#1678,.T.);
#5305=EDGE_CURVE('',#4242,#4243,#1679,.T.);
#5306=EDGE_CURVE('',#4244,#4242,#1680,.T.);
#5307=EDGE_CURVE('',#4245,#4243,#1681,.T.);
#5308=EDGE_CURVE('',#4244,#4245,#1682,.T.);
#5309=EDGE_CURVE('',#4246,#4244,#1683,.T.);
#5310=EDGE_CURVE('',#4247,#4245,#1684,.T.);
#5311=EDGE_CURVE('',#4246,#4247,#1685,.T.);
#5312=EDGE_CURVE('',#4248,#4246,#1686,.T.);
#5313=EDGE_CURVE('',#4249,#4247,#1687,.T.);
#5314=EDGE_CURVE('',#4248,#4249,#1688,.T.);
#5315=EDGE_CURVE('',#4250,#4248,#1689,.T.);
#5316=EDGE_CURVE('',#4251,#4249,#1690,.T.);
#5317=EDGE_CURVE('',#4250,#4251,#1691,.T.);
#5318=EDGE_CURVE('',#4252,#4250,#1692,.T.);
#5319=EDGE_CURVE('',#4253,#4251,#1693,.T.);
#5320=EDGE_CURVE('',#4252,#4253,#1694,.T.);
#5321=EDGE_CURVE('',#4254,#4252,#1695,.T.);
#5322=EDGE_CURVE('',#4255,#4253,#1696,.T.);
#5323=EDGE_CURVE('',#4254,#4255,#1697,.T.);
#5324=EDGE_CURVE('',#4256,#4254,#1698,.T.);
#5325=EDGE_CURVE('',#4257,#4255,#1699,.T.);
#5326=EDGE_CURVE('',#4256,#4257,#1700,.T.);
#5327=EDGE_CURVE('',#4258,#4256,#1701,.T.);
#5328=EDGE_CURVE('',#4259,#4257,#1702,.T.);
#5329=EDGE_CURVE('',#4258,#4259,#1703,.T.);
#5330=EDGE_CURVE('',#4258,#4260,#1704,.T.);
#5331=EDGE_CURVE('',#4261,#4259,#1705,.T.);
#5332=EDGE_CURVE('',#4260,#4261,#1706,.T.);
#5333=EDGE_CURVE('',#4260,#4262,#1707,.T.);
#5334=EDGE_CURVE('',#4263,#4261,#1708,.T.);
#5335=EDGE_CURVE('',#4262,#4263,#1709,.T.);
#5336=EDGE_CURVE('',#4262,#4264,#1710,.T.);
#5337=EDGE_CURVE('',#4265,#4263,#1711,.T.);
#5338=EDGE_CURVE('',#4264,#4265,#1712,.T.);
#5339=EDGE_CURVE('',#4264,#4266,#1713,.T.);
#5340=EDGE_CURVE('',#4267,#4265,#1714,.T.);
#5341=EDGE_CURVE('',#4266,#4267,#1715,.T.);
#5342=EDGE_CURVE('',#4266,#4268,#1716,.T.);
#5343=EDGE_CURVE('',#4269,#4267,#1717,.T.);
#5344=EDGE_CURVE('',#4268,#4269,#1718,.T.);
#5345=EDGE_CURVE('',#4270,#4268,#1719,.T.);
#5346=EDGE_CURVE('',#4271,#4269,#1720,.T.);
#5347=EDGE_CURVE('',#4270,#4271,#1721,.T.);
#5348=EDGE_CURVE('',#4270,#4272,#1722,.T.);
#5349=EDGE_CURVE('',#4273,#4271,#1723,.T.);
#5350=EDGE_CURVE('',#4272,#4273,#1724,.T.);
#5351=EDGE_CURVE('',#4274,#4272,#1725,.T.);
#5352=EDGE_CURVE('',#4275,#4273,#1726,.T.);
#5353=EDGE_CURVE('',#4274,#4275,#1727,.T.);
#5354=EDGE_CURVE('',#4276,#4274,#1728,.T.);
#5355=EDGE_CURVE('',#4277,#4275,#1729,.T.);
#5356=EDGE_CURVE('',#4276,#4277,#1730,.T.);
#5357=EDGE_CURVE('',#4278,#4276,#1731,.T.);
#5358=EDGE_CURVE('',#4279,#4277,#1732,.T.);
#5359=EDGE_CURVE('',#4278,#4279,#1733,.T.);
#5360=EDGE_CURVE('',#4280,#4278,#1734,.T.);
#5361=EDGE_CURVE('',#4281,#4279,#1735,.T.);
#5362=EDGE_CURVE('',#4280,#4281,#1736,.T.);
#5363=EDGE_CURVE('',#4282,#4280,#1737,.T.);
#5364=EDGE_CURVE('',#4283,#4281,#1738,.T.);
#5365=EDGE_CURVE('',#4282,#4283,#1739,.T.);
#5366=EDGE_CURVE('',#4284,#4282,#1740,.T.);
#5367=EDGE_CURVE('',#4285,#4283,#1741,.T.);
#5368=EDGE_CURVE('',#4284,#4285,#1742,.T.);
#5369=EDGE_CURVE('',#4286,#4284,#1743,.T.);
#5370=EDGE_CURVE('',#4287,#4285,#1744,.T.);
#5371=EDGE_CURVE('',#4286,#4287,#1745,.T.);
#5372=EDGE_CURVE('',#4288,#4286,#1746,.T.);
#5373=EDGE_CURVE('',#4289,#4287,#1747,.T.);
#5374=EDGE_CURVE('',#4288,#4289,#1748,.T.);
#5375=EDGE_CURVE('',#4288,#4290,#1749,.T.);
#5376=EDGE_CURVE('',#4291,#4289,#1750,.T.);
#5377=EDGE_CURVE('',#4290,#4291,#1751,.T.);
#5378=EDGE_CURVE('',#4290,#4292,#1752,.T.);
#5379=EDGE_CURVE('',#4293,#4291,#1753,.T.);
#5380=EDGE_CURVE('',#4292,#4293,#1754,.T.);
#5381=EDGE_CURVE('',#4292,#4294,#1755,.T.);
#5382=EDGE_CURVE('',#4295,#4293,#1756,.T.);
#5383=EDGE_CURVE('',#4294,#4295,#1757,.T.);
#5384=EDGE_CURVE('',#4294,#4296,#1758,.T.);
#5385=EDGE_CURVE('',#4297,#4295,#1759,.T.);
#5386=EDGE_CURVE('',#4296,#4297,#1760,.T.);
#5387=EDGE_CURVE('',#4296,#4298,#1761,.T.);
#5388=EDGE_CURVE('',#4299,#4297,#1762,.T.);
#5389=EDGE_CURVE('',#4298,#4299,#1763,.T.);
#5390=EDGE_CURVE('',#4300,#4298,#1764,.T.);
#5391=EDGE_CURVE('',#4301,#4299,#1765,.T.);
#5392=EDGE_CURVE('',#4300,#4301,#1766,.T.);
#5393=EDGE_CURVE('',#4300,#4302,#1767,.T.);
#5394=EDGE_CURVE('',#4303,#4301,#1768,.T.);
#5395=EDGE_CURVE('',#4302,#4303,#1769,.T.);
#5396=EDGE_CURVE('',#4304,#4302,#1770,.T.);
#5397=EDGE_CURVE('',#4305,#4303,#1771,.T.);
#5398=EDGE_CURVE('',#4304,#4305,#1772,.T.);
#5399=EDGE_CURVE('',#4306,#4304,#1773,.T.);
#5400=EDGE_CURVE('',#4307,#4305,#1774,.T.);
#5401=EDGE_CURVE('',#4306,#4307,#1775,.T.);
#5402=EDGE_CURVE('',#4308,#4306,#1776,.T.);
#5403=EDGE_CURVE('',#4309,#4307,#1777,.T.);
#5404=EDGE_CURVE('',#4308,#4309,#1778,.T.);
#5405=EDGE_CURVE('',#4310,#4308,#1779,.T.);
#5406=EDGE_CURVE('',#4311,#4309,#1780,.T.);
#5407=EDGE_CURVE('',#4310,#4311,#1781,.T.);
#5408=EDGE_CURVE('',#4310,#4312,#1782,.T.);
#5409=EDGE_CURVE('',#4313,#4311,#1783,.T.);
#5410=EDGE_CURVE('',#4312,#4313,#1784,.T.);
#5411=EDGE_CURVE('',#4312,#4314,#1785,.T.);
#5412=EDGE_CURVE('',#4315,#4313,#1786,.T.);
#5413=EDGE_CURVE('',#4314,#4315,#1787,.T.);
#5414=EDGE_CURVE('',#4316,#4314,#1788,.T.);
#5415=EDGE_CURVE('',#4317,#4315,#1789,.T.);
#5416=EDGE_CURVE('',#4316,#4317,#1790,.T.);
#5417=EDGE_CURVE('',#4316,#4318,#1791,.T.);
#5418=EDGE_CURVE('',#4319,#4317,#1792,.T.);
#5419=EDGE_CURVE('',#4318,#4319,#1793,.T.);
#5420=EDGE_CURVE('',#4318,#4320,#1794,.T.);
#5421=EDGE_CURVE('',#4321,#4319,#1795,.T.);
#5422=EDGE_CURVE('',#4320,#4321,#1796,.T.);
#5423=EDGE_CURVE('',#4320,#4322,#1797,.T.);
#5424=EDGE_CURVE('',#4323,#4321,#1798,.T.);
#5425=EDGE_CURVE('',#4322,#4323,#1799,.T.);
#5426=EDGE_CURVE('',#4322,#4324,#1800,.T.);
#5427=EDGE_CURVE('',#4325,#4323,#1801,.T.);
#5428=EDGE_CURVE('',#4324,#4325,#1802,.T.);
#5429=EDGE_CURVE('',#4324,#4326,#1803,.T.);
#5430=EDGE_CURVE('',#4327,#4325,#1804,.T.);
#5431=EDGE_CURVE('',#4326,#4327,#1805,.T.);
#5432=EDGE_CURVE('',#4326,#4328,#1806,.T.);
#5433=EDGE_CURVE('',#4329,#4327,#1807,.T.);
#5434=EDGE_CURVE('',#4328,#4329,#1808,.T.);
#5435=EDGE_CURVE('',#4330,#4328,#1809,.T.);
#5436=EDGE_CURVE('',#4331,#4329,#1810,.T.);
#5437=EDGE_CURVE('',#4330,#4331,#1811,.T.);
#5438=EDGE_CURVE('',#4332,#4330,#1812,.T.);
#5439=EDGE_CURVE('',#4333,#4331,#1813,.T.);
#5440=EDGE_CURVE('',#4332,#4333,#1814,.T.);
#5441=EDGE_CURVE('',#4334,#4332,#1815,.T.);
#5442=EDGE_CURVE('',#4335,#4333,#1816,.T.);
#5443=EDGE_CURVE('',#4334,#4335,#1817,.T.);
#5444=EDGE_CURVE('',#4334,#4336,#1818,.T.);
#5445=EDGE_CURVE('',#4337,#4335,#1819,.T.);
#5446=EDGE_CURVE('',#4336,#4337,#1820,.T.);
#5447=EDGE_CURVE('',#4338,#4336,#1821,.T.);
#5448=EDGE_CURVE('',#4339,#4337,#1822,.T.);
#5449=EDGE_CURVE('',#4338,#4339,#1823,.T.);
#5450=EDGE_CURVE('',#4340,#4338,#1824,.T.);
#5451=EDGE_CURVE('',#4341,#4339,#1825,.T.);
#5452=EDGE_CURVE('',#4340,#4341,#1826,.T.);
#5453=EDGE_CURVE('',#4342,#4340,#1827,.T.);
#5454=EDGE_CURVE('',#4343,#4341,#1828,.T.);
#5455=EDGE_CURVE('',#4342,#4343,#1829,.T.);
#5456=EDGE_CURVE('',#4344,#4342,#1830,.T.);
#5457=EDGE_CURVE('',#4345,#4343,#1831,.T.);
#5458=EDGE_CURVE('',#4344,#4345,#1832,.T.);
#5459=EDGE_CURVE('',#4346,#4344,#1833,.T.);
#5460=EDGE_CURVE('',#4347,#4345,#1834,.T.);
#5461=EDGE_CURVE('',#4346,#4347,#1835,.T.);
#5462=EDGE_CURVE('',#4348,#4346,#1836,.T.);
#5463=EDGE_CURVE('',#4349,#4347,#1837,.T.);
#5464=EDGE_CURVE('',#4348,#4349,#1838,.T.);
#5465=EDGE_CURVE('',#4350,#4348,#1839,.T.);
#5466=EDGE_CURVE('',#4351,#4349,#1840,.T.);
#5467=EDGE_CURVE('',#4350,#4351,#1841,.T.);
#5468=EDGE_CURVE('',#4352,#4350,#1842,.T.);
#5469=EDGE_CURVE('',#4353,#4351,#1843,.T.);
#5470=EDGE_CURVE('',#4352,#4353,#1844,.T.);
#5471=EDGE_CURVE('',#4352,#4230,#1845,.T.);
#5472=EDGE_CURVE('',#4232,#4353,#1846,.T.);
#5473=EDGE_CURVE('',#4354,#4355,#1847,.T.);
#5474=EDGE_CURVE('',#4355,#4356,#1848,.T.);
#5475=EDGE_CURVE('',#4357,#4356,#1849,.T.);
#5476=EDGE_CURVE('',#4354,#4357,#1850,.T.);
#5477=EDGE_CURVE('',#4358,#4354,#1851,.T.);
#5478=EDGE_CURVE('',#4359,#4357,#1852,.T.);
#5479=EDGE_CURVE('',#4358,#4359,#1853,.T.);
#5480=EDGE_CURVE('',#4360,#4358,#1854,.T.);
#5481=EDGE_CURVE('',#4361,#4359,#1855,.T.);
#5482=EDGE_CURVE('',#4360,#4361,#1856,.T.);
#5483=EDGE_CURVE('',#4355,#4360,#1857,.T.);
#5484=EDGE_CURVE('',#4356,#4361,#1858,.T.);
#5485=EDGE_CURVE('',#4362,#4362,#217,.T.);
#5486=EDGE_CURVE('',#4362,#4363,#1859,.T.);
#5487=EDGE_CURVE('',#4363,#4363,#218,.T.);
#5488=EDGE_CURVE('',#4364,#4365,#1860,.T.);
#5489=EDGE_CURVE('',#4365,#4366,#1861,.T.);
#5490=EDGE_CURVE('',#4367,#4366,#1862,.T.);
#5491=EDGE_CURVE('',#4364,#4367,#1863,.T.);
#5492=EDGE_CURVE('',#4368,#4364,#1864,.T.);
#5493=EDGE_CURVE('',#4369,#4367,#1865,.T.);
#5494=EDGE_CURVE('',#4368,#4369,#1866,.T.);
#5495=EDGE_CURVE('',#4370,#4368,#1867,.T.);
#5496=EDGE_CURVE('',#4371,#4369,#1868,.T.);
#5497=EDGE_CURVE('',#4370,#4371,#1869,.T.);
#5498=EDGE_CURVE('',#4365,#4370,#1870,.T.);
#5499=EDGE_CURVE('',#4366,#4371,#1871,.T.);
#5500=EDGE_CURVE('',#4372,#4373,#1872,.T.);
#5501=EDGE_CURVE('',#4373,#4374,#1873,.T.);
#5502=EDGE_CURVE('',#4375,#4374,#1874,.T.);
#5503=EDGE_CURVE('',#4372,#4375,#1875,.T.);
#5504=EDGE_CURVE('',#4376,#4372,#1876,.T.);
#5505=EDGE_CURVE('',#4377,#4375,#1877,.T.);
#5506=EDGE_CURVE('',#4376,#4377,#1878,.T.);
#5507=EDGE_CURVE('',#4378,#4376,#1879,.T.);
#5508=EDGE_CURVE('',#4379,#4377,#1880,.T.);
#5509=EDGE_CURVE('',#4378,#4379,#1881,.T.);
#5510=EDGE_CURVE('',#4373,#4378,#1882,.T.);
#5511=EDGE_CURVE('',#4374,#4379,#1883,.T.);
#5512=EDGE_CURVE('',#4380,#4381,#1884,.T.);
#5513=EDGE_CURVE('',#4381,#4382,#1885,.T.);
#5514=EDGE_CURVE('',#4383,#4382,#1886,.T.);
#5515=EDGE_CURVE('',#4380,#4383,#1887,.T.);
#5516=EDGE_CURVE('',#4384,#4380,#1888,.T.);
#5517=EDGE_CURVE('',#4385,#4383,#1889,.T.);
#5518=EDGE_CURVE('',#4384,#4385,#1890,.T.);
#5519=EDGE_CURVE('',#4386,#4384,#1891,.T.);
#5520=EDGE_CURVE('',#4387,#4385,#1892,.T.);
#5521=EDGE_CURVE('',#4386,#4387,#1893,.T.);
#5522=EDGE_CURVE('',#4381,#4386,#1894,.T.);
#5523=EDGE_CURVE('',#4382,#4387,#1895,.T.);
#5524=EDGE_CURVE('',#4388,#4389,#1896,.T.);
#5525=EDGE_CURVE('',#4388,#4390,#1897,.T.);
#5526=EDGE_CURVE('',#4391,#4390,#1898,.T.);
#5527=EDGE_CURVE('',#4389,#4391,#1899,.T.);
#5528=EDGE_CURVE('',#4389,#4392,#1900,.T.);
#5529=EDGE_CURVE('',#4393,#4391,#1901,.T.);
#5530=EDGE_CURVE('',#4392,#4393,#1902,.T.);
#5531=EDGE_CURVE('',#4392,#4394,#1903,.T.);
#5532=EDGE_CURVE('',#4395,#4393,#1904,.T.);
#5533=EDGE_CURVE('',#4394,#4395,#1905,.T.);
#5534=EDGE_CURVE('',#4394,#4396,#1906,.T.);
#5535=EDGE_CURVE('',#4397,#4395,#1907,.T.);
#5536=EDGE_CURVE('',#4396,#4397,#1908,.T.);
#5537=EDGE_CURVE('',#4398,#4396,#1909,.T.);
#5538=EDGE_CURVE('',#4399,#4397,#1910,.T.);
#5539=EDGE_CURVE('',#4398,#4399,#1911,.T.);
#5540=EDGE_CURVE('',#4398,#4400,#1912,.T.);
#5541=EDGE_CURVE('',#4401,#4399,#1913,.T.);
#5542=EDGE_CURVE('',#4400,#4401,#1914,.T.);
#5543=EDGE_CURVE('',#4402,#4400,#1915,.T.);
#5544=EDGE_CURVE('',#4403,#4401,#1916,.T.);
#5545=EDGE_CURVE('',#4402,#4403,#1917,.T.);
#5546=EDGE_CURVE('',#4404,#4402,#1918,.T.);
#5547=EDGE_CURVE('',#4405,#4403,#1919,.T.);
#5548=EDGE_CURVE('',#4404,#4405,#1920,.T.);
#5549=EDGE_CURVE('',#4406,#4404,#1921,.T.);
#5550=EDGE_CURVE('',#4407,#4405,#1922,.T.);
#5551=EDGE_CURVE('',#4406,#4407,#1923,.T.);
#5552=EDGE_CURVE('',#4408,#4406,#1924,.T.);
#5553=EDGE_CURVE('',#4409,#4407,#1925,.T.);
#5554=EDGE_CURVE('',#4408,#4409,#1926,.T.);
#5555=EDGE_CURVE('',#4410,#4408,#1927,.T.);
#5556=EDGE_CURVE('',#4411,#4409,#1928,.T.);
#5557=EDGE_CURVE('',#4410,#4411,#1929,.T.);
#5558=EDGE_CURVE('',#4412,#4410,#1930,.T.);
#5559=EDGE_CURVE('',#4413,#4411,#1931,.T.);
#5560=EDGE_CURVE('',#4412,#4413,#1932,.T.);
#5561=EDGE_CURVE('',#4414,#4412,#1933,.T.);
#5562=EDGE_CURVE('',#4415,#4413,#1934,.T.);
#5563=EDGE_CURVE('',#4414,#4415,#1935,.T.);
#5564=EDGE_CURVE('',#4416,#4414,#1936,.T.);
#5565=EDGE_CURVE('',#4417,#4415,#1937,.T.);
#5566=EDGE_CURVE('',#4416,#4417,#1938,.T.);
#5567=EDGE_CURVE('',#4416,#4418,#1939,.T.);
#5568=EDGE_CURVE('',#4419,#4417,#1940,.T.);
#5569=EDGE_CURVE('',#4418,#4419,#1941,.T.);
#5570=EDGE_CURVE('',#4418,#4420,#1942,.T.);
#5571=EDGE_CURVE('',#4421,#4419,#1943,.T.);
#5572=EDGE_CURVE('',#4420,#4421,#1944,.T.);
#5573=EDGE_CURVE('',#4420,#4422,#1945,.T.);
#5574=EDGE_CURVE('',#4423,#4421,#1946,.T.);
#5575=EDGE_CURVE('',#4422,#4423,#1947,.T.);
#5576=EDGE_CURVE('',#4422,#4424,#1948,.T.);
#5577=EDGE_CURVE('',#4425,#4423,#1949,.T.);
#5578=EDGE_CURVE('',#4424,#4425,#1950,.T.);
#5579=EDGE_CURVE('',#4424,#4426,#1951,.T.);
#5580=EDGE_CURVE('',#4427,#4425,#1952,.T.);
#5581=EDGE_CURVE('',#4426,#4427,#1953,.T.);
#5582=EDGE_CURVE('',#4428,#4426,#1954,.T.);
#5583=EDGE_CURVE('',#4429,#4427,#1955,.T.);
#5584=EDGE_CURVE('',#4428,#4429,#1956,.T.);
#5585=EDGE_CURVE('',#4428,#4430,#1957,.T.);
#5586=EDGE_CURVE('',#4431,#4429,#1958,.T.);
#5587=EDGE_CURVE('',#4430,#4431,#1959,.T.);
#5588=EDGE_CURVE('',#4432,#4430,#1960,.T.);
#5589=EDGE_CURVE('',#4433,#4431,#1961,.T.);
#5590=EDGE_CURVE('',#4432,#4433,#1962,.T.);
#5591=EDGE_CURVE('',#4434,#4432,#1963,.T.);
#5592=EDGE_CURVE('',#4435,#4433,#1964,.T.);
#5593=EDGE_CURVE('',#4434,#4435,#1965,.T.);
#5594=EDGE_CURVE('',#4436,#4434,#1966,.T.);
#5595=EDGE_CURVE('',#4437,#4435,#1967,.T.);
#5596=EDGE_CURVE('',#4436,#4437,#1968,.T.);
#5597=EDGE_CURVE('',#4438,#4436,#1969,.T.);
#5598=EDGE_CURVE('',#4439,#4437,#1970,.T.);
#5599=EDGE_CURVE('',#4438,#4439,#1971,.T.);
#5600=EDGE_CURVE('',#4440,#4438,#1972,.T.);
#5601=EDGE_CURVE('',#4441,#4439,#1973,.T.);
#5602=EDGE_CURVE('',#4440,#4441,#1974,.T.);
#5603=EDGE_CURVE('',#4442,#4440,#1975,.T.);
#5604=EDGE_CURVE('',#4443,#4441,#1976,.T.);
#5605=EDGE_CURVE('',#4442,#4443,#1977,.T.);
#5606=EDGE_CURVE('',#4444,#4442,#1978,.T.);
#5607=EDGE_CURVE('',#4445,#4443,#1979,.T.);
#5608=EDGE_CURVE('',#4444,#4445,#1980,.T.);
#5609=EDGE_CURVE('',#4446,#4444,#1981,.T.);
#5610=EDGE_CURVE('',#4447,#4445,#1982,.T.);
#5611=EDGE_CURVE('',#4446,#4447,#1983,.T.);
#5612=EDGE_CURVE('',#4446,#4448,#1984,.T.);
#5613=EDGE_CURVE('',#4449,#4447,#1985,.T.);
#5614=EDGE_CURVE('',#4448,#4449,#1986,.T.);
#5615=EDGE_CURVE('',#4448,#4450,#1987,.T.);
#5616=EDGE_CURVE('',#4451,#4449,#1988,.T.);
#5617=EDGE_CURVE('',#4450,#4451,#1989,.T.);
#5618=EDGE_CURVE('',#4450,#4452,#1990,.T.);
#5619=EDGE_CURVE('',#4453,#4451,#1991,.T.);
#5620=EDGE_CURVE('',#4452,#4453,#1992,.T.);
#5621=EDGE_CURVE('',#4452,#4454,#1993,.T.);
#5622=EDGE_CURVE('',#4455,#4453,#1994,.T.);
#5623=EDGE_CURVE('',#4454,#4455,#1995,.T.);
#5624=EDGE_CURVE('',#4454,#4456,#1996,.T.);
#5625=EDGE_CURVE('',#4457,#4455,#1997,.T.);
#5626=EDGE_CURVE('',#4456,#4457,#1998,.T.);
#5627=EDGE_CURVE('',#4458,#4456,#1999,.T.);
#5628=EDGE_CURVE('',#4459,#4457,#2000,.T.);
#5629=EDGE_CURVE('',#4458,#4459,#2001,.T.);
#5630=EDGE_CURVE('',#4458,#4460,#2002,.T.);
#5631=EDGE_CURVE('',#4461,#4459,#2003,.T.);
#5632=EDGE_CURVE('',#4460,#4461,#2004,.T.);
#5633=EDGE_CURVE('',#4462,#4460,#2005,.T.);
#5634=EDGE_CURVE('',#4463,#4461,#2006,.T.);
#5635=EDGE_CURVE('',#4462,#4463,#2007,.T.);
#5636=EDGE_CURVE('',#4464,#4462,#2008,.T.);
#5637=EDGE_CURVE('',#4465,#4463,#2009,.T.);
#5638=EDGE_CURVE('',#4464,#4465,#2010,.T.);
#5639=EDGE_CURVE('',#4466,#4464,#2011,.T.);
#5640=EDGE_CURVE('',#4467,#4465,#2012,.T.);
#5641=EDGE_CURVE('',#4466,#4467,#2013,.T.);
#5642=EDGE_CURVE('',#4468,#4466,#2014,.T.);
#5643=EDGE_CURVE('',#4469,#4467,#2015,.T.);
#5644=EDGE_CURVE('',#4468,#4469,#2016,.T.);
#5645=EDGE_CURVE('',#4468,#4470,#2017,.T.);
#5646=EDGE_CURVE('',#4471,#4469,#2018,.T.);
#5647=EDGE_CURVE('',#4470,#4471,#2019,.T.);
#5648=EDGE_CURVE('',#4470,#4472,#2020,.T.);
#5649=EDGE_CURVE('',#4473,#4471,#2021,.T.);
#5650=EDGE_CURVE('',#4472,#4473,#2022,.T.);
#5651=EDGE_CURVE('',#4474,#4472,#2023,.T.);
#5652=EDGE_CURVE('',#4475,#4473,#2024,.T.);
#5653=EDGE_CURVE('',#4474,#4475,#2025,.T.);
#5654=EDGE_CURVE('',#4474,#4476,#2026,.T.);
#5655=EDGE_CURVE('',#4477,#4475,#2027,.T.);
#5656=EDGE_CURVE('',#4476,#4477,#2028,.T.);
#5657=EDGE_CURVE('',#4476,#4478,#2029,.T.);
#5658=EDGE_CURVE('',#4479,#4477,#2030,.T.);
#5659=EDGE_CURVE('',#4478,#4479,#2031,.T.);
#5660=EDGE_CURVE('',#4478,#4480,#2032,.T.);
#5661=EDGE_CURVE('',#4481,#4479,#2033,.T.);
#5662=EDGE_CURVE('',#4480,#4481,#2034,.T.);
#5663=EDGE_CURVE('',#4480,#4482,#2035,.T.);
#5664=EDGE_CURVE('',#4483,#4481,#2036,.T.);
#5665=EDGE_CURVE('',#4482,#4483,#2037,.T.);
#5666=EDGE_CURVE('',#4482,#4484,#2038,.T.);
#5667=EDGE_CURVE('',#4485,#4483,#2039,.T.);
#5668=EDGE_CURVE('',#4484,#4485,#2040,.T.);
#5669=EDGE_CURVE('',#4484,#4486,#2041,.T.);
#5670=EDGE_CURVE('',#4487,#4485,#2042,.T.);
#5671=EDGE_CURVE('',#4486,#4487,#2043,.T.);
#5672=EDGE_CURVE('',#4488,#4486,#2044,.T.);
#5673=EDGE_CURVE('',#4489,#4487,#2045,.T.);
#5674=EDGE_CURVE('',#4488,#4489,#2046,.T.);
#5675=EDGE_CURVE('',#4490,#4488,#2047,.T.);
#5676=EDGE_CURVE('',#4491,#4489,#2048,.T.);
#5677=EDGE_CURVE('',#4490,#4491,#2049,.T.);
#5678=EDGE_CURVE('',#4492,#4490,#2050,.T.);
#5679=EDGE_CURVE('',#4493,#4491,#2051,.T.);
#5680=EDGE_CURVE('',#4492,#4493,#2052,.T.);
#5681=EDGE_CURVE('',#4492,#4494,#2053,.T.);
#5682=EDGE_CURVE('',#4495,#4493,#2054,.T.);
#5683=EDGE_CURVE('',#4494,#4495,#2055,.T.);
#5684=EDGE_CURVE('',#4496,#4494,#2056,.T.);
#5685=EDGE_CURVE('',#4497,#4495,#2057,.T.);
#5686=EDGE_CURVE('',#4496,#4497,#2058,.T.);
#5687=EDGE_CURVE('',#4498,#4496,#2059,.T.);
#5688=EDGE_CURVE('',#4499,#4497,#2060,.T.);
#5689=EDGE_CURVE('',#4498,#4499,#2061,.T.);
#5690=EDGE_CURVE('',#4500,#4498,#2062,.T.);
#5691=EDGE_CURVE('',#4501,#4499,#2063,.T.);
#5692=EDGE_CURVE('',#4500,#4501,#2064,.T.);
#5693=EDGE_CURVE('',#4502,#4500,#2065,.T.);
#5694=EDGE_CURVE('',#4503,#4501,#2066,.T.);
#5695=EDGE_CURVE('',#4502,#4503,#2067,.T.);
#5696=EDGE_CURVE('',#4504,#4502,#2068,.T.);
#5697=EDGE_CURVE('',#4505,#4503,#2069,.T.);
#5698=EDGE_CURVE('',#4504,#4505,#2070,.T.);
#5699=EDGE_CURVE('',#4506,#4504,#2071,.T.);
#5700=EDGE_CURVE('',#4507,#4505,#2072,.T.);
#5701=EDGE_CURVE('',#4506,#4507,#2073,.T.);
#5702=EDGE_CURVE('',#4508,#4506,#2074,.T.);
#5703=EDGE_CURVE('',#4509,#4507,#2075,.T.);
#5704=EDGE_CURVE('',#4508,#4509,#2076,.T.);
#5705=EDGE_CURVE('',#4510,#4508,#2077,.T.);
#5706=EDGE_CURVE('',#4511,#4509,#2078,.T.);
#5707=EDGE_CURVE('',#4510,#4511,#2079,.T.);
#5708=EDGE_CURVE('',#4510,#4388,#2080,.T.);
#5709=EDGE_CURVE('',#4390,#4511,#2081,.T.);
#5710=EDGE_CURVE('',#4512,#4513,#2082,.T.);
#5711=EDGE_CURVE('',#4513,#4514,#2083,.T.);
#5712=EDGE_CURVE('',#4515,#4514,#2084,.T.);
#5713=EDGE_CURVE('',#4512,#4515,#2085,.T.);
#5714=EDGE_CURVE('',#4516,#4512,#2086,.T.);
#5715=EDGE_CURVE('',#4517,#4515,#2087,.T.);
#5716=EDGE_CURVE('',#4516,#4517,#2088,.T.);
#5717=EDGE_CURVE('',#4518,#4516,#2089,.T.);
#5718=EDGE_CURVE('',#4519,#4517,#2090,.T.);
#5719=EDGE_CURVE('',#4518,#4519,#2091,.T.);
#5720=EDGE_CURVE('',#4513,#4518,#2092,.T.);
#5721=EDGE_CURVE('',#4514,#4519,#2093,.T.);
#5722=EDGE_CURVE('',#4520,#4521,#2094,.T.);
#5723=EDGE_CURVE('',#4521,#4522,#2095,.T.);
#5724=EDGE_CURVE('',#4523,#4522,#2096,.T.);
#5725=EDGE_CURVE('',#4520,#4523,#2097,.T.);
#5726=EDGE_CURVE('',#4524,#4520,#2098,.T.);
#5727=EDGE_CURVE('',#4525,#4523,#2099,.T.);
#5728=EDGE_CURVE('',#4524,#4525,#2100,.T.);
#5729=EDGE_CURVE('',#4526,#4524,#2101,.T.);
#5730=EDGE_CURVE('',#4527,#4525,#2102,.T.);
#5731=EDGE_CURVE('',#4526,#4527,#2103,.T.);
#5732=EDGE_CURVE('',#4521,#4526,#2104,.T.);
#5733=EDGE_CURVE('',#4522,#4527,#2105,.T.);
#5734=EDGE_CURVE('',#4528,#4529,#2106,.T.);
#5735=EDGE_CURVE('',#4529,#4530,#2107,.T.);
#5736=EDGE_CURVE('',#4531,#4530,#2108,.T.);
#5737=EDGE_CURVE('',#4528,#4531,#2109,.T.);
#5738=EDGE_CURVE('',#4532,#4528,#2110,.T.);
#5739=EDGE_CURVE('',#4533,#4531,#2111,.T.);
#5740=EDGE_CURVE('',#4532,#4533,#2112,.T.);
#5741=EDGE_CURVE('',#4534,#4532,#2113,.T.);
#5742=EDGE_CURVE('',#4535,#4533,#2114,.T.);
#5743=EDGE_CURVE('',#4534,#4535,#2115,.T.);
#5744=EDGE_CURVE('',#4529,#4534,#2116,.T.);
#5745=EDGE_CURVE('',#4530,#4535,#2117,.T.);
#5746=EDGE_CURVE('',#4536,#4537,#2118,.T.);
#5747=EDGE_CURVE('',#4537,#4538,#2119,.T.);
#5748=EDGE_CURVE('',#4539,#4538,#2120,.T.);
#5749=EDGE_CURVE('',#4536,#4539,#2121,.T.);
#5750=EDGE_CURVE('',#4540,#4536,#2122,.T.);
#5751=EDGE_CURVE('',#4541,#4539,#2123,.T.);
#5752=EDGE_CURVE('',#4540,#4541,#2124,.T.);
#5753=EDGE_CURVE('',#4542,#4540,#2125,.T.);
#5754=EDGE_CURVE('',#4543,#4541,#2126,.T.);
#5755=EDGE_CURVE('',#4542,#4543,#2127,.T.);
#5756=EDGE_CURVE('',#4537,#4542,#2128,.T.);
#5757=EDGE_CURVE('',#4538,#4543,#2129,.T.);
#5758=EDGE_CURVE('',#4544,#4544,#219,.T.);
#5759=EDGE_CURVE('',#4544,#4545,#2130,.T.);
#5760=EDGE_CURVE('',#4545,#4545,#220,.T.);
#5761=EDGE_CURVE('',#4546,#4547,#2131,.T.);
#5762=EDGE_CURVE('',#4546,#4548,#2132,.T.);
#5763=EDGE_CURVE('',#4549,#4548,#2133,.T.);
#5764=EDGE_CURVE('',#4547,#4549,#2134,.T.);
#5765=EDGE_CURVE('',#4547,#4550,#2135,.T.);
#5766=EDGE_CURVE('',#4551,#4549,#2136,.T.);
#5767=EDGE_CURVE('',#4550,#4551,#2137,.T.);
#5768=EDGE_CURVE('',#4550,#4552,#2138,.T.);
#5769=EDGE_CURVE('',#4553,#4551,#2139,.T.);
#5770=EDGE_CURVE('',#4552,#4553,#2140,.T.);
#5771=EDGE_CURVE('',#4552,#4554,#2141,.T.);
#5772=EDGE_CURVE('',#4555,#4553,#2142,.T.);
#5773=EDGE_CURVE('',#4554,#4555,#2143,.T.);
#5774=EDGE_CURVE('',#4556,#4554,#2144,.T.);
#5775=EDGE_CURVE('',#4557,#4555,#2145,.T.);
#5776=EDGE_CURVE('',#4556,#4557,#2146,.T.);
#5777=EDGE_CURVE('',#4556,#4558,#2147,.T.);
#5778=EDGE_CURVE('',#4559,#4557,#2148,.T.);
#5779=EDGE_CURVE('',#4558,#4559,#2149,.T.);
#5780=EDGE_CURVE('',#4560,#4558,#2150,.T.);
#5781=EDGE_CURVE('',#4561,#4559,#2151,.T.);
#5782=EDGE_CURVE('',#4560,#4561,#2152,.T.);
#5783=EDGE_CURVE('',#4562,#4560,#2153,.T.);
#5784=EDGE_CURVE('',#4563,#4561,#2154,.T.);
#5785=EDGE_CURVE('',#4562,#4563,#2155,.T.);
#5786=EDGE_CURVE('',#4564,#4562,#2156,.T.);
#5787=EDGE_CURVE('',#4565,#4563,#2157,.T.);
#5788=EDGE_CURVE('',#4564,#4565,#2158,.T.);
#5789=EDGE_CURVE('',#4566,#4564,#2159,.T.);
#5790=EDGE_CURVE('',#4567,#4565,#2160,.T.);
#5791=EDGE_CURVE('',#4566,#4567,#2161,.T.);
#5792=EDGE_CURVE('',#4568,#4566,#2162,.T.);
#5793=EDGE_CURVE('',#4569,#4567,#2163,.T.);
#5794=EDGE_CURVE('',#4568,#4569,#2164,.T.);
#5795=EDGE_CURVE('',#4570,#4568,#2165,.T.);
#5796=EDGE_CURVE('',#4571,#4569,#2166,.T.);
#5797=EDGE_CURVE('',#4570,#4571,#2167,.T.);
#5798=EDGE_CURVE('',#4572,#4570,#2168,.T.);
#5799=EDGE_CURVE('',#4573,#4571,#2169,.T.);
#5800=EDGE_CURVE('',#4572,#4573,#2170,.T.);
#5801=EDGE_CURVE('',#4574,#4572,#2171,.T.);
#5802=EDGE_CURVE('',#4575,#4573,#2172,.T.);
#5803=EDGE_CURVE('',#4574,#4575,#2173,.T.);
#5804=EDGE_CURVE('',#4574,#4576,#2174,.T.);
#5805=EDGE_CURVE('',#4577,#4575,#2175,.T.);
#5806=EDGE_CURVE('',#4576,#4577,#2176,.T.);
#5807=EDGE_CURVE('',#4576,#4578,#2177,.T.);
#5808=EDGE_CURVE('',#4579,#4577,#2178,.T.);
#5809=EDGE_CURVE('',#4578,#4579,#2179,.T.);
#5810=EDGE_CURVE('',#4578,#4580,#2180,.T.);
#5811=EDGE_CURVE('',#4581,#4579,#2181,.T.);
#5812=EDGE_CURVE('',#4580,#4581,#2182,.T.);
#5813=EDGE_CURVE('',#4580,#4582,#2183,.T.);
#5814=EDGE_CURVE('',#4583,#4581,#2184,.T.);
#5815=EDGE_CURVE('',#4582,#4583,#2185,.T.);
#5816=EDGE_CURVE('',#4582,#4584,#2186,.T.);
#5817=EDGE_CURVE('',#4585,#4583,#2187,.T.);
#5818=EDGE_CURVE('',#4584,#4585,#2188,.T.);
#5819=EDGE_CURVE('',#4586,#4584,#2189,.T.);
#5820=EDGE_CURVE('',#4587,#4585,#2190,.T.);
#5821=EDGE_CURVE('',#4586,#4587,#2191,.T.);
#5822=EDGE_CURVE('',#4586,#4588,#2192,.T.);
#5823=EDGE_CURVE('',#4589,#4587,#2193,.T.);
#5824=EDGE_CURVE('',#4588,#4589,#2194,.T.);
#5825=EDGE_CURVE('',#4590,#4588,#2195,.T.);
#5826=EDGE_CURVE('',#4591,#4589,#2196,.T.);
#5827=EDGE_CURVE('',#4590,#4591,#2197,.T.);
#5828=EDGE_CURVE('',#4592,#4590,#2198,.T.);
#5829=EDGE_CURVE('',#4593,#4591,#2199,.T.);
#5830=EDGE_CURVE('',#4592,#4593,#2200,.T.);
#5831=EDGE_CURVE('',#4594,#4592,#2201,.T.);
#5832=EDGE_CURVE('',#4595,#4593,#2202,.T.);
#5833=EDGE_CURVE('',#4594,#4595,#2203,.T.);
#5834=EDGE_CURVE('',#4596,#4594,#2204,.T.);
#5835=EDGE_CURVE('',#4597,#4595,#2205,.T.);
#5836=EDGE_CURVE('',#4596,#4597,#2206,.T.);
#5837=EDGE_CURVE('',#4598,#4596,#2207,.T.);
#5838=EDGE_CURVE('',#4599,#4597,#2208,.T.);
#5839=EDGE_CURVE('',#4598,#4599,#2209,.T.);
#5840=EDGE_CURVE('',#4600,#4598,#2210,.T.);
#5841=EDGE_CURVE('',#4601,#4599,#2211,.T.);
#5842=EDGE_CURVE('',#4600,#4601,#2212,.T.);
#5843=EDGE_CURVE('',#4602,#4600,#2213,.T.);
#5844=EDGE_CURVE('',#4603,#4601,#2214,.T.);
#5845=EDGE_CURVE('',#4602,#4603,#2215,.T.);
#5846=EDGE_CURVE('',#4604,#4602,#2216,.T.);
#5847=EDGE_CURVE('',#4605,#4603,#2217,.T.);
#5848=EDGE_CURVE('',#4604,#4605,#2218,.T.);
#5849=EDGE_CURVE('',#4604,#4606,#2219,.T.);
#5850=EDGE_CURVE('',#4607,#4605,#2220,.T.);
#5851=EDGE_CURVE('',#4606,#4607,#2221,.T.);
#5852=EDGE_CURVE('',#4606,#4608,#2222,.T.);
#5853=EDGE_CURVE('',#4609,#4607,#2223,.T.);
#5854=EDGE_CURVE('',#4608,#4609,#2224,.T.);
#5855=EDGE_CURVE('',#4608,#4610,#2225,.T.);
#5856=EDGE_CURVE('',#4611,#4609,#2226,.T.);
#5857=EDGE_CURVE('',#4610,#4611,#2227,.T.);
#5858=EDGE_CURVE('',#4610,#4612,#2228,.T.);
#5859=EDGE_CURVE('',#4613,#4611,#2229,.T.);
#5860=EDGE_CURVE('',#4612,#4613,#2230,.T.);
#5861=EDGE_CURVE('',#4612,#4614,#2231,.T.);
#5862=EDGE_CURVE('',#4615,#4613,#2232,.T.);
#5863=EDGE_CURVE('',#4614,#4615,#2233,.T.);
#5864=EDGE_CURVE('',#4616,#4614,#2234,.T.);
#5865=EDGE_CURVE('',#4617,#4615,#2235,.T.);
#5866=EDGE_CURVE('',#4616,#4617,#2236,.T.);
#5867=EDGE_CURVE('',#4616,#4618,#2237,.T.);
#5868=EDGE_CURVE('',#4619,#4617,#2238,.T.);
#5869=EDGE_CURVE('',#4618,#4619,#2239,.T.);
#5870=EDGE_CURVE('',#4620,#4618,#2240,.T.);
#5871=EDGE_CURVE('',#4621,#4619,#2241,.T.);
#5872=EDGE_CURVE('',#4620,#4621,#2242,.T.);
#5873=EDGE_CURVE('',#4622,#4620,#2243,.T.);
#5874=EDGE_CURVE('',#4623,#4621,#2244,.T.);
#5875=EDGE_CURVE('',#4622,#4623,#2245,.T.);
#5876=EDGE_CURVE('',#4624,#4622,#2246,.T.);
#5877=EDGE_CURVE('',#4625,#4623,#2247,.T.);
#5878=EDGE_CURVE('',#4624,#4625,#2248,.T.);
#5879=EDGE_CURVE('',#4626,#4624,#2249,.T.);
#5880=EDGE_CURVE('',#4627,#4625,#2250,.T.);
#5881=EDGE_CURVE('',#4626,#4627,#2251,.T.);
#5882=EDGE_CURVE('',#4626,#4628,#2252,.T.);
#5883=EDGE_CURVE('',#4629,#4627,#2253,.T.);
#5884=EDGE_CURVE('',#4628,#4629,#2254,.T.);
#5885=EDGE_CURVE('',#4628,#4630,#2255,.T.);
#5886=EDGE_CURVE('',#4631,#4629,#2256,.T.);
#5887=EDGE_CURVE('',#4630,#4631,#2257,.T.);
#5888=EDGE_CURVE('',#4632,#4630,#2258,.T.);
#5889=EDGE_CURVE('',#4633,#4631,#2259,.T.);
#5890=EDGE_CURVE('',#4632,#4633,#2260,.T.);
#5891=EDGE_CURVE('',#4632,#4634,#2261,.T.);
#5892=EDGE_CURVE('',#4635,#4633,#2262,.T.);
#5893=EDGE_CURVE('',#4634,#4635,#2263,.T.);
#5894=EDGE_CURVE('',#4634,#4636,#2264,.T.);
#5895=EDGE_CURVE('',#4637,#4635,#2265,.T.);
#5896=EDGE_CURVE('',#4636,#4637,#2266,.T.);
#5897=EDGE_CURVE('',#4636,#4638,#2267,.T.);
#5898=EDGE_CURVE('',#4639,#4637,#2268,.T.);
#5899=EDGE_CURVE('',#4638,#4639,#2269,.T.);
#5900=EDGE_CURVE('',#4638,#4640,#2270,.T.);
#5901=EDGE_CURVE('',#4641,#4639,#2271,.T.);
#5902=EDGE_CURVE('',#4640,#4641,#2272,.T.);
#5903=EDGE_CURVE('',#4640,#4642,#2273,.T.);
#5904=EDGE_CURVE('',#4643,#4641,#2274,.T.);
#5905=EDGE_CURVE('',#4642,#4643,#2275,.T.);
#5906=EDGE_CURVE('',#4642,#4644,#2276,.T.);
#5907=EDGE_CURVE('',#4645,#4643,#2277,.T.);
#5908=EDGE_CURVE('',#4644,#4645,#2278,.T.);
#5909=EDGE_CURVE('',#4646,#4644,#2279,.T.);
#5910=EDGE_CURVE('',#4647,#4645,#2280,.T.);
#5911=EDGE_CURVE('',#4646,#4647,#2281,.T.);
#5912=EDGE_CURVE('',#4648,#4646,#2282,.T.);
#5913=EDGE_CURVE('',#4649,#4647,#2283,.T.);
#5914=EDGE_CURVE('',#4648,#4649,#2284,.T.);
#5915=EDGE_CURVE('',#4650,#4648,#2285,.T.);
#5916=EDGE_CURVE('',#4651,#4649,#2286,.T.);
#5917=EDGE_CURVE('',#4650,#4651,#2287,.T.);
#5918=EDGE_CURVE('',#4650,#4652,#2288,.T.);
#5919=EDGE_CURVE('',#4653,#4651,#2289,.T.);
#5920=EDGE_CURVE('',#4652,#4653,#2290,.T.);
#5921=EDGE_CURVE('',#4654,#4652,#2291,.T.);
#5922=EDGE_CURVE('',#4655,#4653,#2292,.T.);
#5923=EDGE_CURVE('',#4654,#4655,#2293,.T.);
#5924=EDGE_CURVE('',#4656,#4654,#2294,.T.);
#5925=EDGE_CURVE('',#4657,#4655,#2295,.T.);
#5926=EDGE_CURVE('',#4656,#4657,#2296,.T.);
#5927=EDGE_CURVE('',#4658,#4656,#2297,.T.);
#5928=EDGE_CURVE('',#4659,#4657,#2298,.T.);
#5929=EDGE_CURVE('',#4658,#4659,#2299,.T.);
#5930=EDGE_CURVE('',#4660,#4658,#2300,.T.);
#5931=EDGE_CURVE('',#4661,#4659,#2301,.T.);
#5932=EDGE_CURVE('',#4660,#4661,#2302,.T.);
#5933=EDGE_CURVE('',#4662,#4660,#2303,.T.);
#5934=EDGE_CURVE('',#4663,#4661,#2304,.T.);
#5935=EDGE_CURVE('',#4662,#4663,#2305,.T.);
#5936=EDGE_CURVE('',#4664,#4662,#2306,.T.);
#5937=EDGE_CURVE('',#4665,#4663,#2307,.T.);
#5938=EDGE_CURVE('',#4664,#4665,#2308,.T.);
#5939=EDGE_CURVE('',#4666,#4664,#2309,.T.);
#5940=EDGE_CURVE('',#4667,#4665,#2310,.T.);
#5941=EDGE_CURVE('',#4666,#4667,#2311,.T.);
#5942=EDGE_CURVE('',#4668,#4666,#2312,.T.);
#5943=EDGE_CURVE('',#4669,#4667,#2313,.T.);
#5944=EDGE_CURVE('',#4668,#4669,#2314,.T.);
#5945=EDGE_CURVE('',#4668,#4546,#2315,.T.);
#5946=EDGE_CURVE('',#4548,#4669,#2316,.T.);
#5947=EDGE_CURVE('',#4670,#4671,#2317,.T.);
#5948=EDGE_CURVE('',#4672,#4670,#2318,.T.);
#5949=EDGE_CURVE('',#4673,#4672,#2319,.T.);
#5950=EDGE_CURVE('',#4674,#4673,#2320,.T.);
#5951=EDGE_CURVE('',#4675,#4674,#2321,.T.);
#5952=EDGE_CURVE('',#4676,#4675,#2322,.T.);
#5953=EDGE_CURVE('',#4677,#4676,#2323,.T.);
#5954=EDGE_CURVE('',#4678,#4677,#2324,.T.);
#5955=EDGE_CURVE('',#4679,#4678,#2325,.T.);
#5956=EDGE_CURVE('',#4680,#4679,#2326,.T.);
#5957=EDGE_CURVE('',#4681,#4680,#2327,.T.);
#5958=EDGE_CURVE('',#4682,#4681,#2328,.T.);
#5959=EDGE_CURVE('',#4683,#4682,#2329,.T.);
#5960=EDGE_CURVE('',#4684,#4683,#2330,.T.);
#5961=EDGE_CURVE('',#4685,#4684,#2331,.T.);
#5962=EDGE_CURVE('',#4686,#4685,#2332,.T.);
#5963=EDGE_CURVE('',#4687,#4686,#2333,.T.);
#5964=EDGE_CURVE('',#4688,#4687,#2334,.T.);
#5965=EDGE_CURVE('',#4689,#4688,#2335,.T.);
#5966=EDGE_CURVE('',#4690,#4689,#2336,.T.);
#5967=EDGE_CURVE('',#4691,#4690,#2337,.T.);
#5968=EDGE_CURVE('',#4692,#4691,#2338,.T.);
#5969=EDGE_CURVE('',#4693,#4692,#2339,.T.);
#5970=EDGE_CURVE('',#4694,#4693,#2340,.T.);
#5971=EDGE_CURVE('',#4695,#4694,#2341,.T.);
#5972=EDGE_CURVE('',#4696,#4695,#2342,.T.);
#5973=EDGE_CURVE('',#4697,#4696,#2343,.T.);
#5974=EDGE_CURVE('',#4698,#4697,#2344,.T.);
#5975=EDGE_CURVE('',#4699,#4698,#2345,.T.);
#5976=EDGE_CURVE('',#4700,#4699,#2346,.T.);
#5977=EDGE_CURVE('',#4701,#4700,#2347,.T.);
#5978=EDGE_CURVE('',#4702,#4701,#2348,.T.);
#5979=EDGE_CURVE('',#4703,#4702,#2349,.T.);
#5980=EDGE_CURVE('',#4704,#4703,#2350,.T.);
#5981=EDGE_CURVE('',#4705,#4704,#2351,.T.);
#5982=EDGE_CURVE('',#4706,#4705,#2352,.T.);
#5983=EDGE_CURVE('',#4707,#4706,#2353,.T.);
#5984=EDGE_CURVE('',#4708,#4707,#2354,.T.);
#5985=EDGE_CURVE('',#4709,#4708,#2355,.T.);
#5986=EDGE_CURVE('',#4710,#4709,#2356,.T.);
#5987=EDGE_CURVE('',#4711,#4710,#2357,.T.);
#5988=EDGE_CURVE('',#4712,#4711,#2358,.T.);
#5989=EDGE_CURVE('',#4713,#4712,#2359,.T.);
#5990=EDGE_CURVE('',#4714,#4713,#2360,.T.);
#5991=EDGE_CURVE('',#4715,#4714,#2361,.T.);
#5992=EDGE_CURVE('',#4716,#4715,#2362,.T.);
#5993=EDGE_CURVE('',#4717,#4716,#2363,.T.);
#5994=EDGE_CURVE('',#4718,#4717,#2364,.T.);
#5995=EDGE_CURVE('',#4719,#4718,#2365,.T.);
#5996=EDGE_CURVE('',#4720,#4719,#2366,.T.);
#5997=EDGE_CURVE('',#4721,#4720,#2367,.T.);
#5998=EDGE_CURVE('',#4722,#4721,#2368,.T.);
#5999=EDGE_CURVE('',#4723,#4722,#2369,.T.);
#6000=EDGE_CURVE('',#4724,#4723,#2370,.T.);
#6001=EDGE_CURVE('',#4725,#4724,#2371,.T.);
#6002=EDGE_CURVE('',#4726,#4725,#2372,.T.);
#6003=EDGE_CURVE('',#4727,#4726,#2373,.T.);
#6004=EDGE_CURVE('',#4728,#4727,#2374,.T.);
#6005=EDGE_CURVE('',#4729,#4728,#2375,.T.);
#6006=EDGE_CURVE('',#4730,#4729,#2376,.T.);
#6007=EDGE_CURVE('',#4731,#4730,#2377,.T.);
#6008=EDGE_CURVE('',#4671,#4731,#2378,.T.);
#6009=EDGE_CURVE('',#4732,#4732,#11,.T.);
#6010=EDGE_CURVE('',#4733,#4734,#2379,.T.);
#6011=EDGE_CURVE('',#4735,#4733,#2380,.T.);
#6012=EDGE_CURVE('',#4736,#4735,#2381,.T.);
#6013=EDGE_CURVE('',#4734,#4736,#2382,.T.);
#6014=EDGE_CURVE('',#4737,#4738,#2383,.T.);
#6015=EDGE_CURVE('',#4739,#4737,#2384,.T.);
#6016=EDGE_CURVE('',#4740,#4739,#2385,.T.);
#6017=EDGE_CURVE('',#4738,#4740,#2386,.T.);
#6018=EDGE_CURVE('',#4741,#4742,#2387,.T.);
#6019=EDGE_CURVE('',#4743,#4741,#2388,.T.);
#6020=EDGE_CURVE('',#4744,#4743,#2389,.T.);
#6021=EDGE_CURVE('',#4742,#4744,#2390,.T.);
#6022=EDGE_CURVE('',#4745,#4746,#2391,.T.);
#6023=EDGE_CURVE('',#4747,#4745,#2392,.T.);
#6024=EDGE_CURVE('',#4748,#4747,#2393,.T.);
#6025=EDGE_CURVE('',#4746,#4748,#2394,.T.);
#6026=EDGE_CURVE('',#4749,#4747,#2395,.T.);
#6027=EDGE_CURVE('',#4749,#4750,#2396,.T.);
#6028=EDGE_CURVE('',#4750,#4748,#2397,.T.);
#6029=EDGE_CURVE('',#4751,#4745,#2398,.T.);
#6030=EDGE_CURVE('',#4751,#4749,#2399,.T.);
#6031=EDGE_CURVE('',#4752,#4743,#2400,.T.);
#6032=EDGE_CURVE('',#4752,#4753,#2401,.T.);
#6033=EDGE_CURVE('',#4753,#4744,#2402,.T.);
#6034=EDGE_CURVE('',#4754,#4741,#2403,.T.);
#6035=EDGE_CURVE('',#4754,#4752,#2404,.T.);
#6036=EDGE_CURVE('',#4755,#4739,#2405,.T.);
#6037=EDGE_CURVE('',#4755,#4756,#2406,.T.);
#6038=EDGE_CURVE('',#4756,#4740,#2407,.T.);
#6039=EDGE_CURVE('',#4757,#4737,#2408,.T.);
#6040=EDGE_CURVE('',#4757,#4755,#2409,.T.);
#6041=EDGE_CURVE('',#4758,#4735,#2410,.T.);
#6042=EDGE_CURVE('',#4758,#4759,#2411,.T.);
#6043=EDGE_CURVE('',#4759,#4736,#2412,.T.);
#6044=EDGE_CURVE('',#4760,#4733,#2413,.T.);
#6045=EDGE_CURVE('',#4760,#4758,#2414,.T.);
#6046=EDGE_CURVE('',#4761,#4671,#2415,.T.);
#6047=EDGE_CURVE('',#4761,#4762,#2416,.T.);
#6048=EDGE_CURVE('',#4762,#4670,#2417,.T.);
#6049=EDGE_CURVE('',#4763,#4731,#2418,.T.);
#6050=EDGE_CURVE('',#4763,#4761,#2419,.T.);
#6051=EDGE_CURVE('',#4764,#4730,#2420,.T.);
#6052=EDGE_CURVE('',#4764,#4763,#2421,.T.);
#6053=EDGE_CURVE('',#4765,#4729,#2422,.T.);
#6054=EDGE_CURVE('',#4765,#4764,#2423,.T.);
#6055=EDGE_CURVE('',#4766,#4728,#2424,.T.);
#6056=EDGE_CURVE('',#4766,#4765,#2425,.T.);
#6057=EDGE_CURVE('',#4767,#4727,#2426,.T.);
#6058=EDGE_CURVE('',#4767,#4766,#2427,.T.);
#6059=EDGE_CURVE('',#4768,#4726,#2428,.T.);
#6060=EDGE_CURVE('',#4768,#4767,#2429,.T.);
#6061=EDGE_CURVE('',#4769,#4725,#2430,.T.);
#6062=EDGE_CURVE('',#4769,#4768,#2431,.T.);
#6063=EDGE_CURVE('',#4770,#4724,#2432,.T.);
#6064=EDGE_CURVE('',#4770,#4769,#2433,.T.);
#6065=EDGE_CURVE('',#4771,#4723,#2434,.T.);
#6066=EDGE_CURVE('',#4771,#4770,#2435,.T.);
#6067=EDGE_CURVE('',#4772,#4722,#2436,.T.);
#6068=EDGE_CURVE('',#4772,#4771,#2437,.T.);
#6069=EDGE_CURVE('',#4773,#4721,#2438,.T.);
#6070=EDGE_CURVE('',#4773,#4772,#2439,.T.);
#6071=EDGE_CURVE('',#4774,#4720,#2440,.T.);
#6072=EDGE_CURVE('',#4774,#4773,#2441,.T.);
#6073=EDGE_CURVE('',#4775,#4719,#2442,.T.);
#6074=EDGE_CURVE('',#4775,#4774,#2443,.T.);
#6075=EDGE_CURVE('',#4776,#4718,#2444,.T.);
#6076=EDGE_CURVE('',#4776,#4775,#2445,.T.);
#6077=EDGE_CURVE('',#4777,#4717,#2446,.T.);
#6078=EDGE_CURVE('',#4777,#4776,#2447,.T.);
#6079=EDGE_CURVE('',#4778,#4716,#2448,.T.);
#6080=EDGE_CURVE('',#4778,#4777,#2449,.T.);
#6081=EDGE_CURVE('',#4779,#4715,#2450,.T.);
#6082=EDGE_CURVE('',#4779,#4778,#2451,.T.);
#6083=EDGE_CURVE('',#4780,#4714,#2452,.T.);
#6084=EDGE_CURVE('',#4780,#4779,#2453,.T.);
#6085=EDGE_CURVE('',#4781,#4713,#2454,.T.);
#6086=EDGE_CURVE('',#4781,#4780,#2455,.T.);
#6087=EDGE_CURVE('',#4782,#4712,#2456,.T.);
#6088=EDGE_CURVE('',#4782,#4781,#2457,.T.);
#6089=EDGE_CURVE('',#4783,#4711,#2458,.T.);
#6090=EDGE_CURVE('',#4783,#4782,#2459,.T.);
#6091=EDGE_CURVE('',#4784,#4710,#2460,.T.);
#6092=EDGE_CURVE('',#4784,#4783,#2461,.T.);
#6093=EDGE_CURVE('',#4785,#4709,#2462,.T.);
#6094=EDGE_CURVE('',#4785,#4784,#2463,.T.);
#6095=EDGE_CURVE('',#4786,#4708,#2464,.T.);
#6096=EDGE_CURVE('',#4786,#4785,#2465,.T.);
#6097=EDGE_CURVE('',#4787,#4707,#2466,.T.);
#6098=EDGE_CURVE('',#4787,#4786,#2467,.T.);
#6099=EDGE_CURVE('',#4788,#4706,#2468,.T.);
#6100=EDGE_CURVE('',#4788,#4787,#2469,.T.);
#6101=EDGE_CURVE('',#4789,#4705,#2470,.T.);
#6102=EDGE_CURVE('',#4789,#4788,#2471,.T.);
#6103=EDGE_CURVE('',#4790,#4704,#2472,.T.);
#6104=EDGE_CURVE('',#4790,#4789,#2473,.T.);
#6105=EDGE_CURVE('',#4791,#4703,#2474,.T.);
#6106=EDGE_CURVE('',#4791,#4790,#2475,.T.);
#6107=EDGE_CURVE('',#4792,#4702,#2476,.T.);
#6108=EDGE_CURVE('',#4792,#4791,#2477,.T.);
#6109=EDGE_CURVE('',#4793,#4701,#2478,.T.);
#6110=EDGE_CURVE('',#4793,#4792,#2479,.T.);
#6111=EDGE_CURVE('',#4794,#4795,#2480,.T.);
#6112=EDGE_CURVE('',#4762,#4794,#2481,.T.);
#6113=EDGE_CURVE('',#4793,#4796,#2482,.T.);
#6114=EDGE_CURVE('',#4797,#4796,#2483,.T.);
#6115=EDGE_CURVE('',#4798,#4797,#2484,.T.);
#6116=EDGE_CURVE('',#4799,#4798,#2485,.T.);
#6117=EDGE_CURVE('',#4800,#4799,#2486,.T.);
#6118=EDGE_CURVE('',#4801,#4800,#2487,.T.);
#6119=EDGE_CURVE('',#4802,#4801,#2488,.T.);
#6120=EDGE_CURVE('',#4803,#4802,#2489,.T.);
#6121=EDGE_CURVE('',#4804,#4803,#2490,.T.);
#6122=EDGE_CURVE('',#4805,#4804,#2491,.T.);
#6123=EDGE_CURVE('',#4806,#4805,#2492,.T.);
#6124=EDGE_CURVE('',#4807,#4806,#2493,.T.);
#6125=EDGE_CURVE('',#4808,#4807,#2494,.T.);
#6126=EDGE_CURVE('',#4809,#4808,#2495,.T.);
#6127=EDGE_CURVE('',#4810,#4809,#2496,.T.);
#6128=EDGE_CURVE('',#4811,#4810,#2497,.T.);
#6129=EDGE_CURVE('',#4812,#4811,#2498,.T.);
#6130=EDGE_CURVE('',#4813,#4812,#2499,.T.);
#6131=EDGE_CURVE('',#4814,#4813,#2500,.T.);
#6132=EDGE_CURVE('',#4815,#4814,#2501,.T.);
#6133=EDGE_CURVE('',#4816,#4815,#2502,.T.);
#6134=EDGE_CURVE('',#4817,#4816,#2503,.T.);
#6135=EDGE_CURVE('',#4818,#4817,#2504,.T.);
#6136=EDGE_CURVE('',#4819,#4818,#2505,.T.);
#6137=EDGE_CURVE('',#4820,#4819,#2506,.T.);
#6138=EDGE_CURVE('',#4821,#4820,#2507,.T.);
#6139=EDGE_CURVE('',#4822,#4821,#2508,.T.);
#6140=EDGE_CURVE('',#4795,#4822,#2509,.T.);
#6141=EDGE_CURVE('',#4823,#4760,#2510,.T.);
#6142=EDGE_CURVE('',#4759,#4823,#2511,.T.);
#6143=EDGE_CURVE('',#4824,#4757,#2512,.T.);
#6144=EDGE_CURVE('',#4756,#4824,#2513,.T.);
#6145=EDGE_CURVE('',#4825,#4754,#2514,.T.);
#6146=EDGE_CURVE('',#4753,#4825,#2515,.T.);
#6147=EDGE_CURVE('',#4826,#4751,#2516,.T.);
#6148=EDGE_CURVE('',#4750,#4826,#2517,.T.);
#6149=EDGE_CURVE('',#4827,#4827,#12,.T.);
#6150=EDGE_CURVE('',#4826,#4746,#2518,.T.);
#6151=EDGE_CURVE('',#4825,#4742,#2519,.T.);
#6152=EDGE_CURVE('',#4824,#4738,#2520,.T.);
#6153=EDGE_CURVE('',#4823,#4734,#2521,.T.);
#6154=EDGE_CURVE('',#4822,#4674,#2522,.T.);
#6155=EDGE_CURVE('',#4821,#4675,#2523,.T.);
#6156=EDGE_CURVE('',#4820,#4676,#2524,.T.);
#6157=EDGE_CURVE('',#4819,#4677,#2525,.T.);
#6158=EDGE_CURVE('',#4818,#4678,#2526,.T.);
#6159=EDGE_CURVE('',#4817,#4679,#2527,.T.);
#6160=EDGE_CURVE('',#4816,#4680,#2528,.T.);
#6161=EDGE_CURVE('',#4815,#4681,#2529,.T.);
#6162=EDGE_CURVE('',#4814,#4682,#2530,.T.);
#6163=EDGE_CURVE('',#4813,#4683,#2531,.T.);
#6164=EDGE_CURVE('',#4812,#4684,#2532,.T.);
#6165=EDGE_CURVE('',#4811,#4685,#2533,.T.);
#6166=EDGE_CURVE('',#4810,#4686,#2534,.T.);
#6167=EDGE_CURVE('',#4809,#4687,#2535,.T.);
#6168=EDGE_CURVE('',#4808,#4688,#2536,.T.);
#6169=EDGE_CURVE('',#4807,#4689,#2537,.T.);
#6170=EDGE_CURVE('',#4806,#4690,#2538,.T.);
#6171=EDGE_CURVE('',#4805,#4691,#2539,.T.);
#6172=EDGE_CURVE('',#4804,#4692,#2540,.T.);
#6173=EDGE_CURVE('',#4803,#4693,#2541,.T.);
#6174=EDGE_CURVE('',#4802,#4694,#2542,.T.);
#6175=EDGE_CURVE('',#4801,#4695,#2543,.T.);
#6176=EDGE_CURVE('',#4800,#4696,#2544,.T.);
#6177=EDGE_CURVE('',#4799,#4697,#2545,.T.);
#6178=EDGE_CURVE('',#4798,#4698,#2546,.T.);
#6179=EDGE_CURVE('',#4797,#4699,#2547,.T.);
#6180=EDGE_CURVE('',#4796,#4700,#2548,.T.);
#6181=EDGE_CURVE('',#4732,#4827,#2549,.T.);
#6182=EDGE_CURVE('',#4795,#4673,#2550,.T.);
#6183=EDGE_CURVE('',#4794,#4672,#2551,.T.);
#6184=EDGE_CURVE('',#4828,#4828,#221,.T.);
#6185=EDGE_CURVE('',#4828,#4829,#2552,.T.);
#6186=EDGE_CURVE('',#4829,#4829,#222,.T.);
#6187=EDGE_CURVE('',#4830,#4831,#2553,.T.);
#6188=EDGE_CURVE('',#4830,#4832,#2554,.T.);
#6189=EDGE_CURVE('',#4833,#4832,#2555,.T.);
#6190=EDGE_CURVE('',#4831,#4833,#2556,.T.);
#6191=EDGE_CURVE('',#4831,#4834,#223,.T.);
#6192=EDGE_CURVE('',#4835,#4833,#224,.T.);
#6193=EDGE_CURVE('',#4834,#4835,#2557,.T.);
#6194=EDGE_CURVE('',#4836,#4834,#2558,.T.);
#6195=EDGE_CURVE('',#4837,#4835,#2559,.T.);
#6196=EDGE_CURVE('',#4836,#4837,#2560,.T.);
#6197=EDGE_CURVE('',#4838,#4836,#2561,.T.);
#6198=EDGE_CURVE('',#4839,#4837,#2562,.T.);
#6199=EDGE_CURVE('',#4838,#4839,#2563,.T.);
#6200=EDGE_CURVE('',#4838,#4840,#2564,.T.);
#6201=EDGE_CURVE('',#4841,#4839,#2565,.T.);
#6202=EDGE_CURVE('',#4840,#4841,#2566,.T.);
#6203=EDGE_CURVE('',#4840,#4842,#225,.T.);
#6204=EDGE_CURVE('',#4843,#4841,#226,.T.);
#6205=EDGE_CURVE('',#4842,#4843,#2567,.T.);
#6206=EDGE_CURVE('',#4844,#4842,#2568,.T.);
#6207=EDGE_CURVE('',#4845,#4843,#2569,.T.);
#6208=EDGE_CURVE('',#4844,#4845,#2570,.T.);
#6209=EDGE_CURVE('',#4844,#4846,#2571,.T.);
#6210=EDGE_CURVE('',#4847,#4845,#2572,.T.);
#6211=EDGE_CURVE('',#4846,#4847,#2573,.T.);
#6212=EDGE_CURVE('',#4848,#4846,#2574,.T.);
#6213=EDGE_CURVE('',#4849,#4847,#2575,.T.);
#6214=EDGE_CURVE('',#4848,#4849,#2576,.T.);
#6215=EDGE_CURVE('',#4850,#4848,#227,.T.);
#6216=EDGE_CURVE('',#4851,#4849,#228,.T.);
#6217=EDGE_CURVE('',#4850,#4851,#2577,.T.);
#6218=EDGE_CURVE('',#4852,#4850,#2578,.T.);
#6219=EDGE_CURVE('',#4853,#4851,#2579,.T.);
#6220=EDGE_CURVE('',#4852,#4853,#2580,.T.);
#6221=EDGE_CURVE('',#4854,#4852,#2581,.T.);
#6222=EDGE_CURVE('',#4855,#4853,#2582,.T.);
#6223=EDGE_CURVE('',#4854,#4855,#2583,.T.);
#6224=EDGE_CURVE('',#4854,#4856,#2584,.T.);
#6225=EDGE_CURVE('',#4857,#4855,#2585,.T.);
#6226=EDGE_CURVE('',#4856,#4857,#2586,.T.);
#6227=EDGE_CURVE('',#4856,#4858,#229,.T.);
#6228=EDGE_CURVE('',#4859,#4857,#230,.T.);
#6229=EDGE_CURVE('',#4858,#4859,#2587,.T.);
#6230=EDGE_CURVE('',#4860,#4858,#2588,.T.);
#6231=EDGE_CURVE('',#4861,#4859,#2589,.T.);
#6232=EDGE_CURVE('',#4860,#4861,#2590,.T.);
#6233=EDGE_CURVE('',#4862,#4860,#2591,.T.);
#6234=EDGE_CURVE('',#4863,#4861,#2592,.T.);
#6235=EDGE_CURVE('',#4862,#4863,#2593,.T.);
#6236=EDGE_CURVE('',#4862,#4864,#2594,.T.);
#6237=EDGE_CURVE('',#4865,#4863,#2595,.T.);
#6238=EDGE_CURVE('',#4864,#4865,#2596,.T.);
#6239=EDGE_CURVE('',#4864,#4866,#231,.T.);
#6240=EDGE_CURVE('',#4867,#4865,#232,.T.);
#6241=EDGE_CURVE('',#4866,#4867,#2597,.T.);
#6242=EDGE_CURVE('',#4868,#4866,#2598,.T.);
#6243=EDGE_CURVE('',#4869,#4867,#2599,.T.);
#6244=EDGE_CURVE('',#4868,#4869,#2600,.T.);
#6245=EDGE_CURVE('',#4868,#4870,#2601,.T.);
#6246=EDGE_CURVE('',#4871,#4869,#2602,.T.);
#6247=EDGE_CURVE('',#4870,#4871,#2603,.T.);
#6248=EDGE_CURVE('',#4872,#4870,#2604,.T.);
#6249=EDGE_CURVE('',#4873,#4871,#2605,.T.);
#6250=EDGE_CURVE('',#4872,#4873,#2606,.T.);
#6251=EDGE_CURVE('',#4874,#4872,#233,.T.);
#6252=EDGE_CURVE('',#4875,#4873,#234,.T.);
#6253=EDGE_CURVE('',#4874,#4875,#2607,.T.);
#6254=EDGE_CURVE('',#4876,#4874,#2608,.T.);
#6255=EDGE_CURVE('',#4877,#4875,#2609,.T.);
#6256=EDGE_CURVE('',#4876,#4877,#2610,.T.);
#6257=EDGE_CURVE('',#4878,#4876,#2611,.T.);
#6258=EDGE_CURVE('',#4879,#4877,#2612,.T.);
#6259=EDGE_CURVE('',#4878,#4879,#2613,.T.);
#6260=EDGE_CURVE('',#4878,#4880,#2614,.T.);
#6261=EDGE_CURVE('',#4881,#4879,#2615,.T.);
#6262=EDGE_CURVE('',#4880,#4881,#2616,.T.);
#6263=EDGE_CURVE('',#4880,#4882,#235,.T.);
#6264=EDGE_CURVE('',#4883,#4881,#236,.T.);
#6265=EDGE_CURVE('',#4882,#4883,#2617,.T.);
#6266=EDGE_CURVE('',#4884,#4882,#2618,.T.);
#6267=EDGE_CURVE('',#4885,#4883,#2619,.T.);
#6268=EDGE_CURVE('',#4884,#4885,#2620,.T.);
#6269=EDGE_CURVE('',#4886,#4884,#2621,.T.);
#6270=EDGE_CURVE('',#4887,#4885,#2622,.T.);
#6271=EDGE_CURVE('',#4886,#4887,#2623,.T.);
#6272=EDGE_CURVE('',#4886,#4888,#2624,.T.);
#6273=EDGE_CURVE('',#4889,#4887,#2625,.T.);
#6274=EDGE_CURVE('',#4888,#4889,#2626,.T.);
#6275=EDGE_CURVE('',#4888,#4890,#237,.T.);
#6276=EDGE_CURVE('',#4891,#4889,#238,.T.);
#6277=EDGE_CURVE('',#4890,#4891,#2627,.T.);
#6278=EDGE_CURVE('',#4892,#4890,#2628,.T.);
#6279=EDGE_CURVE('',#4893,#4891,#2629,.T.);
#6280=EDGE_CURVE('',#4892,#4893,#2630,.T.);
#6281=EDGE_CURVE('',#4892,#4894,#2631,.T.);
#6282=EDGE_CURVE('',#4895,#4893,#2632,.T.);
#6283=EDGE_CURVE('',#4894,#4895,#2633,.T.);
#6284=EDGE_CURVE('',#4896,#4894,#2634,.T.);
#6285=EDGE_CURVE('',#4897,#4895,#2635,.T.);
#6286=EDGE_CURVE('',#4896,#4897,#2636,.T.);
#6287=EDGE_CURVE('',#4898,#4896,#239,.T.);
#6288=EDGE_CURVE('',#4899,#4897,#240,.T.);
#6289=EDGE_CURVE('',#4898,#4899,#2637,.T.);
#6290=EDGE_CURVE('',#4900,#4898,#2638,.T.);
#6291=EDGE_CURVE('',#4901,#4899,#2639,.T.);
#6292=EDGE_CURVE('',#4900,#4901,#2640,.T.);
#6293=EDGE_CURVE('',#4902,#4900,#2641,.T.);
#6294=EDGE_CURVE('',#4903,#4901,#2642,.T.);
#6295=EDGE_CURVE('',#4902,#4903,#2643,.T.);
#6296=EDGE_CURVE('',#4902,#4904,#2644,.T.);
#6297=EDGE_CURVE('',#4905,#4903,#2645,.T.);
#6298=EDGE_CURVE('',#4904,#4905,#2646,.T.);
#6299=EDGE_CURVE('',#4904,#4906,#241,.T.);
#6300=EDGE_CURVE('',#4907,#4905,#242,.T.);
#6301=EDGE_CURVE('',#4906,#4907,#2647,.T.);
#6302=EDGE_CURVE('',#4908,#4906,#2648,.T.);
#6303=EDGE_CURVE('',#4909,#4907,#2649,.T.);
#6304=EDGE_CURVE('',#4908,#4909,#2650,.T.);
#6305=EDGE_CURVE('',#4910,#4908,#2651,.T.);
#6306=EDGE_CURVE('',#4911,#4909,#2652,.T.);
#6307=EDGE_CURVE('',#4910,#4911,#2653,.T.);
#6308=EDGE_CURVE('',#4910,#4912,#2654,.T.);
#6309=EDGE_CURVE('',#4913,#4911,#2655,.T.);
#6310=EDGE_CURVE('',#4912,#4913,#2656,.T.);
#6311=EDGE_CURVE('',#4912,#4914,#243,.T.);
#6312=EDGE_CURVE('',#4915,#4913,#244,.T.);
#6313=EDGE_CURVE('',#4914,#4915,#2657,.T.);
#6314=EDGE_CURVE('',#4916,#4914,#2658,.T.);
#6315=EDGE_CURVE('',#4917,#4915,#2659,.T.);
#6316=EDGE_CURVE('',#4916,#4917,#2660,.T.);
#6317=EDGE_CURVE('',#4916,#4918,#2661,.T.);
#6318=EDGE_CURVE('',#4919,#4917,#2662,.T.);
#6319=EDGE_CURVE('',#4918,#4919,#2663,.T.);
#6320=EDGE_CURVE('',#4920,#4918,#2664,.T.);
#6321=EDGE_CURVE('',#4921,#4919,#2665,.T.);
#6322=EDGE_CURVE('',#4920,#4921,#2666,.T.);
#6323=EDGE_CURVE('',#4922,#4920,#245,.T.);
#6324=EDGE_CURVE('',#4923,#4921,#246,.T.);
#6325=EDGE_CURVE('',#4922,#4923,#2667,.T.);
#6326=EDGE_CURVE('',#4924,#4922,#2668,.T.);
#6327=EDGE_CURVE('',#4925,#4923,#2669,.T.);
#6328=EDGE_CURVE('',#4924,#4925,#2670,.T.);
#6329=EDGE_CURVE('',#4830,#4924,#2671,.T.);
#6330=EDGE_CURVE('',#4832,#4925,#2672,.T.);
#6331=EDGE_CURVE('',#4926,#4926,#247,.T.);
#6332=EDGE_CURVE('',#4926,#4927,#2673,.T.);
#6333=EDGE_CURVE('',#4927,#4927,#248,.T.);
#6334=EDGE_CURVE('',#4928,#4928,#249,.T.);
#6335=EDGE_CURVE('',#4928,#4929,#2674,.T.);
#6336=EDGE_CURVE('',#4929,#4929,#250,.T.);
#6337=ORIENTED_EDGE('',*,*,#4930,.F.);
#6338=ORIENTED_EDGE('',*,*,#4931,.T.);
#6339=ORIENTED_EDGE('',*,*,#4932,.F.);
#6340=ORIENTED_EDGE('',*,*,#4933,.F.);
#6341=ORIENTED_EDGE('',*,*,#4934,.F.);
#6342=ORIENTED_EDGE('',*,*,#4933,.T.);
#6343=ORIENTED_EDGE('',*,*,#4935,.F.);
#6344=ORIENTED_EDGE('',*,*,#4936,.F.);
#6345=ORIENTED_EDGE('',*,*,#4937,.F.);
#6346=ORIENTED_EDGE('',*,*,#4936,.T.);
#6347=ORIENTED_EDGE('',*,*,#4938,.F.);
#6348=ORIENTED_EDGE('',*,*,#4939,.F.);
#6349=ORIENTED_EDGE('',*,*,#4940,.F.);
#6350=ORIENTED_EDGE('',*,*,#4939,.T.);
#6351=ORIENTED_EDGE('',*,*,#4941,.F.);
#6352=ORIENTED_EDGE('',*,*,#4931,.F.);
#6353=ORIENTED_EDGE('',*,*,#4941,.T.);
#6354=ORIENTED_EDGE('',*,*,#4938,.T.);
#6355=ORIENTED_EDGE('',*,*,#4935,.T.);
#6356=ORIENTED_EDGE('',*,*,#4932,.T.);
#6357=ORIENTED_EDGE('',*,*,#4940,.T.);
#6358=ORIENTED_EDGE('',*,*,#4930,.T.);
#6359=ORIENTED_EDGE('',*,*,#4934,.T.);
#6360=ORIENTED_EDGE('',*,*,#4937,.T.);
#6361=ORIENTED_EDGE('',*,*,#4942,.F.);
#6362=ORIENTED_EDGE('',*,*,#4943,.T.);
#6363=ORIENTED_EDGE('',*,*,#4944,.T.);
#6364=ORIENTED_EDGE('',*,*,#4943,.F.);
#6365=ORIENTED_EDGE('',*,*,#4945,.F.);
#6366=ORIENTED_EDGE('',*,*,#4946,.T.);
#6367=ORIENTED_EDGE('',*,*,#4947,.F.);
#6368=ORIENTED_EDGE('',*,*,#4948,.F.);
#6369=ORIENTED_EDGE('',*,*,#4949,.F.);
#6370=ORIENTED_EDGE('',*,*,#4948,.T.);
#6371=ORIENTED_EDGE('',*,*,#4950,.F.);
#6372=ORIENTED_EDGE('',*,*,#4951,.F.);
#6373=ORIENTED_EDGE('',*,*,#4952,.T.);
#6374=ORIENTED_EDGE('',*,*,#4951,.T.);
#6375=ORIENTED_EDGE('',*,*,#4953,.F.);
#6376=ORIENTED_EDGE('',*,*,#4954,.F.);
#6377=ORIENTED_EDGE('',*,*,#4955,.T.);
#6378=ORIENTED_EDGE('',*,*,#4954,.T.);
#6379=ORIENTED_EDGE('',*,*,#4956,.F.);
#6380=ORIENTED_EDGE('',*,*,#4957,.F.);
#6381=ORIENTED_EDGE('',*,*,#4958,.F.);
#6382=ORIENTED_EDGE('',*,*,#4957,.T.);
#6383=ORIENTED_EDGE('',*,*,#4959,.F.);
#6384=ORIENTED_EDGE('',*,*,#4960,.F.);
#6385=ORIENTED_EDGE('',*,*,#4961,.F.);
#6386=ORIENTED_EDGE('',*,*,#4960,.T.);
#6387=ORIENTED_EDGE('',*,*,#4962,.F.);
#6388=ORIENTED_EDGE('',*,*,#4963,.F.);
#6389=ORIENTED_EDGE('',*,*,#4964,.T.);
#6390=ORIENTED_EDGE('',*,*,#4963,.T.);
#6391=ORIENTED_EDGE('',*,*,#4965,.F.);
#6392=ORIENTED_EDGE('',*,*,#4966,.F.);
#6393=ORIENTED_EDGE('',*,*,#4967,.F.);
#6394=ORIENTED_EDGE('',*,*,#4966,.T.);
#6395=ORIENTED_EDGE('',*,*,#4968,.F.);
#6396=ORIENTED_EDGE('',*,*,#4969,.F.);
#6397=ORIENTED_EDGE('',*,*,#4970,.T.);
#6398=ORIENTED_EDGE('',*,*,#4969,.T.);
#6399=ORIENTED_EDGE('',*,*,#4971,.F.);
#6400=ORIENTED_EDGE('',*,*,#4972,.F.);
#6401=ORIENTED_EDGE('',*,*,#4973,.T.);
#6402=ORIENTED_EDGE('',*,*,#4972,.T.);
#6403=ORIENTED_EDGE('',*,*,#4974,.F.);
#6404=ORIENTED_EDGE('',*,*,#4975,.F.);
#6405=ORIENTED_EDGE('',*,*,#4976,.T.);
#6406=ORIENTED_EDGE('',*,*,#4975,.T.);
#6407=ORIENTED_EDGE('',*,*,#4977,.F.);
#6408=ORIENTED_EDGE('',*,*,#4978,.F.);
#6409=ORIENTED_EDGE('',*,*,#4979,.T.);
#6410=ORIENTED_EDGE('',*,*,#4978,.T.);
#6411=ORIENTED_EDGE('',*,*,#4980,.F.);
#6412=ORIENTED_EDGE('',*,*,#4981,.F.);
#6413=ORIENTED_EDGE('',*,*,#4982,.F.);
#6414=ORIENTED_EDGE('',*,*,#4981,.T.);
#6415=ORIENTED_EDGE('',*,*,#4983,.F.);
#6416=ORIENTED_EDGE('',*,*,#4984,.F.);
#6417=ORIENTED_EDGE('',*,*,#4985,.F.);
#6418=ORIENTED_EDGE('',*,*,#4984,.T.);
#6419=ORIENTED_EDGE('',*,*,#4986,.F.);
#6420=ORIENTED_EDGE('',*,*,#4987,.F.);
#6421=ORIENTED_EDGE('',*,*,#4988,.T.);
#6422=ORIENTED_EDGE('',*,*,#4987,.T.);
#6423=ORIENTED_EDGE('',*,*,#4989,.F.);
#6424=ORIENTED_EDGE('',*,*,#4990,.F.);
#6425=ORIENTED_EDGE('',*,*,#4991,.T.);
#6426=ORIENTED_EDGE('',*,*,#4990,.T.);
#6427=ORIENTED_EDGE('',*,*,#4992,.F.);
#6428=ORIENTED_EDGE('',*,*,#4993,.F.);
#6429=ORIENTED_EDGE('',*,*,#4994,.F.);
#6430=ORIENTED_EDGE('',*,*,#4993,.T.);
#6431=ORIENTED_EDGE('',*,*,#4995,.F.);
#6432=ORIENTED_EDGE('',*,*,#4996,.F.);
#6433=ORIENTED_EDGE('',*,*,#4997,.F.);
#6434=ORIENTED_EDGE('',*,*,#4996,.T.);
#6435=ORIENTED_EDGE('',*,*,#4998,.F.);
#6436=ORIENTED_EDGE('',*,*,#4999,.F.);
#6437=ORIENTED_EDGE('',*,*,#5000,.T.);
#6438=ORIENTED_EDGE('',*,*,#4999,.T.);
#6439=ORIENTED_EDGE('',*,*,#5001,.F.);
#6440=ORIENTED_EDGE('',*,*,#5002,.F.);
#6441=ORIENTED_EDGE('',*,*,#5003,.F.);
#6442=ORIENTED_EDGE('',*,*,#5002,.T.);
#6443=ORIENTED_EDGE('',*,*,#5004,.F.);
#6444=ORIENTED_EDGE('',*,*,#5005,.F.);
#6445=ORIENTED_EDGE('',*,*,#5006,.T.);
#6446=ORIENTED_EDGE('',*,*,#5005,.T.);
#6447=ORIENTED_EDGE('',*,*,#5007,.F.);
#6448=ORIENTED_EDGE('',*,*,#5008,.F.);
#6449=ORIENTED_EDGE('',*,*,#5009,.T.);
#6450=ORIENTED_EDGE('',*,*,#5008,.T.);
#6451=ORIENTED_EDGE('',*,*,#5010,.F.);
#6452=ORIENTED_EDGE('',*,*,#5011,.F.);
#6453=ORIENTED_EDGE('',*,*,#5012,.T.);
#6454=ORIENTED_EDGE('',*,*,#5011,.T.);
#6455=ORIENTED_EDGE('',*,*,#5013,.F.);
#6456=ORIENTED_EDGE('',*,*,#5014,.F.);
#6457=ORIENTED_EDGE('',*,*,#5015,.T.);
#6458=ORIENTED_EDGE('',*,*,#5014,.T.);
#6459=ORIENTED_EDGE('',*,*,#5016,.F.);
#6460=ORIENTED_EDGE('',*,*,#5017,.F.);
#6461=ORIENTED_EDGE('',*,*,#5018,.F.);
#6462=ORIENTED_EDGE('',*,*,#5017,.T.);
#6463=ORIENTED_EDGE('',*,*,#5019,.F.);
#6464=ORIENTED_EDGE('',*,*,#5020,.F.);
#6465=ORIENTED_EDGE('',*,*,#5021,.F.);
#6466=ORIENTED_EDGE('',*,*,#5020,.T.);
#6467=ORIENTED_EDGE('',*,*,#5022,.F.);
#6468=ORIENTED_EDGE('',*,*,#5023,.F.);
#6469=ORIENTED_EDGE('',*,*,#5024,.T.);
#6470=ORIENTED_EDGE('',*,*,#5023,.T.);
#6471=ORIENTED_EDGE('',*,*,#5025,.F.);
#6472=ORIENTED_EDGE('',*,*,#5026,.F.);
#6473=ORIENTED_EDGE('',*,*,#5027,.T.);
#6474=ORIENTED_EDGE('',*,*,#5026,.T.);
#6475=ORIENTED_EDGE('',*,*,#5028,.F.);
#6476=ORIENTED_EDGE('',*,*,#5029,.F.);
#6477=ORIENTED_EDGE('',*,*,#5030,.F.);
#6478=ORIENTED_EDGE('',*,*,#5029,.T.);
#6479=ORIENTED_EDGE('',*,*,#5031,.F.);
#6480=ORIENTED_EDGE('',*,*,#5032,.F.);
#6481=ORIENTED_EDGE('',*,*,#5033,.F.);
#6482=ORIENTED_EDGE('',*,*,#5032,.T.);
#6483=ORIENTED_EDGE('',*,*,#5034,.F.);
#6484=ORIENTED_EDGE('',*,*,#5035,.F.);
#6485=ORIENTED_EDGE('',*,*,#5036,.T.);
#6486=ORIENTED_EDGE('',*,*,#5035,.T.);
#6487=ORIENTED_EDGE('',*,*,#5037,.F.);
#6488=ORIENTED_EDGE('',*,*,#5038,.F.);
#6489=ORIENTED_EDGE('',*,*,#5039,.F.);
#6490=ORIENTED_EDGE('',*,*,#5038,.T.);
#6491=ORIENTED_EDGE('',*,*,#5040,.F.);
#6492=ORIENTED_EDGE('',*,*,#5041,.F.);
#6493=ORIENTED_EDGE('',*,*,#5042,.T.);
#6494=ORIENTED_EDGE('',*,*,#5041,.T.);
#6495=ORIENTED_EDGE('',*,*,#5043,.F.);
#6496=ORIENTED_EDGE('',*,*,#5044,.F.);
#6497=ORIENTED_EDGE('',*,*,#5045,.T.);
#6498=ORIENTED_EDGE('',*,*,#5044,.T.);
#6499=ORIENTED_EDGE('',*,*,#5046,.F.);
#6500=ORIENTED_EDGE('',*,*,#5047,.F.);
#6501=ORIENTED_EDGE('',*,*,#5048,.T.);
#6502=ORIENTED_EDGE('',*,*,#5047,.T.);
#6503=ORIENTED_EDGE('',*,*,#5049,.F.);
#6504=ORIENTED_EDGE('',*,*,#5050,.F.);
#6505=ORIENTED_EDGE('',*,*,#5051,.T.);
#6506=ORIENTED_EDGE('',*,*,#5050,.T.);
#6507=ORIENTED_EDGE('',*,*,#5052,.F.);
#6508=ORIENTED_EDGE('',*,*,#5053,.F.);
#6509=ORIENTED_EDGE('',*,*,#5054,.F.);
#6510=ORIENTED_EDGE('',*,*,#5053,.T.);
#6511=ORIENTED_EDGE('',*,*,#5055,.F.);
#6512=ORIENTED_EDGE('',*,*,#5056,.F.);
#6513=ORIENTED_EDGE('',*,*,#5057,.F.);
#6514=ORIENTED_EDGE('',*,*,#5056,.T.);
#6515=ORIENTED_EDGE('',*,*,#5058,.F.);
#6516=ORIENTED_EDGE('',*,*,#5059,.F.);
#6517=ORIENTED_EDGE('',*,*,#5060,.T.);
#6518=ORIENTED_EDGE('',*,*,#5059,.T.);
#6519=ORIENTED_EDGE('',*,*,#5061,.F.);
#6520=ORIENTED_EDGE('',*,*,#5062,.F.);
#6521=ORIENTED_EDGE('',*,*,#5063,.T.);
#6522=ORIENTED_EDGE('',*,*,#5062,.T.);
#6523=ORIENTED_EDGE('',*,*,#5064,.F.);
#6524=ORIENTED_EDGE('',*,*,#5065,.F.);
#6525=ORIENTED_EDGE('',*,*,#5066,.F.);
#6526=ORIENTED_EDGE('',*,*,#5065,.T.);
#6527=ORIENTED_EDGE('',*,*,#5067,.F.);
#6528=ORIENTED_EDGE('',*,*,#5068,.F.);
#6529=ORIENTED_EDGE('',*,*,#5069,.F.);
#6530=ORIENTED_EDGE('',*,*,#5068,.T.);
#6531=ORIENTED_EDGE('',*,*,#5070,.F.);
#6532=ORIENTED_EDGE('',*,*,#5071,.F.);
#6533=ORIENTED_EDGE('',*,*,#5072,.T.);
#6534=ORIENTED_EDGE('',*,*,#5071,.T.);
#6535=ORIENTED_EDGE('',*,*,#5073,.F.);
#6536=ORIENTED_EDGE('',*,*,#5074,.F.);
#6537=ORIENTED_EDGE('',*,*,#5075,.F.);
#6538=ORIENTED_EDGE('',*,*,#5074,.T.);
#6539=ORIENTED_EDGE('',*,*,#5076,.F.);
#6540=ORIENTED_EDGE('',*,*,#5077,.F.);
#6541=ORIENTED_EDGE('',*,*,#5078,.T.);
#6542=ORIENTED_EDGE('',*,*,#5077,.T.);
#6543=ORIENTED_EDGE('',*,*,#5079,.F.);
#6544=ORIENTED_EDGE('',*,*,#5080,.F.);
#6545=ORIENTED_EDGE('',*,*,#5081,.T.);
#6546=ORIENTED_EDGE('',*,*,#5080,.T.);
#6547=ORIENTED_EDGE('',*,*,#5082,.F.);
#6548=ORIENTED_EDGE('',*,*,#5083,.F.);
#6549=ORIENTED_EDGE('',*,*,#5084,.T.);
#6550=ORIENTED_EDGE('',*,*,#5083,.T.);
#6551=ORIENTED_EDGE('',*,*,#5085,.F.);
#6552=ORIENTED_EDGE('',*,*,#5086,.F.);
#6553=ORIENTED_EDGE('',*,*,#5087,.T.);
#6554=ORIENTED_EDGE('',*,*,#5086,.T.);
#6555=ORIENTED_EDGE('',*,*,#5088,.F.);
#6556=ORIENTED_EDGE('',*,*,#4946,.F.);
#6557=ORIENTED_EDGE('',*,*,#5088,.T.);
#6558=ORIENTED_EDGE('',*,*,#5085,.T.);
#6559=ORIENTED_EDGE('',*,*,#5082,.T.);
#6560=ORIENTED_EDGE('',*,*,#5079,.T.);
#6561=ORIENTED_EDGE('',*,*,#5076,.T.);
#6562=ORIENTED_EDGE('',*,*,#5073,.T.);
#6563=ORIENTED_EDGE('',*,*,#5070,.T.);
#6564=ORIENTED_EDGE('',*,*,#5067,.T.);
#6565=ORIENTED_EDGE('',*,*,#5064,.T.);
#6566=ORIENTED_EDGE('',*,*,#5061,.T.);
#6567=ORIENTED_EDGE('',*,*,#5058,.T.);
#6568=ORIENTED_EDGE('',*,*,#5055,.T.);
#6569=ORIENTED_EDGE('',*,*,#5052,.T.);
#6570=ORIENTED_EDGE('',*,*,#5049,.T.);
#6571=ORIENTED_EDGE('',*,*,#5046,.T.);
#6572=ORIENTED_EDGE('',*,*,#5043,.T.);
#6573=ORIENTED_EDGE('',*,*,#5040,.T.);
#6574=ORIENTED_EDGE('',*,*,#5037,.T.);
#6575=ORIENTED_EDGE('',*,*,#5034,.T.);
#6576=ORIENTED_EDGE('',*,*,#5031,.T.);
#6577=ORIENTED_EDGE('',*,*,#5028,.T.);
#6578=ORIENTED_EDGE('',*,*,#5025,.T.);
#6579=ORIENTED_EDGE('',*,*,#5022,.T.);
#6580=ORIENTED_EDGE('',*,*,#5019,.T.);
#6581=ORIENTED_EDGE('',*,*,#5016,.T.);
#6582=ORIENTED_EDGE('',*,*,#5013,.T.);
#6583=ORIENTED_EDGE('',*,*,#5010,.T.);
#6584=ORIENTED_EDGE('',*,*,#5007,.T.);
#6585=ORIENTED_EDGE('',*,*,#5004,.T.);
#6586=ORIENTED_EDGE('',*,*,#5001,.T.);
#6587=ORIENTED_EDGE('',*,*,#4998,.T.);
#6588=ORIENTED_EDGE('',*,*,#4995,.T.);
#6589=ORIENTED_EDGE('',*,*,#4992,.T.);
#6590=ORIENTED_EDGE('',*,*,#4989,.T.);
#6591=ORIENTED_EDGE('',*,*,#4986,.T.);
#6592=ORIENTED_EDGE('',*,*,#4983,.T.);
#6593=ORIENTED_EDGE('',*,*,#4980,.T.);
#6594=ORIENTED_EDGE('',*,*,#4977,.T.);
#6595=ORIENTED_EDGE('',*,*,#4974,.T.);
#6596=ORIENTED_EDGE('',*,*,#4971,.T.);
#6597=ORIENTED_EDGE('',*,*,#4968,.T.);
#6598=ORIENTED_EDGE('',*,*,#4965,.T.);
#6599=ORIENTED_EDGE('',*,*,#4962,.T.);
#6600=ORIENTED_EDGE('',*,*,#4959,.T.);
#6601=ORIENTED_EDGE('',*,*,#4956,.T.);
#6602=ORIENTED_EDGE('',*,*,#4953,.T.);
#6603=ORIENTED_EDGE('',*,*,#4950,.T.);
#6604=ORIENTED_EDGE('',*,*,#4947,.T.);
#6605=ORIENTED_EDGE('',*,*,#4942,.T.);
#6606=ORIENTED_EDGE('',*,*,#5087,.F.);
#6607=ORIENTED_EDGE('',*,*,#4945,.T.);
#6608=ORIENTED_EDGE('',*,*,#4949,.T.);
#6609=ORIENTED_EDGE('',*,*,#4952,.F.);
#6610=ORIENTED_EDGE('',*,*,#4955,.F.);
#6611=ORIENTED_EDGE('',*,*,#4958,.T.);
#6612=ORIENTED_EDGE('',*,*,#4961,.T.);
#6613=ORIENTED_EDGE('',*,*,#4964,.F.);
#6614=ORIENTED_EDGE('',*,*,#4967,.T.);
#6615=ORIENTED_EDGE('',*,*,#4970,.F.);
#6616=ORIENTED_EDGE('',*,*,#4973,.F.);
#6617=ORIENTED_EDGE('',*,*,#4976,.F.);
#6618=ORIENTED_EDGE('',*,*,#4979,.F.);
#6619=ORIENTED_EDGE('',*,*,#4982,.T.);
#6620=ORIENTED_EDGE('',*,*,#4985,.T.);
#6621=ORIENTED_EDGE('',*,*,#4988,.F.);
#6622=ORIENTED_EDGE('',*,*,#4991,.F.);
#6623=ORIENTED_EDGE('',*,*,#4994,.T.);
#6624=ORIENTED_EDGE('',*,*,#4997,.T.);
#6625=ORIENTED_EDGE('',*,*,#5000,.F.);
#6626=ORIENTED_EDGE('',*,*,#5003,.T.);
#6627=ORIENTED_EDGE('',*,*,#5006,.F.);
#6628=ORIENTED_EDGE('',*,*,#5009,.F.);
#6629=ORIENTED_EDGE('',*,*,#5012,.F.);
#6630=ORIENTED_EDGE('',*,*,#5015,.F.);
#6631=ORIENTED_EDGE('',*,*,#5018,.T.);
#6632=ORIENTED_EDGE('',*,*,#5021,.T.);
#6633=ORIENTED_EDGE('',*,*,#5024,.F.);
#6634=ORIENTED_EDGE('',*,*,#5027,.F.);
#6635=ORIENTED_EDGE('',*,*,#5030,.T.);
#6636=ORIENTED_EDGE('',*,*,#5033,.T.);
#6637=ORIENTED_EDGE('',*,*,#5036,.F.);
#6638=ORIENTED_EDGE('',*,*,#5039,.T.);
#6639=ORIENTED_EDGE('',*,*,#5042,.F.);
#6640=ORIENTED_EDGE('',*,*,#5045,.F.);
#6641=ORIENTED_EDGE('',*,*,#5048,.F.);
#6642=ORIENTED_EDGE('',*,*,#5051,.F.);
#6643=ORIENTED_EDGE('',*,*,#5054,.T.);
#6644=ORIENTED_EDGE('',*,*,#5057,.T.);
#6645=ORIENTED_EDGE('',*,*,#5060,.F.);
#6646=ORIENTED_EDGE('',*,*,#5063,.F.);
#6647=ORIENTED_EDGE('',*,*,#5066,.T.);
#6648=ORIENTED_EDGE('',*,*,#5069,.T.);
#6649=ORIENTED_EDGE('',*,*,#5072,.F.);
#6650=ORIENTED_EDGE('',*,*,#5075,.T.);
#6651=ORIENTED_EDGE('',*,*,#5078,.F.);
#6652=ORIENTED_EDGE('',*,*,#5081,.F.);
#6653=ORIENTED_EDGE('',*,*,#5084,.F.);
#6654=ORIENTED_EDGE('',*,*,#4944,.F.);
#6655=ORIENTED_EDGE('',*,*,#5089,.F.);
#6656=ORIENTED_EDGE('',*,*,#5090,.T.);
#6657=ORIENTED_EDGE('',*,*,#5091,.T.);
#6658=ORIENTED_EDGE('',*,*,#5090,.F.);
#6659=ORIENTED_EDGE('',*,*,#5092,.F.);
#6660=ORIENTED_EDGE('',*,*,#5093,.T.);
#6661=ORIENTED_EDGE('',*,*,#5094,.F.);
#6662=ORIENTED_EDGE('',*,*,#5095,.F.);
#6663=ORIENTED_EDGE('',*,*,#5096,.F.);
#6664=ORIENTED_EDGE('',*,*,#5095,.T.);
#6665=ORIENTED_EDGE('',*,*,#5097,.F.);
#6666=ORIENTED_EDGE('',*,*,#5098,.F.);
#6667=ORIENTED_EDGE('',*,*,#5099,.T.);
#6668=ORIENTED_EDGE('',*,*,#5098,.T.);
#6669=ORIENTED_EDGE('',*,*,#5100,.F.);
#6670=ORIENTED_EDGE('',*,*,#5101,.F.);
#6671=ORIENTED_EDGE('',*,*,#5102,.T.);
#6672=ORIENTED_EDGE('',*,*,#5101,.T.);
#6673=ORIENTED_EDGE('',*,*,#5103,.F.);
#6674=ORIENTED_EDGE('',*,*,#5104,.F.);
#6675=ORIENTED_EDGE('',*,*,#5105,.F.);
#6676=ORIENTED_EDGE('',*,*,#5104,.T.);
#6677=ORIENTED_EDGE('',*,*,#5106,.F.);
#6678=ORIENTED_EDGE('',*,*,#5107,.F.);
#6679=ORIENTED_EDGE('',*,*,#5108,.F.);
#6680=ORIENTED_EDGE('',*,*,#5107,.T.);
#6681=ORIENTED_EDGE('',*,*,#5109,.F.);
#6682=ORIENTED_EDGE('',*,*,#5110,.F.);
#6683=ORIENTED_EDGE('',*,*,#5111,.T.);
#6684=ORIENTED_EDGE('',*,*,#5110,.T.);
#6685=ORIENTED_EDGE('',*,*,#5112,.F.);
#6686=ORIENTED_EDGE('',*,*,#5113,.F.);
#6687=ORIENTED_EDGE('',*,*,#5114,.F.);
#6688=ORIENTED_EDGE('',*,*,#5113,.T.);
#6689=ORIENTED_EDGE('',*,*,#5115,.F.);
#6690=ORIENTED_EDGE('',*,*,#5116,.F.);
#6691=ORIENTED_EDGE('',*,*,#5117,.T.);
#6692=ORIENTED_EDGE('',*,*,#5116,.T.);
#6693=ORIENTED_EDGE('',*,*,#5118,.F.);
#6694=ORIENTED_EDGE('',*,*,#5119,.F.);
#6695=ORIENTED_EDGE('',*,*,#5120,.T.);
#6696=ORIENTED_EDGE('',*,*,#5119,.T.);
#6697=ORIENTED_EDGE('',*,*,#5121,.F.);
#6698=ORIENTED_EDGE('',*,*,#5122,.F.);
#6699=ORIENTED_EDGE('',*,*,#5123,.T.);
#6700=ORIENTED_EDGE('',*,*,#5122,.T.);
#6701=ORIENTED_EDGE('',*,*,#5124,.F.);
#6702=ORIENTED_EDGE('',*,*,#5125,.F.);
#6703=ORIENTED_EDGE('',*,*,#5126,.T.);
#6704=ORIENTED_EDGE('',*,*,#5125,.T.);
#6705=ORIENTED_EDGE('',*,*,#5127,.F.);
#6706=ORIENTED_EDGE('',*,*,#5128,.F.);
#6707=ORIENTED_EDGE('',*,*,#5129,.F.);
#6708=ORIENTED_EDGE('',*,*,#5128,.T.);
#6709=ORIENTED_EDGE('',*,*,#5130,.F.);
#6710=ORIENTED_EDGE('',*,*,#5131,.F.);
#6711=ORIENTED_EDGE('',*,*,#5132,.F.);
#6712=ORIENTED_EDGE('',*,*,#5131,.T.);
#6713=ORIENTED_EDGE('',*,*,#5133,.F.);
#6714=ORIENTED_EDGE('',*,*,#5134,.F.);
#6715=ORIENTED_EDGE('',*,*,#5135,.T.);
#6716=ORIENTED_EDGE('',*,*,#5134,.T.);
#6717=ORIENTED_EDGE('',*,*,#5136,.F.);
#6718=ORIENTED_EDGE('',*,*,#5137,.F.);
#6719=ORIENTED_EDGE('',*,*,#5138,.T.);
#6720=ORIENTED_EDGE('',*,*,#5137,.T.);
#6721=ORIENTED_EDGE('',*,*,#5139,.F.);
#6722=ORIENTED_EDGE('',*,*,#5140,.F.);
#6723=ORIENTED_EDGE('',*,*,#5141,.F.);
#6724=ORIENTED_EDGE('',*,*,#5140,.T.);
#6725=ORIENTED_EDGE('',*,*,#5142,.F.);
#6726=ORIENTED_EDGE('',*,*,#5143,.F.);
#6727=ORIENTED_EDGE('',*,*,#5144,.F.);
#6728=ORIENTED_EDGE('',*,*,#5143,.T.);
#6729=ORIENTED_EDGE('',*,*,#5145,.F.);
#6730=ORIENTED_EDGE('',*,*,#5146,.F.);
#6731=ORIENTED_EDGE('',*,*,#5147,.T.);
#6732=ORIENTED_EDGE('',*,*,#5146,.T.);
#6733=ORIENTED_EDGE('',*,*,#5148,.F.);
#6734=ORIENTED_EDGE('',*,*,#5149,.F.);
#6735=ORIENTED_EDGE('',*,*,#5150,.F.);
#6736=ORIENTED_EDGE('',*,*,#5149,.T.);
#6737=ORIENTED_EDGE('',*,*,#5151,.F.);
#6738=ORIENTED_EDGE('',*,*,#5152,.F.);
#6739=ORIENTED_EDGE('',*,*,#5153,.T.);
#6740=ORIENTED_EDGE('',*,*,#5152,.T.);
#6741=ORIENTED_EDGE('',*,*,#5154,.F.);
#6742=ORIENTED_EDGE('',*,*,#5155,.F.);
#6743=ORIENTED_EDGE('',*,*,#5156,.T.);
#6744=ORIENTED_EDGE('',*,*,#5155,.T.);
#6745=ORIENTED_EDGE('',*,*,#5157,.F.);
#6746=ORIENTED_EDGE('',*,*,#5158,.F.);
#6747=ORIENTED_EDGE('',*,*,#5159,.T.);
#6748=ORIENTED_EDGE('',*,*,#5158,.T.);
#6749=ORIENTED_EDGE('',*,*,#5160,.F.);
#6750=ORIENTED_EDGE('',*,*,#5161,.F.);
#6751=ORIENTED_EDGE('',*,*,#5162,.T.);
#6752=ORIENTED_EDGE('',*,*,#5161,.T.);
#6753=ORIENTED_EDGE('',*,*,#5163,.F.);
#6754=ORIENTED_EDGE('',*,*,#5164,.F.);
#6755=ORIENTED_EDGE('',*,*,#5165,.F.);
#6756=ORIENTED_EDGE('',*,*,#5164,.T.);
#6757=ORIENTED_EDGE('',*,*,#5166,.F.);
#6758=ORIENTED_EDGE('',*,*,#5167,.F.);
#6759=ORIENTED_EDGE('',*,*,#5168,.F.);
#6760=ORIENTED_EDGE('',*,*,#5167,.T.);
#6761=ORIENTED_EDGE('',*,*,#5169,.F.);
#6762=ORIENTED_EDGE('',*,*,#5170,.F.);
#6763=ORIENTED_EDGE('',*,*,#5171,.T.);
#6764=ORIENTED_EDGE('',*,*,#5170,.T.);
#6765=ORIENTED_EDGE('',*,*,#5172,.F.);
#6766=ORIENTED_EDGE('',*,*,#5173,.F.);
#6767=ORIENTED_EDGE('',*,*,#5174,.T.);
#6768=ORIENTED_EDGE('',*,*,#5173,.T.);
#6769=ORIENTED_EDGE('',*,*,#5175,.F.);
#6770=ORIENTED_EDGE('',*,*,#5176,.F.);
#6771=ORIENTED_EDGE('',*,*,#5177,.F.);
#6772=ORIENTED_EDGE('',*,*,#5176,.T.);
#6773=ORIENTED_EDGE('',*,*,#5178,.F.);
#6774=ORIENTED_EDGE('',*,*,#5179,.F.);
#6775=ORIENTED_EDGE('',*,*,#5180,.F.);
#6776=ORIENTED_EDGE('',*,*,#5179,.T.);
#6777=ORIENTED_EDGE('',*,*,#5181,.F.);
#6778=ORIENTED_EDGE('',*,*,#5182,.F.);
#6779=ORIENTED_EDGE('',*,*,#5183,.T.);
#6780=ORIENTED_EDGE('',*,*,#5182,.T.);
#6781=ORIENTED_EDGE('',*,*,#5184,.F.);
#6782=ORIENTED_EDGE('',*,*,#5185,.F.);
#6783=ORIENTED_EDGE('',*,*,#5186,.F.);
#6784=ORIENTED_EDGE('',*,*,#5185,.T.);
#6785=ORIENTED_EDGE('',*,*,#5187,.F.);
#6786=ORIENTED_EDGE('',*,*,#5188,.F.);
#6787=ORIENTED_EDGE('',*,*,#5189,.T.);
#6788=ORIENTED_EDGE('',*,*,#5188,.T.);
#6789=ORIENTED_EDGE('',*,*,#5190,.F.);
#6790=ORIENTED_EDGE('',*,*,#5191,.F.);
#6791=ORIENTED_EDGE('',*,*,#5192,.T.);
#6792=ORIENTED_EDGE('',*,*,#5191,.T.);
#6793=ORIENTED_EDGE('',*,*,#5193,.F.);
#6794=ORIENTED_EDGE('',*,*,#5194,.F.);
#6795=ORIENTED_EDGE('',*,*,#5195,.T.);
#6796=ORIENTED_EDGE('',*,*,#5194,.T.);
#6797=ORIENTED_EDGE('',*,*,#5196,.F.);
#6798=ORIENTED_EDGE('',*,*,#5197,.F.);
#6799=ORIENTED_EDGE('',*,*,#5198,.T.);
#6800=ORIENTED_EDGE('',*,*,#5197,.T.);
#6801=ORIENTED_EDGE('',*,*,#5199,.F.);
#6802=ORIENTED_EDGE('',*,*,#5200,.F.);
#6803=ORIENTED_EDGE('',*,*,#5201,.F.);
#6804=ORIENTED_EDGE('',*,*,#5200,.T.);
#6805=ORIENTED_EDGE('',*,*,#5202,.F.);
#6806=ORIENTED_EDGE('',*,*,#5203,.F.);
#6807=ORIENTED_EDGE('',*,*,#5204,.F.);
#6808=ORIENTED_EDGE('',*,*,#5203,.T.);
#6809=ORIENTED_EDGE('',*,*,#5205,.F.);
#6810=ORIENTED_EDGE('',*,*,#5206,.F.);
#6811=ORIENTED_EDGE('',*,*,#5207,.T.);
#6812=ORIENTED_EDGE('',*,*,#5206,.T.);
#6813=ORIENTED_EDGE('',*,*,#5208,.F.);
#6814=ORIENTED_EDGE('',*,*,#5209,.F.);
#6815=ORIENTED_EDGE('',*,*,#5210,.T.);
#6816=ORIENTED_EDGE('',*,*,#5209,.T.);
#6817=ORIENTED_EDGE('',*,*,#5211,.F.);
#6818=ORIENTED_EDGE('',*,*,#5212,.F.);
#6819=ORIENTED_EDGE('',*,*,#5213,.F.);
#6820=ORIENTED_EDGE('',*,*,#5212,.T.);
#6821=ORIENTED_EDGE('',*,*,#5214,.F.);
#6822=ORIENTED_EDGE('',*,*,#5215,.F.);
#6823=ORIENTED_EDGE('',*,*,#5216,.F.);
#6824=ORIENTED_EDGE('',*,*,#5215,.T.);
#6825=ORIENTED_EDGE('',*,*,#5217,.F.);
#6826=ORIENTED_EDGE('',*,*,#5218,.F.);
#6827=ORIENTED_EDGE('',*,*,#5219,.T.);
#6828=ORIENTED_EDGE('',*,*,#5218,.T.);
#6829=ORIENTED_EDGE('',*,*,#5220,.F.);
#6830=ORIENTED_EDGE('',*,*,#5221,.F.);
#6831=ORIENTED_EDGE('',*,*,#5222,.F.);
#6832=ORIENTED_EDGE('',*,*,#5221,.T.);
#6833=ORIENTED_EDGE('',*,*,#5223,.F.);
#6834=ORIENTED_EDGE('',*,*,#5224,.F.);
#6835=ORIENTED_EDGE('',*,*,#5225,.T.);
#6836=ORIENTED_EDGE('',*,*,#5224,.T.);
#6837=ORIENTED_EDGE('',*,*,#5226,.F.);
#6838=ORIENTED_EDGE('',*,*,#5227,.F.);
#6839=ORIENTED_EDGE('',*,*,#5228,.T.);
#6840=ORIENTED_EDGE('',*,*,#5227,.T.);
#6841=ORIENTED_EDGE('',*,*,#5229,.F.);
#6842=ORIENTED_EDGE('',*,*,#5230,.F.);
#6843=ORIENTED_EDGE('',*,*,#5231,.T.);
#6844=ORIENTED_EDGE('',*,*,#5230,.T.);
#6845=ORIENTED_EDGE('',*,*,#5232,.F.);
#6846=ORIENTED_EDGE('',*,*,#5233,.F.);
#6847=ORIENTED_EDGE('',*,*,#5234,.T.);
#6848=ORIENTED_EDGE('',*,*,#5233,.T.);
#6849=ORIENTED_EDGE('',*,*,#5235,.F.);
#6850=ORIENTED_EDGE('',*,*,#5093,.F.);
#6851=ORIENTED_EDGE('',*,*,#5235,.T.);
#6852=ORIENTED_EDGE('',*,*,#5232,.T.);
#6853=ORIENTED_EDGE('',*,*,#5229,.T.);
#6854=ORIENTED_EDGE('',*,*,#5226,.T.);
#6855=ORIENTED_EDGE('',*,*,#5223,.T.);
#6856=ORIENTED_EDGE('',*,*,#5220,.T.);
#6857=ORIENTED_EDGE('',*,*,#5217,.T.);
#6858=ORIENTED_EDGE('',*,*,#5214,.T.);
#6859=ORIENTED_EDGE('',*,*,#5211,.T.);
#6860=ORIENTED_EDGE('',*,*,#5208,.T.);
#6861=ORIENTED_EDGE('',*,*,#5205,.T.);
#6862=ORIENTED_EDGE('',*,*,#5202,.T.);
#6863=ORIENTED_EDGE('',*,*,#5199,.T.);
#6864=ORIENTED_EDGE('',*,*,#5196,.T.);
#6865=ORIENTED_EDGE('',*,*,#5193,.T.);
#6866=ORIENTED_EDGE('',*,*,#5190,.T.);
#6867=ORIENTED_EDGE('',*,*,#5187,.T.);
#6868=ORIENTED_EDGE('',*,*,#5184,.T.);
#6869=ORIENTED_EDGE('',*,*,#5181,.T.);
#6870=ORIENTED_EDGE('',*,*,#5178,.T.);
#6871=ORIENTED_EDGE('',*,*,#5175,.T.);
#6872=ORIENTED_EDGE('',*,*,#5172,.T.);
#6873=ORIENTED_EDGE('',*,*,#5169,.T.);
#6874=ORIENTED_EDGE('',*,*,#5166,.T.);
#6875=ORIENTED_EDGE('',*,*,#5163,.T.);
#6876=ORIENTED_EDGE('',*,*,#5160,.T.);
#6877=ORIENTED_EDGE('',*,*,#5157,.T.);
#6878=ORIENTED_EDGE('',*,*,#5154,.T.);
#6879=ORIENTED_EDGE('',*,*,#5151,.T.);
#6880=ORIENTED_EDGE('',*,*,#5148,.T.);
#6881=ORIENTED_EDGE('',*,*,#5145,.T.);
#6882=ORIENTED_EDGE('',*,*,#5142,.T.);
#6883=ORIENTED_EDGE('',*,*,#5139,.T.);
#6884=ORIENTED_EDGE('',*,*,#5136,.T.);
#6885=ORIENTED_EDGE('',*,*,#5133,.T.);
#6886=ORIENTED_EDGE('',*,*,#5130,.T.);
#6887=ORIENTED_EDGE('',*,*,#5127,.T.);
#6888=ORIENTED_EDGE('',*,*,#5124,.T.);
#6889=ORIENTED_EDGE('',*,*,#5121,.T.);
#6890=ORIENTED_EDGE('',*,*,#5118,.T.);
#6891=ORIENTED_EDGE('',*,*,#5115,.T.);
#6892=ORIENTED_EDGE('',*,*,#5112,.T.);
#6893=ORIENTED_EDGE('',*,*,#5109,.T.);
#6894=ORIENTED_EDGE('',*,*,#5106,.T.);
#6895=ORIENTED_EDGE('',*,*,#5103,.T.);
#6896=ORIENTED_EDGE('',*,*,#5100,.T.);
#6897=ORIENTED_EDGE('',*,*,#5097,.T.);
#6898=ORIENTED_EDGE('',*,*,#5094,.T.);
#6899=ORIENTED_EDGE('',*,*,#5089,.T.);
#6900=ORIENTED_EDGE('',*,*,#5234,.F.);
#6901=ORIENTED_EDGE('',*,*,#5092,.T.);
#6902=ORIENTED_EDGE('',*,*,#5096,.T.);
#6903=ORIENTED_EDGE('',*,*,#5099,.F.);
#6904=ORIENTED_EDGE('',*,*,#5102,.F.);
#6905=ORIENTED_EDGE('',*,*,#5105,.T.);
#6906=ORIENTED_EDGE('',*,*,#5108,.T.);
#6907=ORIENTED_EDGE('',*,*,#5111,.F.);
#6908=ORIENTED_EDGE('',*,*,#5114,.T.);
#6909=ORIENTED_EDGE('',*,*,#5117,.F.);
#6910=ORIENTED_EDGE('',*,*,#5120,.F.);
#6911=ORIENTED_EDGE('',*,*,#5123,.F.);
#6912=ORIENTED_EDGE('',*,*,#5126,.F.);
#6913=ORIENTED_EDGE('',*,*,#5129,.T.);
#6914=ORIENTED_EDGE('',*,*,#5132,.T.);
#6915=ORIENTED_EDGE('',*,*,#5135,.F.);
#6916=ORIENTED_EDGE('',*,*,#5138,.F.);
#6917=ORIENTED_EDGE('',*,*,#5141,.T.);
#6918=ORIENTED_EDGE('',*,*,#5144,.T.);
#6919=ORIENTED_EDGE('',*,*,#5147,.F.);
#6920=ORIENTED_EDGE('',*,*,#5150,.T.);
#6921=ORIENTED_EDGE('',*,*,#5153,.F.);
#6922=ORIENTED_EDGE('',*,*,#5156,.F.);
#6923=ORIENTED_EDGE('',*,*,#5159,.F.);
#6924=ORIENTED_EDGE('',*,*,#5162,.F.);
#6925=ORIENTED_EDGE('',*,*,#5165,.T.);
#6926=ORIENTED_EDGE('',*,*,#5168,.T.);
#6927=ORIENTED_EDGE('',*,*,#5171,.F.);
#6928=ORIENTED_EDGE('',*,*,#5174,.F.);
#6929=ORIENTED_EDGE('',*,*,#5177,.T.);
#6930=ORIENTED_EDGE('',*,*,#5180,.T.);
#6931=ORIENTED_EDGE('',*,*,#5183,.F.);
#6932=ORIENTED_EDGE('',*,*,#5186,.T.);
#6933=ORIENTED_EDGE('',*,*,#5189,.F.);
#6934=ORIENTED_EDGE('',*,*,#5192,.F.);
#6935=ORIENTED_EDGE('',*,*,#5195,.F.);
#6936=ORIENTED_EDGE('',*,*,#5198,.F.);
#6937=ORIENTED_EDGE('',*,*,#5201,.T.);
#6938=ORIENTED_EDGE('',*,*,#5204,.T.);
#6939=ORIENTED_EDGE('',*,*,#5207,.F.);
#6940=ORIENTED_EDGE('',*,*,#5210,.F.);
#6941=ORIENTED_EDGE('',*,*,#5213,.T.);
#6942=ORIENTED_EDGE('',*,*,#5216,.T.);
#6943=ORIENTED_EDGE('',*,*,#5219,.F.);
#6944=ORIENTED_EDGE('',*,*,#5222,.T.);
#6945=ORIENTED_EDGE('',*,*,#5225,.F.);
#6946=ORIENTED_EDGE('',*,*,#5228,.F.);
#6947=ORIENTED_EDGE('',*,*,#5231,.F.);
#6948=ORIENTED_EDGE('',*,*,#5091,.F.);
#6949=ORIENTED_EDGE('',*,*,#5236,.T.);
#6950=ORIENTED_EDGE('',*,*,#5237,.T.);
#6951=ORIENTED_EDGE('',*,*,#5238,.F.);
#6952=ORIENTED_EDGE('',*,*,#5239,.F.);
#6953=ORIENTED_EDGE('',*,*,#5240,.T.);
#6954=ORIENTED_EDGE('',*,*,#5239,.T.);
#6955=ORIENTED_EDGE('',*,*,#5241,.F.);
#6956=ORIENTED_EDGE('',*,*,#5242,.F.);
#6957=ORIENTED_EDGE('',*,*,#5243,.T.);
#6958=ORIENTED_EDGE('',*,*,#5242,.T.);
#6959=ORIENTED_EDGE('',*,*,#5244,.F.);
#6960=ORIENTED_EDGE('',*,*,#5245,.F.);
#6961=ORIENTED_EDGE('',*,*,#5246,.T.);
#6962=ORIENTED_EDGE('',*,*,#5245,.T.);
#6963=ORIENTED_EDGE('',*,*,#5247,.F.);
#6964=ORIENTED_EDGE('',*,*,#5237,.F.);
#6965=ORIENTED_EDGE('',*,*,#5248,.F.);
#6966=ORIENTED_EDGE('',*,*,#5249,.T.);
#6967=ORIENTED_EDGE('',*,*,#5250,.T.);
#6968=ORIENTED_EDGE('',*,*,#5249,.F.);
#6969=ORIENTED_EDGE('',*,*,#5251,.T.);
#6970=ORIENTED_EDGE('',*,*,#5252,.T.);
#6971=ORIENTED_EDGE('',*,*,#5253,.F.);
#6972=ORIENTED_EDGE('',*,*,#5254,.F.);
#6973=ORIENTED_EDGE('',*,*,#5255,.T.);
#6974=ORIENTED_EDGE('',*,*,#5254,.T.);
#6975=ORIENTED_EDGE('',*,*,#5256,.F.);
#6976=ORIENTED_EDGE('',*,*,#5257,.F.);
#6977=ORIENTED_EDGE('',*,*,#5258,.T.);
#6978=ORIENTED_EDGE('',*,*,#5257,.T.);
#6979=ORIENTED_EDGE('',*,*,#5259,.F.);
#6980=ORIENTED_EDGE('',*,*,#5260,.F.);
#6981=ORIENTED_EDGE('',*,*,#5261,.T.);
#6982=ORIENTED_EDGE('',*,*,#5260,.T.);
#6983=ORIENTED_EDGE('',*,*,#5262,.F.);
#6984=ORIENTED_EDGE('',*,*,#5252,.F.);
#6985=ORIENTED_EDGE('',*,*,#5263,.T.);
#6986=ORIENTED_EDGE('',*,*,#5264,.T.);
#6987=ORIENTED_EDGE('',*,*,#5265,.F.);
#6988=ORIENTED_EDGE('',*,*,#5266,.F.);
#6989=ORIENTED_EDGE('',*,*,#5267,.T.);
#6990=ORIENTED_EDGE('',*,*,#5266,.T.);
#6991=ORIENTED_EDGE('',*,*,#5268,.F.);
#6992=ORIENTED_EDGE('',*,*,#5269,.F.);
#6993=ORIENTED_EDGE('',*,*,#5270,.T.);
#6994=ORIENTED_EDGE('',*,*,#5269,.T.);
#6995=ORIENTED_EDGE('',*,*,#5271,.F.);
#6996=ORIENTED_EDGE('',*,*,#5272,.F.);
#6997=ORIENTED_EDGE('',*,*,#5273,.T.);
#6998=ORIENTED_EDGE('',*,*,#5272,.T.);
#6999=ORIENTED_EDGE('',*,*,#5274,.F.);
#7000=ORIENTED_EDGE('',*,*,#5264,.F.);
#7001=ORIENTED_EDGE('',*,*,#5275,.T.);
#7002=ORIENTED_EDGE('',*,*,#5276,.T.);
#7003=ORIENTED_EDGE('',*,*,#5277,.F.);
#7004=ORIENTED_EDGE('',*,*,#5278,.F.);
#7005=ORIENTED_EDGE('',*,*,#5279,.T.);
#7006=ORIENTED_EDGE('',*,*,#5278,.T.);
#7007=ORIENTED_EDGE('',*,*,#5280,.F.);
#7008=ORIENTED_EDGE('',*,*,#5281,.F.);
#7009=ORIENTED_EDGE('',*,*,#5282,.T.);
#7010=ORIENTED_EDGE('',*,*,#5281,.T.);
#7011=ORIENTED_EDGE('',*,*,#5283,.F.);
#7012=ORIENTED_EDGE('',*,*,#5284,.F.);
#7013=ORIENTED_EDGE('',*,*,#5285,.T.);
#7014=ORIENTED_EDGE('',*,*,#5284,.T.);
#7015=ORIENTED_EDGE('',*,*,#5286,.F.);
#7016=ORIENTED_EDGE('',*,*,#5276,.F.);
#7017=ORIENTED_EDGE('',*,*,#5287,.F.);
#7018=ORIENTED_EDGE('',*,*,#5288,.T.);
#7019=ORIENTED_EDGE('',*,*,#5289,.F.);
#7020=ORIENTED_EDGE('',*,*,#5290,.F.);
#7021=ORIENTED_EDGE('',*,*,#5291,.F.);
#7022=ORIENTED_EDGE('',*,*,#5290,.T.);
#7023=ORIENTED_EDGE('',*,*,#5292,.F.);
#7024=ORIENTED_EDGE('',*,*,#5293,.F.);
#7025=ORIENTED_EDGE('',*,*,#5294,.F.);
#7026=ORIENTED_EDGE('',*,*,#5293,.T.);
#7027=ORIENTED_EDGE('',*,*,#5295,.F.);
#7028=ORIENTED_EDGE('',*,*,#5296,.F.);
#7029=ORIENTED_EDGE('',*,*,#5297,.F.);
#7030=ORIENTED_EDGE('',*,*,#5296,.T.);
#7031=ORIENTED_EDGE('',*,*,#5298,.F.);
#7032=ORIENTED_EDGE('',*,*,#5299,.F.);
#7033=ORIENTED_EDGE('',*,*,#5300,.T.);
#7034=ORIENTED_EDGE('',*,*,#5299,.T.);
#7035=ORIENTED_EDGE('',*,*,#5301,.F.);
#7036=ORIENTED_EDGE('',*,*,#5302,.F.);
#7037=ORIENTED_EDGE('',*,*,#5303,.F.);
#7038=ORIENTED_EDGE('',*,*,#5302,.T.);
#7039=ORIENTED_EDGE('',*,*,#5304,.F.);
#7040=ORIENTED_EDGE('',*,*,#5305,.F.);
#7041=ORIENTED_EDGE('',*,*,#5306,.T.);
#7042=ORIENTED_EDGE('',*,*,#5305,.T.);
#7043=ORIENTED_EDGE('',*,*,#5307,.F.);
#7044=ORIENTED_EDGE('',*,*,#5308,.F.);
#7045=ORIENTED_EDGE('',*,*,#5309,.T.);
#7046=ORIENTED_EDGE('',*,*,#5308,.T.);
#7047=ORIENTED_EDGE('',*,*,#5310,.F.);
#7048=ORIENTED_EDGE('',*,*,#5311,.F.);
#7049=ORIENTED_EDGE('',*,*,#5312,.T.);
#7050=ORIENTED_EDGE('',*,*,#5311,.T.);
#7051=ORIENTED_EDGE('',*,*,#5313,.F.);
#7052=ORIENTED_EDGE('',*,*,#5314,.F.);
#7053=ORIENTED_EDGE('',*,*,#5315,.T.);
#7054=ORIENTED_EDGE('',*,*,#5314,.T.);
#7055=ORIENTED_EDGE('',*,*,#5316,.F.);
#7056=ORIENTED_EDGE('',*,*,#5317,.F.);
#7057=ORIENTED_EDGE('',*,*,#5318,.T.);
#7058=ORIENTED_EDGE('',*,*,#5317,.T.);
#7059=ORIENTED_EDGE('',*,*,#5319,.F.);
#7060=ORIENTED_EDGE('',*,*,#5320,.F.);
#7061=ORIENTED_EDGE('',*,*,#5321,.T.);
#7062=ORIENTED_EDGE('',*,*,#5320,.T.);
#7063=ORIENTED_EDGE('',*,*,#5322,.F.);
#7064=ORIENTED_EDGE('',*,*,#5323,.F.);
#7065=ORIENTED_EDGE('',*,*,#5324,.T.);
#7066=ORIENTED_EDGE('',*,*,#5323,.T.);
#7067=ORIENTED_EDGE('',*,*,#5325,.F.);
#7068=ORIENTED_EDGE('',*,*,#5326,.F.);
#7069=ORIENTED_EDGE('',*,*,#5327,.T.);
#7070=ORIENTED_EDGE('',*,*,#5326,.T.);
#7071=ORIENTED_EDGE('',*,*,#5328,.F.);
#7072=ORIENTED_EDGE('',*,*,#5329,.F.);
#7073=ORIENTED_EDGE('',*,*,#5330,.F.);
#7074=ORIENTED_EDGE('',*,*,#5329,.T.);
#7075=ORIENTED_EDGE('',*,*,#5331,.F.);
#7076=ORIENTED_EDGE('',*,*,#5332,.F.);
#7077=ORIENTED_EDGE('',*,*,#5333,.F.);
#7078=ORIENTED_EDGE('',*,*,#5332,.T.);
#7079=ORIENTED_EDGE('',*,*,#5334,.F.);
#7080=ORIENTED_EDGE('',*,*,#5335,.F.);
#7081=ORIENTED_EDGE('',*,*,#5336,.F.);
#7082=ORIENTED_EDGE('',*,*,#5335,.T.);
#7083=ORIENTED_EDGE('',*,*,#5337,.F.);
#7084=ORIENTED_EDGE('',*,*,#5338,.F.);
#7085=ORIENTED_EDGE('',*,*,#5339,.F.);
#7086=ORIENTED_EDGE('',*,*,#5338,.T.);
#7087=ORIENTED_EDGE('',*,*,#5340,.F.);
#7088=ORIENTED_EDGE('',*,*,#5341,.F.);
#7089=ORIENTED_EDGE('',*,*,#5342,.F.);
#7090=ORIENTED_EDGE('',*,*,#5341,.T.);
#7091=ORIENTED_EDGE('',*,*,#5343,.F.);
#7092=ORIENTED_EDGE('',*,*,#5344,.F.);
#7093=ORIENTED_EDGE('',*,*,#5345,.T.);
#7094=ORIENTED_EDGE('',*,*,#5344,.T.);
#7095=ORIENTED_EDGE('',*,*,#5346,.F.);
#7096=ORIENTED_EDGE('',*,*,#5347,.F.);
#7097=ORIENTED_EDGE('',*,*,#5348,.F.);
#7098=ORIENTED_EDGE('',*,*,#5347,.T.);
#7099=ORIENTED_EDGE('',*,*,#5349,.F.);
#7100=ORIENTED_EDGE('',*,*,#5350,.F.);
#7101=ORIENTED_EDGE('',*,*,#5351,.T.);
#7102=ORIENTED_EDGE('',*,*,#5350,.T.);
#7103=ORIENTED_EDGE('',*,*,#5352,.F.);
#7104=ORIENTED_EDGE('',*,*,#5353,.F.);
#7105=ORIENTED_EDGE('',*,*,#5354,.T.);
#7106=ORIENTED_EDGE('',*,*,#5353,.T.);
#7107=ORIENTED_EDGE('',*,*,#5355,.F.);
#7108=ORIENTED_EDGE('',*,*,#5356,.F.);
#7109=ORIENTED_EDGE('',*,*,#5357,.T.);
#7110=ORIENTED_EDGE('',*,*,#5356,.T.);
#7111=ORIENTED_EDGE('',*,*,#5358,.F.);
#7112=ORIENTED_EDGE('',*,*,#5359,.F.);
#7113=ORIENTED_EDGE('',*,*,#5360,.T.);
#7114=ORIENTED_EDGE('',*,*,#5359,.T.);
#7115=ORIENTED_EDGE('',*,*,#5361,.F.);
#7116=ORIENTED_EDGE('',*,*,#5362,.F.);
#7117=ORIENTED_EDGE('',*,*,#5363,.T.);
#7118=ORIENTED_EDGE('',*,*,#5362,.T.);
#7119=ORIENTED_EDGE('',*,*,#5364,.F.);
#7120=ORIENTED_EDGE('',*,*,#5365,.F.);
#7121=ORIENTED_EDGE('',*,*,#5366,.T.);
#7122=ORIENTED_EDGE('',*,*,#5365,.T.);
#7123=ORIENTED_EDGE('',*,*,#5367,.F.);
#7124=ORIENTED_EDGE('',*,*,#5368,.F.);
#7125=ORIENTED_EDGE('',*,*,#5369,.T.);
#7126=ORIENTED_EDGE('',*,*,#5368,.T.);
#7127=ORIENTED_EDGE('',*,*,#5370,.F.);
#7128=ORIENTED_EDGE('',*,*,#5371,.F.);
#7129=ORIENTED_EDGE('',*,*,#5372,.T.);
#7130=ORIENTED_EDGE('',*,*,#5371,.T.);
#7131=ORIENTED_EDGE('',*,*,#5373,.F.);
#7132=ORIENTED_EDGE('',*,*,#5374,.F.);
#7133=ORIENTED_EDGE('',*,*,#5375,.F.);
#7134=ORIENTED_EDGE('',*,*,#5374,.T.);
#7135=ORIENTED_EDGE('',*,*,#5376,.F.);
#7136=ORIENTED_EDGE('',*,*,#5377,.F.);
#7137=ORIENTED_EDGE('',*,*,#5378,.F.);
#7138=ORIENTED_EDGE('',*,*,#5377,.T.);
#7139=ORIENTED_EDGE('',*,*,#5379,.F.);
#7140=ORIENTED_EDGE('',*,*,#5380,.F.);
#7141=ORIENTED_EDGE('',*,*,#5381,.F.);
#7142=ORIENTED_EDGE('',*,*,#5380,.T.);
#7143=ORIENTED_EDGE('',*,*,#5382,.F.);
#7144=ORIENTED_EDGE('',*,*,#5383,.F.);
#7145=ORIENTED_EDGE('',*,*,#5384,.F.);
#7146=ORIENTED_EDGE('',*,*,#5383,.T.);
#7147=ORIENTED_EDGE('',*,*,#5385,.F.);
#7148=ORIENTED_EDGE('',*,*,#5386,.F.);
#7149=ORIENTED_EDGE('',*,*,#5387,.F.);
#7150=ORIENTED_EDGE('',*,*,#5386,.T.);
#7151=ORIENTED_EDGE('',*,*,#5388,.F.);
#7152=ORIENTED_EDGE('',*,*,#5389,.F.);
#7153=ORIENTED_EDGE('',*,*,#5390,.T.);
#7154=ORIENTED_EDGE('',*,*,#5389,.T.);
#7155=ORIENTED_EDGE('',*,*,#5391,.F.);
#7156=ORIENTED_EDGE('',*,*,#5392,.F.);
#7157=ORIENTED_EDGE('',*,*,#5393,.F.);
#7158=ORIENTED_EDGE('',*,*,#5392,.T.);
#7159=ORIENTED_EDGE('',*,*,#5394,.F.);
#7160=ORIENTED_EDGE('',*,*,#5395,.F.);
#7161=ORIENTED_EDGE('',*,*,#5396,.T.);
#7162=ORIENTED_EDGE('',*,*,#5395,.T.);
#7163=ORIENTED_EDGE('',*,*,#5397,.F.);
#7164=ORIENTED_EDGE('',*,*,#5398,.F.);
#7165=ORIENTED_EDGE('',*,*,#5399,.T.);
#7166=ORIENTED_EDGE('',*,*,#5398,.T.);
#7167=ORIENTED_EDGE('',*,*,#5400,.F.);
#7168=ORIENTED_EDGE('',*,*,#5401,.F.);
#7169=ORIENTED_EDGE('',*,*,#5402,.T.);
#7170=ORIENTED_EDGE('',*,*,#5401,.T.);
#7171=ORIENTED_EDGE('',*,*,#5403,.F.);
#7172=ORIENTED_EDGE('',*,*,#5404,.F.);
#7173=ORIENTED_EDGE('',*,*,#5405,.T.);
#7174=ORIENTED_EDGE('',*,*,#5404,.T.);
#7175=ORIENTED_EDGE('',*,*,#5406,.F.);
#7176=ORIENTED_EDGE('',*,*,#5407,.F.);
#7177=ORIENTED_EDGE('',*,*,#5408,.F.);
#7178=ORIENTED_EDGE('',*,*,#5407,.T.);
#7179=ORIENTED_EDGE('',*,*,#5409,.F.);
#7180=ORIENTED_EDGE('',*,*,#5410,.F.);
#7181=ORIENTED_EDGE('',*,*,#5411,.F.);
#7182=ORIENTED_EDGE('',*,*,#5410,.T.);
#7183=ORIENTED_EDGE('',*,*,#5412,.F.);
#7184=ORIENTED_EDGE('',*,*,#5413,.F.);
#7185=ORIENTED_EDGE('',*,*,#5414,.T.);
#7186=ORIENTED_EDGE('',*,*,#5413,.T.);
#7187=ORIENTED_EDGE('',*,*,#5415,.F.);
#7188=ORIENTED_EDGE('',*,*,#5416,.F.);
#7189=ORIENTED_EDGE('',*,*,#5417,.F.);
#7190=ORIENTED_EDGE('',*,*,#5416,.T.);
#7191=ORIENTED_EDGE('',*,*,#5418,.F.);
#7192=ORIENTED_EDGE('',*,*,#5419,.F.);
#7193=ORIENTED_EDGE('',*,*,#5420,.F.);
#7194=ORIENTED_EDGE('',*,*,#5419,.T.);
#7195=ORIENTED_EDGE('',*,*,#5421,.F.);
#7196=ORIENTED_EDGE('',*,*,#5422,.F.);
#7197=ORIENTED_EDGE('',*,*,#5423,.F.);
#7198=ORIENTED_EDGE('',*,*,#5422,.T.);
#7199=ORIENTED_EDGE('',*,*,#5424,.F.);
#7200=ORIENTED_EDGE('',*,*,#5425,.F.);
#7201=ORIENTED_EDGE('',*,*,#5426,.F.);
#7202=ORIENTED_EDGE('',*,*,#5425,.T.);
#7203=ORIENTED_EDGE('',*,*,#5427,.F.);
#7204=ORIENTED_EDGE('',*,*,#5428,.F.);
#7205=ORIENTED_EDGE('',*,*,#5429,.F.);
#7206=ORIENTED_EDGE('',*,*,#5428,.T.);
#7207=ORIENTED_EDGE('',*,*,#5430,.F.);
#7208=ORIENTED_EDGE('',*,*,#5431,.F.);
#7209=ORIENTED_EDGE('',*,*,#5432,.F.);
#7210=ORIENTED_EDGE('',*,*,#5431,.T.);
#7211=ORIENTED_EDGE('',*,*,#5433,.F.);
#7212=ORIENTED_EDGE('',*,*,#5434,.F.);
#7213=ORIENTED_EDGE('',*,*,#5435,.T.);
#7214=ORIENTED_EDGE('',*,*,#5434,.T.);
#7215=ORIENTED_EDGE('',*,*,#5436,.F.);
#7216=ORIENTED_EDGE('',*,*,#5437,.F.);
#7217=ORIENTED_EDGE('',*,*,#5438,.T.);
#7218=ORIENTED_EDGE('',*,*,#5437,.T.);
#7219=ORIENTED_EDGE('',*,*,#5439,.F.);
#7220=ORIENTED_EDGE('',*,*,#5440,.F.);
#7221=ORIENTED_EDGE('',*,*,#5441,.T.);
#7222=ORIENTED_EDGE('',*,*,#5440,.T.);
#7223=ORIENTED_EDGE('',*,*,#5442,.F.);
#7224=ORIENTED_EDGE('',*,*,#5443,.F.);
#7225=ORIENTED_EDGE('',*,*,#5444,.F.);
#7226=ORIENTED_EDGE('',*,*,#5443,.T.);
#7227=ORIENTED_EDGE('',*,*,#5445,.F.);
#7228=ORIENTED_EDGE('',*,*,#5446,.F.);
#7229=ORIENTED_EDGE('',*,*,#5447,.T.);
#7230=ORIENTED_EDGE('',*,*,#5446,.T.);
#7231=ORIENTED_EDGE('',*,*,#5448,.F.);
#7232=ORIENTED_EDGE('',*,*,#5449,.F.);
#7233=ORIENTED_EDGE('',*,*,#5450,.T.);
#7234=ORIENTED_EDGE('',*,*,#5449,.T.);
#7235=ORIENTED_EDGE('',*,*,#5451,.F.);
#7236=ORIENTED_EDGE('',*,*,#5452,.F.);
#7237=ORIENTED_EDGE('',*,*,#5453,.T.);
#7238=ORIENTED_EDGE('',*,*,#5452,.T.);
#7239=ORIENTED_EDGE('',*,*,#5454,.F.);
#7240=ORIENTED_EDGE('',*,*,#5455,.F.);
#7241=ORIENTED_EDGE('',*,*,#5456,.T.);
#7242=ORIENTED_EDGE('',*,*,#5455,.T.);
#7243=ORIENTED_EDGE('',*,*,#5457,.F.);
#7244=ORIENTED_EDGE('',*,*,#5458,.F.);
#7245=ORIENTED_EDGE('',*,*,#5459,.T.);
#7246=ORIENTED_EDGE('',*,*,#5458,.T.);
#7247=ORIENTED_EDGE('',*,*,#5460,.F.);
#7248=ORIENTED_EDGE('',*,*,#5461,.F.);
#7249=ORIENTED_EDGE('',*,*,#5462,.T.);
#7250=ORIENTED_EDGE('',*,*,#5461,.T.);
#7251=ORIENTED_EDGE('',*,*,#5463,.F.);
#7252=ORIENTED_EDGE('',*,*,#5464,.F.);
#7253=ORIENTED_EDGE('',*,*,#5465,.T.);
#7254=ORIENTED_EDGE('',*,*,#5464,.T.);
#7255=ORIENTED_EDGE('',*,*,#5466,.F.);
#7256=ORIENTED_EDGE('',*,*,#5467,.F.);
#7257=ORIENTED_EDGE('',*,*,#5468,.T.);
#7258=ORIENTED_EDGE('',*,*,#5467,.T.);
#7259=ORIENTED_EDGE('',*,*,#5469,.F.);
#7260=ORIENTED_EDGE('',*,*,#5470,.F.);
#7261=ORIENTED_EDGE('',*,*,#5471,.F.);
#7262=ORIENTED_EDGE('',*,*,#5470,.T.);
#7263=ORIENTED_EDGE('',*,*,#5472,.F.);
#7264=ORIENTED_EDGE('',*,*,#5288,.F.);
#7265=ORIENTED_EDGE('',*,*,#5472,.T.);
#7266=ORIENTED_EDGE('',*,*,#5469,.T.);
#7267=ORIENTED_EDGE('',*,*,#5466,.T.);
#7268=ORIENTED_EDGE('',*,*,#5463,.T.);
#7269=ORIENTED_EDGE('',*,*,#5460,.T.);
#7270=ORIENTED_EDGE('',*,*,#5457,.T.);
#7271=ORIENTED_EDGE('',*,*,#5454,.T.);
#7272=ORIENTED_EDGE('',*,*,#5451,.T.);
#7273=ORIENTED_EDGE('',*,*,#5448,.T.);
#7274=ORIENTED_EDGE('',*,*,#5445,.T.);
#7275=ORIENTED_EDGE('',*,*,#5442,.T.);
#7276=ORIENTED_EDGE('',*,*,#5439,.T.);
#7277=ORIENTED_EDGE('',*,*,#5436,.T.);
#7278=ORIENTED_EDGE('',*,*,#5433,.T.);
#7279=ORIENTED_EDGE('',*,*,#5430,.T.);
#7280=ORIENTED_EDGE('',*,*,#5427,.T.);
#7281=ORIENTED_EDGE('',*,*,#5424,.T.);
#7282=ORIENTED_EDGE('',*,*,#5421,.T.);
#7283=ORIENTED_EDGE('',*,*,#5418,.T.);
#7284=ORIENTED_EDGE('',*,*,#5415,.T.);
#7285=ORIENTED_EDGE('',*,*,#5412,.T.);
#7286=ORIENTED_EDGE('',*,*,#5409,.T.);
#7287=ORIENTED_EDGE('',*,*,#5406,.T.);
#7288=ORIENTED_EDGE('',*,*,#5403,.T.);
#7289=ORIENTED_EDGE('',*,*,#5400,.T.);
#7290=ORIENTED_EDGE('',*,*,#5397,.T.);
#7291=ORIENTED_EDGE('',*,*,#5394,.T.);
#7292=ORIENTED_EDGE('',*,*,#5391,.T.);
#7293=ORIENTED_EDGE('',*,*,#5388,.T.);
#7294=ORIENTED_EDGE('',*,*,#5385,.T.);
#7295=ORIENTED_EDGE('',*,*,#5382,.T.);
#7296=ORIENTED_EDGE('',*,*,#5379,.T.);
#7297=ORIENTED_EDGE('',*,*,#5376,.T.);
#7298=ORIENTED_EDGE('',*,*,#5373,.T.);
#7299=ORIENTED_EDGE('',*,*,#5370,.T.);
#7300=ORIENTED_EDGE('',*,*,#5367,.T.);
#7301=ORIENTED_EDGE('',*,*,#5364,.T.);
#7302=ORIENTED_EDGE('',*,*,#5361,.T.);
#7303=ORIENTED_EDGE('',*,*,#5358,.T.);
#7304=ORIENTED_EDGE('',*,*,#5355,.T.);
#7305=ORIENTED_EDGE('',*,*,#5352,.T.);
#7306=ORIENTED_EDGE('',*,*,#5349,.T.);
#7307=ORIENTED_EDGE('',*,*,#5346,.T.);
#7308=ORIENTED_EDGE('',*,*,#5343,.T.);
#7309=ORIENTED_EDGE('',*,*,#5340,.T.);
#7310=ORIENTED_EDGE('',*,*,#5337,.T.);
#7311=ORIENTED_EDGE('',*,*,#5334,.T.);
#7312=ORIENTED_EDGE('',*,*,#5331,.T.);
#7313=ORIENTED_EDGE('',*,*,#5328,.T.);
#7314=ORIENTED_EDGE('',*,*,#5325,.T.);
#7315=ORIENTED_EDGE('',*,*,#5322,.T.);
#7316=ORIENTED_EDGE('',*,*,#5319,.T.);
#7317=ORIENTED_EDGE('',*,*,#5316,.T.);
#7318=ORIENTED_EDGE('',*,*,#5313,.T.);
#7319=ORIENTED_EDGE('',*,*,#5310,.T.);
#7320=ORIENTED_EDGE('',*,*,#5307,.T.);
#7321=ORIENTED_EDGE('',*,*,#5304,.T.);
#7322=ORIENTED_EDGE('',*,*,#5301,.T.);
#7323=ORIENTED_EDGE('',*,*,#5298,.T.);
#7324=ORIENTED_EDGE('',*,*,#5295,.T.);
#7325=ORIENTED_EDGE('',*,*,#5292,.T.);
#7326=ORIENTED_EDGE('',*,*,#5289,.T.);
#7327=ORIENTED_EDGE('',*,*,#5286,.T.);
#7328=ORIENTED_EDGE('',*,*,#5283,.T.);
#7329=ORIENTED_EDGE('',*,*,#5280,.T.);
#7330=ORIENTED_EDGE('',*,*,#5277,.T.);
#7331=ORIENTED_EDGE('',*,*,#5274,.T.);
#7332=ORIENTED_EDGE('',*,*,#5271,.T.);
#7333=ORIENTED_EDGE('',*,*,#5268,.T.);
#7334=ORIENTED_EDGE('',*,*,#5265,.T.);
#7335=ORIENTED_EDGE('',*,*,#5262,.T.);
#7336=ORIENTED_EDGE('',*,*,#5259,.T.);
#7337=ORIENTED_EDGE('',*,*,#5256,.T.);
#7338=ORIENTED_EDGE('',*,*,#5253,.T.);
#7339=ORIENTED_EDGE('',*,*,#5248,.T.);
#7340=ORIENTED_EDGE('',*,*,#5247,.T.);
#7341=ORIENTED_EDGE('',*,*,#5244,.T.);
#7342=ORIENTED_EDGE('',*,*,#5241,.T.);
#7343=ORIENTED_EDGE('',*,*,#5238,.T.);
#7344=ORIENTED_EDGE('',*,*,#5471,.T.);
#7345=ORIENTED_EDGE('',*,*,#5287,.T.);
#7346=ORIENTED_EDGE('',*,*,#5291,.T.);
#7347=ORIENTED_EDGE('',*,*,#5294,.T.);
#7348=ORIENTED_EDGE('',*,*,#5297,.T.);
#7349=ORIENTED_EDGE('',*,*,#5300,.F.);
#7350=ORIENTED_EDGE('',*,*,#5303,.T.);
#7351=ORIENTED_EDGE('',*,*,#5306,.F.);
#7352=ORIENTED_EDGE('',*,*,#5309,.F.);
#7353=ORIENTED_EDGE('',*,*,#5312,.F.);
#7354=ORIENTED_EDGE('',*,*,#5315,.F.);
#7355=ORIENTED_EDGE('',*,*,#5318,.F.);
#7356=ORIENTED_EDGE('',*,*,#5321,.F.);
#7357=ORIENTED_EDGE('',*,*,#5324,.F.);
#7358=ORIENTED_EDGE('',*,*,#5327,.F.);
#7359=ORIENTED_EDGE('',*,*,#5330,.T.);
#7360=ORIENTED_EDGE('',*,*,#5333,.T.);
#7361=ORIENTED_EDGE('',*,*,#5336,.T.);
#7362=ORIENTED_EDGE('',*,*,#5339,.T.);
#7363=ORIENTED_EDGE('',*,*,#5342,.T.);
#7364=ORIENTED_EDGE('',*,*,#5345,.F.);
#7365=ORIENTED_EDGE('',*,*,#5348,.T.);
#7366=ORIENTED_EDGE('',*,*,#5351,.F.);
#7367=ORIENTED_EDGE('',*,*,#5354,.F.);
#7368=ORIENTED_EDGE('',*,*,#5357,.F.);
#7369=ORIENTED_EDGE('',*,*,#5360,.F.);
#7370=ORIENTED_EDGE('',*,*,#5363,.F.);
#7371=ORIENTED_EDGE('',*,*,#5366,.F.);
#7372=ORIENTED_EDGE('',*,*,#5369,.F.);
#7373=ORIENTED_EDGE('',*,*,#5372,.F.);
#7374=ORIENTED_EDGE('',*,*,#5375,.T.);
#7375=ORIENTED_EDGE('',*,*,#5378,.T.);
#7376=ORIENTED_EDGE('',*,*,#5381,.T.);
#7377=ORIENTED_EDGE('',*,*,#5384,.T.);
#7378=ORIENTED_EDGE('',*,*,#5387,.T.);
#7379=ORIENTED_EDGE('',*,*,#5390,.F.);
#7380=ORIENTED_EDGE('',*,*,#5393,.T.);
#7381=ORIENTED_EDGE('',*,*,#5396,.F.);
#7382=ORIENTED_EDGE('',*,*,#5399,.F.);
#7383=ORIENTED_EDGE('',*,*,#5402,.F.);
#7384=ORIENTED_EDGE('',*,*,#5405,.F.);
#7385=ORIENTED_EDGE('',*,*,#5408,.T.);
#7386=ORIENTED_EDGE('',*,*,#5411,.T.);
#7387=ORIENTED_EDGE('',*,*,#5414,.F.);
#7388=ORIENTED_EDGE('',*,*,#5417,.T.);
#7389=ORIENTED_EDGE('',*,*,#5420,.T.);
#7390=ORIENTED_EDGE('',*,*,#5423,.T.);
#7391=ORIENTED_EDGE('',*,*,#5426,.T.);
#7392=ORIENTED_EDGE('',*,*,#5429,.T.);
#7393=ORIENTED_EDGE('',*,*,#5432,.T.);
#7394=ORIENTED_EDGE('',*,*,#5435,.F.);
#7395=ORIENTED_EDGE('',*,*,#5438,.F.);
#7396=ORIENTED_EDGE('',*,*,#5441,.F.);
#7397=ORIENTED_EDGE('',*,*,#5444,.T.);
#7398=ORIENTED_EDGE('',*,*,#5447,.F.);
#7399=ORIENTED_EDGE('',*,*,#5450,.F.);
#7400=ORIENTED_EDGE('',*,*,#5453,.F.);
#7401=ORIENTED_EDGE('',*,*,#5456,.F.);
#7402=ORIENTED_EDGE('',*,*,#5459,.F.);
#7403=ORIENTED_EDGE('',*,*,#5462,.F.);
#7404=ORIENTED_EDGE('',*,*,#5465,.F.);
#7405=ORIENTED_EDGE('',*,*,#5468,.F.);
#7406=ORIENTED_EDGE('',*,*,#5285,.F.);
#7407=ORIENTED_EDGE('',*,*,#5275,.F.);
#7408=ORIENTED_EDGE('',*,*,#5279,.F.);
#7409=ORIENTED_EDGE('',*,*,#5282,.F.);
#7410=ORIENTED_EDGE('',*,*,#5273,.F.);
#7411=ORIENTED_EDGE('',*,*,#5263,.F.);
#7412=ORIENTED_EDGE('',*,*,#5267,.F.);
#7413=ORIENTED_EDGE('',*,*,#5270,.F.);
#7414=ORIENTED_EDGE('',*,*,#5261,.F.);
#7415=ORIENTED_EDGE('',*,*,#5251,.F.);
#7416=ORIENTED_EDGE('',*,*,#5255,.F.);
#7417=ORIENTED_EDGE('',*,*,#5258,.F.);
#7418=ORIENTED_EDGE('',*,*,#5250,.F.);
#7419=ORIENTED_EDGE('',*,*,#5246,.F.);
#7420=ORIENTED_EDGE('',*,*,#5236,.F.);
#7421=ORIENTED_EDGE('',*,*,#5240,.F.);
#7422=ORIENTED_EDGE('',*,*,#5243,.F.);
#7423=ORIENTED_EDGE('',*,*,#5473,.T.);
#7424=ORIENTED_EDGE('',*,*,#5474,.T.);
#7425=ORIENTED_EDGE('',*,*,#5475,.F.);
#7426=ORIENTED_EDGE('',*,*,#5476,.F.);
#7427=ORIENTED_EDGE('',*,*,#5477,.T.);
#7428=ORIENTED_EDGE('',*,*,#5476,.T.);
#7429=ORIENTED_EDGE('',*,*,#5478,.F.);
#7430=ORIENTED_EDGE('',*,*,#5479,.F.);
#7431=ORIENTED_EDGE('',*,*,#5480,.T.);
#7432=ORIENTED_EDGE('',*,*,#5479,.T.);
#7433=ORIENTED_EDGE('',*,*,#5481,.F.);
#7434=ORIENTED_EDGE('',*,*,#5482,.F.);
#7435=ORIENTED_EDGE('',*,*,#5483,.T.);
#7436=ORIENTED_EDGE('',*,*,#5482,.T.);
#7437=ORIENTED_EDGE('',*,*,#5484,.F.);
#7438=ORIENTED_EDGE('',*,*,#5474,.F.);
#7439=ORIENTED_EDGE('',*,*,#5485,.F.);
#7440=ORIENTED_EDGE('',*,*,#5486,.T.);
#7441=ORIENTED_EDGE('',*,*,#5487,.T.);
#7442=ORIENTED_EDGE('',*,*,#5486,.F.);
#7443=ORIENTED_EDGE('',*,*,#5488,.T.);
#7444=ORIENTED_EDGE('',*,*,#5489,.T.);
#7445=ORIENTED_EDGE('',*,*,#5490,.F.);
#7446=ORIENTED_EDGE('',*,*,#5491,.F.);
#7447=ORIENTED_EDGE('',*,*,#5492,.T.);
#7448=ORIENTED_EDGE('',*,*,#5491,.T.);
#7449=ORIENTED_EDGE('',*,*,#5493,.F.);
#7450=ORIENTED_EDGE('',*,*,#5494,.F.);
#7451=ORIENTED_EDGE('',*,*,#5495,.T.);
#7452=ORIENTED_EDGE('',*,*,#5494,.T.);
#7453=ORIENTED_EDGE('',*,*,#5496,.F.);
#7454=ORIENTED_EDGE('',*,*,#5497,.F.);
#7455=ORIENTED_EDGE('',*,*,#5498,.T.);
#7456=ORIENTED_EDGE('',*,*,#5497,.T.);
#7457=ORIENTED_EDGE('',*,*,#5499,.F.);
#7458=ORIENTED_EDGE('',*,*,#5489,.F.);
#7459=ORIENTED_EDGE('',*,*,#5500,.T.);
#7460=ORIENTED_EDGE('',*,*,#5501,.T.);
#7461=ORIENTED_EDGE('',*,*,#5502,.F.);
#7462=ORIENTED_EDGE('',*,*,#5503,.F.);
#7463=ORIENTED_EDGE('',*,*,#5504,.T.);
#7464=ORIENTED_EDGE('',*,*,#5503,.T.);
#7465=ORIENTED_EDGE('',*,*,#5505,.F.);
#7466=ORIENTED_EDGE('',*,*,#5506,.F.);
#7467=ORIENTED_EDGE('',*,*,#5507,.T.);
#7468=ORIENTED_EDGE('',*,*,#5506,.T.);
#7469=ORIENTED_EDGE('',*,*,#5508,.F.);
#7470=ORIENTED_EDGE('',*,*,#5509,.F.);
#7471=ORIENTED_EDGE('',*,*,#5510,.T.);
#7472=ORIENTED_EDGE('',*,*,#5509,.T.);
#7473=ORIENTED_EDGE('',*,*,#5511,.F.);
#7474=ORIENTED_EDGE('',*,*,#5501,.F.);
#7475=ORIENTED_EDGE('',*,*,#5512,.T.);
#7476=ORIENTED_EDGE('',*,*,#5513,.T.);
#7477=ORIENTED_EDGE('',*,*,#5514,.F.);
#7478=ORIENTED_EDGE('',*,*,#5515,.F.);
#7479=ORIENTED_EDGE('',*,*,#5516,.T.);
#7480=ORIENTED_EDGE('',*,*,#5515,.T.);
#7481=ORIENTED_EDGE('',*,*,#5517,.F.);
#7482=ORIENTED_EDGE('',*,*,#5518,.F.);
#7483=ORIENTED_EDGE('',*,*,#5519,.T.);
#7484=ORIENTED_EDGE('',*,*,#5518,.T.);
#7485=ORIENTED_EDGE('',*,*,#5520,.F.);
#7486=ORIENTED_EDGE('',*,*,#5521,.F.);
#7487=ORIENTED_EDGE('',*,*,#5522,.T.);
#7488=ORIENTED_EDGE('',*,*,#5521,.T.);
#7489=ORIENTED_EDGE('',*,*,#5523,.F.);
#7490=ORIENTED_EDGE('',*,*,#5513,.F.);
#7491=ORIENTED_EDGE('',*,*,#5524,.F.);
#7492=ORIENTED_EDGE('',*,*,#5525,.T.);
#7493=ORIENTED_EDGE('',*,*,#5526,.F.);
#7494=ORIENTED_EDGE('',*,*,#5527,.F.);
#7495=ORIENTED_EDGE('',*,*,#5528,.F.);
#7496=ORIENTED_EDGE('',*,*,#5527,.T.);
#7497=ORIENTED_EDGE('',*,*,#5529,.F.);
#7498=ORIENTED_EDGE('',*,*,#5530,.F.);
#7499=ORIENTED_EDGE('',*,*,#5531,.F.);
#7500=ORIENTED_EDGE('',*,*,#5530,.T.);
#7501=ORIENTED_EDGE('',*,*,#5532,.F.);
#7502=ORIENTED_EDGE('',*,*,#5533,.F.);
#7503=ORIENTED_EDGE('',*,*,#5534,.F.);
#7504=ORIENTED_EDGE('',*,*,#5533,.T.);
#7505=ORIENTED_EDGE('',*,*,#5535,.F.);
#7506=ORIENTED_EDGE('',*,*,#5536,.F.);
#7507=ORIENTED_EDGE('',*,*,#5537,.T.);
#7508=ORIENTED_EDGE('',*,*,#5536,.T.);
#7509=ORIENTED_EDGE('',*,*,#5538,.F.);
#7510=ORIENTED_EDGE('',*,*,#5539,.F.);
#7511=ORIENTED_EDGE('',*,*,#5540,.F.);
#7512=ORIENTED_EDGE('',*,*,#5539,.T.);
#7513=ORIENTED_EDGE('',*,*,#5541,.F.);
#7514=ORIENTED_EDGE('',*,*,#5542,.F.);
#7515=ORIENTED_EDGE('',*,*,#5543,.T.);
#7516=ORIENTED_EDGE('',*,*,#5542,.T.);
#7517=ORIENTED_EDGE('',*,*,#5544,.F.);
#7518=ORIENTED_EDGE('',*,*,#5545,.F.);
#7519=ORIENTED_EDGE('',*,*,#5546,.T.);
#7520=ORIENTED_EDGE('',*,*,#5545,.T.);
#7521=ORIENTED_EDGE('',*,*,#5547,.F.);
#7522=ORIENTED_EDGE('',*,*,#5548,.F.);
#7523=ORIENTED_EDGE('',*,*,#5549,.T.);
#7524=ORIENTED_EDGE('',*,*,#5548,.T.);
#7525=ORIENTED_EDGE('',*,*,#5550,.F.);
#7526=ORIENTED_EDGE('',*,*,#5551,.F.);
#7527=ORIENTED_EDGE('',*,*,#5552,.T.);
#7528=ORIENTED_EDGE('',*,*,#5551,.T.);
#7529=ORIENTED_EDGE('',*,*,#5553,.F.);
#7530=ORIENTED_EDGE('',*,*,#5554,.F.);
#7531=ORIENTED_EDGE('',*,*,#5555,.T.);
#7532=ORIENTED_EDGE('',*,*,#5554,.T.);
#7533=ORIENTED_EDGE('',*,*,#5556,.F.);
#7534=ORIENTED_EDGE('',*,*,#5557,.F.);
#7535=ORIENTED_EDGE('',*,*,#5558,.T.);
#7536=ORIENTED_EDGE('',*,*,#5557,.T.);
#7537=ORIENTED_EDGE('',*,*,#5559,.F.);
#7538=ORIENTED_EDGE('',*,*,#5560,.F.);
#7539=ORIENTED_EDGE('',*,*,#5561,.T.);
#7540=ORIENTED_EDGE('',*,*,#5560,.T.);
#7541=ORIENTED_EDGE('',*,*,#5562,.F.);
#7542=ORIENTED_EDGE('',*,*,#5563,.F.);
#7543=ORIENTED_EDGE('',*,*,#5564,.T.);
#7544=ORIENTED_EDGE('',*,*,#5563,.T.);
#7545=ORIENTED_EDGE('',*,*,#5565,.F.);
#7546=ORIENTED_EDGE('',*,*,#5566,.F.);
#7547=ORIENTED_EDGE('',*,*,#5567,.F.);
#7548=ORIENTED_EDGE('',*,*,#5566,.T.);
#7549=ORIENTED_EDGE('',*,*,#5568,.F.);
#7550=ORIENTED_EDGE('',*,*,#5569,.F.);
#7551=ORIENTED_EDGE('',*,*,#5570,.F.);
#7552=ORIENTED_EDGE('',*,*,#5569,.T.);
#7553=ORIENTED_EDGE('',*,*,#5571,.F.);
#7554=ORIENTED_EDGE('',*,*,#5572,.F.);
#7555=ORIENTED_EDGE('',*,*,#5573,.F.);
#7556=ORIENTED_EDGE('',*,*,#5572,.T.);
#7557=ORIENTED_EDGE('',*,*,#5574,.F.);
#7558=ORIENTED_EDGE('',*,*,#5575,.F.);
#7559=ORIENTED_EDGE('',*,*,#5576,.F.);
#7560=ORIENTED_EDGE('',*,*,#5575,.T.);
#7561=ORIENTED_EDGE('',*,*,#5577,.F.);
#7562=ORIENTED_EDGE('',*,*,#5578,.F.);
#7563=ORIENTED_EDGE('',*,*,#5579,.F.);
#7564=ORIENTED_EDGE('',*,*,#5578,.T.);
#7565=ORIENTED_EDGE('',*,*,#5580,.F.);
#7566=ORIENTED_EDGE('',*,*,#5581,.F.);
#7567=ORIENTED_EDGE('',*,*,#5582,.T.);
#7568=ORIENTED_EDGE('',*,*,#5581,.T.);
#7569=ORIENTED_EDGE('',*,*,#5583,.F.);
#7570=ORIENTED_EDGE('',*,*,#5584,.F.);
#7571=ORIENTED_EDGE('',*,*,#5585,.F.);
#7572=ORIENTED_EDGE('',*,*,#5584,.T.);
#7573=ORIENTED_EDGE('',*,*,#5586,.F.);
#7574=ORIENTED_EDGE('',*,*,#5587,.F.);
#7575=ORIENTED_EDGE('',*,*,#5588,.T.);
#7576=ORIENTED_EDGE('',*,*,#5587,.T.);
#7577=ORIENTED_EDGE('',*,*,#5589,.F.);
#7578=ORIENTED_EDGE('',*,*,#5590,.F.);
#7579=ORIENTED_EDGE('',*,*,#5591,.T.);
#7580=ORIENTED_EDGE('',*,*,#5590,.T.);
#7581=ORIENTED_EDGE('',*,*,#5592,.F.);
#7582=ORIENTED_EDGE('',*,*,#5593,.F.);
#7583=ORIENTED_EDGE('',*,*,#5594,.T.);
#7584=ORIENTED_EDGE('',*,*,#5593,.T.);
#7585=ORIENTED_EDGE('',*,*,#5595,.F.);
#7586=ORIENTED_EDGE('',*,*,#5596,.F.);
#7587=ORIENTED_EDGE('',*,*,#5597,.T.);
#7588=ORIENTED_EDGE('',*,*,#5596,.T.);
#7589=ORIENTED_EDGE('',*,*,#5598,.F.);
#7590=ORIENTED_EDGE('',*,*,#5599,.F.);
#7591=ORIENTED_EDGE('',*,*,#5600,.T.);
#7592=ORIENTED_EDGE('',*,*,#5599,.T.);
#7593=ORIENTED_EDGE('',*,*,#5601,.F.);
#7594=ORIENTED_EDGE('',*,*,#5602,.F.);
#7595=ORIENTED_EDGE('',*,*,#5603,.T.);
#7596=ORIENTED_EDGE('',*,*,#5602,.T.);
#7597=ORIENTED_EDGE('',*,*,#5604,.F.);
#7598=ORIENTED_EDGE('',*,*,#5605,.F.);
#7599=ORIENTED_EDGE('',*,*,#5606,.T.);
#7600=ORIENTED_EDGE('',*,*,#5605,.T.);
#7601=ORIENTED_EDGE('',*,*,#5607,.F.);
#7602=ORIENTED_EDGE('',*,*,#5608,.F.);
#7603=ORIENTED_EDGE('',*,*,#5609,.T.);
#7604=ORIENTED_EDGE('',*,*,#5608,.T.);
#7605=ORIENTED_EDGE('',*,*,#5610,.F.);
#7606=ORIENTED_EDGE('',*,*,#5611,.F.);
#7607=ORIENTED_EDGE('',*,*,#5612,.F.);
#7608=ORIENTED_EDGE('',*,*,#5611,.T.);
#7609=ORIENTED_EDGE('',*,*,#5613,.F.);
#7610=ORIENTED_EDGE('',*,*,#5614,.F.);
#7611=ORIENTED_EDGE('',*,*,#5615,.F.);
#7612=ORIENTED_EDGE('',*,*,#5614,.T.);
#7613=ORIENTED_EDGE('',*,*,#5616,.F.);
#7614=ORIENTED_EDGE('',*,*,#5617,.F.);
#7615=ORIENTED_EDGE('',*,*,#5618,.F.);
#7616=ORIENTED_EDGE('',*,*,#5617,.T.);
#7617=ORIENTED_EDGE('',*,*,#5619,.F.);
#7618=ORIENTED_EDGE('',*,*,#5620,.F.);
#7619=ORIENTED_EDGE('',*,*,#5621,.F.);
#7620=ORIENTED_EDGE('',*,*,#5620,.T.);
#7621=ORIENTED_EDGE('',*,*,#5622,.F.);
#7622=ORIENTED_EDGE('',*,*,#5623,.F.);
#7623=ORIENTED_EDGE('',*,*,#5624,.F.);
#7624=ORIENTED_EDGE('',*,*,#5623,.T.);
#7625=ORIENTED_EDGE('',*,*,#5625,.F.);
#7626=ORIENTED_EDGE('',*,*,#5626,.F.);
#7627=ORIENTED_EDGE('',*,*,#5627,.T.);
#7628=ORIENTED_EDGE('',*,*,#5626,.T.);
#7629=ORIENTED_EDGE('',*,*,#5628,.F.);
#7630=ORIENTED_EDGE('',*,*,#5629,.F.);
#7631=ORIENTED_EDGE('',*,*,#5630,.F.);
#7632=ORIENTED_EDGE('',*,*,#5629,.T.);
#7633=ORIENTED_EDGE('',*,*,#5631,.F.);
#7634=ORIENTED_EDGE('',*,*,#5632,.F.);
#7635=ORIENTED_EDGE('',*,*,#5633,.T.);
#7636=ORIENTED_EDGE('',*,*,#5632,.T.);
#7637=ORIENTED_EDGE('',*,*,#5634,.F.);
#7638=ORIENTED_EDGE('',*,*,#5635,.F.);
#7639=ORIENTED_EDGE('',*,*,#5636,.T.);
#7640=ORIENTED_EDGE('',*,*,#5635,.T.);
#7641=ORIENTED_EDGE('',*,*,#5637,.F.);
#7642=ORIENTED_EDGE('',*,*,#5638,.F.);
#7643=ORIENTED_EDGE('',*,*,#5639,.T.);
#7644=ORIENTED_EDGE('',*,*,#5638,.T.);
#7645=ORIENTED_EDGE('',*,*,#5640,.F.);
#7646=ORIENTED_EDGE('',*,*,#5641,.F.);
#7647=ORIENTED_EDGE('',*,*,#5642,.T.);
#7648=ORIENTED_EDGE('',*,*,#5641,.T.);
#7649=ORIENTED_EDGE('',*,*,#5643,.F.);
#7650=ORIENTED_EDGE('',*,*,#5644,.F.);
#7651=ORIENTED_EDGE('',*,*,#5645,.F.);
#7652=ORIENTED_EDGE('',*,*,#5644,.T.);
#7653=ORIENTED_EDGE('',*,*,#5646,.F.);
#7654=ORIENTED_EDGE('',*,*,#5647,.F.);
#7655=ORIENTED_EDGE('',*,*,#5648,.F.);
#7656=ORIENTED_EDGE('',*,*,#5647,.T.);
#7657=ORIENTED_EDGE('',*,*,#5649,.F.);
#7658=ORIENTED_EDGE('',*,*,#5650,.F.);
#7659=ORIENTED_EDGE('',*,*,#5651,.T.);
#7660=ORIENTED_EDGE('',*,*,#5650,.T.);
#7661=ORIENTED_EDGE('',*,*,#5652,.F.);
#7662=ORIENTED_EDGE('',*,*,#5653,.F.);
#7663=ORIENTED_EDGE('',*,*,#5654,.F.);
#7664=ORIENTED_EDGE('',*,*,#5653,.T.);
#7665=ORIENTED_EDGE('',*,*,#5655,.F.);
#7666=ORIENTED_EDGE('',*,*,#5656,.F.);
#7667=ORIENTED_EDGE('',*,*,#5657,.F.);
#7668=ORIENTED_EDGE('',*,*,#5656,.T.);
#7669=ORIENTED_EDGE('',*,*,#5658,.F.);
#7670=ORIENTED_EDGE('',*,*,#5659,.F.);
#7671=ORIENTED_EDGE('',*,*,#5660,.F.);
#7672=ORIENTED_EDGE('',*,*,#5659,.T.);
#7673=ORIENTED_EDGE('',*,*,#5661,.F.);
#7674=ORIENTED_EDGE('',*,*,#5662,.F.);
#7675=ORIENTED_EDGE('',*,*,#5663,.F.);
#7676=ORIENTED_EDGE('',*,*,#5662,.T.);
#7677=ORIENTED_EDGE('',*,*,#5664,.F.);
#7678=ORIENTED_EDGE('',*,*,#5665,.F.);
#7679=ORIENTED_EDGE('',*,*,#5666,.F.);
#7680=ORIENTED_EDGE('',*,*,#5665,.T.);
#7681=ORIENTED_EDGE('',*,*,#5667,.F.);
#7682=ORIENTED_EDGE('',*,*,#5668,.F.);
#7683=ORIENTED_EDGE('',*,*,#5669,.F.);
#7684=ORIENTED_EDGE('',*,*,#5668,.T.);
#7685=ORIENTED_EDGE('',*,*,#5670,.F.);
#7686=ORIENTED_EDGE('',*,*,#5671,.F.);
#7687=ORIENTED_EDGE('',*,*,#5672,.T.);
#7688=ORIENTED_EDGE('',*,*,#5671,.T.);
#7689=ORIENTED_EDGE('',*,*,#5673,.F.);
#7690=ORIENTED_EDGE('',*,*,#5674,.F.);
#7691=ORIENTED_EDGE('',*,*,#5675,.T.);
#7692=ORIENTED_EDGE('',*,*,#5674,.T.);
#7693=ORIENTED_EDGE('',*,*,#5676,.F.);
#7694=ORIENTED_EDGE('',*,*,#5677,.F.);
#7695=ORIENTED_EDGE('',*,*,#5678,.T.);
#7696=ORIENTED_EDGE('',*,*,#5677,.T.);
#7697=ORIENTED_EDGE('',*,*,#5679,.F.);
#7698=ORIENTED_EDGE('',*,*,#5680,.F.);
#7699=ORIENTED_EDGE('',*,*,#5681,.F.);
#7700=ORIENTED_EDGE('',*,*,#5680,.T.);
#7701=ORIENTED_EDGE('',*,*,#5682,.F.);
#7702=ORIENTED_EDGE('',*,*,#5683,.F.);
#7703=ORIENTED_EDGE('',*,*,#5684,.T.);
#7704=ORIENTED_EDGE('',*,*,#5683,.T.);
#7705=ORIENTED_EDGE('',*,*,#5685,.F.);
#7706=ORIENTED_EDGE('',*,*,#5686,.F.);
#7707=ORIENTED_EDGE('',*,*,#5687,.T.);
#7708=ORIENTED_EDGE('',*,*,#5686,.T.);
#7709=ORIENTED_EDGE('',*,*,#5688,.F.);
#7710=ORIENTED_EDGE('',*,*,#5689,.F.);
#7711=ORIENTED_EDGE('',*,*,#5690,.T.);
#7712=ORIENTED_EDGE('',*,*,#5689,.T.);
#7713=ORIENTED_EDGE('',*,*,#5691,.F.);
#7714=ORIENTED_EDGE('',*,*,#5692,.F.);
#7715=ORIENTED_EDGE('',*,*,#5693,.T.);
#7716=ORIENTED_EDGE('',*,*,#5692,.T.);
#7717=ORIENTED_EDGE('',*,*,#5694,.F.);
#7718=ORIENTED_EDGE('',*,*,#5695,.F.);
#7719=ORIENTED_EDGE('',*,*,#5696,.T.);
#7720=ORIENTED_EDGE('',*,*,#5695,.T.);
#7721=ORIENTED_EDGE('',*,*,#5697,.F.);
#7722=ORIENTED_EDGE('',*,*,#5698,.F.);
#7723=ORIENTED_EDGE('',*,*,#5699,.T.);
#7724=ORIENTED_EDGE('',*,*,#5698,.T.);
#7725=ORIENTED_EDGE('',*,*,#5700,.F.);
#7726=ORIENTED_EDGE('',*,*,#5701,.F.);
#7727=ORIENTED_EDGE('',*,*,#5702,.T.);
#7728=ORIENTED_EDGE('',*,*,#5701,.T.);
#7729=ORIENTED_EDGE('',*,*,#5703,.F.);
#7730=ORIENTED_EDGE('',*,*,#5704,.F.);
#7731=ORIENTED_EDGE('',*,*,#5705,.T.);
#7732=ORIENTED_EDGE('',*,*,#5704,.T.);
#7733=ORIENTED_EDGE('',*,*,#5706,.F.);
#7734=ORIENTED_EDGE('',*,*,#5707,.F.);
#7735=ORIENTED_EDGE('',*,*,#5708,.F.);
#7736=ORIENTED_EDGE('',*,*,#5707,.T.);
#7737=ORIENTED_EDGE('',*,*,#5709,.F.);
#7738=ORIENTED_EDGE('',*,*,#5525,.F.);
#7739=ORIENTED_EDGE('',*,*,#5709,.T.);
#7740=ORIENTED_EDGE('',*,*,#5706,.T.);
#7741=ORIENTED_EDGE('',*,*,#5703,.T.);
#7742=ORIENTED_EDGE('',*,*,#5700,.T.);
#7743=ORIENTED_EDGE('',*,*,#5697,.T.);
#7744=ORIENTED_EDGE('',*,*,#5694,.T.);
#7745=ORIENTED_EDGE('',*,*,#5691,.T.);
#7746=ORIENTED_EDGE('',*,*,#5688,.T.);
#7747=ORIENTED_EDGE('',*,*,#5685,.T.);
#7748=ORIENTED_EDGE('',*,*,#5682,.T.);
#7749=ORIENTED_EDGE('',*,*,#5679,.T.);
#7750=ORIENTED_EDGE('',*,*,#5676,.T.);
#7751=ORIENTED_EDGE('',*,*,#5673,.T.);
#7752=ORIENTED_EDGE('',*,*,#5670,.T.);
#7753=ORIENTED_EDGE('',*,*,#5667,.T.);
#7754=ORIENTED_EDGE('',*,*,#5664,.T.);
#7755=ORIENTED_EDGE('',*,*,#5661,.T.);
#7756=ORIENTED_EDGE('',*,*,#5658,.T.);
#7757=ORIENTED_EDGE('',*,*,#5655,.T.);
#7758=ORIENTED_EDGE('',*,*,#5652,.T.);
#7759=ORIENTED_EDGE('',*,*,#5649,.T.);
#7760=ORIENTED_EDGE('',*,*,#5646,.T.);
#7761=ORIENTED_EDGE('',*,*,#5643,.T.);
#7762=ORIENTED_EDGE('',*,*,#5640,.T.);
#7763=ORIENTED_EDGE('',*,*,#5637,.T.);
#7764=ORIENTED_EDGE('',*,*,#5634,.T.);
#7765=ORIENTED_EDGE('',*,*,#5631,.T.);
#7766=ORIENTED_EDGE('',*,*,#5628,.T.);
#7767=ORIENTED_EDGE('',*,*,#5625,.T.);
#7768=ORIENTED_EDGE('',*,*,#5622,.T.);
#7769=ORIENTED_EDGE('',*,*,#5619,.T.);
#7770=ORIENTED_EDGE('',*,*,#5616,.T.);
#7771=ORIENTED_EDGE('',*,*,#5613,.T.);
#7772=ORIENTED_EDGE('',*,*,#5610,.T.);
#7773=ORIENTED_EDGE('',*,*,#5607,.T.);
#7774=ORIENTED_EDGE('',*,*,#5604,.T.);
#7775=ORIENTED_EDGE('',*,*,#5601,.T.);
#7776=ORIENTED_EDGE('',*,*,#5598,.T.);
#7777=ORIENTED_EDGE('',*,*,#5595,.T.);
#7778=ORIENTED_EDGE('',*,*,#5592,.T.);
#7779=ORIENTED_EDGE('',*,*,#5589,.T.);
#7780=ORIENTED_EDGE('',*,*,#5586,.T.);
#7781=ORIENTED_EDGE('',*,*,#5583,.T.);
#7782=ORIENTED_EDGE('',*,*,#5580,.T.);
#7783=ORIENTED_EDGE('',*,*,#5577,.T.);
#7784=ORIENTED_EDGE('',*,*,#5574,.T.);
#7785=ORIENTED_EDGE('',*,*,#5571,.T.);
#7786=ORIENTED_EDGE('',*,*,#5568,.T.);
#7787=ORIENTED_EDGE('',*,*,#5565,.T.);
#7788=ORIENTED_EDGE('',*,*,#5562,.T.);
#7789=ORIENTED_EDGE('',*,*,#5559,.T.);
#7790=ORIENTED_EDGE('',*,*,#5556,.T.);
#7791=ORIENTED_EDGE('',*,*,#5553,.T.);
#7792=ORIENTED_EDGE('',*,*,#5550,.T.);
#7793=ORIENTED_EDGE('',*,*,#5547,.T.);
#7794=ORIENTED_EDGE('',*,*,#5544,.T.);
#7795=ORIENTED_EDGE('',*,*,#5541,.T.);
#7796=ORIENTED_EDGE('',*,*,#5538,.T.);
#7797=ORIENTED_EDGE('',*,*,#5535,.T.);
#7798=ORIENTED_EDGE('',*,*,#5532,.T.);
#7799=ORIENTED_EDGE('',*,*,#5529,.T.);
#7800=ORIENTED_EDGE('',*,*,#5526,.T.);
#7801=ORIENTED_EDGE('',*,*,#5523,.T.);
#7802=ORIENTED_EDGE('',*,*,#5520,.T.);
#7803=ORIENTED_EDGE('',*,*,#5517,.T.);
#7804=ORIENTED_EDGE('',*,*,#5514,.T.);
#7805=ORIENTED_EDGE('',*,*,#5511,.T.);
#7806=ORIENTED_EDGE('',*,*,#5508,.T.);
#7807=ORIENTED_EDGE('',*,*,#5505,.T.);
#7808=ORIENTED_EDGE('',*,*,#5502,.T.);
#7809=ORIENTED_EDGE('',*,*,#5499,.T.);
#7810=ORIENTED_EDGE('',*,*,#5496,.T.);
#7811=ORIENTED_EDGE('',*,*,#5493,.T.);
#7812=ORIENTED_EDGE('',*,*,#5490,.T.);
#7813=ORIENTED_EDGE('',*,*,#5485,.T.);
#7814=ORIENTED_EDGE('',*,*,#5484,.T.);
#7815=ORIENTED_EDGE('',*,*,#5481,.T.);
#7816=ORIENTED_EDGE('',*,*,#5478,.T.);
#7817=ORIENTED_EDGE('',*,*,#5475,.T.);
#7818=ORIENTED_EDGE('',*,*,#5708,.T.);
#7819=ORIENTED_EDGE('',*,*,#5524,.T.);
#7820=ORIENTED_EDGE('',*,*,#5528,.T.);
#7821=ORIENTED_EDGE('',*,*,#5531,.T.);
#7822=ORIENTED_EDGE('',*,*,#5534,.T.);
#7823=ORIENTED_EDGE('',*,*,#5537,.F.);
#7824=ORIENTED_EDGE('',*,*,#5540,.T.);
#7825=ORIENTED_EDGE('',*,*,#5543,.F.);
#7826=ORIENTED_EDGE('',*,*,#5546,.F.);
#7827=ORIENTED_EDGE('',*,*,#5549,.F.);
#7828=ORIENTED_EDGE('',*,*,#5552,.F.);
#7829=ORIENTED_EDGE('',*,*,#5555,.F.);
#7830=ORIENTED_EDGE('',*,*,#5558,.F.);
#7831=ORIENTED_EDGE('',*,*,#5561,.F.);
#7832=ORIENTED_EDGE('',*,*,#5564,.F.);
#7833=ORIENTED_EDGE('',*,*,#5567,.T.);
#7834=ORIENTED_EDGE('',*,*,#5570,.T.);
#7835=ORIENTED_EDGE('',*,*,#5573,.T.);
#7836=ORIENTED_EDGE('',*,*,#5576,.T.);
#7837=ORIENTED_EDGE('',*,*,#5579,.T.);
#7838=ORIENTED_EDGE('',*,*,#5582,.F.);
#7839=ORIENTED_EDGE('',*,*,#5585,.T.);
#7840=ORIENTED_EDGE('',*,*,#5588,.F.);
#7841=ORIENTED_EDGE('',*,*,#5591,.F.);
#7842=ORIENTED_EDGE('',*,*,#5594,.F.);
#7843=ORIENTED_EDGE('',*,*,#5597,.F.);
#7844=ORIENTED_EDGE('',*,*,#5600,.F.);
#7845=ORIENTED_EDGE('',*,*,#5603,.F.);
#7846=ORIENTED_EDGE('',*,*,#5606,.F.);
#7847=ORIENTED_EDGE('',*,*,#5609,.F.);
#7848=ORIENTED_EDGE('',*,*,#5612,.T.);
#7849=ORIENTED_EDGE('',*,*,#5615,.T.);
#7850=ORIENTED_EDGE('',*,*,#5618,.T.);
#7851=ORIENTED_EDGE('',*,*,#5621,.T.);
#7852=ORIENTED_EDGE('',*,*,#5624,.T.);
#7853=ORIENTED_EDGE('',*,*,#5627,.F.);
#7854=ORIENTED_EDGE('',*,*,#5630,.T.);
#7855=ORIENTED_EDGE('',*,*,#5633,.F.);
#7856=ORIENTED_EDGE('',*,*,#5636,.F.);
#7857=ORIENTED_EDGE('',*,*,#5639,.F.);
#7858=ORIENTED_EDGE('',*,*,#5642,.F.);
#7859=ORIENTED_EDGE('',*,*,#5645,.T.);
#7860=ORIENTED_EDGE('',*,*,#5648,.T.);
#7861=ORIENTED_EDGE('',*,*,#5651,.F.);
#7862=ORIENTED_EDGE('',*,*,#5654,.T.);
#7863=ORIENTED_EDGE('',*,*,#5657,.T.);
#7864=ORIENTED_EDGE('',*,*,#5660,.T.);
#7865=ORIENTED_EDGE('',*,*,#5663,.T.);
#7866=ORIENTED_EDGE('',*,*,#5666,.T.);
#7867=ORIENTED_EDGE('',*,*,#5669,.T.);
#7868=ORIENTED_EDGE('',*,*,#5672,.F.);
#7869=ORIENTED_EDGE('',*,*,#5675,.F.);
#7870=ORIENTED_EDGE('',*,*,#5678,.F.);
#7871=ORIENTED_EDGE('',*,*,#5681,.T.);
#7872=ORIENTED_EDGE('',*,*,#5684,.F.);
#7873=ORIENTED_EDGE('',*,*,#5687,.F.);
#7874=ORIENTED_EDGE('',*,*,#5690,.F.);
#7875=ORIENTED_EDGE('',*,*,#5693,.F.);
#7876=ORIENTED_EDGE('',*,*,#5696,.F.);
#7877=ORIENTED_EDGE('',*,*,#5699,.F.);
#7878=ORIENTED_EDGE('',*,*,#5702,.F.);
#7879=ORIENTED_EDGE('',*,*,#5705,.F.);
#7880=ORIENTED_EDGE('',*,*,#5522,.F.);
#7881=ORIENTED_EDGE('',*,*,#5512,.F.);
#7882=ORIENTED_EDGE('',*,*,#5516,.F.);
#7883=ORIENTED_EDGE('',*,*,#5519,.F.);
#7884=ORIENTED_EDGE('',*,*,#5510,.F.);
#7885=ORIENTED_EDGE('',*,*,#5500,.F.);
#7886=ORIENTED_EDGE('',*,*,#5504,.F.);
#7887=ORIENTED_EDGE('',*,*,#5507,.F.);
#7888=ORIENTED_EDGE('',*,*,#5498,.F.);
#7889=ORIENTED_EDGE('',*,*,#5488,.F.);
#7890=ORIENTED_EDGE('',*,*,#5492,.F.);
#7891=ORIENTED_EDGE('',*,*,#5495,.F.);
#7892=ORIENTED_EDGE('',*,*,#5487,.F.);
#7893=ORIENTED_EDGE('',*,*,#5483,.F.);
#7894=ORIENTED_EDGE('',*,*,#5473,.F.);
#7895=ORIENTED_EDGE('',*,*,#5477,.F.);
#7896=ORIENTED_EDGE('',*,*,#5480,.F.);
#7897=ORIENTED_EDGE('',*,*,#5710,.T.);
#7898=ORIENTED_EDGE('',*,*,#5711,.T.);
#7899=ORIENTED_EDGE('',*,*,#5712,.F.);
#7900=ORIENTED_EDGE('',*,*,#5713,.F.);
#7901=ORIENTED_EDGE('',*,*,#5714,.T.);
#7902=ORIENTED_EDGE('',*,*,#5713,.T.);
#7903=ORIENTED_EDGE('',*,*,#5715,.F.);
#7904=ORIENTED_EDGE('',*,*,#5716,.F.);
#7905=ORIENTED_EDGE('',*,*,#5717,.T.);
#7906=ORIENTED_EDGE('',*,*,#5716,.T.);
#7907=ORIENTED_EDGE('',*,*,#5718,.F.);
#7908=ORIENTED_EDGE('',*,*,#5719,.F.);
#7909=ORIENTED_EDGE('',*,*,#5720,.T.);
#7910=ORIENTED_EDGE('',*,*,#5719,.T.);
#7911=ORIENTED_EDGE('',*,*,#5721,.F.);
#7912=ORIENTED_EDGE('',*,*,#5711,.F.);
#7913=ORIENTED_EDGE('',*,*,#5722,.T.);
#7914=ORIENTED_EDGE('',*,*,#5723,.T.);
#7915=ORIENTED_EDGE('',*,*,#5724,.F.);
#7916=ORIENTED_EDGE('',*,*,#5725,.F.);
#7917=ORIENTED_EDGE('',*,*,#5726,.T.);
#7918=ORIENTED_EDGE('',*,*,#5725,.T.);
#7919=ORIENTED_EDGE('',*,*,#5727,.F.);
#7920=ORIENTED_EDGE('',*,*,#5728,.F.);
#7921=ORIENTED_EDGE('',*,*,#5729,.T.);
#7922=ORIENTED_EDGE('',*,*,#5728,.T.);
#7923=ORIENTED_EDGE('',*,*,#5730,.F.);
#7924=ORIENTED_EDGE('',*,*,#5731,.F.);
#7925=ORIENTED_EDGE('',*,*,#5732,.T.);
#7926=ORIENTED_EDGE('',*,*,#5731,.T.);
#7927=ORIENTED_EDGE('',*,*,#5733,.F.);
#7928=ORIENTED_EDGE('',*,*,#5723,.F.);
#7929=ORIENTED_EDGE('',*,*,#5734,.T.);
#7930=ORIENTED_EDGE('',*,*,#5735,.T.);
#7931=ORIENTED_EDGE('',*,*,#5736,.F.);
#7932=ORIENTED_EDGE('',*,*,#5737,.F.);
#7933=ORIENTED_EDGE('',*,*,#5738,.T.);
#7934=ORIENTED_EDGE('',*,*,#5737,.T.);
#7935=ORIENTED_EDGE('',*,*,#5739,.F.);
#7936=ORIENTED_EDGE('',*,*,#5740,.F.);
#7937=ORIENTED_EDGE('',*,*,#5741,.T.);
#7938=ORIENTED_EDGE('',*,*,#5740,.T.);
#7939=ORIENTED_EDGE('',*,*,#5742,.F.);
#7940=ORIENTED_EDGE('',*,*,#5743,.F.);
#7941=ORIENTED_EDGE('',*,*,#5744,.T.);
#7942=ORIENTED_EDGE('',*,*,#5743,.T.);
#7943=ORIENTED_EDGE('',*,*,#5745,.F.);
#7944=ORIENTED_EDGE('',*,*,#5735,.F.);
#7945=ORIENTED_EDGE('',*,*,#5746,.T.);
#7946=ORIENTED_EDGE('',*,*,#5747,.T.);
#7947=ORIENTED_EDGE('',*,*,#5748,.F.);
#7948=ORIENTED_EDGE('',*,*,#5749,.F.);
#7949=ORIENTED_EDGE('',*,*,#5750,.T.);
#7950=ORIENTED_EDGE('',*,*,#5749,.T.);
#7951=ORIENTED_EDGE('',*,*,#5751,.F.);
#7952=ORIENTED_EDGE('',*,*,#5752,.F.);
#7953=ORIENTED_EDGE('',*,*,#5753,.T.);
#7954=ORIENTED_EDGE('',*,*,#5752,.T.);
#7955=ORIENTED_EDGE('',*,*,#5754,.F.);
#7956=ORIENTED_EDGE('',*,*,#5755,.F.);
#7957=ORIENTED_EDGE('',*,*,#5756,.T.);
#7958=ORIENTED_EDGE('',*,*,#5755,.T.);
#7959=ORIENTED_EDGE('',*,*,#5757,.F.);
#7960=ORIENTED_EDGE('',*,*,#5747,.F.);
#7961=ORIENTED_EDGE('',*,*,#5758,.F.);
#7962=ORIENTED_EDGE('',*,*,#5759,.T.);
#7963=ORIENTED_EDGE('',*,*,#5760,.T.);
#7964=ORIENTED_EDGE('',*,*,#5759,.F.);
#7965=ORIENTED_EDGE('',*,*,#5761,.F.);
#7966=ORIENTED_EDGE('',*,*,#5762,.T.);
#7967=ORIENTED_EDGE('',*,*,#5763,.F.);
#7968=ORIENTED_EDGE('',*,*,#5764,.F.);
#7969=ORIENTED_EDGE('',*,*,#5765,.F.);
#7970=ORIENTED_EDGE('',*,*,#5764,.T.);
#7971=ORIENTED_EDGE('',*,*,#5766,.F.);
#7972=ORIENTED_EDGE('',*,*,#5767,.F.);
#7973=ORIENTED_EDGE('',*,*,#5768,.F.);
#7974=ORIENTED_EDGE('',*,*,#5767,.T.);
#7975=ORIENTED_EDGE('',*,*,#5769,.F.);
#7976=ORIENTED_EDGE('',*,*,#5770,.F.);
#7977=ORIENTED_EDGE('',*,*,#5771,.F.);
#7978=ORIENTED_EDGE('',*,*,#5770,.T.);
#7979=ORIENTED_EDGE('',*,*,#5772,.F.);
#7980=ORIENTED_EDGE('',*,*,#5773,.F.);
#7981=ORIENTED_EDGE('',*,*,#5774,.T.);
#7982=ORIENTED_EDGE('',*,*,#5773,.T.);
#7983=ORIENTED_EDGE('',*,*,#5775,.F.);
#7984=ORIENTED_EDGE('',*,*,#5776,.F.);
#7985=ORIENTED_EDGE('',*,*,#5777,.F.);
#7986=ORIENTED_EDGE('',*,*,#5776,.T.);
#7987=ORIENTED_EDGE('',*,*,#5778,.F.);
#7988=ORIENTED_EDGE('',*,*,#5779,.F.);
#7989=ORIENTED_EDGE('',*,*,#5780,.T.);
#7990=ORIENTED_EDGE('',*,*,#5779,.T.);
#7991=ORIENTED_EDGE('',*,*,#5781,.F.);
#7992=ORIENTED_EDGE('',*,*,#5782,.F.);
#7993=ORIENTED_EDGE('',*,*,#5783,.T.);
#7994=ORIENTED_EDGE('',*,*,#5782,.T.);
#7995=ORIENTED_EDGE('',*,*,#5784,.F.);
#7996=ORIENTED_EDGE('',*,*,#5785,.F.);
#7997=ORIENTED_EDGE('',*,*,#5786,.T.);
#7998=ORIENTED_EDGE('',*,*,#5785,.T.);
#7999=ORIENTED_EDGE('',*,*,#5787,.F.);
#8000=ORIENTED_EDGE('',*,*,#5788,.F.);
#8001=ORIENTED_EDGE('',*,*,#5789,.T.);
#8002=ORIENTED_EDGE('',*,*,#5788,.T.);
#8003=ORIENTED_EDGE('',*,*,#5790,.F.);
#8004=ORIENTED_EDGE('',*,*,#5791,.F.);
#8005=ORIENTED_EDGE('',*,*,#5792,.T.);
#8006=ORIENTED_EDGE('',*,*,#5791,.T.);
#8007=ORIENTED_EDGE('',*,*,#5793,.F.);
#8008=ORIENTED_EDGE('',*,*,#5794,.F.);
#8009=ORIENTED_EDGE('',*,*,#5795,.T.);
#8010=ORIENTED_EDGE('',*,*,#5794,.T.);
#8011=ORIENTED_EDGE('',*,*,#5796,.F.);
#8012=ORIENTED_EDGE('',*,*,#5797,.F.);
#8013=ORIENTED_EDGE('',*,*,#5798,.T.);
#8014=ORIENTED_EDGE('',*,*,#5797,.T.);
#8015=ORIENTED_EDGE('',*,*,#5799,.F.);
#8016=ORIENTED_EDGE('',*,*,#5800,.F.);
#8017=ORIENTED_EDGE('',*,*,#5801,.T.);
#8018=ORIENTED_EDGE('',*,*,#5800,.T.);
#8019=ORIENTED_EDGE('',*,*,#5802,.F.);
#8020=ORIENTED_EDGE('',*,*,#5803,.F.);
#8021=ORIENTED_EDGE('',*,*,#5804,.F.);
#8022=ORIENTED_EDGE('',*,*,#5803,.T.);
#8023=ORIENTED_EDGE('',*,*,#5805,.F.);
#8024=ORIENTED_EDGE('',*,*,#5806,.F.);
#8025=ORIENTED_EDGE('',*,*,#5807,.F.);
#8026=ORIENTED_EDGE('',*,*,#5806,.T.);
#8027=ORIENTED_EDGE('',*,*,#5808,.F.);
#8028=ORIENTED_EDGE('',*,*,#5809,.F.);
#8029=ORIENTED_EDGE('',*,*,#5810,.F.);
#8030=ORIENTED_EDGE('',*,*,#5809,.T.);
#8031=ORIENTED_EDGE('',*,*,#5811,.F.);
#8032=ORIENTED_EDGE('',*,*,#5812,.F.);
#8033=ORIENTED_EDGE('',*,*,#5813,.F.);
#8034=ORIENTED_EDGE('',*,*,#5812,.T.);
#8035=ORIENTED_EDGE('',*,*,#5814,.F.);
#8036=ORIENTED_EDGE('',*,*,#5815,.F.);
#8037=ORIENTED_EDGE('',*,*,#5816,.F.);
#8038=ORIENTED_EDGE('',*,*,#5815,.T.);
#8039=ORIENTED_EDGE('',*,*,#5817,.F.);
#8040=ORIENTED_EDGE('',*,*,#5818,.F.);
#8041=ORIENTED_EDGE('',*,*,#5819,.T.);
#8042=ORIENTED_EDGE('',*,*,#5818,.T.);
#8043=ORIENTED_EDGE('',*,*,#5820,.F.);
#8044=ORIENTED_EDGE('',*,*,#5821,.F.);
#8045=ORIENTED_EDGE('',*,*,#5822,.F.);
#8046=ORIENTED_EDGE('',*,*,#5821,.T.);
#8047=ORIENTED_EDGE('',*,*,#5823,.F.);
#8048=ORIENTED_EDGE('',*,*,#5824,.F.);
#8049=ORIENTED_EDGE('',*,*,#5825,.T.);
#8050=ORIENTED_EDGE('',*,*,#5824,.T.);
#8051=ORIENTED_EDGE('',*,*,#5826,.F.);
#8052=ORIENTED_EDGE('',*,*,#5827,.F.);
#8053=ORIENTED_EDGE('',*,*,#5828,.T.);
#8054=ORIENTED_EDGE('',*,*,#5827,.T.);
#8055=ORIENTED_EDGE('',*,*,#5829,.F.);
#8056=ORIENTED_EDGE('',*,*,#5830,.F.);
#8057=ORIENTED_EDGE('',*,*,#5831,.T.);
#8058=ORIENTED_EDGE('',*,*,#5830,.T.);
#8059=ORIENTED_EDGE('',*,*,#5832,.F.);
#8060=ORIENTED_EDGE('',*,*,#5833,.F.);
#8061=ORIENTED_EDGE('',*,*,#5834,.T.);
#8062=ORIENTED_EDGE('',*,*,#5833,.T.);
#8063=ORIENTED_EDGE('',*,*,#5835,.F.);
#8064=ORIENTED_EDGE('',*,*,#5836,.F.);
#8065=ORIENTED_EDGE('',*,*,#5837,.T.);
#8066=ORIENTED_EDGE('',*,*,#5836,.T.);
#8067=ORIENTED_EDGE('',*,*,#5838,.F.);
#8068=ORIENTED_EDGE('',*,*,#5839,.F.);
#8069=ORIENTED_EDGE('',*,*,#5840,.T.);
#8070=ORIENTED_EDGE('',*,*,#5839,.T.);
#8071=ORIENTED_EDGE('',*,*,#5841,.F.);
#8072=ORIENTED_EDGE('',*,*,#5842,.F.);
#8073=ORIENTED_EDGE('',*,*,#5843,.T.);
#8074=ORIENTED_EDGE('',*,*,#5842,.T.);
#8075=ORIENTED_EDGE('',*,*,#5844,.F.);
#8076=ORIENTED_EDGE('',*,*,#5845,.F.);
#8077=ORIENTED_EDGE('',*,*,#5846,.T.);
#8078=ORIENTED_EDGE('',*,*,#5845,.T.);
#8079=ORIENTED_EDGE('',*,*,#5847,.F.);
#8080=ORIENTED_EDGE('',*,*,#5848,.F.);
#8081=ORIENTED_EDGE('',*,*,#5849,.F.);
#8082=ORIENTED_EDGE('',*,*,#5848,.T.);
#8083=ORIENTED_EDGE('',*,*,#5850,.F.);
#8084=ORIENTED_EDGE('',*,*,#5851,.F.);
#8085=ORIENTED_EDGE('',*,*,#5852,.F.);
#8086=ORIENTED_EDGE('',*,*,#5851,.T.);
#8087=ORIENTED_EDGE('',*,*,#5853,.F.);
#8088=ORIENTED_EDGE('',*,*,#5854,.F.);
#8089=ORIENTED_EDGE('',*,*,#5855,.F.);
#8090=ORIENTED_EDGE('',*,*,#5854,.T.);
#8091=ORIENTED_EDGE('',*,*,#5856,.F.);
#8092=ORIENTED_EDGE('',*,*,#5857,.F.);
#8093=ORIENTED_EDGE('',*,*,#5858,.F.);
#8094=ORIENTED_EDGE('',*,*,#5857,.T.);
#8095=ORIENTED_EDGE('',*,*,#5859,.F.);
#8096=ORIENTED_EDGE('',*,*,#5860,.F.);
#8097=ORIENTED_EDGE('',*,*,#5861,.F.);
#8098=ORIENTED_EDGE('',*,*,#5860,.T.);
#8099=ORIENTED_EDGE('',*,*,#5862,.F.);
#8100=ORIENTED_EDGE('',*,*,#5863,.F.);
#8101=ORIENTED_EDGE('',*,*,#5864,.T.);
#8102=ORIENTED_EDGE('',*,*,#5863,.T.);
#8103=ORIENTED_EDGE('',*,*,#5865,.F.);
#8104=ORIENTED_EDGE('',*,*,#5866,.F.);
#8105=ORIENTED_EDGE('',*,*,#5867,.F.);
#8106=ORIENTED_EDGE('',*,*,#5866,.T.);
#8107=ORIENTED_EDGE('',*,*,#5868,.F.);
#8108=ORIENTED_EDGE('',*,*,#5869,.F.);
#8109=ORIENTED_EDGE('',*,*,#5870,.T.);
#8110=ORIENTED_EDGE('',*,*,#5869,.T.);
#8111=ORIENTED_EDGE('',*,*,#5871,.F.);
#8112=ORIENTED_EDGE('',*,*,#5872,.F.);
#8113=ORIENTED_EDGE('',*,*,#5873,.T.);
#8114=ORIENTED_EDGE('',*,*,#5872,.T.);
#8115=ORIENTED_EDGE('',*,*,#5874,.F.);
#8116=ORIENTED_EDGE('',*,*,#5875,.F.);
#8117=ORIENTED_EDGE('',*,*,#5876,.T.);
#8118=ORIENTED_EDGE('',*,*,#5875,.T.);
#8119=ORIENTED_EDGE('',*,*,#5877,.F.);
#8120=ORIENTED_EDGE('',*,*,#5878,.F.);
#8121=ORIENTED_EDGE('',*,*,#5879,.T.);
#8122=ORIENTED_EDGE('',*,*,#5878,.T.);
#8123=ORIENTED_EDGE('',*,*,#5880,.F.);
#8124=ORIENTED_EDGE('',*,*,#5881,.F.);
#8125=ORIENTED_EDGE('',*,*,#5882,.F.);
#8126=ORIENTED_EDGE('',*,*,#5881,.T.);
#8127=ORIENTED_EDGE('',*,*,#5883,.F.);
#8128=ORIENTED_EDGE('',*,*,#5884,.F.);
#8129=ORIENTED_EDGE('',*,*,#5885,.F.);
#8130=ORIENTED_EDGE('',*,*,#5884,.T.);
#8131=ORIENTED_EDGE('',*,*,#5886,.F.);
#8132=ORIENTED_EDGE('',*,*,#5887,.F.);
#8133=ORIENTED_EDGE('',*,*,#5888,.T.);
#8134=ORIENTED_EDGE('',*,*,#5887,.T.);
#8135=ORIENTED_EDGE('',*,*,#5889,.F.);
#8136=ORIENTED_EDGE('',*,*,#5890,.F.);
#8137=ORIENTED_EDGE('',*,*,#5891,.F.);
#8138=ORIENTED_EDGE('',*,*,#5890,.T.);
#8139=ORIENTED_EDGE('',*,*,#5892,.F.);
#8140=ORIENTED_EDGE('',*,*,#5893,.F.);
#8141=ORIENTED_EDGE('',*,*,#5894,.F.);
#8142=ORIENTED_EDGE('',*,*,#5893,.T.);
#8143=ORIENTED_EDGE('',*,*,#5895,.F.);
#8144=ORIENTED_EDGE('',*,*,#5896,.F.);
#8145=ORIENTED_EDGE('',*,*,#5897,.F.);
#8146=ORIENTED_EDGE('',*,*,#5896,.T.);
#8147=ORIENTED_EDGE('',*,*,#5898,.F.);
#8148=ORIENTED_EDGE('',*,*,#5899,.F.);
#8149=ORIENTED_EDGE('',*,*,#5900,.F.);
#8150=ORIENTED_EDGE('',*,*,#5899,.T.);
#8151=ORIENTED_EDGE('',*,*,#5901,.F.);
#8152=ORIENTED_EDGE('',*,*,#5902,.F.);
#8153=ORIENTED_EDGE('',*,*,#5903,.F.);
#8154=ORIENTED_EDGE('',*,*,#5902,.T.);
#8155=ORIENTED_EDGE('',*,*,#5904,.F.);
#8156=ORIENTED_EDGE('',*,*,#5905,.F.);
#8157=ORIENTED_EDGE('',*,*,#5906,.F.);
#8158=ORIENTED_EDGE('',*,*,#5905,.T.);
#8159=ORIENTED_EDGE('',*,*,#5907,.F.);
#8160=ORIENTED_EDGE('',*,*,#5908,.F.);
#8161=ORIENTED_EDGE('',*,*,#5909,.T.);
#8162=ORIENTED_EDGE('',*,*,#5908,.T.);
#8163=ORIENTED_EDGE('',*,*,#5910,.F.);
#8164=ORIENTED_EDGE('',*,*,#5911,.F.);
#8165=ORIENTED_EDGE('',*,*,#5912,.T.);
#8166=ORIENTED_EDGE('',*,*,#5911,.T.);
#8167=ORIENTED_EDGE('',*,*,#5913,.F.);
#8168=ORIENTED_EDGE('',*,*,#5914,.F.);
#8169=ORIENTED_EDGE('',*,*,#5915,.T.);
#8170=ORIENTED_EDGE('',*,*,#5914,.T.);
#8171=ORIENTED_EDGE('',*,*,#5916,.F.);
#8172=ORIENTED_EDGE('',*,*,#5917,.F.);
#8173=ORIENTED_EDGE('',*,*,#5918,.F.);
#8174=ORIENTED_EDGE('',*,*,#5917,.T.);
#8175=ORIENTED_EDGE('',*,*,#5919,.F.);
#8176=ORIENTED_EDGE('',*,*,#5920,.F.);
#8177=ORIENTED_EDGE('',*,*,#5921,.T.);
#8178=ORIENTED_EDGE('',*,*,#5920,.T.);
#8179=ORIENTED_EDGE('',*,*,#5922,.F.);
#8180=ORIENTED_EDGE('',*,*,#5923,.F.);
#8181=ORIENTED_EDGE('',*,*,#5924,.T.);
#8182=ORIENTED_EDGE('',*,*,#5923,.T.);
#8183=ORIENTED_EDGE('',*,*,#5925,.F.);
#8184=ORIENTED_EDGE('',*,*,#5926,.F.);
#8185=ORIENTED_EDGE('',*,*,#5927,.T.);
#8186=ORIENTED_EDGE('',*,*,#5926,.T.);
#8187=ORIENTED_EDGE('',*,*,#5928,.F.);
#8188=ORIENTED_EDGE('',*,*,#5929,.F.);
#8189=ORIENTED_EDGE('',*,*,#5930,.T.);
#8190=ORIENTED_EDGE('',*,*,#5929,.T.);
#8191=ORIENTED_EDGE('',*,*,#5931,.F.);
#8192=ORIENTED_EDGE('',*,*,#5932,.F.);
#8193=ORIENTED_EDGE('',*,*,#5933,.T.);
#8194=ORIENTED_EDGE('',*,*,#5932,.T.);
#8195=ORIENTED_EDGE('',*,*,#5934,.F.);
#8196=ORIENTED_EDGE('',*,*,#5935,.F.);
#8197=ORIENTED_EDGE('',*,*,#5936,.T.);
#8198=ORIENTED_EDGE('',*,*,#5935,.T.);
#8199=ORIENTED_EDGE('',*,*,#5937,.F.);
#8200=ORIENTED_EDGE('',*,*,#5938,.F.);
#8201=ORIENTED_EDGE('',*,*,#5939,.T.);
#8202=ORIENTED_EDGE('',*,*,#5938,.T.);
#8203=ORIENTED_EDGE('',*,*,#5940,.F.);
#8204=ORIENTED_EDGE('',*,*,#5941,.F.);
#8205=ORIENTED_EDGE('',*,*,#5942,.T.);
#8206=ORIENTED_EDGE('',*,*,#5941,.T.);
#8207=ORIENTED_EDGE('',*,*,#5943,.F.);
#8208=ORIENTED_EDGE('',*,*,#5944,.F.);
#8209=ORIENTED_EDGE('',*,*,#5945,.F.);
#8210=ORIENTED_EDGE('',*,*,#5944,.T.);
#8211=ORIENTED_EDGE('',*,*,#5946,.F.);
#8212=ORIENTED_EDGE('',*,*,#5762,.F.);
#8213=ORIENTED_EDGE('',*,*,#5946,.T.);
#8214=ORIENTED_EDGE('',*,*,#5943,.T.);
#8215=ORIENTED_EDGE('',*,*,#5940,.T.);
#8216=ORIENTED_EDGE('',*,*,#5937,.T.);
#8217=ORIENTED_EDGE('',*,*,#5934,.T.);
#8218=ORIENTED_EDGE('',*,*,#5931,.T.);
#8219=ORIENTED_EDGE('',*,*,#5928,.T.);
#8220=ORIENTED_EDGE('',*,*,#5925,.T.);
#8221=ORIENTED_EDGE('',*,*,#5922,.T.);
#8222=ORIENTED_EDGE('',*,*,#5919,.T.);
#8223=ORIENTED_EDGE('',*,*,#5916,.T.);
#8224=ORIENTED_EDGE('',*,*,#5913,.T.);
#8225=ORIENTED_EDGE('',*,*,#5910,.T.);
#8226=ORIENTED_EDGE('',*,*,#5907,.T.);
#8227=ORIENTED_EDGE('',*,*,#5904,.T.);
#8228=ORIENTED_EDGE('',*,*,#5901,.T.);
#8229=ORIENTED_EDGE('',*,*,#5898,.T.);
#8230=ORIENTED_EDGE('',*,*,#5895,.T.);
#8231=ORIENTED_EDGE('',*,*,#5892,.T.);
#8232=ORIENTED_EDGE('',*,*,#5889,.T.);
#8233=ORIENTED_EDGE('',*,*,#5886,.T.);
#8234=ORIENTED_EDGE('',*,*,#5883,.T.);
#8235=ORIENTED_EDGE('',*,*,#5880,.T.);
#8236=ORIENTED_EDGE('',*,*,#5877,.T.);
#8237=ORIENTED_EDGE('',*,*,#5874,.T.);
#8238=ORIENTED_EDGE('',*,*,#5871,.T.);
#8239=ORIENTED_EDGE('',*,*,#5868,.T.);
#8240=ORIENTED_EDGE('',*,*,#5865,.T.);
#8241=ORIENTED_EDGE('',*,*,#5862,.T.);
#8242=ORIENTED_EDGE('',*,*,#5859,.T.);
#8243=ORIENTED_EDGE('',*,*,#5856,.T.);
#8244=ORIENTED_EDGE('',*,*,#5853,.T.);
#8245=ORIENTED_EDGE('',*,*,#5850,.T.);
#8246=ORIENTED_EDGE('',*,*,#5847,.T.);
#8247=ORIENTED_EDGE('',*,*,#5844,.T.);
#8248=ORIENTED_EDGE('',*,*,#5841,.T.);
#8249=ORIENTED_EDGE('',*,*,#5838,.T.);
#8250=ORIENTED_EDGE('',*,*,#5835,.T.);
#8251=ORIENTED_EDGE('',*,*,#5832,.T.);
#8252=ORIENTED_EDGE('',*,*,#5829,.T.);
#8253=ORIENTED_EDGE('',*,*,#5826,.T.);
#8254=ORIENTED_EDGE('',*,*,#5823,.T.);
#8255=ORIENTED_EDGE('',*,*,#5820,.T.);
#8256=ORIENTED_EDGE('',*,*,#5817,.T.);
#8257=ORIENTED_EDGE('',*,*,#5814,.T.);
#8258=ORIENTED_EDGE('',*,*,#5811,.T.);
#8259=ORIENTED_EDGE('',*,*,#5808,.T.);
#8260=ORIENTED_EDGE('',*,*,#5805,.T.);
#8261=ORIENTED_EDGE('',*,*,#5802,.T.);
#8262=ORIENTED_EDGE('',*,*,#5799,.T.);
#8263=ORIENTED_EDGE('',*,*,#5796,.T.);
#8264=ORIENTED_EDGE('',*,*,#5793,.T.);
#8265=ORIENTED_EDGE('',*,*,#5790,.T.);
#8266=ORIENTED_EDGE('',*,*,#5787,.T.);
#8267=ORIENTED_EDGE('',*,*,#5784,.T.);
#8268=ORIENTED_EDGE('',*,*,#5781,.T.);
#8269=ORIENTED_EDGE('',*,*,#5778,.T.);
#8270=ORIENTED_EDGE('',*,*,#5775,.T.);
#8271=ORIENTED_EDGE('',*,*,#5772,.T.);
#8272=ORIENTED_EDGE('',*,*,#5769,.T.);
#8273=ORIENTED_EDGE('',*,*,#5766,.T.);
#8274=ORIENTED_EDGE('',*,*,#5763,.T.);
#8275=ORIENTED_EDGE('',*,*,#5758,.T.);
#8276=ORIENTED_EDGE('',*,*,#5757,.T.);
#8277=ORIENTED_EDGE('',*,*,#5754,.T.);
#8278=ORIENTED_EDGE('',*,*,#5751,.T.);
#8279=ORIENTED_EDGE('',*,*,#5748,.T.);
#8280=ORIENTED_EDGE('',*,*,#5745,.T.);
#8281=ORIENTED_EDGE('',*,*,#5742,.T.);
#8282=ORIENTED_EDGE('',*,*,#5739,.T.);
#8283=ORIENTED_EDGE('',*,*,#5736,.T.);
#8284=ORIENTED_EDGE('',*,*,#5733,.T.);
#8285=ORIENTED_EDGE('',*,*,#5730,.T.);
#8286=ORIENTED_EDGE('',*,*,#5727,.T.);
#8287=ORIENTED_EDGE('',*,*,#5724,.T.);
#8288=ORIENTED_EDGE('',*,*,#5721,.T.);
#8289=ORIENTED_EDGE('',*,*,#5718,.T.);
#8290=ORIENTED_EDGE('',*,*,#5715,.T.);
#8291=ORIENTED_EDGE('',*,*,#5712,.T.);
#8292=ORIENTED_EDGE('',*,*,#5945,.T.);
#8293=ORIENTED_EDGE('',*,*,#5761,.T.);
#8294=ORIENTED_EDGE('',*,*,#5765,.T.);
#8295=ORIENTED_EDGE('',*,*,#5768,.T.);
#8296=ORIENTED_EDGE('',*,*,#5771,.T.);
#8297=ORIENTED_EDGE('',*,*,#5774,.F.);
#8298=ORIENTED_EDGE('',*,*,#5777,.T.);
#8299=ORIENTED_EDGE('',*,*,#5780,.F.);
#8300=ORIENTED_EDGE('',*,*,#5783,.F.);
#8301=ORIENTED_EDGE('',*,*,#5786,.F.);
#8302=ORIENTED_EDGE('',*,*,#5789,.F.);
#8303=ORIENTED_EDGE('',*,*,#5792,.F.);
#8304=ORIENTED_EDGE('',*,*,#5795,.F.);
#8305=ORIENTED_EDGE('',*,*,#5798,.F.);
#8306=ORIENTED_EDGE('',*,*,#5801,.F.);
#8307=ORIENTED_EDGE('',*,*,#5804,.T.);
#8308=ORIENTED_EDGE('',*,*,#5807,.T.);
#8309=ORIENTED_EDGE('',*,*,#5810,.T.);
#8310=ORIENTED_EDGE('',*,*,#5813,.T.);
#8311=ORIENTED_EDGE('',*,*,#5816,.T.);
#8312=ORIENTED_EDGE('',*,*,#5819,.F.);
#8313=ORIENTED_EDGE('',*,*,#5822,.T.);
#8314=ORIENTED_EDGE('',*,*,#5825,.F.);
#8315=ORIENTED_EDGE('',*,*,#5828,.F.);
#8316=ORIENTED_EDGE('',*,*,#5831,.F.);
#8317=ORIENTED_EDGE('',*,*,#5834,.F.);
#8318=ORIENTED_EDGE('',*,*,#5837,.F.);
#8319=ORIENTED_EDGE('',*,*,#5840,.F.);
#8320=ORIENTED_EDGE('',*,*,#5843,.F.);
#8321=ORIENTED_EDGE('',*,*,#5846,.F.);
#8322=ORIENTED_EDGE('',*,*,#5849,.T.);
#8323=ORIENTED_EDGE('',*,*,#5852,.T.);
#8324=ORIENTED_EDGE('',*,*,#5855,.T.);
#8325=ORIENTED_EDGE('',*,*,#5858,.T.);
#8326=ORIENTED_EDGE('',*,*,#5861,.T.);
#8327=ORIENTED_EDGE('',*,*,#5864,.F.);
#8328=ORIENTED_EDGE('',*,*,#5867,.T.);
#8329=ORIENTED_EDGE('',*,*,#5870,.F.);
#8330=ORIENTED_EDGE('',*,*,#5873,.F.);
#8331=ORIENTED_EDGE('',*,*,#5876,.F.);
#8332=ORIENTED_EDGE('',*,*,#5879,.F.);
#8333=ORIENTED_EDGE('',*,*,#5882,.T.);
#8334=ORIENTED_EDGE('',*,*,#5885,.T.);
#8335=ORIENTED_EDGE('',*,*,#5888,.F.);
#8336=ORIENTED_EDGE('',*,*,#5891,.T.);
#8337=ORIENTED_EDGE('',*,*,#5894,.T.);
#8338=ORIENTED_EDGE('',*,*,#5897,.T.);
#8339=ORIENTED_EDGE('',*,*,#5900,.T.);
#8340=ORIENTED_EDGE('',*,*,#5903,.T.);
#8341=ORIENTED_EDGE('',*,*,#5906,.T.);
#8342=ORIENTED_EDGE('',*,*,#5909,.F.);
#8343=ORIENTED_EDGE('',*,*,#5912,.F.);
#8344=ORIENTED_EDGE('',*,*,#5915,.F.);
#8345=ORIENTED_EDGE('',*,*,#5918,.T.);
#8346=ORIENTED_EDGE('',*,*,#5921,.F.);
#8347=ORIENTED_EDGE('',*,*,#5924,.F.);
#8348=ORIENTED_EDGE('',*,*,#5927,.F.);
#8349=ORIENTED_EDGE('',*,*,#5930,.F.);
#8350=ORIENTED_EDGE('',*,*,#5933,.F.);
#8351=ORIENTED_EDGE('',*,*,#5936,.F.);
#8352=ORIENTED_EDGE('',*,*,#5939,.F.);
#8353=ORIENTED_EDGE('',*,*,#5942,.F.);
#8354=ORIENTED_EDGE('',*,*,#5760,.F.);
#8355=ORIENTED_EDGE('',*,*,#5756,.F.);
#8356=ORIENTED_EDGE('',*,*,#5746,.F.);
#8357=ORIENTED_EDGE('',*,*,#5750,.F.);
#8358=ORIENTED_EDGE('',*,*,#5753,.F.);
#8359=ORIENTED_EDGE('',*,*,#5744,.F.);
#8360=ORIENTED_EDGE('',*,*,#5734,.F.);
#8361=ORIENTED_EDGE('',*,*,#5738,.F.);
#8362=ORIENTED_EDGE('',*,*,#5741,.F.);
#8363=ORIENTED_EDGE('',*,*,#5732,.F.);
#8364=ORIENTED_EDGE('',*,*,#5722,.F.);
#8365=ORIENTED_EDGE('',*,*,#5726,.F.);
#8366=ORIENTED_EDGE('',*,*,#5729,.F.);
#8367=ORIENTED_EDGE('',*,*,#5720,.F.);
#8368=ORIENTED_EDGE('',*,*,#5710,.F.);
#8369=ORIENTED_EDGE('',*,*,#5714,.F.);
#8370=ORIENTED_EDGE('',*,*,#5717,.F.);
#8371=ORIENTED_EDGE('',*,*,#5947,.F.);
#8372=ORIENTED_EDGE('',*,*,#5948,.F.);
#8373=ORIENTED_EDGE('',*,*,#5949,.F.);
#8374=ORIENTED_EDGE('',*,*,#5950,.F.);
#8375=ORIENTED_EDGE('',*,*,#5951,.F.);
#8376=ORIENTED_EDGE('',*,*,#5952,.F.);
#8377=ORIENTED_EDGE('',*,*,#5953,.F.);
#8378=ORIENTED_EDGE('',*,*,#5954,.F.);
#8379=ORIENTED_EDGE('',*,*,#5955,.F.);
#8380=ORIENTED_EDGE('',*,*,#5956,.F.);
#8381=ORIENTED_EDGE('',*,*,#5957,.F.);
#8382=ORIENTED_EDGE('',*,*,#5958,.F.);
#8383=ORIENTED_EDGE('',*,*,#5959,.F.);
#8384=ORIENTED_EDGE('',*,*,#5960,.F.);
#8385=ORIENTED_EDGE('',*,*,#5961,.F.);
#8386=ORIENTED_EDGE('',*,*,#5962,.F.);
#8387=ORIENTED_EDGE('',*,*,#5963,.F.);
#8388=ORIENTED_EDGE('',*,*,#5964,.F.);
#8389=ORIENTED_EDGE('',*,*,#5965,.F.);
#8390=ORIENTED_EDGE('',*,*,#5966,.F.);
#8391=ORIENTED_EDGE('',*,*,#5967,.F.);
#8392=ORIENTED_EDGE('',*,*,#5968,.F.);
#8393=ORIENTED_EDGE('',*,*,#5969,.F.);
#8394=ORIENTED_EDGE('',*,*,#5970,.F.);
#8395=ORIENTED_EDGE('',*,*,#5971,.F.);
#8396=ORIENTED_EDGE('',*,*,#5972,.F.);
#8397=ORIENTED_EDGE('',*,*,#5973,.F.);
#8398=ORIENTED_EDGE('',*,*,#5974,.F.);
#8399=ORIENTED_EDGE('',*,*,#5975,.F.);
#8400=ORIENTED_EDGE('',*,*,#5976,.F.);
#8401=ORIENTED_EDGE('',*,*,#5977,.F.);
#8402=ORIENTED_EDGE('',*,*,#5978,.F.);
#8403=ORIENTED_EDGE('',*,*,#5979,.F.);
#8404=ORIENTED_EDGE('',*,*,#5980,.F.);
#8405=ORIENTED_EDGE('',*,*,#5981,.F.);
#8406=ORIENTED_EDGE('',*,*,#5982,.F.);
#8407=ORIENTED_EDGE('',*,*,#5983,.F.);
#8408=ORIENTED_EDGE('',*,*,#5984,.F.);
#8409=ORIENTED_EDGE('',*,*,#5985,.F.);
#8410=ORIENTED_EDGE('',*,*,#5986,.F.);
#8411=ORIENTED_EDGE('',*,*,#5987,.F.);
#8412=ORIENTED_EDGE('',*,*,#5988,.F.);
#8413=ORIENTED_EDGE('',*,*,#5989,.F.);
#8414=ORIENTED_EDGE('',*,*,#5990,.F.);
#8415=ORIENTED_EDGE('',*,*,#5991,.F.);
#8416=ORIENTED_EDGE('',*,*,#5992,.F.);
#8417=ORIENTED_EDGE('',*,*,#5993,.F.);
#8418=ORIENTED_EDGE('',*,*,#5994,.F.);
#8419=ORIENTED_EDGE('',*,*,#5995,.F.);
#8420=ORIENTED_EDGE('',*,*,#5996,.F.);
#8421=ORIENTED_EDGE('',*,*,#5997,.F.);
#8422=ORIENTED_EDGE('',*,*,#5998,.F.);
#8423=ORIENTED_EDGE('',*,*,#5999,.F.);
#8424=ORIENTED_EDGE('',*,*,#6000,.F.);
#8425=ORIENTED_EDGE('',*,*,#6001,.F.);
#8426=ORIENTED_EDGE('',*,*,#6002,.F.);
#8427=ORIENTED_EDGE('',*,*,#6003,.F.);
#8428=ORIENTED_EDGE('',*,*,#6004,.F.);
#8429=ORIENTED_EDGE('',*,*,#6005,.F.);
#8430=ORIENTED_EDGE('',*,*,#6006,.F.);
#8431=ORIENTED_EDGE('',*,*,#6007,.F.);
#8432=ORIENTED_EDGE('',*,*,#6008,.F.);
#8433=ORIENTED_EDGE('',*,*,#6009,.F.);
#8434=ORIENTED_EDGE('',*,*,#6010,.F.);
#8435=ORIENTED_EDGE('',*,*,#6011,.F.);
#8436=ORIENTED_EDGE('',*,*,#6012,.F.);
#8437=ORIENTED_EDGE('',*,*,#6013,.F.);
#8438=ORIENTED_EDGE('',*,*,#6014,.F.);
#8439=ORIENTED_EDGE('',*,*,#6015,.F.);
#8440=ORIENTED_EDGE('',*,*,#6016,.F.);
#8441=ORIENTED_EDGE('',*,*,#6017,.F.);
#8442=ORIENTED_EDGE('',*,*,#6018,.F.);
#8443=ORIENTED_EDGE('',*,*,#6019,.F.);
#8444=ORIENTED_EDGE('',*,*,#6020,.F.);
#8445=ORIENTED_EDGE('',*,*,#6021,.F.);
#8446=ORIENTED_EDGE('',*,*,#6022,.F.);
#8447=ORIENTED_EDGE('',*,*,#6023,.F.);
#8448=ORIENTED_EDGE('',*,*,#6024,.F.);
#8449=ORIENTED_EDGE('',*,*,#6025,.F.);
#8450=ORIENTED_EDGE('',*,*,#6024,.T.);
#8451=ORIENTED_EDGE('',*,*,#6026,.F.);
#8452=ORIENTED_EDGE('',*,*,#6027,.T.);
#8453=ORIENTED_EDGE('',*,*,#6028,.T.);
#8454=ORIENTED_EDGE('',*,*,#6023,.T.);
#8455=ORIENTED_EDGE('',*,*,#6029,.F.);
#8456=ORIENTED_EDGE('',*,*,#6030,.T.);
#8457=ORIENTED_EDGE('',*,*,#6026,.T.);
#8458=ORIENTED_EDGE('',*,*,#6020,.T.);
#8459=ORIENTED_EDGE('',*,*,#6031,.F.);
#8460=ORIENTED_EDGE('',*,*,#6032,.T.);
#8461=ORIENTED_EDGE('',*,*,#6033,.T.);
#8462=ORIENTED_EDGE('',*,*,#6019,.T.);
#8463=ORIENTED_EDGE('',*,*,#6034,.F.);
#8464=ORIENTED_EDGE('',*,*,#6035,.T.);
#8465=ORIENTED_EDGE('',*,*,#6031,.T.);
#8466=ORIENTED_EDGE('',*,*,#6016,.T.);
#8467=ORIENTED_EDGE('',*,*,#6036,.F.);
#8468=ORIENTED_EDGE('',*,*,#6037,.T.);
#8469=ORIENTED_EDGE('',*,*,#6038,.T.);
#8470=ORIENTED_EDGE('',*,*,#6015,.T.);
#8471=ORIENTED_EDGE('',*,*,#6039,.F.);
#8472=ORIENTED_EDGE('',*,*,#6040,.T.);
#8473=ORIENTED_EDGE('',*,*,#6036,.T.);
#8474=ORIENTED_EDGE('',*,*,#6012,.T.);
#8475=ORIENTED_EDGE('',*,*,#6041,.F.);
#8476=ORIENTED_EDGE('',*,*,#6042,.T.);
#8477=ORIENTED_EDGE('',*,*,#6043,.T.);
#8478=ORIENTED_EDGE('',*,*,#6011,.T.);
#8479=ORIENTED_EDGE('',*,*,#6044,.F.);
#8480=ORIENTED_EDGE('',*,*,#6045,.T.);
#8481=ORIENTED_EDGE('',*,*,#6041,.T.);
#8482=ORIENTED_EDGE('',*,*,#5947,.T.);
#8483=ORIENTED_EDGE('',*,*,#6046,.F.);
#8484=ORIENTED_EDGE('',*,*,#6047,.T.);
#8485=ORIENTED_EDGE('',*,*,#6048,.T.);
#8486=ORIENTED_EDGE('',*,*,#6008,.T.);
#8487=ORIENTED_EDGE('',*,*,#6049,.F.);
#8488=ORIENTED_EDGE('',*,*,#6050,.T.);
#8489=ORIENTED_EDGE('',*,*,#6046,.T.);
#8490=ORIENTED_EDGE('',*,*,#6007,.T.);
#8491=ORIENTED_EDGE('',*,*,#6051,.F.);
#8492=ORIENTED_EDGE('',*,*,#6052,.T.);
#8493=ORIENTED_EDGE('',*,*,#6049,.T.);
#8494=ORIENTED_EDGE('',*,*,#6006,.T.);
#8495=ORIENTED_EDGE('',*,*,#6053,.F.);
#8496=ORIENTED_EDGE('',*,*,#6054,.T.);
#8497=ORIENTED_EDGE('',*,*,#6051,.T.);
#8498=ORIENTED_EDGE('',*,*,#6005,.T.);
#8499=ORIENTED_EDGE('',*,*,#6055,.F.);
#8500=ORIENTED_EDGE('',*,*,#6056,.T.);
#8501=ORIENTED_EDGE('',*,*,#6053,.T.);
#8502=ORIENTED_EDGE('',*,*,#6004,.T.);
#8503=ORIENTED_EDGE('',*,*,#6057,.F.);
#8504=ORIENTED_EDGE('',*,*,#6058,.T.);
#8505=ORIENTED_EDGE('',*,*,#6055,.T.);
#8506=ORIENTED_EDGE('',*,*,#6003,.T.);
#8507=ORIENTED_EDGE('',*,*,#6059,.F.);
#8508=ORIENTED_EDGE('',*,*,#6060,.T.);
#8509=ORIENTED_EDGE('',*,*,#6057,.T.);
#8510=ORIENTED_EDGE('',*,*,#6002,.T.);
#8511=ORIENTED_EDGE('',*,*,#6061,.F.);
#8512=ORIENTED_EDGE('',*,*,#6062,.T.);
#8513=ORIENTED_EDGE('',*,*,#6059,.T.);
#8514=ORIENTED_EDGE('',*,*,#6001,.T.);
#8515=ORIENTED_EDGE('',*,*,#6063,.F.);
#8516=ORIENTED_EDGE('',*,*,#6064,.T.);
#8517=ORIENTED_EDGE('',*,*,#6061,.T.);
#8518=ORIENTED_EDGE('',*,*,#6000,.T.);
#8519=ORIENTED_EDGE('',*,*,#6065,.F.);
#8520=ORIENTED_EDGE('',*,*,#6066,.T.);
#8521=ORIENTED_EDGE('',*,*,#6063,.T.);
#8522=ORIENTED_EDGE('',*,*,#5999,.T.);
#8523=ORIENTED_EDGE('',*,*,#6067,.F.);
#8524=ORIENTED_EDGE('',*,*,#6068,.T.);
#8525=ORIENTED_EDGE('',*,*,#6065,.T.);
#8526=ORIENTED_EDGE('',*,*,#5998,.T.);
#8527=ORIENTED_EDGE('',*,*,#6069,.F.);
#8528=ORIENTED_EDGE('',*,*,#6070,.T.);
#8529=ORIENTED_EDGE('',*,*,#6067,.T.);
#8530=ORIENTED_EDGE('',*,*,#5997,.T.);
#8531=ORIENTED_EDGE('',*,*,#6071,.F.);
#8532=ORIENTED_EDGE('',*,*,#6072,.T.);
#8533=ORIENTED_EDGE('',*,*,#6069,.T.);
#8534=ORIENTED_EDGE('',*,*,#5996,.T.);
#8535=ORIENTED_EDGE('',*,*,#6073,.F.);
#8536=ORIENTED_EDGE('',*,*,#6074,.T.);
#8537=ORIENTED_EDGE('',*,*,#6071,.T.);
#8538=ORIENTED_EDGE('',*,*,#5995,.T.);
#8539=ORIENTED_EDGE('',*,*,#6075,.F.);
#8540=ORIENTED_EDGE('',*,*,#6076,.T.);
#8541=ORIENTED_EDGE('',*,*,#6073,.T.);
#8542=ORIENTED_EDGE('',*,*,#5994,.T.);
#8543=ORIENTED_EDGE('',*,*,#6077,.F.);
#8544=ORIENTED_EDGE('',*,*,#6078,.T.);
#8545=ORIENTED_EDGE('',*,*,#6075,.T.);
#8546=ORIENTED_EDGE('',*,*,#5993,.T.);
#8547=ORIENTED_EDGE('',*,*,#6079,.F.);
#8548=ORIENTED_EDGE('',*,*,#6080,.T.);
#8549=ORIENTED_EDGE('',*,*,#6077,.T.);
#8550=ORIENTED_EDGE('',*,*,#5992,.T.);
#8551=ORIENTED_EDGE('',*,*,#6081,.F.);
#8552=ORIENTED_EDGE('',*,*,#6082,.T.);
#8553=ORIENTED_EDGE('',*,*,#6079,.T.);
#8554=ORIENTED_EDGE('',*,*,#5991,.T.);
#8555=ORIENTED_EDGE('',*,*,#6083,.F.);
#8556=ORIENTED_EDGE('',*,*,#6084,.T.);
#8557=ORIENTED_EDGE('',*,*,#6081,.T.);
#8558=ORIENTED_EDGE('',*,*,#5990,.T.);
#8559=ORIENTED_EDGE('',*,*,#6085,.F.);
#8560=ORIENTED_EDGE('',*,*,#6086,.T.);
#8561=ORIENTED_EDGE('',*,*,#6083,.T.);
#8562=ORIENTED_EDGE('',*,*,#5989,.T.);
#8563=ORIENTED_EDGE('',*,*,#6087,.F.);
#8564=ORIENTED_EDGE('',*,*,#6088,.T.);
#8565=ORIENTED_EDGE('',*,*,#6085,.T.);
#8566=ORIENTED_EDGE('',*,*,#5988,.T.);
#8567=ORIENTED_EDGE('',*,*,#6089,.F.);
#8568=ORIENTED_EDGE('',*,*,#6090,.T.);
#8569=ORIENTED_EDGE('',*,*,#6087,.T.);
#8570=ORIENTED_EDGE('',*,*,#5987,.T.);
#8571=ORIENTED_EDGE('',*,*,#6091,.F.);
#8572=ORIENTED_EDGE('',*,*,#6092,.T.);
#8573=ORIENTED_EDGE('',*,*,#6089,.T.);
#8574=ORIENTED_EDGE('',*,*,#5986,.T.);
#8575=ORIENTED_EDGE('',*,*,#6093,.F.);
#8576=ORIENTED_EDGE('',*,*,#6094,.T.);
#8577=ORIENTED_EDGE('',*,*,#6091,.T.);
#8578=ORIENTED_EDGE('',*,*,#5985,.T.);
#8579=ORIENTED_EDGE('',*,*,#6095,.F.);
#8580=ORIENTED_EDGE('',*,*,#6096,.T.);
#8581=ORIENTED_EDGE('',*,*,#6093,.T.);
#8582=ORIENTED_EDGE('',*,*,#5984,.T.);
#8583=ORIENTED_EDGE('',*,*,#6097,.F.);
#8584=ORIENTED_EDGE('',*,*,#6098,.T.);
#8585=ORIENTED_EDGE('',*,*,#6095,.T.);
#8586=ORIENTED_EDGE('',*,*,#5983,.T.);
#8587=ORIENTED_EDGE('',*,*,#6099,.F.);
#8588=ORIENTED_EDGE('',*,*,#6100,.T.);
#8589=ORIENTED_EDGE('',*,*,#6097,.T.);
#8590=ORIENTED_EDGE('',*,*,#5982,.T.);
#8591=ORIENTED_EDGE('',*,*,#6101,.F.);
#8592=ORIENTED_EDGE('',*,*,#6102,.T.);
#8593=ORIENTED_EDGE('',*,*,#6099,.T.);
#8594=ORIENTED_EDGE('',*,*,#5981,.T.);
#8595=ORIENTED_EDGE('',*,*,#6103,.F.);
#8596=ORIENTED_EDGE('',*,*,#6104,.T.);
#8597=ORIENTED_EDGE('',*,*,#6101,.T.);
#8598=ORIENTED_EDGE('',*,*,#5980,.T.);
#8599=ORIENTED_EDGE('',*,*,#6105,.F.);
#8600=ORIENTED_EDGE('',*,*,#6106,.T.);
#8601=ORIENTED_EDGE('',*,*,#6103,.T.);
#8602=ORIENTED_EDGE('',*,*,#5979,.T.);
#8603=ORIENTED_EDGE('',*,*,#6107,.F.);
#8604=ORIENTED_EDGE('',*,*,#6108,.T.);
#8605=ORIENTED_EDGE('',*,*,#6105,.T.);
#8606=ORIENTED_EDGE('',*,*,#5978,.T.);
#8607=ORIENTED_EDGE('',*,*,#6109,.F.);
#8608=ORIENTED_EDGE('',*,*,#6110,.T.);
#8609=ORIENTED_EDGE('',*,*,#6107,.T.);
#8610=ORIENTED_EDGE('',*,*,#6111,.F.);
#8611=ORIENTED_EDGE('',*,*,#6112,.F.);
#8612=ORIENTED_EDGE('',*,*,#6047,.F.);
#8613=ORIENTED_EDGE('',*,*,#6050,.F.);
#8614=ORIENTED_EDGE('',*,*,#6052,.F.);
#8615=ORIENTED_EDGE('',*,*,#6054,.F.);
#8616=ORIENTED_EDGE('',*,*,#6056,.F.);
#8617=ORIENTED_EDGE('',*,*,#6058,.F.);
#8618=ORIENTED_EDGE('',*,*,#6060,.F.);
#8619=ORIENTED_EDGE('',*,*,#6062,.F.);
#8620=ORIENTED_EDGE('',*,*,#6064,.F.);
#8621=ORIENTED_EDGE('',*,*,#6066,.F.);
#8622=ORIENTED_EDGE('',*,*,#6068,.F.);
#8623=ORIENTED_EDGE('',*,*,#6070,.F.);
#8624=ORIENTED_EDGE('',*,*,#6072,.F.);
#8625=ORIENTED_EDGE('',*,*,#6074,.F.);
#8626=ORIENTED_EDGE('',*,*,#6076,.F.);
#8627=ORIENTED_EDGE('',*,*,#6078,.F.);
#8628=ORIENTED_EDGE('',*,*,#6080,.F.);
#8629=ORIENTED_EDGE('',*,*,#6082,.F.);
#8630=ORIENTED_EDGE('',*,*,#6084,.F.);
#8631=ORIENTED_EDGE('',*,*,#6086,.F.);
#8632=ORIENTED_EDGE('',*,*,#6088,.F.);
#8633=ORIENTED_EDGE('',*,*,#6090,.F.);
#8634=ORIENTED_EDGE('',*,*,#6092,.F.);
#8635=ORIENTED_EDGE('',*,*,#6094,.F.);
#8636=ORIENTED_EDGE('',*,*,#6096,.F.);
#8637=ORIENTED_EDGE('',*,*,#6098,.F.);
#8638=ORIENTED_EDGE('',*,*,#6100,.F.);
#8639=ORIENTED_EDGE('',*,*,#6102,.F.);
#8640=ORIENTED_EDGE('',*,*,#6104,.F.);
#8641=ORIENTED_EDGE('',*,*,#6106,.F.);
#8642=ORIENTED_EDGE('',*,*,#6108,.F.);
#8643=ORIENTED_EDGE('',*,*,#6110,.F.);
#8644=ORIENTED_EDGE('',*,*,#6113,.T.);
#8645=ORIENTED_EDGE('',*,*,#6114,.F.);
#8646=ORIENTED_EDGE('',*,*,#6115,.F.);
#8647=ORIENTED_EDGE('',*,*,#6116,.F.);
#8648=ORIENTED_EDGE('',*,*,#6117,.F.);
#8649=ORIENTED_EDGE('',*,*,#6118,.F.);
#8650=ORIENTED_EDGE('',*,*,#6119,.F.);
#8651=ORIENTED_EDGE('',*,*,#6120,.F.);
#8652=ORIENTED_EDGE('',*,*,#6121,.F.);
#8653=ORIENTED_EDGE('',*,*,#6122,.F.);
#8654=ORIENTED_EDGE('',*,*,#6123,.F.);
#8655=ORIENTED_EDGE('',*,*,#6124,.F.);
#8656=ORIENTED_EDGE('',*,*,#6125,.F.);
#8657=ORIENTED_EDGE('',*,*,#6126,.F.);
#8658=ORIENTED_EDGE('',*,*,#6127,.F.);
#8659=ORIENTED_EDGE('',*,*,#6128,.F.);
#8660=ORIENTED_EDGE('',*,*,#6129,.F.);
#8661=ORIENTED_EDGE('',*,*,#6130,.F.);
#8662=ORIENTED_EDGE('',*,*,#6131,.F.);
#8663=ORIENTED_EDGE('',*,*,#6132,.F.);
#8664=ORIENTED_EDGE('',*,*,#6133,.F.);
#8665=ORIENTED_EDGE('',*,*,#6134,.F.);
#8666=ORIENTED_EDGE('',*,*,#6135,.F.);
#8667=ORIENTED_EDGE('',*,*,#6136,.F.);
#8668=ORIENTED_EDGE('',*,*,#6137,.F.);
#8669=ORIENTED_EDGE('',*,*,#6138,.F.);
#8670=ORIENTED_EDGE('',*,*,#6139,.F.);
#8671=ORIENTED_EDGE('',*,*,#6140,.F.);
#8672=ORIENTED_EDGE('',*,*,#6042,.F.);
#8673=ORIENTED_EDGE('',*,*,#6045,.F.);
#8674=ORIENTED_EDGE('',*,*,#6141,.F.);
#8675=ORIENTED_EDGE('',*,*,#6142,.F.);
#8676=ORIENTED_EDGE('',*,*,#6037,.F.);
#8677=ORIENTED_EDGE('',*,*,#6040,.F.);
#8678=ORIENTED_EDGE('',*,*,#6143,.F.);
#8679=ORIENTED_EDGE('',*,*,#6144,.F.);
#8680=ORIENTED_EDGE('',*,*,#6032,.F.);
#8681=ORIENTED_EDGE('',*,*,#6035,.F.);
#8682=ORIENTED_EDGE('',*,*,#6145,.F.);
#8683=ORIENTED_EDGE('',*,*,#6146,.F.);
#8684=ORIENTED_EDGE('',*,*,#6027,.F.);
#8685=ORIENTED_EDGE('',*,*,#6030,.F.);
#8686=ORIENTED_EDGE('',*,*,#6147,.F.);
#8687=ORIENTED_EDGE('',*,*,#6148,.F.);
#8688=ORIENTED_EDGE('',*,*,#6149,.F.);
#8689=ORIENTED_EDGE('',*,*,#6022,.T.);
#8690=ORIENTED_EDGE('',*,*,#6150,.F.);
#8691=ORIENTED_EDGE('',*,*,#6147,.T.);
#8692=ORIENTED_EDGE('',*,*,#6029,.T.);
#8693=ORIENTED_EDGE('',*,*,#6018,.T.);
#8694=ORIENTED_EDGE('',*,*,#6151,.F.);
#8695=ORIENTED_EDGE('',*,*,#6145,.T.);
#8696=ORIENTED_EDGE('',*,*,#6034,.T.);
#8697=ORIENTED_EDGE('',*,*,#6014,.T.);
#8698=ORIENTED_EDGE('',*,*,#6152,.F.);
#8699=ORIENTED_EDGE('',*,*,#6143,.T.);
#8700=ORIENTED_EDGE('',*,*,#6039,.T.);
#8701=ORIENTED_EDGE('',*,*,#6010,.T.);
#8702=ORIENTED_EDGE('',*,*,#6153,.F.);
#8703=ORIENTED_EDGE('',*,*,#6141,.T.);
#8704=ORIENTED_EDGE('',*,*,#6044,.T.);
#8705=ORIENTED_EDGE('',*,*,#5951,.T.);
#8706=ORIENTED_EDGE('',*,*,#6154,.F.);
#8707=ORIENTED_EDGE('',*,*,#6139,.T.);
#8708=ORIENTED_EDGE('',*,*,#6155,.T.);
#8709=ORIENTED_EDGE('',*,*,#5952,.T.);
#8710=ORIENTED_EDGE('',*,*,#6155,.F.);
#8711=ORIENTED_EDGE('',*,*,#6138,.T.);
#8712=ORIENTED_EDGE('',*,*,#6156,.T.);
#8713=ORIENTED_EDGE('',*,*,#5953,.T.);
#8714=ORIENTED_EDGE('',*,*,#6156,.F.);
#8715=ORIENTED_EDGE('',*,*,#6137,.T.);
#8716=ORIENTED_EDGE('',*,*,#6157,.T.);
#8717=ORIENTED_EDGE('',*,*,#5954,.T.);
#8718=ORIENTED_EDGE('',*,*,#6157,.F.);
#8719=ORIENTED_EDGE('',*,*,#6136,.T.);
#8720=ORIENTED_EDGE('',*,*,#6158,.T.);
#8721=ORIENTED_EDGE('',*,*,#5955,.T.);
#8722=ORIENTED_EDGE('',*,*,#6158,.F.);
#8723=ORIENTED_EDGE('',*,*,#6135,.T.);
#8724=ORIENTED_EDGE('',*,*,#6159,.T.);
#8725=ORIENTED_EDGE('',*,*,#5956,.T.);
#8726=ORIENTED_EDGE('',*,*,#6159,.F.);
#8727=ORIENTED_EDGE('',*,*,#6134,.T.);
#8728=ORIENTED_EDGE('',*,*,#6160,.T.);
#8729=ORIENTED_EDGE('',*,*,#5957,.T.);
#8730=ORIENTED_EDGE('',*,*,#6160,.F.);
#8731=ORIENTED_EDGE('',*,*,#6133,.T.);
#8732=ORIENTED_EDGE('',*,*,#6161,.T.);
#8733=ORIENTED_EDGE('',*,*,#5958,.T.);
#8734=ORIENTED_EDGE('',*,*,#6161,.F.);
#8735=ORIENTED_EDGE('',*,*,#6132,.T.);
#8736=ORIENTED_EDGE('',*,*,#6162,.T.);
#8737=ORIENTED_EDGE('',*,*,#5959,.T.);
#8738=ORIENTED_EDGE('',*,*,#6162,.F.);
#8739=ORIENTED_EDGE('',*,*,#6131,.T.);
#8740=ORIENTED_EDGE('',*,*,#6163,.T.);
#8741=ORIENTED_EDGE('',*,*,#5960,.T.);
#8742=ORIENTED_EDGE('',*,*,#6163,.F.);
#8743=ORIENTED_EDGE('',*,*,#6130,.T.);
#8744=ORIENTED_EDGE('',*,*,#6164,.T.);
#8745=ORIENTED_EDGE('',*,*,#5961,.T.);
#8746=ORIENTED_EDGE('',*,*,#6164,.F.);
#8747=ORIENTED_EDGE('',*,*,#6129,.T.);
#8748=ORIENTED_EDGE('',*,*,#6165,.T.);
#8749=ORIENTED_EDGE('',*,*,#5962,.T.);
#8750=ORIENTED_EDGE('',*,*,#6165,.F.);
#8751=ORIENTED_EDGE('',*,*,#6128,.T.);
#8752=ORIENTED_EDGE('',*,*,#6166,.T.);
#8753=ORIENTED_EDGE('',*,*,#5964,.T.);
#8754=ORIENTED_EDGE('',*,*,#6167,.F.);
#8755=ORIENTED_EDGE('',*,*,#6126,.T.);
#8756=ORIENTED_EDGE('',*,*,#6168,.T.);
#8757=ORIENTED_EDGE('',*,*,#5965,.T.);
#8758=ORIENTED_EDGE('',*,*,#6168,.F.);
#8759=ORIENTED_EDGE('',*,*,#6125,.T.);
#8760=ORIENTED_EDGE('',*,*,#6169,.T.);
#8761=ORIENTED_EDGE('',*,*,#5966,.T.);
#8762=ORIENTED_EDGE('',*,*,#6169,.F.);
#8763=ORIENTED_EDGE('',*,*,#6124,.T.);
#8764=ORIENTED_EDGE('',*,*,#6170,.T.);
#8765=ORIENTED_EDGE('',*,*,#5967,.T.);
#8766=ORIENTED_EDGE('',*,*,#6170,.F.);
#8767=ORIENTED_EDGE('',*,*,#6123,.T.);
#8768=ORIENTED_EDGE('',*,*,#6171,.T.);
#8769=ORIENTED_EDGE('',*,*,#5968,.T.);
#8770=ORIENTED_EDGE('',*,*,#6171,.F.);
#8771=ORIENTED_EDGE('',*,*,#6122,.T.);
#8772=ORIENTED_EDGE('',*,*,#6172,.T.);
#8773=ORIENTED_EDGE('',*,*,#5969,.T.);
#8774=ORIENTED_EDGE('',*,*,#6172,.F.);
#8775=ORIENTED_EDGE('',*,*,#6121,.T.);
#8776=ORIENTED_EDGE('',*,*,#6173,.T.);
#8777=ORIENTED_EDGE('',*,*,#5970,.T.);
#8778=ORIENTED_EDGE('',*,*,#6173,.F.);
#8779=ORIENTED_EDGE('',*,*,#6120,.T.);
#8780=ORIENTED_EDGE('',*,*,#6174,.T.);
#8781=ORIENTED_EDGE('',*,*,#5971,.T.);
#8782=ORIENTED_EDGE('',*,*,#6174,.F.);
#8783=ORIENTED_EDGE('',*,*,#6119,.T.);
#8784=ORIENTED_EDGE('',*,*,#6175,.T.);
#8785=ORIENTED_EDGE('',*,*,#5972,.T.);
#8786=ORIENTED_EDGE('',*,*,#6175,.F.);
#8787=ORIENTED_EDGE('',*,*,#6118,.T.);
#8788=ORIENTED_EDGE('',*,*,#6176,.T.);
#8789=ORIENTED_EDGE('',*,*,#5973,.T.);
#8790=ORIENTED_EDGE('',*,*,#6176,.F.);
#8791=ORIENTED_EDGE('',*,*,#6117,.T.);
#8792=ORIENTED_EDGE('',*,*,#6177,.T.);
#8793=ORIENTED_EDGE('',*,*,#5974,.T.);
#8794=ORIENTED_EDGE('',*,*,#6177,.F.);
#8795=ORIENTED_EDGE('',*,*,#6116,.T.);
#8796=ORIENTED_EDGE('',*,*,#6178,.T.);
#8797=ORIENTED_EDGE('',*,*,#5975,.T.);
#8798=ORIENTED_EDGE('',*,*,#6178,.F.);
#8799=ORIENTED_EDGE('',*,*,#6115,.T.);
#8800=ORIENTED_EDGE('',*,*,#6179,.T.);
#8801=ORIENTED_EDGE('',*,*,#5976,.T.);
#8802=ORIENTED_EDGE('',*,*,#6179,.F.);
#8803=ORIENTED_EDGE('',*,*,#6114,.T.);
#8804=ORIENTED_EDGE('',*,*,#6180,.T.);
#8805=ORIENTED_EDGE('',*,*,#6009,.T.);
#8806=ORIENTED_EDGE('',*,*,#6181,.T.);
#8807=ORIENTED_EDGE('',*,*,#6149,.T.);
#8808=ORIENTED_EDGE('',*,*,#6181,.F.);
#8809=ORIENTED_EDGE('',*,*,#6025,.T.);
#8810=ORIENTED_EDGE('',*,*,#6028,.F.);
#8811=ORIENTED_EDGE('',*,*,#6148,.T.);
#8812=ORIENTED_EDGE('',*,*,#6150,.T.);
#8813=ORIENTED_EDGE('',*,*,#6021,.T.);
#8814=ORIENTED_EDGE('',*,*,#6033,.F.);
#8815=ORIENTED_EDGE('',*,*,#6146,.T.);
#8816=ORIENTED_EDGE('',*,*,#6151,.T.);
#8817=ORIENTED_EDGE('',*,*,#6017,.T.);
#8818=ORIENTED_EDGE('',*,*,#6038,.F.);
#8819=ORIENTED_EDGE('',*,*,#6144,.T.);
#8820=ORIENTED_EDGE('',*,*,#6152,.T.);
#8821=ORIENTED_EDGE('',*,*,#6013,.T.);
#8822=ORIENTED_EDGE('',*,*,#6043,.F.);
#8823=ORIENTED_EDGE('',*,*,#6142,.T.);
#8824=ORIENTED_EDGE('',*,*,#6153,.T.);
#8825=ORIENTED_EDGE('',*,*,#5977,.T.);
#8826=ORIENTED_EDGE('',*,*,#6180,.F.);
#8827=ORIENTED_EDGE('',*,*,#6113,.F.);
#8828=ORIENTED_EDGE('',*,*,#6109,.T.);
#8829=ORIENTED_EDGE('',*,*,#5963,.T.);
#8830=ORIENTED_EDGE('',*,*,#6166,.F.);
#8831=ORIENTED_EDGE('',*,*,#6127,.T.);
#8832=ORIENTED_EDGE('',*,*,#6167,.T.);
#8833=ORIENTED_EDGE('',*,*,#5950,.T.);
#8834=ORIENTED_EDGE('',*,*,#6182,.F.);
#8835=ORIENTED_EDGE('',*,*,#6140,.T.);
#8836=ORIENTED_EDGE('',*,*,#6154,.T.);
#8837=ORIENTED_EDGE('',*,*,#5949,.T.);
#8838=ORIENTED_EDGE('',*,*,#6183,.F.);
#8839=ORIENTED_EDGE('',*,*,#6111,.T.);
#8840=ORIENTED_EDGE('',*,*,#6182,.T.);
#8841=ORIENTED_EDGE('',*,*,#5948,.T.);
#8842=ORIENTED_EDGE('',*,*,#6048,.F.);
#8843=ORIENTED_EDGE('',*,*,#6112,.T.);
#8844=ORIENTED_EDGE('',*,*,#6183,.T.);
#8845=ORIENTED_EDGE('',*,*,#6184,.F.);
#8846=ORIENTED_EDGE('',*,*,#6185,.T.);
#8847=ORIENTED_EDGE('',*,*,#6186,.T.);
#8848=ORIENTED_EDGE('',*,*,#6185,.F.);
#8849=ORIENTED_EDGE('',*,*,#6187,.F.);
#8850=ORIENTED_EDGE('',*,*,#6188,.T.);
#8851=ORIENTED_EDGE('',*,*,#6189,.F.);
#8852=ORIENTED_EDGE('',*,*,#6190,.F.);
#8853=ORIENTED_EDGE('',*,*,#6191,.F.);
#8854=ORIENTED_EDGE('',*,*,#6190,.T.);
#8855=ORIENTED_EDGE('',*,*,#6192,.F.);
#8856=ORIENTED_EDGE('',*,*,#6193,.F.);
#8857=ORIENTED_EDGE('',*,*,#6194,.T.);
#8858=ORIENTED_EDGE('',*,*,#6193,.T.);
#8859=ORIENTED_EDGE('',*,*,#6195,.F.);
#8860=ORIENTED_EDGE('',*,*,#6196,.F.);
#8861=ORIENTED_EDGE('',*,*,#6197,.T.);
#8862=ORIENTED_EDGE('',*,*,#6196,.T.);
#8863=ORIENTED_EDGE('',*,*,#6198,.F.);
#8864=ORIENTED_EDGE('',*,*,#6199,.F.);
#8865=ORIENTED_EDGE('',*,*,#6200,.F.);
#8866=ORIENTED_EDGE('',*,*,#6199,.T.);
#8867=ORIENTED_EDGE('',*,*,#6201,.F.);
#8868=ORIENTED_EDGE('',*,*,#6202,.F.);
#8869=ORIENTED_EDGE('',*,*,#6203,.F.);
#8870=ORIENTED_EDGE('',*,*,#6202,.T.);
#8871=ORIENTED_EDGE('',*,*,#6204,.F.);
#8872=ORIENTED_EDGE('',*,*,#6205,.F.);
#8873=ORIENTED_EDGE('',*,*,#6206,.T.);
#8874=ORIENTED_EDGE('',*,*,#6205,.T.);
#8875=ORIENTED_EDGE('',*,*,#6207,.F.);
#8876=ORIENTED_EDGE('',*,*,#6208,.F.);
#8877=ORIENTED_EDGE('',*,*,#6209,.F.);
#8878=ORIENTED_EDGE('',*,*,#6208,.T.);
#8879=ORIENTED_EDGE('',*,*,#6210,.F.);
#8880=ORIENTED_EDGE('',*,*,#6211,.F.);
#8881=ORIENTED_EDGE('',*,*,#6212,.T.);
#8882=ORIENTED_EDGE('',*,*,#6211,.T.);
#8883=ORIENTED_EDGE('',*,*,#6213,.F.);
#8884=ORIENTED_EDGE('',*,*,#6214,.F.);
#8885=ORIENTED_EDGE('',*,*,#6215,.T.);
#8886=ORIENTED_EDGE('',*,*,#6214,.T.);
#8887=ORIENTED_EDGE('',*,*,#6216,.F.);
#8888=ORIENTED_EDGE('',*,*,#6217,.F.);
#8889=ORIENTED_EDGE('',*,*,#6218,.T.);
#8890=ORIENTED_EDGE('',*,*,#6217,.T.);
#8891=ORIENTED_EDGE('',*,*,#6219,.F.);
#8892=ORIENTED_EDGE('',*,*,#6220,.F.);
#8893=ORIENTED_EDGE('',*,*,#6221,.T.);
#8894=ORIENTED_EDGE('',*,*,#6220,.T.);
#8895=ORIENTED_EDGE('',*,*,#6222,.F.);
#8896=ORIENTED_EDGE('',*,*,#6223,.F.);
#8897=ORIENTED_EDGE('',*,*,#6224,.F.);
#8898=ORIENTED_EDGE('',*,*,#6223,.T.);
#8899=ORIENTED_EDGE('',*,*,#6225,.F.);
#8900=ORIENTED_EDGE('',*,*,#6226,.F.);
#8901=ORIENTED_EDGE('',*,*,#6227,.F.);
#8902=ORIENTED_EDGE('',*,*,#6226,.T.);
#8903=ORIENTED_EDGE('',*,*,#6228,.F.);
#8904=ORIENTED_EDGE('',*,*,#6229,.F.);
#8905=ORIENTED_EDGE('',*,*,#6230,.T.);
#8906=ORIENTED_EDGE('',*,*,#6229,.T.);
#8907=ORIENTED_EDGE('',*,*,#6231,.F.);
#8908=ORIENTED_EDGE('',*,*,#6232,.F.);
#8909=ORIENTED_EDGE('',*,*,#6233,.T.);
#8910=ORIENTED_EDGE('',*,*,#6232,.T.);
#8911=ORIENTED_EDGE('',*,*,#6234,.F.);
#8912=ORIENTED_EDGE('',*,*,#6235,.F.);
#8913=ORIENTED_EDGE('',*,*,#6236,.F.);
#8914=ORIENTED_EDGE('',*,*,#6235,.T.);
#8915=ORIENTED_EDGE('',*,*,#6237,.F.);
#8916=ORIENTED_EDGE('',*,*,#6238,.F.);
#8917=ORIENTED_EDGE('',*,*,#6239,.F.);
#8918=ORIENTED_EDGE('',*,*,#6238,.T.);
#8919=ORIENTED_EDGE('',*,*,#6240,.F.);
#8920=ORIENTED_EDGE('',*,*,#6241,.F.);
#8921=ORIENTED_EDGE('',*,*,#6242,.T.);
#8922=ORIENTED_EDGE('',*,*,#6241,.T.);
#8923=ORIENTED_EDGE('',*,*,#6243,.F.);
#8924=ORIENTED_EDGE('',*,*,#6244,.F.);
#8925=ORIENTED_EDGE('',*,*,#6245,.F.);
#8926=ORIENTED_EDGE('',*,*,#6244,.T.);
#8927=ORIENTED_EDGE('',*,*,#6246,.F.);
#8928=ORIENTED_EDGE('',*,*,#6247,.F.);
#8929=ORIENTED_EDGE('',*,*,#6248,.T.);
#8930=ORIENTED_EDGE('',*,*,#6247,.T.);
#8931=ORIENTED_EDGE('',*,*,#6249,.F.);
#8932=ORIENTED_EDGE('',*,*,#6250,.F.);
#8933=ORIENTED_EDGE('',*,*,#6251,.T.);
#8934=ORIENTED_EDGE('',*,*,#6250,.T.);
#8935=ORIENTED_EDGE('',*,*,#6252,.F.);
#8936=ORIENTED_EDGE('',*,*,#6253,.F.);
#8937=ORIENTED_EDGE('',*,*,#6254,.T.);
#8938=ORIENTED_EDGE('',*,*,#6253,.T.);
#8939=ORIENTED_EDGE('',*,*,#6255,.F.);
#8940=ORIENTED_EDGE('',*,*,#6256,.F.);
#8941=ORIENTED_EDGE('',*,*,#6257,.T.);
#8942=ORIENTED_EDGE('',*,*,#6256,.T.);
#8943=ORIENTED_EDGE('',*,*,#6258,.F.);
#8944=ORIENTED_EDGE('',*,*,#6259,.F.);
#8945=ORIENTED_EDGE('',*,*,#6260,.F.);
#8946=ORIENTED_EDGE('',*,*,#6259,.T.);
#8947=ORIENTED_EDGE('',*,*,#6261,.F.);
#8948=ORIENTED_EDGE('',*,*,#6262,.F.);
#8949=ORIENTED_EDGE('',*,*,#6263,.F.);
#8950=ORIENTED_EDGE('',*,*,#6262,.T.);
#8951=ORIENTED_EDGE('',*,*,#6264,.F.);
#8952=ORIENTED_EDGE('',*,*,#6265,.F.);
#8953=ORIENTED_EDGE('',*,*,#6266,.T.);
#8954=ORIENTED_EDGE('',*,*,#6265,.T.);
#8955=ORIENTED_EDGE('',*,*,#6267,.F.);
#8956=ORIENTED_EDGE('',*,*,#6268,.F.);
#8957=ORIENTED_EDGE('',*,*,#6269,.T.);
#8958=ORIENTED_EDGE('',*,*,#6268,.T.);
#8959=ORIENTED_EDGE('',*,*,#6270,.F.);
#8960=ORIENTED_EDGE('',*,*,#6271,.F.);
#8961=ORIENTED_EDGE('',*,*,#6272,.F.);
#8962=ORIENTED_EDGE('',*,*,#6271,.T.);
#8963=ORIENTED_EDGE('',*,*,#6273,.F.);
#8964=ORIENTED_EDGE('',*,*,#6274,.F.);
#8965=ORIENTED_EDGE('',*,*,#6275,.F.);
#8966=ORIENTED_EDGE('',*,*,#6274,.T.);
#8967=ORIENTED_EDGE('',*,*,#6276,.F.);
#8968=ORIENTED_EDGE('',*,*,#6277,.F.);
#8969=ORIENTED_EDGE('',*,*,#6278,.T.);
#8970=ORIENTED_EDGE('',*,*,#6277,.T.);
#8971=ORIENTED_EDGE('',*,*,#6279,.F.);
#8972=ORIENTED_EDGE('',*,*,#6280,.F.);
#8973=ORIENTED_EDGE('',*,*,#6281,.F.);
#8974=ORIENTED_EDGE('',*,*,#6280,.T.);
#8975=ORIENTED_EDGE('',*,*,#6282,.F.);
#8976=ORIENTED_EDGE('',*,*,#6283,.F.);
#8977=ORIENTED_EDGE('',*,*,#6284,.T.);
#8978=ORIENTED_EDGE('',*,*,#6283,.T.);
#8979=ORIENTED_EDGE('',*,*,#6285,.F.);
#8980=ORIENTED_EDGE('',*,*,#6286,.F.);
#8981=ORIENTED_EDGE('',*,*,#6287,.T.);
#8982=ORIENTED_EDGE('',*,*,#6286,.T.);
#8983=ORIENTED_EDGE('',*,*,#6288,.F.);
#8984=ORIENTED_EDGE('',*,*,#6289,.F.);
#8985=ORIENTED_EDGE('',*,*,#6290,.T.);
#8986=ORIENTED_EDGE('',*,*,#6289,.T.);
#8987=ORIENTED_EDGE('',*,*,#6291,.F.);
#8988=ORIENTED_EDGE('',*,*,#6292,.F.);
#8989=ORIENTED_EDGE('',*,*,#6293,.T.);
#8990=ORIENTED_EDGE('',*,*,#6292,.T.);
#8991=ORIENTED_EDGE('',*,*,#6294,.F.);
#8992=ORIENTED_EDGE('',*,*,#6295,.F.);
#8993=ORIENTED_EDGE('',*,*,#6296,.F.);
#8994=ORIENTED_EDGE('',*,*,#6295,.T.);
#8995=ORIENTED_EDGE('',*,*,#6297,.F.);
#8996=ORIENTED_EDGE('',*,*,#6298,.F.);
#8997=ORIENTED_EDGE('',*,*,#6299,.F.);
#8998=ORIENTED_EDGE('',*,*,#6298,.T.);
#8999=ORIENTED_EDGE('',*,*,#6300,.F.);
#9000=ORIENTED_EDGE('',*,*,#6301,.F.);
#9001=ORIENTED_EDGE('',*,*,#6302,.T.);
#9002=ORIENTED_EDGE('',*,*,#6301,.T.);
#9003=ORIENTED_EDGE('',*,*,#6303,.F.);
#9004=ORIENTED_EDGE('',*,*,#6304,.F.);
#9005=ORIENTED_EDGE('',*,*,#6305,.T.);
#9006=ORIENTED_EDGE('',*,*,#6304,.T.);
#9007=ORIENTED_EDGE('',*,*,#6306,.F.);
#9008=ORIENTED_EDGE('',*,*,#6307,.F.);
#9009=ORIENTED_EDGE('',*,*,#6308,.F.);
#9010=ORIENTED_EDGE('',*,*,#6307,.T.);
#9011=ORIENTED_EDGE('',*,*,#6309,.F.);
#9012=ORIENTED_EDGE('',*,*,#6310,.F.);
#9013=ORIENTED_EDGE('',*,*,#6311,.F.);
#9014=ORIENTED_EDGE('',*,*,#6310,.T.);
#9015=ORIENTED_EDGE('',*,*,#6312,.F.);
#9016=ORIENTED_EDGE('',*,*,#6313,.F.);
#9017=ORIENTED_EDGE('',*,*,#6314,.T.);
#9018=ORIENTED_EDGE('',*,*,#6313,.T.);
#9019=ORIENTED_EDGE('',*,*,#6315,.F.);
#9020=ORIENTED_EDGE('',*,*,#6316,.F.);
#9021=ORIENTED_EDGE('',*,*,#6317,.F.);
#9022=ORIENTED_EDGE('',*,*,#6316,.T.);
#9023=ORIENTED_EDGE('',*,*,#6318,.F.);
#9024=ORIENTED_EDGE('',*,*,#6319,.F.);
#9025=ORIENTED_EDGE('',*,*,#6320,.T.);
#9026=ORIENTED_EDGE('',*,*,#6319,.T.);
#9027=ORIENTED_EDGE('',*,*,#6321,.F.);
#9028=ORIENTED_EDGE('',*,*,#6322,.F.);
#9029=ORIENTED_EDGE('',*,*,#6323,.T.);
#9030=ORIENTED_EDGE('',*,*,#6322,.T.);
#9031=ORIENTED_EDGE('',*,*,#6324,.F.);
#9032=ORIENTED_EDGE('',*,*,#6325,.F.);
#9033=ORIENTED_EDGE('',*,*,#6326,.T.);
#9034=ORIENTED_EDGE('',*,*,#6325,.T.);
#9035=ORIENTED_EDGE('',*,*,#6327,.F.);
#9036=ORIENTED_EDGE('',*,*,#6328,.F.);
#9037=ORIENTED_EDGE('',*,*,#6329,.T.);
#9038=ORIENTED_EDGE('',*,*,#6328,.T.);
#9039=ORIENTED_EDGE('',*,*,#6330,.F.);
#9040=ORIENTED_EDGE('',*,*,#6188,.F.);
#9041=ORIENTED_EDGE('',*,*,#6330,.T.);
#9042=ORIENTED_EDGE('',*,*,#6327,.T.);
#9043=ORIENTED_EDGE('',*,*,#6324,.T.);
#9044=ORIENTED_EDGE('',*,*,#6321,.T.);
#9045=ORIENTED_EDGE('',*,*,#6318,.T.);
#9046=ORIENTED_EDGE('',*,*,#6315,.T.);
#9047=ORIENTED_EDGE('',*,*,#6312,.T.);
#9048=ORIENTED_EDGE('',*,*,#6309,.T.);
#9049=ORIENTED_EDGE('',*,*,#6306,.T.);
#9050=ORIENTED_EDGE('',*,*,#6303,.T.);
#9051=ORIENTED_EDGE('',*,*,#6300,.T.);
#9052=ORIENTED_EDGE('',*,*,#6297,.T.);
#9053=ORIENTED_EDGE('',*,*,#6294,.T.);
#9054=ORIENTED_EDGE('',*,*,#6291,.T.);
#9055=ORIENTED_EDGE('',*,*,#6288,.T.);
#9056=ORIENTED_EDGE('',*,*,#6285,.T.);
#9057=ORIENTED_EDGE('',*,*,#6282,.T.);
#9058=ORIENTED_EDGE('',*,*,#6279,.T.);
#9059=ORIENTED_EDGE('',*,*,#6276,.T.);
#9060=ORIENTED_EDGE('',*,*,#6273,.T.);
#9061=ORIENTED_EDGE('',*,*,#6270,.T.);
#9062=ORIENTED_EDGE('',*,*,#6267,.T.);
#9063=ORIENTED_EDGE('',*,*,#6264,.T.);
#9064=ORIENTED_EDGE('',*,*,#6261,.T.);
#9065=ORIENTED_EDGE('',*,*,#6258,.T.);
#9066=ORIENTED_EDGE('',*,*,#6255,.T.);
#9067=ORIENTED_EDGE('',*,*,#6252,.T.);
#9068=ORIENTED_EDGE('',*,*,#6249,.T.);
#9069=ORIENTED_EDGE('',*,*,#6246,.T.);
#9070=ORIENTED_EDGE('',*,*,#6243,.T.);
#9071=ORIENTED_EDGE('',*,*,#6240,.T.);
#9072=ORIENTED_EDGE('',*,*,#6237,.T.);
#9073=ORIENTED_EDGE('',*,*,#6234,.T.);
#9074=ORIENTED_EDGE('',*,*,#6231,.T.);
#9075=ORIENTED_EDGE('',*,*,#6228,.T.);
#9076=ORIENTED_EDGE('',*,*,#6225,.T.);
#9077=ORIENTED_EDGE('',*,*,#6222,.T.);
#9078=ORIENTED_EDGE('',*,*,#6219,.T.);
#9079=ORIENTED_EDGE('',*,*,#6216,.T.);
#9080=ORIENTED_EDGE('',*,*,#6213,.T.);
#9081=ORIENTED_EDGE('',*,*,#6210,.T.);
#9082=ORIENTED_EDGE('',*,*,#6207,.T.);
#9083=ORIENTED_EDGE('',*,*,#6204,.T.);
#9084=ORIENTED_EDGE('',*,*,#6201,.T.);
#9085=ORIENTED_EDGE('',*,*,#6198,.T.);
#9086=ORIENTED_EDGE('',*,*,#6195,.T.);
#9087=ORIENTED_EDGE('',*,*,#6192,.T.);
#9088=ORIENTED_EDGE('',*,*,#6189,.T.);
#9089=ORIENTED_EDGE('',*,*,#6184,.T.);
#9090=ORIENTED_EDGE('',*,*,#6329,.F.);
#9091=ORIENTED_EDGE('',*,*,#6187,.T.);
#9092=ORIENTED_EDGE('',*,*,#6191,.T.);
#9093=ORIENTED_EDGE('',*,*,#6194,.F.);
#9094=ORIENTED_EDGE('',*,*,#6197,.F.);
#9095=ORIENTED_EDGE('',*,*,#6200,.T.);
#9096=ORIENTED_EDGE('',*,*,#6203,.T.);
#9097=ORIENTED_EDGE('',*,*,#6206,.F.);
#9098=ORIENTED_EDGE('',*,*,#6209,.T.);
#9099=ORIENTED_EDGE('',*,*,#6212,.F.);
#9100=ORIENTED_EDGE('',*,*,#6215,.F.);
#9101=ORIENTED_EDGE('',*,*,#6218,.F.);
#9102=ORIENTED_EDGE('',*,*,#6221,.F.);
#9103=ORIENTED_EDGE('',*,*,#6224,.T.);
#9104=ORIENTED_EDGE('',*,*,#6227,.T.);
#9105=ORIENTED_EDGE('',*,*,#6230,.F.);
#9106=ORIENTED_EDGE('',*,*,#6233,.F.);
#9107=ORIENTED_EDGE('',*,*,#6236,.T.);
#9108=ORIENTED_EDGE('',*,*,#6239,.T.);
#9109=ORIENTED_EDGE('',*,*,#6242,.F.);
#9110=ORIENTED_EDGE('',*,*,#6245,.T.);
#9111=ORIENTED_EDGE('',*,*,#6248,.F.);
#9112=ORIENTED_EDGE('',*,*,#6251,.F.);
#9113=ORIENTED_EDGE('',*,*,#6254,.F.);
#9114=ORIENTED_EDGE('',*,*,#6257,.F.);
#9115=ORIENTED_EDGE('',*,*,#6260,.T.);
#9116=ORIENTED_EDGE('',*,*,#6263,.T.);
#9117=ORIENTED_EDGE('',*,*,#6266,.F.);
#9118=ORIENTED_EDGE('',*,*,#6269,.F.);
#9119=ORIENTED_EDGE('',*,*,#6272,.T.);
#9120=ORIENTED_EDGE('',*,*,#6275,.T.);
#9121=ORIENTED_EDGE('',*,*,#6278,.F.);
#9122=ORIENTED_EDGE('',*,*,#6281,.T.);
#9123=ORIENTED_EDGE('',*,*,#6284,.F.);
#9124=ORIENTED_EDGE('',*,*,#6287,.F.);
#9125=ORIENTED_EDGE('',*,*,#6290,.F.);
#9126=ORIENTED_EDGE('',*,*,#6293,.F.);
#9127=ORIENTED_EDGE('',*,*,#6296,.T.);
#9128=ORIENTED_EDGE('',*,*,#6299,.T.);
#9129=ORIENTED_EDGE('',*,*,#6302,.F.);
#9130=ORIENTED_EDGE('',*,*,#6305,.F.);
#9131=ORIENTED_EDGE('',*,*,#6308,.T.);
#9132=ORIENTED_EDGE('',*,*,#6311,.T.);
#9133=ORIENTED_EDGE('',*,*,#6314,.F.);
#9134=ORIENTED_EDGE('',*,*,#6317,.T.);
#9135=ORIENTED_EDGE('',*,*,#6320,.F.);
#9136=ORIENTED_EDGE('',*,*,#6323,.F.);
#9137=ORIENTED_EDGE('',*,*,#6326,.F.);
#9138=ORIENTED_EDGE('',*,*,#6186,.F.);
#9139=ORIENTED_EDGE('',*,*,#6331,.F.);
#9140=ORIENTED_EDGE('',*,*,#6332,.T.);
#9141=ORIENTED_EDGE('',*,*,#6333,.T.);
#9142=ORIENTED_EDGE('',*,*,#6332,.F.);
#9143=ORIENTED_EDGE('',*,*,#6331,.T.);
#9144=ORIENTED_EDGE('',*,*,#6333,.F.);
#9145=ORIENTED_EDGE('',*,*,#6334,.F.);
#9146=ORIENTED_EDGE('',*,*,#6335,.T.);
#9147=ORIENTED_EDGE('',*,*,#6336,.T.);
#9148=ORIENTED_EDGE('',*,*,#6335,.F.);
#9149=ORIENTED_EDGE('',*,*,#6334,.T.);
#9150=ORIENTED_EDGE('',*,*,#6336,.F.);
#9151=PLANE('',#10175);
#9152=PLANE('',#10176);
#9153=PLANE('',#10177);
#9154=PLANE('',#10178);
#9155=PLANE('',#10179);
#9156=PLANE('',#10180);
#9157=PLANE('',#10185);
#9158=PLANE('',#10189);
#9159=PLANE('',#10190);
#9160=PLANE('',#10191);
#9161=PLANE('',#10195);
#9162=PLANE('',#10196);
#9163=PLANE('',#10197);
#9164=PLANE('',#10201);
#9165=PLANE('',#10202);
#9166=PLANE('',#10203);
#9167=PLANE('',#10207);
#9168=PLANE('',#10208);
#9169=PLANE('',#10209);
#9170=PLANE('',#10213);
#9171=PLANE('',#10214);
#9172=PLANE('',#10215);
#9173=PLANE('',#10219);
#9174=PLANE('',#10220);
#9175=PLANE('',#10221);
#9176=PLANE('',#10225);
#9177=PLANE('',#10226);
#9178=PLANE('',#10227);
#9179=PLANE('',#10231);
#9180=PLANE('',#10232);
#9181=PLANE('',#10233);
#9182=PLANE('',#10237);
#9183=PLANE('',#10238);
#9184=PLANE('',#10239);
#9185=PLANE('',#10243);
#9186=PLANE('',#10244);
#9187=PLANE('',#10245);
#9188=PLANE('',#10249);
#9189=PLANE('',#10250);
#9190=PLANE('',#10251);
#9191=PLANE('',#10255);
#9192=PLANE('',#10256);
#9193=PLANE('',#10257);
#9194=PLANE('',#10258);
#9195=PLANE('',#10263);
#9196=PLANE('',#10267);
#9197=PLANE('',#10268);
#9198=PLANE('',#10269);
#9199=PLANE('',#10273);
#9200=PLANE('',#10274);
#9201=PLANE('',#10275);
#9202=PLANE('',#10279);
#9203=PLANE('',#10280);
#9204=PLANE('',#10281);
#9205=PLANE('',#10285);
#9206=PLANE('',#10286);
#9207=PLANE('',#10287);
#9208=PLANE('',#10291);
#9209=PLANE('',#10292);
#9210=PLANE('',#10293);
#9211=PLANE('',#10297);
#9212=PLANE('',#10298);
#9213=PLANE('',#10299);
#9214=PLANE('',#10303);
#9215=PLANE('',#10304);
#9216=PLANE('',#10305);
#9217=PLANE('',#10309);
#9218=PLANE('',#10310);
#9219=PLANE('',#10311);
#9220=PLANE('',#10315);
#9221=PLANE('',#10316);
#9222=PLANE('',#10317);
#9223=PLANE('',#10321);
#9224=PLANE('',#10322);
#9225=PLANE('',#10323);
#9226=PLANE('',#10327);
#9227=PLANE('',#10328);
#9228=PLANE('',#10329);
#9229=PLANE('',#10333);
#9230=PLANE('',#10334);
#9231=PLANE('',#10335);
#9232=PLANE('',#10336);
#9233=PLANE('',#10338);
#9234=PLANE('',#10339);
#9235=PLANE('',#10340);
#9236=PLANE('',#10341);
#9237=PLANE('',#10345);
#9238=PLANE('',#10346);
#9239=PLANE('',#10347);
#9240=PLANE('',#10348);
#9241=PLANE('',#10349);
#9242=PLANE('',#10350);
#9243=PLANE('',#10351);
#9244=PLANE('',#10352);
#9245=PLANE('',#10353);
#9246=PLANE('',#10354);
#9247=PLANE('',#10355);
#9248=PLANE('',#10356);
#9249=PLANE('',#10357);
#9250=PLANE('',#10358);
#9251=PLANE('',#10359);
#9252=PLANE('',#10360);
#9253=PLANE('',#10361);
#9254=PLANE('',#10362);
#9255=PLANE('',#10363);
#9256=PLANE('',#10364);
#9257=PLANE('',#10365);
#9258=PLANE('',#10366);
#9259=PLANE('',#10367);
#9260=PLANE('',#10368);
#9261=PLANE('',#10369);
#9262=PLANE('',#10370);
#9263=PLANE('',#10371);
#9264=PLANE('',#10372);
#9265=PLANE('',#10373);
#9266=PLANE('',#10374);
#9267=PLANE('',#10375);
#9268=PLANE('',#10376);
#9269=PLANE('',#10377);
#9270=PLANE('',#10378);
#9271=PLANE('',#10379);
#9272=PLANE('',#10380);
#9273=PLANE('',#10381);
#9274=PLANE('',#10382);
#9275=PLANE('',#10383);
#9276=PLANE('',#10384);
#9277=PLANE('',#10385);
#9278=PLANE('',#10386);
#9279=PLANE('',#10387);
#9280=PLANE('',#10388);
#9281=PLANE('',#10389);
#9282=PLANE('',#10390);
#9283=PLANE('',#10391);
#9284=PLANE('',#10392);
#9285=PLANE('',#10393);
#9286=PLANE('',#10394);
#9287=PLANE('',#10395);
#9288=PLANE('',#10396);
#9289=PLANE('',#10397);
#9290=PLANE('',#10398);
#9291=PLANE('',#10399);
#9292=PLANE('',#10400);
#9293=PLANE('',#10401);
#9294=PLANE('',#10402);
#9295=PLANE('',#10403);
#9296=PLANE('',#10404);
#9297=PLANE('',#10405);
#9298=PLANE('',#10406);
#9299=PLANE('',#10407);
#9300=PLANE('',#10408);
#9301=PLANE('',#10409);
#9302=PLANE('',#10410);
#9303=PLANE('',#10411);
#9304=PLANE('',#10412);
#9305=PLANE('',#10413);
#9306=PLANE('',#10414);
#9307=PLANE('',#10415);
#9308=PLANE('',#10416);
#9309=PLANE('',#10417);
#9310=PLANE('',#10418);
#9311=PLANE('',#10419);
#9312=PLANE('',#10420);
#9313=PLANE('',#10424);
#9314=PLANE('',#10425);
#9315=PLANE('',#10426);
#9316=PLANE('',#10427);
#9317=PLANE('',#10431);
#9318=PLANE('',#10432);
#9319=PLANE('',#10433);
#9320=PLANE('',#10434);
#9321=PLANE('',#10435);
#9322=PLANE('',#10436);
#9323=PLANE('',#10437);
#9324=PLANE('',#10438);
#9325=PLANE('',#10439);
#9326=PLANE('',#10440);
#9327=PLANE('',#10441);
#9328=PLANE('',#10442);
#9329=PLANE('',#10443);
#9330=PLANE('',#10444);
#9331=PLANE('',#10445);
#9332=PLANE('',#10446);
#9333=PLANE('',#10447);
#9334=PLANE('',#10448);
#9335=PLANE('',#10449);
#9336=PLANE('',#10450);
#9337=PLANE('',#10451);
#9338=PLANE('',#10452);
#9339=PLANE('',#10453);
#9340=PLANE('',#10454);
#9341=PLANE('',#10455);
#9342=PLANE('',#10456);
#9343=PLANE('',#10457);
#9344=PLANE('',#10458);
#9345=PLANE('',#10459);
#9346=PLANE('',#10460);
#9347=PLANE('',#10461);
#9348=PLANE('',#10462);
#9349=PLANE('',#10463);
#9350=PLANE('',#10464);
#9351=PLANE('',#10465);
#9352=PLANE('',#10466);
#9353=PLANE('',#10467);
#9354=PLANE('',#10468);
#9355=PLANE('',#10469);
#9356=PLANE('',#10470);
#9357=PLANE('',#10471);
#9358=PLANE('',#10472);
#9359=PLANE('',#10473);
#9360=PLANE('',#10474);
#9361=PLANE('',#10475);
#9362=PLANE('',#10476);
#9363=PLANE('',#10477);
#9364=PLANE('',#10478);
#9365=PLANE('',#10479);
#9366=PLANE('',#10480);
#9367=PLANE('',#10481);
#9368=PLANE('',#10482);
#9369=PLANE('',#10483);
#9370=PLANE('',#10484);
#9371=PLANE('',#10485);
#9372=PLANE('',#10486);
#9373=PLANE('',#10487);
#9374=PLANE('',#10488);
#9375=PLANE('',#10489);
#9376=PLANE('',#10490);
#9377=PLANE('',#10491);
#9378=PLANE('',#10492);
#9379=PLANE('',#10493);
#9380=PLANE('',#10494);
#9381=PLANE('',#10495);
#9382=PLANE('',#10496);
#9383=PLANE('',#10497);
#9384=PLANE('',#10498);
#9385=PLANE('',#10499);
#9386=PLANE('',#10500);
#9387=PLANE('',#10501);
#9388=PLANE('',#10502);
#9389=PLANE('',#10503);
#9390=PLANE('',#10504);
#9391=PLANE('',#10505);
#9392=PLANE('',#10506);
#9393=PLANE('',#10510);
#9394=PLANE('',#10511);
#9395=PLANE('',#10512);
#9396=PLANE('',#10513);
#9397=PLANE('',#10514);
#9398=PLANE('',#10515);
#9399=PLANE('',#10516);
#9400=PLANE('',#10517);
#9401=PLANE('',#10518);
#9402=PLANE('',#10519);
#9403=PLANE('',#10520);
#9404=PLANE('',#10521);
#9405=PLANE('',#10522);
#9406=PLANE('',#10523);
#9407=PLANE('',#10524);
#9408=PLANE('',#10525);
#9409=PLANE('',#10529);
#9410=PLANE('',#10530);
#9411=PLANE('',#10531);
#9412=PLANE('',#10532);
#9413=PLANE('',#10533);
#9414=PLANE('',#10534);
#9415=PLANE('',#10535);
#9416=PLANE('',#10536);
#9417=PLANE('',#10537);
#9418=PLANE('',#10538);
#9419=PLANE('',#10539);
#9420=PLANE('',#10540);
#9421=PLANE('',#10541);
#9422=PLANE('',#10542);
#9423=PLANE('',#10543);
#9424=PLANE('',#10544);
#9425=PLANE('',#10545);
#9426=PLANE('',#10546);
#9427=PLANE('',#10547);
#9428=PLANE('',#10548);
#9429=PLANE('',#10549);
#9430=PLANE('',#10550);
#9431=PLANE('',#10551);
#9432=PLANE('',#10552);
#9433=PLANE('',#10553);
#9434=PLANE('',#10554);
#9435=PLANE('',#10555);
#9436=PLANE('',#10556);
#9437=PLANE('',#10557);
#9438=PLANE('',#10558);
#9439=PLANE('',#10559);
#9440=PLANE('',#10560);
#9441=PLANE('',#10561);
#9442=PLANE('',#10562);
#9443=PLANE('',#10563);
#9444=PLANE('',#10564);
#9445=PLANE('',#10565);
#9446=PLANE('',#10566);
#9447=PLANE('',#10567);
#9448=PLANE('',#10568);
#9449=PLANE('',#10569);
#9450=PLANE('',#10570);
#9451=PLANE('',#10571);
#9452=PLANE('',#10572);
#9453=PLANE('',#10573);
#9454=PLANE('',#10574);
#9455=PLANE('',#10575);
#9456=PLANE('',#10576);
#9457=PLANE('',#10577);
#9458=PLANE('',#10578);
#9459=PLANE('',#10579);
#9460=PLANE('',#10580);
#9461=PLANE('',#10581);
#9462=PLANE('',#10582);
#9463=PLANE('',#10583);
#9464=PLANE('',#10584);
#9465=PLANE('',#10585);
#9466=PLANE('',#10586);
#9467=PLANE('',#10587);
#9468=PLANE('',#10588);
#9469=PLANE('',#10589);
#9470=PLANE('',#10590);
#9471=PLANE('',#10591);
#9472=PLANE('',#10592);
#9473=PLANE('',#10594);
#9474=PLANE('',#10596);
#9475=PLANE('',#10597);
#9476=PLANE('',#10598);
#9477=PLANE('',#10599);
#9478=PLANE('',#10600);
#9479=PLANE('',#10601);
#9480=PLANE('',#10602);
#9481=PLANE('',#10603);
#9482=PLANE('',#10604);
#9483=PLANE('',#10605);
#9484=PLANE('',#10606);
#9485=PLANE('',#10607);
#9486=PLANE('',#10608);
#9487=PLANE('',#10609);
#9488=PLANE('',#10610);
#9489=PLANE('',#10611);
#9490=PLANE('',#10612);
#9491=PLANE('',#10613);
#9492=PLANE('',#10614);
#9493=PLANE('',#10615);
#9494=PLANE('',#10616);
#9495=PLANE('',#10617);
#9496=PLANE('',#10618);
#9497=PLANE('',#10619);
#9498=PLANE('',#10620);
#9499=PLANE('',#10621);
#9500=PLANE('',#10622);
#9501=PLANE('',#10623);
#9502=PLANE('',#10624);
#9503=PLANE('',#10625);
#9504=PLANE('',#10626);
#9505=PLANE('',#10627);
#9506=PLANE('',#10628);
#9507=PLANE('',#10629);
#9508=PLANE('',#10630);
#9509=PLANE('',#10631);
#9510=PLANE('',#10632);
#9511=PLANE('',#10633);
#9512=PLANE('',#10634);
#9513=PLANE('',#10635);
#9514=PLANE('',#10636);
#9515=PLANE('',#10638);
#9516=PLANE('',#10639);
#9517=PLANE('',#10640);
#9518=PLANE('',#10641);
#9519=PLANE('',#10642);
#9520=PLANE('',#10643);
#9521=PLANE('',#10644);
#9522=PLANE('',#10645);
#9523=PLANE('',#10646);
#9524=PLANE('',#10647);
#9525=PLANE('',#10648);
#9526=PLANE('',#10649);
#9527=PLANE('',#10650);
#9528=PLANE('',#10651);
#9529=PLANE('',#10652);
#9530=PLANE('',#10653);
#9531=PLANE('',#10654);
#9532=PLANE('',#10655);
#9533=PLANE('',#10656);
#9534=PLANE('',#10657);
#9535=PLANE('',#10658);
#9536=PLANE('',#10659);
#9537=PLANE('',#10660);
#9538=PLANE('',#10661);
#9539=PLANE('',#10662);
#9540=PLANE('',#10663);
#9541=PLANE('',#10664);
#9542=PLANE('',#10665);
#9543=PLANE('',#10666);
#9544=PLANE('',#10668);
#9545=PLANE('',#10669);
#9546=PLANE('',#10670);
#9547=PLANE('',#10671);
#9548=PLANE('',#10672);
#9549=PLANE('',#10673);
#9550=PLANE('',#10674);
#9551=PLANE('',#10675);
#9552=PLANE('',#10676);
#9553=PLANE('',#10681);
#9554=PLANE('',#10685);
#9555=PLANE('',#10686);
#9556=PLANE('',#10687);
#9557=PLANE('',#10691);
#9558=PLANE('',#10692);
#9559=PLANE('',#10693);
#9560=PLANE('',#10697);
#9561=PLANE('',#10698);
#9562=PLANE('',#10699);
#9563=PLANE('',#10703);
#9564=PLANE('',#10704);
#9565=PLANE('',#10705);
#9566=PLANE('',#10709);
#9567=PLANE('',#10710);
#9568=PLANE('',#10711);
#9569=PLANE('',#10715);
#9570=PLANE('',#10716);
#9571=PLANE('',#10717);
#9572=PLANE('',#10721);
#9573=PLANE('',#10722);
#9574=PLANE('',#10723);
#9575=PLANE('',#10727);
#9576=PLANE('',#10728);
#9577=PLANE('',#10729);
#9578=PLANE('',#10733);
#9579=PLANE('',#10734);
#9580=PLANE('',#10735);
#9581=PLANE('',#10739);
#9582=PLANE('',#10740);
#9583=PLANE('',#10741);
#9584=PLANE('',#10745);
#9585=PLANE('',#10746);
#9586=PLANE('',#10747);
#9587=PLANE('',#10751);
#9588=PLANE('',#10752);
#9589=PLANE('',#10753);
#9590=PLANE('',#10754);
#9591=PLANE('',#10758);
#9592=PLANE('',#10759);
#9593=PLANE('',#10763);
#9594=PLANE('',#10764);
#9595=ADVANCED_FACE('',(#334),#9151,.T.);
#9596=ADVANCED_FACE('',(#335),#9152,.T.);
#9597=ADVANCED_FACE('',(#336),#9153,.T.);
#9598=ADVANCED_FACE('',(#337),#9154,.T.);
#9599=ADVANCED_FACE('',(#338),#9155,.T.);
#9600=ADVANCED_FACE('',(#339),#9156,.F.);
#9601=ADVANCED_FACE('',(#340),#251,.F.);
#9602=ADVANCED_FACE('',(#341),#9157,.T.);
#9603=ADVANCED_FACE('',(#342),#252,.F.);
#9604=ADVANCED_FACE('',(#343),#9158,.T.);
#9605=ADVANCED_FACE('',(#344),#9159,.T.);
#9606=ADVANCED_FACE('',(#345),#9160,.T.);
#9607=ADVANCED_FACE('',(#346),#253,.F.);
#9608=ADVANCED_FACE('',(#347),#9161,.T.);
#9609=ADVANCED_FACE('',(#348),#9162,.T.);
#9610=ADVANCED_FACE('',(#349),#9163,.T.);
#9611=ADVANCED_FACE('',(#350),#254,.T.);
#9612=ADVANCED_FACE('',(#351),#9164,.T.);
#9613=ADVANCED_FACE('',(#352),#9165,.T.);
#9614=ADVANCED_FACE('',(#353),#9166,.T.);
#9615=ADVANCED_FACE('',(#354),#255,.F.);
#9616=ADVANCED_FACE('',(#355),#9167,.T.);
#9617=ADVANCED_FACE('',(#356),#9168,.T.);
#9618=ADVANCED_FACE('',(#357),#9169,.T.);
#9619=ADVANCED_FACE('',(#358),#256,.F.);
#9620=ADVANCED_FACE('',(#359),#9170,.T.);
#9621=ADVANCED_FACE('',(#360),#9171,.T.);
#9622=ADVANCED_FACE('',(#361),#9172,.T.);
#9623=ADVANCED_FACE('',(#362),#257,.T.);
#9624=ADVANCED_FACE('',(#363),#9173,.T.);
#9625=ADVANCED_FACE('',(#364),#9174,.T.);
#9626=ADVANCED_FACE('',(#365),#9175,.T.);
#9627=ADVANCED_FACE('',(#366),#258,.F.);
#9628=ADVANCED_FACE('',(#367),#9176,.T.);
#9629=ADVANCED_FACE('',(#368),#9177,.T.);
#9630=ADVANCED_FACE('',(#369),#9178,.T.);
#9631=ADVANCED_FACE('',(#370),#259,.F.);
#9632=ADVANCED_FACE('',(#371),#9179,.T.);
#9633=ADVANCED_FACE('',(#372),#9180,.T.);
#9634=ADVANCED_FACE('',(#373),#9181,.T.);
#9635=ADVANCED_FACE('',(#374),#260,.T.);
#9636=ADVANCED_FACE('',(#375),#9182,.T.);
#9637=ADVANCED_FACE('',(#376),#9183,.T.);
#9638=ADVANCED_FACE('',(#377),#9184,.T.);
#9639=ADVANCED_FACE('',(#378),#261,.F.);
#9640=ADVANCED_FACE('',(#379),#9185,.T.);
#9641=ADVANCED_FACE('',(#380),#9186,.T.);
#9642=ADVANCED_FACE('',(#381),#9187,.T.);
#9643=ADVANCED_FACE('',(#382),#262,.F.);
#9644=ADVANCED_FACE('',(#383),#9188,.T.);
#9645=ADVANCED_FACE('',(#384),#9189,.T.);
#9646=ADVANCED_FACE('',(#385),#9190,.T.);
#9647=ADVANCED_FACE('',(#386),#263,.T.);
#9648=ADVANCED_FACE('',(#387),#9191,.T.);
#9649=ADVANCED_FACE('',(#388),#9192,.T.);
#9650=ADVANCED_FACE('',(#389,#117),#9193,.T.);
#9651=ADVANCED_FACE('',(#390,#118),#9194,.F.);
#9652=ADVANCED_FACE('',(#391),#264,.F.);
#9653=ADVANCED_FACE('',(#392),#9195,.T.);
#9654=ADVANCED_FACE('',(#393),#265,.F.);
#9655=ADVANCED_FACE('',(#394),#9196,.T.);
#9656=ADVANCED_FACE('',(#395),#9197,.T.);
#9657=ADVANCED_FACE('',(#396),#9198,.T.);
#9658=ADVANCED_FACE('',(#397),#266,.F.);
#9659=ADVANCED_FACE('',(#398),#9199,.T.);
#9660=ADVANCED_FACE('',(#399),#9200,.T.);
#9661=ADVANCED_FACE('',(#400),#9201,.T.);
#9662=ADVANCED_FACE('',(#401),#267,.T.);
#9663=ADVANCED_FACE('',(#402),#9202,.T.);
#9664=ADVANCED_FACE('',(#403),#9203,.T.);
#9665=ADVANCED_FACE('',(#404),#9204,.T.);
#9666=ADVANCED_FACE('',(#405),#268,.F.);
#9667=ADVANCED_FACE('',(#406),#9205,.T.);
#9668=ADVANCED_FACE('',(#407),#9206,.T.);
#9669=ADVANCED_FACE('',(#408),#9207,.T.);
#9670=ADVANCED_FACE('',(#409),#269,.F.);
#9671=ADVANCED_FACE('',(#410),#9208,.T.);
#9672=ADVANCED_FACE('',(#411),#9209,.T.);
#9673=ADVANCED_FACE('',(#412),#9210,.T.);
#9674=ADVANCED_FACE('',(#413),#270,.T.);
#9675=ADVANCED_FACE('',(#414),#9211,.T.);
#9676=ADVANCED_FACE('',(#415),#9212,.T.);
#9677=ADVANCED_FACE('',(#416),#9213,.T.);
#9678=ADVANCED_FACE('',(#417),#271,.F.);
#9679=ADVANCED_FACE('',(#418),#9214,.T.);
#9680=ADVANCED_FACE('',(#419),#9215,.T.);
#9681=ADVANCED_FACE('',(#420),#9216,.T.);
#9682=ADVANCED_FACE('',(#421),#272,.F.);
#9683=ADVANCED_FACE('',(#422),#9217,.T.);
#9684=ADVANCED_FACE('',(#423),#9218,.T.);
#9685=ADVANCED_FACE('',(#424),#9219,.T.);
#9686=ADVANCED_FACE('',(#425),#273,.T.);
#9687=ADVANCED_FACE('',(#426),#9220,.T.);
#9688=ADVANCED_FACE('',(#427),#9221,.T.);
#9689=ADVANCED_FACE('',(#428),#9222,.T.);
#9690=ADVANCED_FACE('',(#429),#274,.F.);
#9691=ADVANCED_FACE('',(#430),#9223,.T.);
#9692=ADVANCED_FACE('',(#431),#9224,.T.);
#9693=ADVANCED_FACE('',(#432),#9225,.T.);
#9694=ADVANCED_FACE('',(#433),#275,.F.);
#9695=ADVANCED_FACE('',(#434),#9226,.T.);
#9696=ADVANCED_FACE('',(#435),#9227,.T.);
#9697=ADVANCED_FACE('',(#436),#9228,.T.);
#9698=ADVANCED_FACE('',(#437),#276,.T.);
#9699=ADVANCED_FACE('',(#438),#9229,.T.);
#9700=ADVANCED_FACE('',(#439),#9230,.T.);
#9701=ADVANCED_FACE('',(#440,#119),#9231,.T.);
#9702=ADVANCED_FACE('',(#441,#120),#9232,.F.);
#9703=ADVANCED_FACE('',(#442),#9233,.T.);
#9704=ADVANCED_FACE('',(#443),#9234,.T.);
#9705=ADVANCED_FACE('',(#444),#9235,.T.);
#9706=ADVANCED_FACE('',(#445),#9236,.T.);
#9707=ADVANCED_FACE('',(#446),#277,.F.);
#9708=ADVANCED_FACE('',(#447),#9237,.T.);
#9709=ADVANCED_FACE('',(#448),#9238,.T.);
#9710=ADVANCED_FACE('',(#449),#9239,.T.);
#9711=ADVANCED_FACE('',(#450),#9240,.T.);
#9712=ADVANCED_FACE('',(#451),#9241,.T.);
#9713=ADVANCED_FACE('',(#452),#9242,.T.);
#9714=ADVANCED_FACE('',(#453),#9243,.T.);
#9715=ADVANCED_FACE('',(#454),#9244,.T.);
#9716=ADVANCED_FACE('',(#455),#9245,.T.);
#9717=ADVANCED_FACE('',(#456),#9246,.T.);
#9718=ADVANCED_FACE('',(#457),#9247,.T.);
#9719=ADVANCED_FACE('',(#458),#9248,.T.);
#9720=ADVANCED_FACE('',(#459),#9249,.T.);
#9721=ADVANCED_FACE('',(#460),#9250,.T.);
#9722=ADVANCED_FACE('',(#461),#9251,.T.);
#9723=ADVANCED_FACE('',(#462),#9252,.T.);
#9724=ADVANCED_FACE('',(#463),#9253,.T.);
#9725=ADVANCED_FACE('',(#464),#9254,.T.);
#9726=ADVANCED_FACE('',(#465),#9255,.T.);
#9727=ADVANCED_FACE('',(#466),#9256,.T.);
#9728=ADVANCED_FACE('',(#467),#9257,.T.);
#9729=ADVANCED_FACE('',(#468),#9258,.T.);
#9730=ADVANCED_FACE('',(#469),#9259,.T.);
#9731=ADVANCED_FACE('',(#470),#9260,.T.);
#9732=ADVANCED_FACE('',(#471),#9261,.T.);
#9733=ADVANCED_FACE('',(#472),#9262,.T.);
#9734=ADVANCED_FACE('',(#473),#9263,.T.);
#9735=ADVANCED_FACE('',(#474),#9264,.T.);
#9736=ADVANCED_FACE('',(#475),#9265,.T.);
#9737=ADVANCED_FACE('',(#476),#9266,.T.);
#9738=ADVANCED_FACE('',(#477),#9267,.T.);
#9739=ADVANCED_FACE('',(#478),#9268,.T.);
#9740=ADVANCED_FACE('',(#479),#9269,.T.);
#9741=ADVANCED_FACE('',(#480),#9270,.T.);
#9742=ADVANCED_FACE('',(#481),#9271,.T.);
#9743=ADVANCED_FACE('',(#482),#9272,.T.);
#9744=ADVANCED_FACE('',(#483),#9273,.T.);
#9745=ADVANCED_FACE('',(#484),#9274,.T.);
#9746=ADVANCED_FACE('',(#485),#9275,.T.);
#9747=ADVANCED_FACE('',(#486),#9276,.T.);
#9748=ADVANCED_FACE('',(#487),#9277,.T.);
#9749=ADVANCED_FACE('',(#488),#9278,.T.);
#9750=ADVANCED_FACE('',(#489),#9279,.T.);
#9751=ADVANCED_FACE('',(#490),#9280,.T.);
#9752=ADVANCED_FACE('',(#491),#9281,.T.);
#9753=ADVANCED_FACE('',(#492),#9282,.T.);
#9754=ADVANCED_FACE('',(#493),#9283,.T.);
#9755=ADVANCED_FACE('',(#494),#9284,.T.);
#9756=ADVANCED_FACE('',(#495),#9285,.T.);
#9757=ADVANCED_FACE('',(#496),#9286,.T.);
#9758=ADVANCED_FACE('',(#497),#9287,.T.);
#9759=ADVANCED_FACE('',(#498),#9288,.T.);
#9760=ADVANCED_FACE('',(#499),#9289,.T.);
#9761=ADVANCED_FACE('',(#500),#9290,.T.);
#9762=ADVANCED_FACE('',(#501),#9291,.T.);
#9763=ADVANCED_FACE('',(#502),#9292,.T.);
#9764=ADVANCED_FACE('',(#503),#9293,.T.);
#9765=ADVANCED_FACE('',(#504),#9294,.T.);
#9766=ADVANCED_FACE('',(#505),#9295,.T.);
#9767=ADVANCED_FACE('',(#506),#9296,.T.);
#9768=ADVANCED_FACE('',(#507),#9297,.T.);
#9769=ADVANCED_FACE('',(#508),#9298,.T.);
#9770=ADVANCED_FACE('',(#509),#9299,.T.);
#9771=ADVANCED_FACE('',(#510),#9300,.T.);
#9772=ADVANCED_FACE('',(#511),#9301,.T.);
#9773=ADVANCED_FACE('',(#512),#9302,.T.);
#9774=ADVANCED_FACE('',(#513),#9303,.T.);
#9775=ADVANCED_FACE('',(#514),#9304,.T.);
#9776=ADVANCED_FACE('',(#515),#9305,.T.);
#9777=ADVANCED_FACE('',(#516),#9306,.T.);
#9778=ADVANCED_FACE('',(#517),#9307,.T.);
#9779=ADVANCED_FACE('',(#518),#9308,.T.);
#9780=ADVANCED_FACE('',(#519),#9309,.T.);
#9781=ADVANCED_FACE('',(#520),#9310,.T.);
#9782=ADVANCED_FACE('',(#521,#121,#122,#123,#124,#125),#9311,.T.);
#9783=ADVANCED_FACE('',(#522,#126,#127,#128,#129,#130),#9312,.F.);
#9784=ADVANCED_FACE('',(#523),#9313,.T.);
#9785=ADVANCED_FACE('',(#524),#9314,.T.);
#9786=ADVANCED_FACE('',(#525),#9315,.T.);
#9787=ADVANCED_FACE('',(#526),#9316,.T.);
#9788=ADVANCED_FACE('',(#527),#278,.F.);
#9789=ADVANCED_FACE('',(#528),#9317,.T.);
#9790=ADVANCED_FACE('',(#529),#9318,.T.);
#9791=ADVANCED_FACE('',(#530),#9319,.T.);
#9792=ADVANCED_FACE('',(#531),#9320,.T.);
#9793=ADVANCED_FACE('',(#532),#9321,.T.);
#9794=ADVANCED_FACE('',(#533),#9322,.T.);
#9795=ADVANCED_FACE('',(#534),#9323,.T.);
#9796=ADVANCED_FACE('',(#535),#9324,.T.);
#9797=ADVANCED_FACE('',(#536),#9325,.T.);
#9798=ADVANCED_FACE('',(#537),#9326,.T.);
#9799=ADVANCED_FACE('',(#538),#9327,.T.);
#9800=ADVANCED_FACE('',(#539),#9328,.T.);
#9801=ADVANCED_FACE('',(#540),#9329,.T.);
#9802=ADVANCED_FACE('',(#541),#9330,.T.);
#9803=ADVANCED_FACE('',(#542),#9331,.T.);
#9804=ADVANCED_FACE('',(#543),#9332,.T.);
#9805=ADVANCED_FACE('',(#544),#9333,.T.);
#9806=ADVANCED_FACE('',(#545),#9334,.T.);
#9807=ADVANCED_FACE('',(#546),#9335,.T.);
#9808=ADVANCED_FACE('',(#547),#9336,.T.);
#9809=ADVANCED_FACE('',(#548),#9337,.T.);
#9810=ADVANCED_FACE('',(#549),#9338,.T.);
#9811=ADVANCED_FACE('',(#550),#9339,.T.);
#9812=ADVANCED_FACE('',(#551),#9340,.T.);
#9813=ADVANCED_FACE('',(#552),#9341,.T.);
#9814=ADVANCED_FACE('',(#553),#9342,.T.);
#9815=ADVANCED_FACE('',(#554),#9343,.T.);
#9816=ADVANCED_FACE('',(#555),#9344,.T.);
#9817=ADVANCED_FACE('',(#556),#9345,.T.);
#9818=ADVANCED_FACE('',(#557),#9346,.T.);
#9819=ADVANCED_FACE('',(#558),#9347,.T.);
#9820=ADVANCED_FACE('',(#559),#9348,.T.);
#9821=ADVANCED_FACE('',(#560),#9349,.T.);
#9822=ADVANCED_FACE('',(#561),#9350,.T.);
#9823=ADVANCED_FACE('',(#562),#9351,.T.);
#9824=ADVANCED_FACE('',(#563),#9352,.T.);
#9825=ADVANCED_FACE('',(#564),#9353,.T.);
#9826=ADVANCED_FACE('',(#565),#9354,.T.);
#9827=ADVANCED_FACE('',(#566),#9355,.T.);
#9828=ADVANCED_FACE('',(#567),#9356,.T.);
#9829=ADVANCED_FACE('',(#568),#9357,.T.);
#9830=ADVANCED_FACE('',(#569),#9358,.T.);
#9831=ADVANCED_FACE('',(#570),#9359,.T.);
#9832=ADVANCED_FACE('',(#571),#9360,.T.);
#9833=ADVANCED_FACE('',(#572),#9361,.T.);
#9834=ADVANCED_FACE('',(#573),#9362,.T.);
#9835=ADVANCED_FACE('',(#574),#9363,.T.);
#9836=ADVANCED_FACE('',(#575),#9364,.T.);
#9837=ADVANCED_FACE('',(#576),#9365,.T.);
#9838=ADVANCED_FACE('',(#577),#9366,.T.);
#9839=ADVANCED_FACE('',(#578),#9367,.T.);
#9840=ADVANCED_FACE('',(#579),#9368,.T.);
#9841=ADVANCED_FACE('',(#580),#9369,.T.);
#9842=ADVANCED_FACE('',(#581),#9370,.T.);
#9843=ADVANCED_FACE('',(#582),#9371,.T.);
#9844=ADVANCED_FACE('',(#583),#9372,.T.);
#9845=ADVANCED_FACE('',(#584),#9373,.T.);
#9846=ADVANCED_FACE('',(#585),#9374,.T.);
#9847=ADVANCED_FACE('',(#586),#9375,.T.);
#9848=ADVANCED_FACE('',(#587),#9376,.T.);
#9849=ADVANCED_FACE('',(#588),#9377,.T.);
#9850=ADVANCED_FACE('',(#589),#9378,.T.);
#9851=ADVANCED_FACE('',(#590),#9379,.T.);
#9852=ADVANCED_FACE('',(#591),#9380,.T.);
#9853=ADVANCED_FACE('',(#592),#9381,.T.);
#9854=ADVANCED_FACE('',(#593),#9382,.T.);
#9855=ADVANCED_FACE('',(#594),#9383,.T.);
#9856=ADVANCED_FACE('',(#595),#9384,.T.);
#9857=ADVANCED_FACE('',(#596),#9385,.T.);
#9858=ADVANCED_FACE('',(#597),#9386,.T.);
#9859=ADVANCED_FACE('',(#598),#9387,.T.);
#9860=ADVANCED_FACE('',(#599),#9388,.T.);
#9861=ADVANCED_FACE('',(#600),#9389,.T.);
#9862=ADVANCED_FACE('',(#601),#9390,.T.);
#9863=ADVANCED_FACE('',(#602,#131,#132,#133,#134,#135),#9391,.T.);
#9864=ADVANCED_FACE('',(#603,#136,#137,#138,#139,#140),#9392,.F.);
#9865=ADVANCED_FACE('',(#604),#9393,.T.);
#9866=ADVANCED_FACE('',(#605),#9394,.T.);
#9867=ADVANCED_FACE('',(#606),#9395,.T.);
#9868=ADVANCED_FACE('',(#607),#9396,.T.);
#9869=ADVANCED_FACE('',(#608),#9397,.T.);
#9870=ADVANCED_FACE('',(#609),#9398,.T.);
#9871=ADVANCED_FACE('',(#610),#9399,.T.);
#9872=ADVANCED_FACE('',(#611),#9400,.T.);
#9873=ADVANCED_FACE('',(#612),#9401,.T.);
#9874=ADVANCED_FACE('',(#613),#9402,.T.);
#9875=ADVANCED_FACE('',(#614),#9403,.T.);
#9876=ADVANCED_FACE('',(#615),#9404,.T.);
#9877=ADVANCED_FACE('',(#616),#9405,.T.);
#9878=ADVANCED_FACE('',(#617),#9406,.T.);
#9879=ADVANCED_FACE('',(#618),#9407,.T.);
#9880=ADVANCED_FACE('',(#619),#9408,.T.);
#9881=ADVANCED_FACE('',(#620),#279,.F.);
#9882=ADVANCED_FACE('',(#621),#9409,.T.);
#9883=ADVANCED_FACE('',(#622),#9410,.T.);
#9884=ADVANCED_FACE('',(#623),#9411,.T.);
#9885=ADVANCED_FACE('',(#624),#9412,.T.);
#9886=ADVANCED_FACE('',(#625),#9413,.T.);
#9887=ADVANCED_FACE('',(#626),#9414,.T.);
#9888=ADVANCED_FACE('',(#627),#9415,.T.);
#9889=ADVANCED_FACE('',(#628),#9416,.T.);
#9890=ADVANCED_FACE('',(#629),#9417,.T.);
#9891=ADVANCED_FACE('',(#630),#9418,.T.);
#9892=ADVANCED_FACE('',(#631),#9419,.T.);
#9893=ADVANCED_FACE('',(#632),#9420,.T.);
#9894=ADVANCED_FACE('',(#633),#9421,.T.);
#9895=ADVANCED_FACE('',(#634),#9422,.T.);
#9896=ADVANCED_FACE('',(#635),#9423,.T.);
#9897=ADVANCED_FACE('',(#636),#9424,.T.);
#9898=ADVANCED_FACE('',(#637),#9425,.T.);
#9899=ADVANCED_FACE('',(#638),#9426,.T.);
#9900=ADVANCED_FACE('',(#639),#9427,.T.);
#9901=ADVANCED_FACE('',(#640),#9428,.T.);
#9902=ADVANCED_FACE('',(#641),#9429,.T.);
#9903=ADVANCED_FACE('',(#642),#9430,.T.);
#9904=ADVANCED_FACE('',(#643),#9431,.T.);
#9905=ADVANCED_FACE('',(#644),#9432,.T.);
#9906=ADVANCED_FACE('',(#645),#9433,.T.);
#9907=ADVANCED_FACE('',(#646),#9434,.T.);
#9908=ADVANCED_FACE('',(#647),#9435,.T.);
#9909=ADVANCED_FACE('',(#648),#9436,.T.);
#9910=ADVANCED_FACE('',(#649),#9437,.T.);
#9911=ADVANCED_FACE('',(#650),#9438,.T.);
#9912=ADVANCED_FACE('',(#651),#9439,.T.);
#9913=ADVANCED_FACE('',(#652),#9440,.T.);
#9914=ADVANCED_FACE('',(#653),#9441,.T.);
#9915=ADVANCED_FACE('',(#654),#9442,.T.);
#9916=ADVANCED_FACE('',(#655),#9443,.T.);
#9917=ADVANCED_FACE('',(#656),#9444,.T.);
#9918=ADVANCED_FACE('',(#657),#9445,.T.);
#9919=ADVANCED_FACE('',(#658),#9446,.T.);
#9920=ADVANCED_FACE('',(#659),#9447,.T.);
#9921=ADVANCED_FACE('',(#660),#9448,.T.);
#9922=ADVANCED_FACE('',(#661),#9449,.T.);
#9923=ADVANCED_FACE('',(#662),#9450,.T.);
#9924=ADVANCED_FACE('',(#663),#9451,.T.);
#9925=ADVANCED_FACE('',(#664),#9452,.T.);
#9926=ADVANCED_FACE('',(#665),#9453,.T.);
#9927=ADVANCED_FACE('',(#666),#9454,.T.);
#9928=ADVANCED_FACE('',(#667),#9455,.T.);
#9929=ADVANCED_FACE('',(#668),#9456,.T.);
#9930=ADVANCED_FACE('',(#669),#9457,.T.);
#9931=ADVANCED_FACE('',(#670),#9458,.T.);
#9932=ADVANCED_FACE('',(#671),#9459,.T.);
#9933=ADVANCED_FACE('',(#672),#9460,.T.);
#9934=ADVANCED_FACE('',(#673),#9461,.T.);
#9935=ADVANCED_FACE('',(#674),#9462,.T.);
#9936=ADVANCED_FACE('',(#675),#9463,.T.);
#9937=ADVANCED_FACE('',(#676),#9464,.T.);
#9938=ADVANCED_FACE('',(#677),#9465,.T.);
#9939=ADVANCED_FACE('',(#678),#9466,.T.);
#9940=ADVANCED_FACE('',(#679),#9467,.T.);
#9941=ADVANCED_FACE('',(#680),#9468,.T.);
#9942=ADVANCED_FACE('',(#681),#9469,.T.);
#9943=ADVANCED_FACE('',(#682),#9470,.T.);
#9944=ADVANCED_FACE('',(#683,#141,#142,#143,#144,#145),#9471,.T.);
#9945=ADVANCED_FACE('',(#684,#146,#147,#148,#149,#150),#9472,.F.);
#9946=ADVANCED_FACE('',(#685,#151,#152,#153,#154,#155),#9473,.F.);
#9947=ADVANCED_FACE('',(#686),#9474,.T.);
#9948=ADVANCED_FACE('',(#687),#9475,.T.);
#9949=ADVANCED_FACE('',(#688),#9476,.T.);
#9950=ADVANCED_FACE('',(#689),#9477,.T.);
#9951=ADVANCED_FACE('',(#690),#9478,.T.);
#9952=ADVANCED_FACE('',(#691),#9479,.T.);
#9953=ADVANCED_FACE('',(#692),#9480,.T.);
#9954=ADVANCED_FACE('',(#693),#9481,.T.);
#9955=ADVANCED_FACE('',(#694),#9482,.T.);
#9956=ADVANCED_FACE('',(#695),#9483,.T.);
#9957=ADVANCED_FACE('',(#696),#9484,.T.);
#9958=ADVANCED_FACE('',(#697),#9485,.T.);
#9959=ADVANCED_FACE('',(#698),#9486,.T.);
#9960=ADVANCED_FACE('',(#699),#9487,.T.);
#9961=ADVANCED_FACE('',(#700),#9488,.T.);
#9962=ADVANCED_FACE('',(#701),#9489,.T.);
#9963=ADVANCED_FACE('',(#702),#9490,.T.);
#9964=ADVANCED_FACE('',(#703),#9491,.T.);
#9965=ADVANCED_FACE('',(#704),#9492,.T.);
#9966=ADVANCED_FACE('',(#705),#9493,.T.);
#9967=ADVANCED_FACE('',(#706),#9494,.T.);
#9968=ADVANCED_FACE('',(#707),#9495,.T.);
#9969=ADVANCED_FACE('',(#708),#9496,.T.);
#9970=ADVANCED_FACE('',(#709),#9497,.T.);
#9971=ADVANCED_FACE('',(#710),#9498,.T.);
#9972=ADVANCED_FACE('',(#711),#9499,.T.);
#9973=ADVANCED_FACE('',(#712),#9500,.T.);
#9974=ADVANCED_FACE('',(#713),#9501,.T.);
#9975=ADVANCED_FACE('',(#714),#9502,.T.);
#9976=ADVANCED_FACE('',(#715),#9503,.T.);
#9977=ADVANCED_FACE('',(#716),#9504,.T.);
#9978=ADVANCED_FACE('',(#717),#9505,.T.);
#9979=ADVANCED_FACE('',(#718),#9506,.T.);
#9980=ADVANCED_FACE('',(#719),#9507,.T.);
#9981=ADVANCED_FACE('',(#720),#9508,.T.);
#9982=ADVANCED_FACE('',(#721),#9509,.T.);
#9983=ADVANCED_FACE('',(#722),#9510,.T.);
#9984=ADVANCED_FACE('',(#723),#9511,.T.);
#9985=ADVANCED_FACE('',(#724),#9512,.T.);
#9986=ADVANCED_FACE('',(#725),#9513,.T.);
#9987=ADVANCED_FACE('',(#726,#156,#157,#158,#159,#160),#9514,.F.);
#9988=ADVANCED_FACE('',(#727),#9515,.T.);
#9989=ADVANCED_FACE('',(#728),#9516,.T.);
#9990=ADVANCED_FACE('',(#729),#9517,.T.);
#9991=ADVANCED_FACE('',(#730),#9518,.T.);
#9992=ADVANCED_FACE('',(#731),#9519,.T.);
#9993=ADVANCED_FACE('',(#732),#9520,.T.);
#9994=ADVANCED_FACE('',(#733),#9521,.T.);
#9995=ADVANCED_FACE('',(#734),#9522,.T.);
#9996=ADVANCED_FACE('',(#735),#9523,.T.);
#9997=ADVANCED_FACE('',(#736),#9524,.T.);
#9998=ADVANCED_FACE('',(#737),#9525,.T.);
#9999=ADVANCED_FACE('',(#738),#9526,.T.);
#10000=ADVANCED_FACE('',(#739),#9527,.T.);
#10001=ADVANCED_FACE('',(#740),#9528,.T.);
#10002=ADVANCED_FACE('',(#741),#9529,.T.);
#10003=ADVANCED_FACE('',(#742),#9530,.T.);
#10004=ADVANCED_FACE('',(#743),#9531,.T.);
#10005=ADVANCED_FACE('',(#744),#9532,.T.);
#10006=ADVANCED_FACE('',(#745),#9533,.T.);
#10007=ADVANCED_FACE('',(#746),#9534,.T.);
#10008=ADVANCED_FACE('',(#747),#9535,.T.);
#10009=ADVANCED_FACE('',(#748),#9536,.T.);
#10010=ADVANCED_FACE('',(#749),#9537,.T.);
#10011=ADVANCED_FACE('',(#750),#9538,.T.);
#10012=ADVANCED_FACE('',(#751),#9539,.T.);
#10013=ADVANCED_FACE('',(#752),#9540,.T.);
#10014=ADVANCED_FACE('',(#753),#9541,.T.);
#10015=ADVANCED_FACE('',(#754),#9542,.T.);
#10016=ADVANCED_FACE('',(#755),#9543,.T.);
#10017=ADVANCED_FACE('',(#756),#280,.F.);
#10018=ADVANCED_FACE('',(#757),#9544,.T.);
#10019=ADVANCED_FACE('',(#758),#9545,.T.);
#10020=ADVANCED_FACE('',(#759),#9546,.T.);
#10021=ADVANCED_FACE('',(#760),#9547,.T.);
#10022=ADVANCED_FACE('',(#761),#9548,.T.);
#10023=ADVANCED_FACE('',(#762),#9549,.T.);
#10024=ADVANCED_FACE('',(#763),#9550,.T.);
#10025=ADVANCED_FACE('',(#764),#9551,.T.);
#10026=ADVANCED_FACE('',(#765),#9552,.T.);
#10027=ADVANCED_FACE('',(#766),#281,.F.);
#10028=ADVANCED_FACE('',(#767),#9553,.T.);
#10029=ADVANCED_FACE('',(#768),#282,.F.);
#10030=ADVANCED_FACE('',(#769),#9554,.T.);
#10031=ADVANCED_FACE('',(#770),#9555,.T.);
#10032=ADVANCED_FACE('',(#771),#9556,.T.);
#10033=ADVANCED_FACE('',(#772),#283,.F.);
#10034=ADVANCED_FACE('',(#773),#9557,.T.);
#10035=ADVANCED_FACE('',(#774),#9558,.T.);
#10036=ADVANCED_FACE('',(#775),#9559,.T.);
#10037=ADVANCED_FACE('',(#776),#284,.T.);
#10038=ADVANCED_FACE('',(#777),#9560,.T.);
#10039=ADVANCED_FACE('',(#778),#9561,.T.);
#10040=ADVANCED_FACE('',(#779),#9562,.T.);
#10041=ADVANCED_FACE('',(#780),#285,.F.);
#10042=ADVANCED_FACE('',(#781),#9563,.T.);
#10043=ADVANCED_FACE('',(#782),#9564,.T.);
#10044=ADVANCED_FACE('',(#783),#9565,.T.);
#10045=ADVANCED_FACE('',(#784),#286,.F.);
#10046=ADVANCED_FACE('',(#785),#9566,.T.);
#10047=ADVANCED_FACE('',(#786),#9567,.T.);
#10048=ADVANCED_FACE('',(#787),#9568,.T.);
#10049=ADVANCED_FACE('',(#788),#287,.T.);
#10050=ADVANCED_FACE('',(#789),#9569,.T.);
#10051=ADVANCED_FACE('',(#790),#9570,.T.);
#10052=ADVANCED_FACE('',(#791),#9571,.T.);
#10053=ADVANCED_FACE('',(#792),#288,.F.);
#10054=ADVANCED_FACE('',(#793),#9572,.T.);
#10055=ADVANCED_FACE('',(#794),#9573,.T.);
#10056=ADVANCED_FACE('',(#795),#9574,.T.);
#10057=ADVANCED_FACE('',(#796),#289,.F.);
#10058=ADVANCED_FACE('',(#797),#9575,.T.);
#10059=ADVANCED_FACE('',(#798),#9576,.T.);
#10060=ADVANCED_FACE('',(#799),#9577,.T.);
#10061=ADVANCED_FACE('',(#800),#290,.T.);
#10062=ADVANCED_FACE('',(#801),#9578,.T.);
#10063=ADVANCED_FACE('',(#802),#9579,.T.);
#10064=ADVANCED_FACE('',(#803),#9580,.T.);
#10065=ADVANCED_FACE('',(#804),#291,.F.);
#10066=ADVANCED_FACE('',(#805),#9581,.T.);
#10067=ADVANCED_FACE('',(#806),#9582,.T.);
#10068=ADVANCED_FACE('',(#807),#9583,.T.);
#10069=ADVANCED_FACE('',(#808),#292,.F.);
#10070=ADVANCED_FACE('',(#809),#9584,.T.);
#10071=ADVANCED_FACE('',(#810),#9585,.T.);
#10072=ADVANCED_FACE('',(#811),#9586,.T.);
#10073=ADVANCED_FACE('',(#812),#293,.T.);
#10074=ADVANCED_FACE('',(#813),#9587,.T.);
#10075=ADVANCED_FACE('',(#814),#9588,.T.);
#10076=ADVANCED_FACE('',(#815,#161),#9589,.T.);
#10077=ADVANCED_FACE('',(#816,#162),#9590,.F.);
#10078=ADVANCED_FACE('',(#817),#294,.T.);
#10079=ADVANCED_FACE('',(#818),#9591,.T.);
#10080=ADVANCED_FACE('',(#819),#9592,.F.);
#10081=ADVANCED_FACE('',(#820),#295,.T.);
#10082=ADVANCED_FACE('',(#821),#9593,.T.);
#10083=ADVANCED_FACE('',(#822),#9594,.F.);
#10084=CLOSED_SHELL('',(#9595,#9596,#9597,#9598,#9599,#9600));
#10085=CLOSED_SHELL('',(#9601,#9602,#9603,#9604,#9605,#9606,#9607,#9608,
#9609,#9610,#9611,#9612,#9613,#9614,#9615,#9616,#9617,#9618,#9619,#9620,
#9621,#9622,#9623,#9624,#9625,#9626,#9627,#9628,#9629,#9630,#9631,#9632,
#9633,#9634,#9635,#9636,#9637,#9638,#9639,#9640,#9641,#9642,#9643,#9644,
#9645,#9646,#9647,#9648,#9649,#9650,#9651));
#10086=CLOSED_SHELL('',(#9652,#9653,#9654,#9655,#9656,#9657,#9658,#9659,
#9660,#9661,#9662,#9663,#9664,#9665,#9666,#9667,#9668,#9669,#9670,#9671,
#9672,#9673,#9674,#9675,#9676,#9677,#9678,#9679,#9680,#9681,#9682,#9683,
#9684,#9685,#9686,#9687,#9688,#9689,#9690,#9691,#9692,#9693,#9694,#9695,
#9696,#9697,#9698,#9699,#9700,#9701,#9702));
#10087=CLOSED_SHELL('',(#9703,#9704,#9705,#9706,#9707,#9708,#9709,#9710,
#9711,#9712,#9713,#9714,#9715,#9716,#9717,#9718,#9719,#9720,#9721,#9722,
#9723,#9724,#9725,#9726,#9727,#9728,#9729,#9730,#9731,#9732,#9733,#9734,
#9735,#9736,#9737,#9738,#9739,#9740,#9741,#9742,#9743,#9744,#9745,#9746,
#9747,#9748,#9749,#9750,#9751,#9752,#9753,#9754,#9755,#9756,#9757,#9758,
#9759,#9760,#9761,#9762,#9763,#9764,#9765,#9766,#9767,#9768,#9769,#9770,
#9771,#9772,#9773,#9774,#9775,#9776,#9777,#9778,#9779,#9780,#9781,#9782,
#9783));
#10088=CLOSED_SHELL('',(#9784,#9785,#9786,#9787,#9788,#9789,#9790,#9791,
#9792,#9793,#9794,#9795,#9796,#9797,#9798,#9799,#9800,#9801,#9802,#9803,
#9804,#9805,#9806,#9807,#9808,#9809,#9810,#9811,#9812,#9813,#9814,#9815,
#9816,#9817,#9818,#9819,#9820,#9821,#9822,#9823,#9824,#9825,#9826,#9827,
#9828,#9829,#9830,#9831,#9832,#9833,#9834,#9835,#9836,#9837,#9838,#9839,
#9840,#9841,#9842,#9843,#9844,#9845,#9846,#9847,#9848,#9849,#9850,#9851,
#9852,#9853,#9854,#9855,#9856,#9857,#9858,#9859,#9860,#9861,#9862,#9863,
#9864));
#10089=CLOSED_SHELL('',(#9865,#9866,#9867,#9868,#9869,#9870,#9871,#9872,
#9873,#9874,#9875,#9876,#9877,#9878,#9879,#9880,#9881,#9882,#9883,#9884,
#9885,#9886,#9887,#9888,#9889,#9890,#9891,#9892,#9893,#9894,#9895,#9896,
#9897,#9898,#9899,#9900,#9901,#9902,#9903,#9904,#9905,#9906,#9907,#9908,
#9909,#9910,#9911,#9912,#9913,#9914,#9915,#9916,#9917,#9918,#9919,#9920,
#9921,#9922,#9923,#9924,#9925,#9926,#9927,#9928,#9929,#9930,#9931,#9932,
#9933,#9934,#9935,#9936,#9937,#9938,#9939,#9940,#9941,#9942,#9943,#9944,
#9945));
#10090=CLOSED_SHELL('',(#9946,#9947,#9948,#9949,#9950,#9951,#9952,#9953,
#9954,#9955,#9956,#9957,#9958,#9959,#9960,#9961,#9962,#9963,#9964,#9965,
#9966,#9967,#9968,#9969,#9970,#9971,#9972,#9973,#9974,#9975,#9976,#9977,
#9978,#9979,#9980,#9981,#9982,#9983,#9984,#9985,#9986,#9987,#9988,#9989,
#9990,#9991,#9992,#9993,#9994,#9995,#9996,#9997,#9998,#9999,#10000,#10001,
#10002,#10003,#10004,#10005,#10006,#10007,#10008,#10009,#10010,#10011,#10012,
#10013,#10014,#10015,#10016,#10017,#10018,#10019,#10020,#10021,#10022,#10023,
#10024,#10025,#10026));
#10091=CLOSED_SHELL('',(#10027,#10028,#10029,#10030,#10031,#10032,#10033,
#10034,#10035,#10036,#10037,#10038,#10039,#10040,#10041,#10042,#10043,#10044,
#10045,#10046,#10047,#10048,#10049,#10050,#10051,#10052,#10053,#10054,#10055,
#10056,#10057,#10058,#10059,#10060,#10061,#10062,#10063,#10064,#10065,#10066,
#10067,#10068,#10069,#10070,#10071,#10072,#10073,#10074,#10075,#10076,#10077));
#10092=CLOSED_SHELL('',(#10078,#10079,#10080));
#10093=CLOSED_SHELL('',(#10081,#10082,#10083));
#10094=DERIVED_UNIT_ELEMENT(#10108,1.);
#10095=DERIVED_UNIT_ELEMENT(#16239,-3.);
#10096=DERIVED_UNIT_ELEMENT(#10108,1.);
#10097=DERIVED_UNIT_ELEMENT(#16239,-3.);
#10098=DERIVED_UNIT_ELEMENT(#10108,1.);
#10099=DERIVED_UNIT_ELEMENT(#16239,-3.);
#10100=DERIVED_UNIT_ELEMENT(#10108,1.);
#10101=DERIVED_UNIT_ELEMENT(#16239,-3.);
#10102=DERIVED_UNIT_ELEMENT(#10108,1.);
#10103=DERIVED_UNIT_ELEMENT(#16239,-3.);
#10104=DERIVED_UNIT_ELEMENT(#10108,1.);
#10105=DERIVED_UNIT_ELEMENT(#16239,-3.);
#10106=DERIVED_UNIT_ELEMENT(#10108,1.);
#10107=DERIVED_UNIT_ELEMENT(#16239,-3.);
#10108=(
MASS_UNIT()
NAMED_UNIT(*)
SI_UNIT(.KILO.,.GRAM.)
);
#10109=DERIVED_UNIT((#10094,#10095));
#10110=DERIVED_UNIT((#10096,#10097));
#10111=DERIVED_UNIT((#10098,#10099));
#10112=DERIVED_UNIT((#10100,#10101));
#10113=DERIVED_UNIT((#10102,#10103));
#10114=DERIVED_UNIT((#10104,#10105));
#10115=DERIVED_UNIT((#10106,#10107));
#10116=MEASURE_REPRESENTATION_ITEM('density measure',
POSITIVE_RATIO_MEASURE(7850.),#10109);
#10117=MEASURE_REPRESENTATION_ITEM('density measure',
POSITIVE_RATIO_MEASURE(2700.),#10110);
#10118=MEASURE_REPRESENTATION_ITEM('density measure',
POSITIVE_RATIO_MEASURE(2700.),#10111);
#10119=MEASURE_REPRESENTATION_ITEM('density measure',
POSITIVE_RATIO_MEASURE(7850.),#10112);
#10120=MEASURE_REPRESENTATION_ITEM('density measure',
POSITIVE_RATIO_MEASURE(2700.),#10113);
#10121=MEASURE_REPRESENTATION_ITEM('density measure',
POSITIVE_RATIO_MEASURE(2700.),#10114);
#10122=MEASURE_REPRESENTATION_ITEM('density measure',
POSITIVE_RATIO_MEASURE(2700.),#10115);
#10123=PROPERTY_DEFINITION_REPRESENTATION(#10158,#10137);
#10124=PROPERTY_DEFINITION_REPRESENTATION(#10159,#10138);
#10125=PROPERTY_DEFINITION_REPRESENTATION(#10160,#10139);
#10126=PROPERTY_DEFINITION_REPRESENTATION(#10161,#10140);
#10127=PROPERTY_DEFINITION_REPRESENTATION(#10162,#10141);
#10128=PROPERTY_DEFINITION_REPRESENTATION(#10163,#10142);
#10129=PROPERTY_DEFINITION_REPRESENTATION(#10164,#10143);
#10130=PROPERTY_DEFINITION_REPRESENTATION(#10165,#10144);
#10131=PROPERTY_DEFINITION_REPRESENTATION(#10166,#10145);
#10132=PROPERTY_DEFINITION_REPRESENTATION(#10167,#10146);
#10133=PROPERTY_DEFINITION_REPRESENTATION(#10168,#10147);
#10134=PROPERTY_DEFINITION_REPRESENTATION(#10169,#10148);
#10135=PROPERTY_DEFINITION_REPRESENTATION(#10170,#10149);
#10136=PROPERTY_DEFINITION_REPRESENTATION(#10171,#10150);
#10137=REPRESENTATION('material name',(#10151),#16227);
#10138=REPRESENTATION('density',(#10116),#16227);
#10139=REPRESENTATION('material name',(#10152),#16228);
#10140=REPRESENTATION('density',(#10117),#16228);
#10141=REPRESENTATION('material name',(#10153),#16229);
#10142=REPRESENTATION('density',(#10118),#16229);
#10143=REPRESENTATION('material name',(#10154),#16233);
#10144=REPRESENTATION('density',(#10119),#16233);
#10145=REPRESENTATION('material name',(#10155),#16234);
#10146=REPRESENTATION('density',(#10120),#16234);
#10147=REPRESENTATION('material name',(#10156),#16235);
#10148=REPRESENTATION('density',(#10121),#16235);
#10149=REPRESENTATION('material name',(#10157),#16236);
#10150=REPRESENTATION('density',(#10122),#16236);
#10151=DESCRIPTIVE_REPRESENTATION_ITEM('Steel','Steel');
#10152=DESCRIPTIVE_REPRESENTATION_ITEM('Aluminum 6061(1)',
'Aluminum 6061(1)');
#10153=DESCRIPTIVE_REPRESENTATION_ITEM('Aluminum 6061(1)',
'Aluminum 6061(1)');
#10154=DESCRIPTIVE_REPRESENTATION_ITEM('Steel','Steel');
#10155=DESCRIPTIVE_REPRESENTATION_ITEM('Aluminum 6061(1)',
'Aluminum 6061(1)');
#10156=DESCRIPTIVE_REPRESENTATION_ITEM('Aluminum 6061(1)',
'Aluminum 6061(1)');
#10157=DESCRIPTIVE_REPRESENTATION_ITEM('Aluminum 6061(1)',
'Aluminum 6061(1)');
#10158=PROPERTY_DEFINITION('material property','material name',#16307);
#10159=PROPERTY_DEFINITION('material property','density of part',#16307);
#10160=PROPERTY_DEFINITION('material property','material name',#16308);
#10161=PROPERTY_DEFINITION('material property','density of part',#16308);
#10162=PROPERTY_DEFINITION('material property','material name',#16309);
#10163=PROPERTY_DEFINITION('material property','density of part',#16309);
#10164=PROPERTY_DEFINITION('material property','material name',#16313);
#10165=PROPERTY_DEFINITION('material property','density of part',#16313);
#10166=PROPERTY_DEFINITION('material property','material name',#16314);
#10167=PROPERTY_DEFINITION('material property','density of part',#16314);
#10168=PROPERTY_DEFINITION('material property','material name',#16315);
#10169=PROPERTY_DEFINITION('material property','density of part',#16315);
#10170=PROPERTY_DEFINITION('material property','material name',#16316);
#10171=PROPERTY_DEFINITION('material property','density of part',#16316);
#10172=AXIS2_PLACEMENT_3D('',#13340,#10789,#10790);
#10173=AXIS2_PLACEMENT_3D('',#13341,#10791,#10792);
#10174=AXIS2_PLACEMENT_3D('',#13342,#10793,#10794);
#10175=AXIS2_PLACEMENT_3D('',#13343,#10795,#10796);
#10176=AXIS2_PLACEMENT_3D('',#13352,#10801,#10802);
#10177=AXIS2_PLACEMENT_3D('',#13358,#10806,#10807);
#10178=AXIS2_PLACEMENT_3D('',#13364,#10811,#10812);
#10179=AXIS2_PLACEMENT_3D('',#13367,#10815,#10816);
#10180=AXIS2_PLACEMENT_3D('',#13368,#10817,#10818);
#10181=AXIS2_PLACEMENT_3D('',#13369,#10819,#10820);
#10182=AXIS2_PLACEMENT_3D('',#13370,#10821,#10822);
#10183=AXIS2_PLACEMENT_3D('',#13372,#10823,#10824);
#10184=AXIS2_PLACEMENT_3D('',#13375,#10826,#10827);
#10185=AXIS2_PLACEMENT_3D('',#13376,#10828,#10829);
#10186=AXIS2_PLACEMENT_3D('',#13385,#10834,#10835);
#10187=AXIS2_PLACEMENT_3D('',#13387,#10836,#10837);
#10188=AXIS2_PLACEMENT_3D('',#13389,#10838,#10839);
#10189=AXIS2_PLACEMENT_3D('',#13391,#10841,#10842);
#10190=AXIS2_PLACEMENT_3D('',#13397,#10846,#10847);
#10191=AXIS2_PLACEMENT_3D('',#13403,#10851,#10852);
#10192=AXIS2_PLACEMENT_3D('',#13409,#10856,#10857);
#10193=AXIS2_PLACEMENT_3D('',#13411,#10858,#10859);
#10194=AXIS2_PLACEMENT_3D('',#13413,#10860,#10861);
#10195=AXIS2_PLACEMENT_3D('',#13415,#10863,#10864);
#10196=AXIS2_PLACEMENT_3D('',#13421,#10868,#10869);
#10197=AXIS2_PLACEMENT_3D('',#13427,#10873,#10874);
#10198=AXIS2_PLACEMENT_3D('',#13433,#10878,#10879);
#10199=AXIS2_PLACEMENT_3D('',#13435,#10880,#10881);
#10200=AXIS2_PLACEMENT_3D('',#13437,#10882,#10883);
#10201=AXIS2_PLACEMENT_3D('',#13439,#10885,#10886);
#10202=AXIS2_PLACEMENT_3D('',#13445,#10890,#10891);
#10203=AXIS2_PLACEMENT_3D('',#13451,#10895,#10896);
#10204=AXIS2_PLACEMENT_3D('',#13457,#10900,#10901);
#10205=AXIS2_PLACEMENT_3D('',#13459,#10902,#10903);
#10206=AXIS2_PLACEMENT_3D('',#13461,#10904,#10905);
#10207=AXIS2_PLACEMENT_3D('',#13463,#10907,#10908);
#10208=AXIS2_PLACEMENT_3D('',#13469,#10912,#10913);
#10209=AXIS2_PLACEMENT_3D('',#13475,#10917,#10918);
#10210=AXIS2_PLACEMENT_3D('',#13481,#10922,#10923);
#10211=AXIS2_PLACEMENT_3D('',#13483,#10924,#10925);
#10212=AXIS2_PLACEMENT_3D('',#13485,#10926,#10927);
#10213=AXIS2_PLACEMENT_3D('',#13487,#10929,#10930);
#10214=AXIS2_PLACEMENT_3D('',#13493,#10934,#10935);
#10215=AXIS2_PLACEMENT_3D('',#13499,#10939,#10940);
#10216=AXIS2_PLACEMENT_3D('',#13505,#10944,#10945);
#10217=AXIS2_PLACEMENT_3D('',#13507,#10946,#10947);
#10218=AXIS2_PLACEMENT_3D('',#13509,#10948,#10949);
#10219=AXIS2_PLACEMENT_3D('',#13511,#10951,#10952);
#10220=AXIS2_PLACEMENT_3D('',#13517,#10956,#10957);
#10221=AXIS2_PLACEMENT_3D('',#13523,#10961,#10962);
#10222=AXIS2_PLACEMENT_3D('',#13529,#10966,#10967);
#10223=AXIS2_PLACEMENT_3D('',#13531,#10968,#10969);
#10224=AXIS2_PLACEMENT_3D('',#13533,#10970,#10971);
#10225=AXIS2_PLACEMENT_3D('',#13535,#10973,#10974);
#10226=AXIS2_PLACEMENT_3D('',#13541,#10978,#10979);
#10227=AXIS2_PLACEMENT_3D('',#13547,#10983,#10984);
#10228=AXIS2_PLACEMENT_3D('',#13553,#10988,#10989);
#10229=AXIS2_PLACEMENT_3D('',#13555,#10990,#10991);
#10230=AXIS2_PLACEMENT_3D('',#13557,#10992,#10993);
#10231=AXIS2_PLACEMENT_3D('',#13559,#10995,#10996);
#10232=AXIS2_PLACEMENT_3D('',#13565,#11000,#11001);
#10233=AXIS2_PLACEMENT_3D('',#13571,#11005,#11006);
#10234=AXIS2_PLACEMENT_3D('',#13577,#11010,#11011);
#10235=AXIS2_PLACEMENT_3D('',#13579,#11012,#11013);
#10236=AXIS2_PLACEMENT_3D('',#13581,#11014,#11015);
#10237=AXIS2_PLACEMENT_3D('',#13583,#11017,#11018);
#10238=AXIS2_PLACEMENT_3D('',#13589,#11022,#11023);
#10239=AXIS2_PLACEMENT_3D('',#13595,#11027,#11028);
#10240=AXIS2_PLACEMENT_3D('',#13601,#11032,#11033);
#10241=AXIS2_PLACEMENT_3D('',#13603,#11034,#11035);
#10242=AXIS2_PLACEMENT_3D('',#13605,#11036,#11037);
#10243=AXIS2_PLACEMENT_3D('',#13607,#11039,#11040);
#10244=AXIS2_PLACEMENT_3D('',#13613,#11044,#11045);
#10245=AXIS2_PLACEMENT_3D('',#13619,#11049,#11050);
#10246=AXIS2_PLACEMENT_3D('',#13625,#11054,#11055);
#10247=AXIS2_PLACEMENT_3D('',#13627,#11056,#11057);
#10248=AXIS2_PLACEMENT_3D('',#13629,#11058,#11059);
#10249=AXIS2_PLACEMENT_3D('',#13631,#11061,#11062);
#10250=AXIS2_PLACEMENT_3D('',#13637,#11066,#11067);
#10251=AXIS2_PLACEMENT_3D('',#13643,#11071,#11072);
#10252=AXIS2_PLACEMENT_3D('',#13649,#11076,#11077);
#10253=AXIS2_PLACEMENT_3D('',#13651,#11078,#11079);
#10254=AXIS2_PLACEMENT_3D('',#13653,#11080,#11081);
#10255=AXIS2_PLACEMENT_3D('',#13655,#11083,#11084);
#10256=AXIS2_PLACEMENT_3D('',#13661,#11088,#11089);
#10257=AXIS2_PLACEMENT_3D('',#13664,#11092,#11093);
#10258=AXIS2_PLACEMENT_3D('',#13665,#11094,#11095);
#10259=AXIS2_PLACEMENT_3D('',#13666,#11096,#11097);
#10260=AXIS2_PLACEMENT_3D('',#13667,#11098,#11099);
#10261=AXIS2_PLACEMENT_3D('',#13669,#11100,#11101);
#10262=AXIS2_PLACEMENT_3D('',#13672,#11103,#11104);
#10263=AXIS2_PLACEMENT_3D('',#13673,#11105,#11106);
#10264=AXIS2_PLACEMENT_3D('',#13682,#11111,#11112);
#10265=AXIS2_PLACEMENT_3D('',#13684,#11113,#11114);
#10266=AXIS2_PLACEMENT_3D('',#13686,#11115,#11116);
#10267=AXIS2_PLACEMENT_3D('',#13688,#11118,#11119);
#10268=AXIS2_PLACEMENT_3D('',#13694,#11123,#11124);
#10269=AXIS2_PLACEMENT_3D('',#13700,#11128,#11129);
#10270=AXIS2_PLACEMENT_3D('',#13706,#11133,#11134);
#10271=AXIS2_PLACEMENT_3D('',#13708,#11135,#11136);
#10272=AXIS2_PLACEMENT_3D('',#13710,#11137,#11138);
#10273=AXIS2_PLACEMENT_3D('',#13712,#11140,#11141);
#10274=AXIS2_PLACEMENT_3D('',#13718,#11145,#11146);
#10275=AXIS2_PLACEMENT_3D('',#13724,#11150,#11151);
#10276=AXIS2_PLACEMENT_3D('',#13730,#11155,#11156);
#10277=AXIS2_PLACEMENT_3D('',#13732,#11157,#11158);
#10278=AXIS2_PLACEMENT_3D('',#13734,#11159,#11160);
#10279=AXIS2_PLACEMENT_3D('',#13736,#11162,#11163);
#10280=AXIS2_PLACEMENT_3D('',#13742,#11167,#11168);
#10281=AXIS2_PLACEMENT_3D('',#13748,#11172,#11173);
#10282=AXIS2_PLACEMENT_3D('',#13754,#11177,#11178);
#10283=AXIS2_PLACEMENT_3D('',#13756,#11179,#11180);
#10284=AXIS2_PLACEMENT_3D('',#13758,#11181,#11182);
#10285=AXIS2_PLACEMENT_3D('',#13760,#11184,#11185);
#10286=AXIS2_PLACEMENT_3D('',#13766,#11189,#11190);
#10287=AXIS2_PLACEMENT_3D('',#13772,#11194,#11195);
#10288=AXIS2_PLACEMENT_3D('',#13778,#11199,#11200);
#10289=AXIS2_PLACEMENT_3D('',#13780,#11201,#11202);
#10290=AXIS2_PLACEMENT_3D('',#13782,#11203,#11204);
#10291=AXIS2_PLACEMENT_3D('',#13784,#11206,#11207);
#10292=AXIS2_PLACEMENT_3D('',#13790,#11211,#11212);
#10293=AXIS2_PLACEMENT_3D('',#13796,#11216,#11217);
#10294=AXIS2_PLACEMENT_3D('',#13802,#11221,#11222);
#10295=AXIS2_PLACEMENT_3D('',#13804,#11223,#11224);
#10296=AXIS2_PLACEMENT_3D('',#13806,#11225,#11226);
#10297=AXIS2_PLACEMENT_3D('',#13808,#11228,#11229);
#10298=AXIS2_PLACEMENT_3D('',#13814,#11233,#11234);
#10299=AXIS2_PLACEMENT_3D('',#13820,#11238,#11239);
#10300=AXIS2_PLACEMENT_3D('',#13826,#11243,#11244);
#10301=AXIS2_PLACEMENT_3D('',#13828,#11245,#11246);
#10302=AXIS2_PLACEMENT_3D('',#13830,#11247,#11248);
#10303=AXIS2_PLACEMENT_3D('',#13832,#11250,#11251);
#10304=AXIS2_PLACEMENT_3D('',#13838,#11255,#11256);
#10305=AXIS2_PLACEMENT_3D('',#13844,#11260,#11261);
#10306=AXIS2_PLACEMENT_3D('',#13850,#11265,#11266);
#10307=AXIS2_PLACEMENT_3D('',#13852,#11267,#11268);
#10308=AXIS2_PLACEMENT_3D('',#13854,#11269,#11270);
#10309=AXIS2_PLACEMENT_3D('',#13856,#11272,#11273);
#10310=AXIS2_PLACEMENT_3D('',#13862,#11277,#11278);
#10311=AXIS2_PLACEMENT_3D('',#13868,#11282,#11283);
#10312=AXIS2_PLACEMENT_3D('',#13874,#11287,#11288);
#10313=AXIS2_PLACEMENT_3D('',#13876,#11289,#11290);
#10314=AXIS2_PLACEMENT_3D('',#13878,#11291,#11292);
#10315=AXIS2_PLACEMENT_3D('',#13880,#11294,#11295);
#10316=AXIS2_PLACEMENT_3D('',#13886,#11299,#11300);
#10317=AXIS2_PLACEMENT_3D('',#13892,#11304,#11305);
#10318=AXIS2_PLACEMENT_3D('',#13898,#11309,#11310);
#10319=AXIS2_PLACEMENT_3D('',#13900,#11311,#11312);
#10320=AXIS2_PLACEMENT_3D('',#13902,#11313,#11314);
#10321=AXIS2_PLACEMENT_3D('',#13904,#11316,#11317);
#10322=AXIS2_PLACEMENT_3D('',#13910,#11321,#11322);
#10323=AXIS2_PLACEMENT_3D('',#13916,#11326,#11327);
#10324=AXIS2_PLACEMENT_3D('',#13922,#11331,#11332);
#10325=AXIS2_PLACEMENT_3D('',#13924,#11333,#11334);
#10326=AXIS2_PLACEMENT_3D('',#13926,#11335,#11336);
#10327=AXIS2_PLACEMENT_3D('',#13928,#11338,#11339);
#10328=AXIS2_PLACEMENT_3D('',#13934,#11343,#11344);
#10329=AXIS2_PLACEMENT_3D('',#13940,#11348,#11349);
#10330=AXIS2_PLACEMENT_3D('',#13946,#11353,#11354);
#10331=AXIS2_PLACEMENT_3D('',#13948,#11355,#11356);
#10332=AXIS2_PLACEMENT_3D('',#13950,#11357,#11358);
#10333=AXIS2_PLACEMENT_3D('',#13952,#11360,#11361);
#10334=AXIS2_PLACEMENT_3D('',#13958,#11365,#11366);
#10335=AXIS2_PLACEMENT_3D('',#13961,#11369,#11370);
#10336=AXIS2_PLACEMENT_3D('',#13962,#11371,#11372);
#10337=AXIS2_PLACEMENT_3D('',#13963,#11373,#11374);
#10338=AXIS2_PLACEMENT_3D('',#13964,#11375,#11376);
#10339=AXIS2_PLACEMENT_3D('',#13973,#11381,#11382);
#10340=AXIS2_PLACEMENT_3D('',#13979,#11386,#11387);
#10341=AXIS2_PLACEMENT_3D('',#13985,#11391,#11392);
#10342=AXIS2_PLACEMENT_3D('',#13988,#11395,#11396);
#10343=AXIS2_PLACEMENT_3D('',#13990,#11397,#11398);
#10344=AXIS2_PLACEMENT_3D('',#13993,#11400,#11401);
#10345=AXIS2_PLACEMENT_3D('',#13994,#11402,#11403);
#10346=AXIS2_PLACEMENT_3D('',#14003,#11408,#11409);
#10347=AXIS2_PLACEMENT_3D('',#14009,#11413,#11414);
#10348=AXIS2_PLACEMENT_3D('',#14015,#11418,#11419);
#10349=AXIS2_PLACEMENT_3D('',#14018,#11422,#11423);
#10350=AXIS2_PLACEMENT_3D('',#14027,#11428,#11429);
#10351=AXIS2_PLACEMENT_3D('',#14033,#11433,#11434);
#10352=AXIS2_PLACEMENT_3D('',#14039,#11438,#11439);
#10353=AXIS2_PLACEMENT_3D('',#14042,#11442,#11443);
#10354=AXIS2_PLACEMENT_3D('',#14051,#11448,#11449);
#10355=AXIS2_PLACEMENT_3D('',#14057,#11453,#11454);
#10356=AXIS2_PLACEMENT_3D('',#14063,#11458,#11459);
#10357=AXIS2_PLACEMENT_3D('',#14066,#11462,#11463);
#10358=AXIS2_PLACEMENT_3D('',#14075,#11468,#11469);
#10359=AXIS2_PLACEMENT_3D('',#14081,#11473,#11474);
#10360=AXIS2_PLACEMENT_3D('',#14087,#11478,#11479);
#10361=AXIS2_PLACEMENT_3D('',#14093,#11483,#11484);
#10362=AXIS2_PLACEMENT_3D('',#14099,#11488,#11489);
#10363=AXIS2_PLACEMENT_3D('',#14105,#11493,#11494);
#10364=AXIS2_PLACEMENT_3D('',#14111,#11498,#11499);
#10365=AXIS2_PLACEMENT_3D('',#14117,#11503,#11504);
#10366=AXIS2_PLACEMENT_3D('',#14123,#11508,#11509);
#10367=AXIS2_PLACEMENT_3D('',#14129,#11513,#11514);
#10368=AXIS2_PLACEMENT_3D('',#14135,#11518,#11519);
#10369=AXIS2_PLACEMENT_3D('',#14141,#11523,#11524);
#10370=AXIS2_PLACEMENT_3D('',#14147,#11528,#11529);
#10371=AXIS2_PLACEMENT_3D('',#14153,#11533,#11534);
#10372=AXIS2_PLACEMENT_3D('',#14159,#11538,#11539);
#10373=AXIS2_PLACEMENT_3D('',#14165,#11543,#11544);
#10374=AXIS2_PLACEMENT_3D('',#14171,#11548,#11549);
#10375=AXIS2_PLACEMENT_3D('',#14177,#11553,#11554);
#10376=AXIS2_PLACEMENT_3D('',#14183,#11558,#11559);
#10377=AXIS2_PLACEMENT_3D('',#14189,#11563,#11564);
#10378=AXIS2_PLACEMENT_3D('',#14195,#11568,#11569);
#10379=AXIS2_PLACEMENT_3D('',#14201,#11573,#11574);
#10380=AXIS2_PLACEMENT_3D('',#14207,#11578,#11579);
#10381=AXIS2_PLACEMENT_3D('',#14213,#11583,#11584);
#10382=AXIS2_PLACEMENT_3D('',#14219,#11588,#11589);
#10383=AXIS2_PLACEMENT_3D('',#14225,#11593,#11594);
#10384=AXIS2_PLACEMENT_3D('',#14231,#11598,#11599);
#10385=AXIS2_PLACEMENT_3D('',#14237,#11603,#11604);
#10386=AXIS2_PLACEMENT_3D('',#14243,#11608,#11609);
#10387=AXIS2_PLACEMENT_3D('',#14249,#11613,#11614);
#10388=AXIS2_PLACEMENT_3D('',#14255,#11618,#11619);
#10389=AXIS2_PLACEMENT_3D('',#14261,#11623,#11624);
#10390=AXIS2_PLACEMENT_3D('',#14267,#11628,#11629);
#10391=AXIS2_PLACEMENT_3D('',#14273,#11633,#11634);
#10392=AXIS2_PLACEMENT_3D('',#14279,#11638,#11639);
#10393=AXIS2_PLACEMENT_3D('',#14285,#11643,#11644);
#10394=AXIS2_PLACEMENT_3D('',#14291,#11648,#11649);
#10395=AXIS2_PLACEMENT_3D('',#14297,#11653,#11654);
#10396=AXIS2_PLACEMENT_3D('',#14303,#11658,#11659);
#10397=AXIS2_PLACEMENT_3D('',#14309,#11663,#11664);
#10398=AXIS2_PLACEMENT_3D('',#14315,#11668,#11669);
#10399=AXIS2_PLACEMENT_3D('',#14321,#11673,#11674);
#10400=AXIS2_PLACEMENT_3D('',#14327,#11678,#11679);
#10401=AXIS2_PLACEMENT_3D('',#14333,#11683,#11684);
#10402=AXIS2_PLACEMENT_3D('',#14339,#11688,#11689);
#10403=AXIS2_PLACEMENT_3D('',#14345,#11693,#11694);
#10404=AXIS2_PLACEMENT_3D('',#14351,#11698,#11699);
#10405=AXIS2_PLACEMENT_3D('',#14357,#11703,#11704);
#10406=AXIS2_PLACEMENT_3D('',#14363,#11708,#11709);
#10407=AXIS2_PLACEMENT_3D('',#14369,#11713,#11714);
#10408=AXIS2_PLACEMENT_3D('',#14375,#11718,#11719);
#10409=AXIS2_PLACEMENT_3D('',#14381,#11723,#11724);
#10410=AXIS2_PLACEMENT_3D('',#14387,#11728,#11729);
#10411=AXIS2_PLACEMENT_3D('',#14393,#11733,#11734);
#10412=AXIS2_PLACEMENT_3D('',#14399,#11738,#11739);
#10413=AXIS2_PLACEMENT_3D('',#14405,#11743,#11744);
#10414=AXIS2_PLACEMENT_3D('',#14411,#11748,#11749);
#10415=AXIS2_PLACEMENT_3D('',#14417,#11753,#11754);
#10416=AXIS2_PLACEMENT_3D('',#14423,#11758,#11759);
#10417=AXIS2_PLACEMENT_3D('',#14429,#11763,#11764);
#10418=AXIS2_PLACEMENT_3D('',#14435,#11768,#11769);
#10419=AXIS2_PLACEMENT_3D('',#14438,#11772,#11773);
#10420=AXIS2_PLACEMENT_3D('',#14439,#11774,#11775);
#10421=AXIS2_PLACEMENT_3D('',#14440,#11776,#11777);
#10422=AXIS2_PLACEMENT_3D('',#14441,#11778,#11779);
#10423=AXIS2_PLACEMENT_3D('',#14442,#11780,#11781);
#10424=AXIS2_PLACEMENT_3D('',#14443,#11782,#11783);
#10425=AXIS2_PLACEMENT_3D('',#14452,#11788,#11789);
#10426=AXIS2_PLACEMENT_3D('',#14458,#11793,#11794);
#10427=AXIS2_PLACEMENT_3D('',#14464,#11798,#11799);
#10428=AXIS2_PLACEMENT_3D('',#14467,#11802,#11803);
#10429=AXIS2_PLACEMENT_3D('',#14469,#11804,#11805);
#10430=AXIS2_PLACEMENT_3D('',#14472,#11807,#11808);
#10431=AXIS2_PLACEMENT_3D('',#14473,#11809,#11810);
#10432=AXIS2_PLACEMENT_3D('',#14482,#11815,#11816);
#10433=AXIS2_PLACEMENT_3D('',#14488,#11820,#11821);
#10434=AXIS2_PLACEMENT_3D('',#14494,#11825,#11826);
#10435=AXIS2_PLACEMENT_3D('',#14497,#11829,#11830);
#10436=AXIS2_PLACEMENT_3D('',#14506,#11835,#11836);
#10437=AXIS2_PLACEMENT_3D('',#14512,#11840,#11841);
#10438=AXIS2_PLACEMENT_3D('',#14518,#11845,#11846);
#10439=AXIS2_PLACEMENT_3D('',#14521,#11849,#11850);
#10440=AXIS2_PLACEMENT_3D('',#14530,#11855,#11856);
#10441=AXIS2_PLACEMENT_3D('',#14536,#11860,#11861);
#10442=AXIS2_PLACEMENT_3D('',#14542,#11865,#11866);
#10443=AXIS2_PLACEMENT_3D('',#14545,#11869,#11870);
#10444=AXIS2_PLACEMENT_3D('',#14554,#11875,#11876);
#10445=AXIS2_PLACEMENT_3D('',#14560,#11880,#11881);
#10446=AXIS2_PLACEMENT_3D('',#14566,#11885,#11886);
#10447=AXIS2_PLACEMENT_3D('',#14572,#11890,#11891);
#10448=AXIS2_PLACEMENT_3D('',#14578,#11895,#11896);
#10449=AXIS2_PLACEMENT_3D('',#14584,#11900,#11901);
#10450=AXIS2_PLACEMENT_3D('',#14590,#11905,#11906);
#10451=AXIS2_PLACEMENT_3D('',#14596,#11910,#11911);
#10452=AXIS2_PLACEMENT_3D('',#14602,#11915,#11916);
#10453=AXIS2_PLACEMENT_3D('',#14608,#11920,#11921);
#10454=AXIS2_PLACEMENT_3D('',#14614,#11925,#11926);
#10455=AXIS2_PLACEMENT_3D('',#14620,#11930,#11931);
#10456=AXIS2_PLACEMENT_3D('',#14626,#11935,#11936);
#10457=AXIS2_PLACEMENT_3D('',#14632,#11940,#11941);
#10458=AXIS2_PLACEMENT_3D('',#14638,#11945,#11946);
#10459=AXIS2_PLACEMENT_3D('',#14644,#11950,#11951);
#10460=AXIS2_PLACEMENT_3D('',#14650,#11955,#11956);
#10461=AXIS2_PLACEMENT_3D('',#14656,#11960,#11961);
#10462=AXIS2_PLACEMENT_3D('',#14662,#11965,#11966);
#10463=AXIS2_PLACEMENT_3D('',#14668,#11970,#11971);
#10464=AXIS2_PLACEMENT_3D('',#14674,#11975,#11976);
#10465=AXIS2_PLACEMENT_3D('',#14680,#11980,#11981);
#10466=AXIS2_PLACEMENT_3D('',#14686,#11985,#11986);
#10467=AXIS2_PLACEMENT_3D('',#14692,#11990,#11991);
#10468=AXIS2_PLACEMENT_3D('',#14698,#11995,#11996);
#10469=AXIS2_PLACEMENT_3D('',#14704,#12000,#12001);
#10470=AXIS2_PLACEMENT_3D('',#14710,#12005,#12006);
#10471=AXIS2_PLACEMENT_3D('',#14716,#12010,#12011);
#10472=AXIS2_PLACEMENT_3D('',#14722,#12015,#12016);
#10473=AXIS2_PLACEMENT_3D('',#14728,#12020,#12021);
#10474=AXIS2_PLACEMENT_3D('',#14734,#12025,#12026);
#10475=AXIS2_PLACEMENT_3D('',#14740,#12030,#12031);
#10476=AXIS2_PLACEMENT_3D('',#14746,#12035,#12036);
#10477=AXIS2_PLACEMENT_3D('',#14752,#12040,#12041);
#10478=AXIS2_PLACEMENT_3D('',#14758,#12045,#12046);
#10479=AXIS2_PLACEMENT_3D('',#14764,#12050,#12051);
#10480=AXIS2_PLACEMENT_3D('',#14770,#12055,#12056);
#10481=AXIS2_PLACEMENT_3D('',#14776,#12060,#12061);
#10482=AXIS2_PLACEMENT_3D('',#14782,#12065,#12066);
#10483=AXIS2_PLACEMENT_3D('',#14788,#12070,#12071);
#10484=AXIS2_PLACEMENT_3D('',#14794,#12075,#12076);
#10485=AXIS2_PLACEMENT_3D('',#14800,#12080,#12081);
#10486=AXIS2_PLACEMENT_3D('',#14806,#12085,#12086);
#10487=AXIS2_PLACEMENT_3D('',#14812,#12090,#12091);
#10488=AXIS2_PLACEMENT_3D('',#14818,#12095,#12096);
#10489=AXIS2_PLACEMENT_3D('',#14824,#12100,#12101);
#10490=AXIS2_PLACEMENT_3D('',#14830,#12105,#12106);
#10491=AXIS2_PLACEMENT_3D('',#14836,#12110,#12111);
#10492=AXIS2_PLACEMENT_3D('',#14842,#12115,#12116);
#10493=AXIS2_PLACEMENT_3D('',#14848,#12120,#12121);
#10494=AXIS2_PLACEMENT_3D('',#14854,#12125,#12126);
#10495=AXIS2_PLACEMENT_3D('',#14860,#12130,#12131);
#10496=AXIS2_PLACEMENT_3D('',#14866,#12135,#12136);
#10497=AXIS2_PLACEMENT_3D('',#14872,#12140,#12141);
#10498=AXIS2_PLACEMENT_3D('',#14878,#12145,#12146);
#10499=AXIS2_PLACEMENT_3D('',#14884,#12150,#12151);
#10500=AXIS2_PLACEMENT_3D('',#14890,#12155,#12156);
#10501=AXIS2_PLACEMENT_3D('',#14896,#12160,#12161);
#10502=AXIS2_PLACEMENT_3D('',#14902,#12165,#12166);
#10503=AXIS2_PLACEMENT_3D('',#14908,#12170,#12171);
#10504=AXIS2_PLACEMENT_3D('',#14914,#12175,#12176);
#10505=AXIS2_PLACEMENT_3D('',#14917,#12179,#12180);
#10506=AXIS2_PLACEMENT_3D('',#14918,#12181,#12182);
#10507=AXIS2_PLACEMENT_3D('',#14919,#12183,#12184);
#10508=AXIS2_PLACEMENT_3D('',#14920,#12185,#12186);
#10509=AXIS2_PLACEMENT_3D('',#14921,#12187,#12188);
#10510=AXIS2_PLACEMENT_3D('',#14922,#12189,#12190);
#10511=AXIS2_PLACEMENT_3D('',#14931,#12195,#12196);
#10512=AXIS2_PLACEMENT_3D('',#14937,#12200,#12201);
#10513=AXIS2_PLACEMENT_3D('',#14943,#12205,#12206);
#10514=AXIS2_PLACEMENT_3D('',#14946,#12209,#12210);
#10515=AXIS2_PLACEMENT_3D('',#14955,#12215,#12216);
#10516=AXIS2_PLACEMENT_3D('',#14961,#12220,#12221);
#10517=AXIS2_PLACEMENT_3D('',#14967,#12225,#12226);
#10518=AXIS2_PLACEMENT_3D('',#14970,#12229,#12230);
#10519=AXIS2_PLACEMENT_3D('',#14979,#12235,#12236);
#10520=AXIS2_PLACEMENT_3D('',#14985,#12240,#12241);
#10521=AXIS2_PLACEMENT_3D('',#14991,#12245,#12246);
#10522=AXIS2_PLACEMENT_3D('',#14994,#12249,#12250);
#10523=AXIS2_PLACEMENT_3D('',#15003,#12255,#12256);
#10524=AXIS2_PLACEMENT_3D('',#15009,#12260,#12261);
#10525=AXIS2_PLACEMENT_3D('',#15015,#12265,#12266);
#10526=AXIS2_PLACEMENT_3D('',#15018,#12269,#12270);
#10527=AXIS2_PLACEMENT_3D('',#15020,#12271,#12272);
#10528=AXIS2_PLACEMENT_3D('',#15023,#12274,#12275);
#10529=AXIS2_PLACEMENT_3D('',#15024,#12276,#12277);
#10530=AXIS2_PLACEMENT_3D('',#15033,#12282,#12283);
#10531=AXIS2_PLACEMENT_3D('',#15039,#12287,#12288);
#10532=AXIS2_PLACEMENT_3D('',#15045,#12292,#12293);
#10533=AXIS2_PLACEMENT_3D('',#15051,#12297,#12298);
#10534=AXIS2_PLACEMENT_3D('',#15057,#12302,#12303);
#10535=AXIS2_PLACEMENT_3D('',#15063,#12307,#12308);
#10536=AXIS2_PLACEMENT_3D('',#15069,#12312,#12313);
#10537=AXIS2_PLACEMENT_3D('',#15075,#12317,#12318);
#10538=AXIS2_PLACEMENT_3D('',#15081,#12322,#12323);
#10539=AXIS2_PLACEMENT_3D('',#15087,#12327,#12328);
#10540=AXIS2_PLACEMENT_3D('',#15093,#12332,#12333);
#10541=AXIS2_PLACEMENT_3D('',#15099,#12337,#12338);
#10542=AXIS2_PLACEMENT_3D('',#15105,#12342,#12343);
#10543=AXIS2_PLACEMENT_3D('',#15111,#12347,#12348);
#10544=AXIS2_PLACEMENT_3D('',#15117,#12352,#12353);
#10545=AXIS2_PLACEMENT_3D('',#15123,#12357,#12358);
#10546=AXIS2_PLACEMENT_3D('',#15129,#12362,#12363);
#10547=AXIS2_PLACEMENT_3D('',#15135,#12367,#12368);
#10548=AXIS2_PLACEMENT_3D('',#15141,#12372,#12373);
#10549=AXIS2_PLACEMENT_3D('',#15147,#12377,#12378);
#10550=AXIS2_PLACEMENT_3D('',#15153,#12382,#12383);
#10551=AXIS2_PLACEMENT_3D('',#15159,#12387,#12388);
#10552=AXIS2_PLACEMENT_3D('',#15165,#12392,#12393);
#10553=AXIS2_PLACEMENT_3D('',#15171,#12397,#12398);
#10554=AXIS2_PLACEMENT_3D('',#15177,#12402,#12403);
#10555=AXIS2_PLACEMENT_3D('',#15183,#12407,#12408);
#10556=AXIS2_PLACEMENT_3D('',#15189,#12412,#12413);
#10557=AXIS2_PLACEMENT_3D('',#15195,#12417,#12418);
#10558=AXIS2_PLACEMENT_3D('',#15201,#12422,#12423);
#10559=AXIS2_PLACEMENT_3D('',#15207,#12427,#12428);
#10560=AXIS2_PLACEMENT_3D('',#15213,#12432,#12433);
#10561=AXIS2_PLACEMENT_3D('',#15219,#12437,#12438);
#10562=AXIS2_PLACEMENT_3D('',#15225,#12442,#12443);
#10563=AXIS2_PLACEMENT_3D('',#15231,#12447,#12448);
#10564=AXIS2_PLACEMENT_3D('',#15237,#12452,#12453);
#10565=AXIS2_PLACEMENT_3D('',#15243,#12457,#12458);
#10566=AXIS2_PLACEMENT_3D('',#15249,#12462,#12463);
#10567=AXIS2_PLACEMENT_3D('',#15255,#12467,#12468);
#10568=AXIS2_PLACEMENT_3D('',#15261,#12472,#12473);
#10569=AXIS2_PLACEMENT_3D('',#15267,#12477,#12478);
#10570=AXIS2_PLACEMENT_3D('',#15273,#12482,#12483);
#10571=AXIS2_PLACEMENT_3D('',#15279,#12487,#12488);
#10572=AXIS2_PLACEMENT_3D('',#15285,#12492,#12493);
#10573=AXIS2_PLACEMENT_3D('',#15291,#12497,#12498);
#10574=AXIS2_PLACEMENT_3D('',#15297,#12502,#12503);
#10575=AXIS2_PLACEMENT_3D('',#15303,#12507,#12508);
#10576=AXIS2_PLACEMENT_3D('',#15309,#12512,#12513);
#10577=AXIS2_PLACEMENT_3D('',#15315,#12517,#12518);
#10578=AXIS2_PLACEMENT_3D('',#15321,#12522,#12523);
#10579=AXIS2_PLACEMENT_3D('',#15327,#12527,#12528);
#10580=AXIS2_PLACEMENT_3D('',#15333,#12532,#12533);
#10581=AXIS2_PLACEMENT_3D('',#15339,#12537,#12538);
#10582=AXIS2_PLACEMENT_3D('',#15345,#12542,#12543);
#10583=AXIS2_PLACEMENT_3D('',#15351,#12547,#12548);
#10584=AXIS2_PLACEMENT_3D('',#15357,#12552,#12553);
#10585=AXIS2_PLACEMENT_3D('',#15363,#12557,#12558);
#10586=AXIS2_PLACEMENT_3D('',#15369,#12562,#12563);
#10587=AXIS2_PLACEMENT_3D('',#15375,#12567,#12568);
#10588=AXIS2_PLACEMENT_3D('',#15381,#12572,#12573);
#10589=AXIS2_PLACEMENT_3D('',#15387,#12577,#12578);
#10590=AXIS2_PLACEMENT_3D('',#15393,#12582,#12583);
#10591=AXIS2_PLACEMENT_3D('',#15396,#12586,#12587);
#10592=AXIS2_PLACEMENT_3D('',#15397,#12588,#12589);
#10593=AXIS2_PLACEMENT_3D('',#15398,#12590,#12591);
#10594=AXIS2_PLACEMENT_3D('',#15399,#12592,#12593);
#10595=AXIS2_PLACEMENT_3D('',#15525,#12656,#12657);
#10596=AXIS2_PLACEMENT_3D('',#15558,#12674,#12675);
#10597=AXIS2_PLACEMENT_3D('',#15564,#12679,#12680);
#10598=AXIS2_PLACEMENT_3D('',#15568,#12683,#12684);
#10599=AXIS2_PLACEMENT_3D('',#15574,#12688,#12689);
#10600=AXIS2_PLACEMENT_3D('',#15578,#12692,#12693);
#10601=AXIS2_PLACEMENT_3D('',#15584,#12697,#12698);
#10602=AXIS2_PLACEMENT_3D('',#15588,#12701,#12702);
#10603=AXIS2_PLACEMENT_3D('',#15594,#12706,#12707);
#10604=AXIS2_PLACEMENT_3D('',#15598,#12710,#12711);
#10605=AXIS2_PLACEMENT_3D('',#15604,#12715,#12716);
#10606=AXIS2_PLACEMENT_3D('',#15608,#12719,#12720);
#10607=AXIS2_PLACEMENT_3D('',#15612,#12723,#12724);
#10608=AXIS2_PLACEMENT_3D('',#15616,#12727,#12728);
#10609=AXIS2_PLACEMENT_3D('',#15620,#12731,#12732);
#10610=AXIS2_PLACEMENT_3D('',#15624,#12735,#12736);
#10611=AXIS2_PLACEMENT_3D('',#15628,#12739,#12740);
#10612=AXIS2_PLACEMENT_3D('',#15632,#12743,#12744);
#10613=AXIS2_PLACEMENT_3D('',#15636,#12747,#12748);
#10614=AXIS2_PLACEMENT_3D('',#15640,#12751,#12752);
#10615=AXIS2_PLACEMENT_3D('',#15644,#12755,#12756);
#10616=AXIS2_PLACEMENT_3D('',#15648,#12759,#12760);
#10617=AXIS2_PLACEMENT_3D('',#15652,#12763,#12764);
#10618=AXIS2_PLACEMENT_3D('',#15656,#12767,#12768);
#10619=AXIS2_PLACEMENT_3D('',#15660,#12771,#12772);
#10620=AXIS2_PLACEMENT_3D('',#15664,#12775,#12776);
#10621=AXIS2_PLACEMENT_3D('',#15668,#12779,#12780);
#10622=AXIS2_PLACEMENT_3D('',#15672,#12783,#12784);
#10623=AXIS2_PLACEMENT_3D('',#15676,#12787,#12788);
#10624=AXIS2_PLACEMENT_3D('',#15680,#12791,#12792);
#10625=AXIS2_PLACEMENT_3D('',#15684,#12795,#12796);
#10626=AXIS2_PLACEMENT_3D('',#15688,#12799,#12800);
#10627=AXIS2_PLACEMENT_3D('',#15692,#12803,#12804);
#10628=AXIS2_PLACEMENT_3D('',#15696,#12807,#12808);
#10629=AXIS2_PLACEMENT_3D('',#15700,#12811,#12812);
#10630=AXIS2_PLACEMENT_3D('',#15704,#12815,#12816);
#10631=AXIS2_PLACEMENT_3D('',#15708,#12819,#12820);
#10632=AXIS2_PLACEMENT_3D('',#15712,#12823,#12824);
#10633=AXIS2_PLACEMENT_3D('',#15716,#12827,#12828);
#10634=AXIS2_PLACEMENT_3D('',#15720,#12831,#12832);
#10635=AXIS2_PLACEMENT_3D('',#15724,#12835,#12836);
#10636=AXIS2_PLACEMENT_3D('',#15728,#12839,#12840);
#10637=AXIS2_PLACEMENT_3D('',#15801,#12879,#12880);
#10638=AXIS2_PLACEMENT_3D('',#15802,#12881,#12882);
#10639=AXIS2_PLACEMENT_3D('',#15804,#12884,#12885);
#10640=AXIS2_PLACEMENT_3D('',#15806,#12887,#12888);
#10641=AXIS2_PLACEMENT_3D('',#15808,#12890,#12891);
#10642=AXIS2_PLACEMENT_3D('',#15810,#12893,#12894);
#10643=AXIS2_PLACEMENT_3D('',#15813,#12897,#12898);
#10644=AXIS2_PLACEMENT_3D('',#15815,#12900,#12901);
#10645=AXIS2_PLACEMENT_3D('',#15817,#12903,#12904);
#10646=AXIS2_PLACEMENT_3D('',#15819,#12906,#12907);
#10647=AXIS2_PLACEMENT_3D('',#15821,#12909,#12910);
#10648=AXIS2_PLACEMENT_3D('',#15823,#12912,#12913);
#10649=AXIS2_PLACEMENT_3D('',#15825,#12915,#12916);
#10650=AXIS2_PLACEMENT_3D('',#15827,#12918,#12919);
#10651=AXIS2_PLACEMENT_3D('',#15829,#12921,#12922);
#10652=AXIS2_PLACEMENT_3D('',#15831,#12924,#12925);
#10653=AXIS2_PLACEMENT_3D('',#15833,#12927,#12928);
#10654=AXIS2_PLACEMENT_3D('',#15835,#12930,#12931);
#10655=AXIS2_PLACEMENT_3D('',#15838,#12934,#12935);
#10656=AXIS2_PLACEMENT_3D('',#15840,#12937,#12938);
#10657=AXIS2_PLACEMENT_3D('',#15842,#12940,#12941);
#10658=AXIS2_PLACEMENT_3D('',#15844,#12943,#12944);
#10659=AXIS2_PLACEMENT_3D('',#15846,#12946,#12947);
#10660=AXIS2_PLACEMENT_3D('',#15848,#12949,#12950);
#10661=AXIS2_PLACEMENT_3D('',#15850,#12952,#12953);
#10662=AXIS2_PLACEMENT_3D('',#15852,#12955,#12956);
#10663=AXIS2_PLACEMENT_3D('',#15854,#12958,#12959);
#10664=AXIS2_PLACEMENT_3D('',#15856,#12961,#12962);
#10665=AXIS2_PLACEMENT_3D('',#15858,#12964,#12965);
#10666=AXIS2_PLACEMENT_3D('',#15860,#12967,#12968);
#10667=AXIS2_PLACEMENT_3D('',#15862,#12970,#12971);
#10668=AXIS2_PLACEMENT_3D('',#15864,#12973,#12974);
#10669=AXIS2_PLACEMENT_3D('',#15865,#12975,#12976);
#10670=AXIS2_PLACEMENT_3D('',#15866,#12977,#12978);
#10671=AXIS2_PLACEMENT_3D('',#15867,#12979,#12980);
#10672=AXIS2_PLACEMENT_3D('',#15868,#12981,#12982);
#10673=AXIS2_PLACEMENT_3D('',#15869,#12983,#12984);
#10674=AXIS2_PLACEMENT_3D('',#15870,#12985,#12986);
#10675=AXIS2_PLACEMENT_3D('',#15872,#12988,#12989);
#10676=AXIS2_PLACEMENT_3D('',#15874,#12991,#12992);
#10677=AXIS2_PLACEMENT_3D('',#15875,#12993,#12994);
#10678=AXIS2_PLACEMENT_3D('',#15876,#12995,#12996);
#10679=AXIS2_PLACEMENT_3D('',#15878,#12997,#12998);
#10680=AXIS2_PLACEMENT_3D('',#15881,#13000,#13001);
#10681=AXIS2_PLACEMENT_3D('',#15882,#13002,#13003);
#10682=AXIS2_PLACEMENT_3D('',#15891,#13008,#13009);
#10683=AXIS2_PLACEMENT_3D('',#15893,#13010,#13011);
#10684=AXIS2_PLACEMENT_3D('',#15895,#13012,#13013);
#10685=AXIS2_PLACEMENT_3D('',#15897,#13015,#13016);
#10686=AXIS2_PLACEMENT_3D('',#15903,#13020,#13021);
#10687=AXIS2_PLACEMENT_3D('',#15909,#13025,#13026);
#10688=AXIS2_PLACEMENT_3D('',#15915,#13030,#13031);
#10689=AXIS2_PLACEMENT_3D('',#15917,#13032,#13033);
#10690=AXIS2_PLACEMENT_3D('',#15919,#13034,#13035);
#10691=AXIS2_PLACEMENT_3D('',#15921,#13037,#13038);
#10692=AXIS2_PLACEMENT_3D('',#15927,#13042,#13043);
#10693=AXIS2_PLACEMENT_3D('',#15933,#13047,#13048);
#10694=AXIS2_PLACEMENT_3D('',#15939,#13052,#13053);
#10695=AXIS2_PLACEMENT_3D('',#15941,#13054,#13055);
#10696=AXIS2_PLACEMENT_3D('',#15943,#13056,#13057);
#10697=AXIS2_PLACEMENT_3D('',#15945,#13059,#13060);
#10698=AXIS2_PLACEMENT_3D('',#15951,#13064,#13065);
#10699=AXIS2_PLACEMENT_3D('',#15957,#13069,#13070);
#10700=AXIS2_PLACEMENT_3D('',#15963,#13074,#13075);
#10701=AXIS2_PLACEMENT_3D('',#15965,#13076,#13077);
#10702=AXIS2_PLACEMENT_3D('',#15967,#13078,#13079);
#10703=AXIS2_PLACEMENT_3D('',#15969,#13081,#13082);
#10704=AXIS2_PLACEMENT_3D('',#15975,#13086,#13087);
#10705=AXIS2_PLACEMENT_3D('',#15981,#13091,#13092);
#10706=AXIS2_PLACEMENT_3D('',#15987,#13096,#13097);
#10707=AXIS2_PLACEMENT_3D('',#15989,#13098,#13099);
#10708=AXIS2_PLACEMENT_3D('',#15991,#13100,#13101);
#10709=AXIS2_PLACEMENT_3D('',#15993,#13103,#13104);
#10710=AXIS2_PLACEMENT_3D('',#15999,#13108,#13109);
#10711=AXIS2_PLACEMENT_3D('',#16005,#13113,#13114);
#10712=AXIS2_PLACEMENT_3D('',#16011,#13118,#13119);
#10713=AXIS2_PLACEMENT_3D('',#16013,#13120,#13121);
#10714=AXIS2_PLACEMENT_3D('',#16015,#13122,#13123);
#10715=AXIS2_PLACEMENT_3D('',#16017,#13125,#13126);
#10716=AXIS2_PLACEMENT_3D('',#16023,#13130,#13131);
#10717=AXIS2_PLACEMENT_3D('',#16029,#13135,#13136);
#10718=AXIS2_PLACEMENT_3D('',#16035,#13140,#13141);
#10719=AXIS2_PLACEMENT_3D('',#16037,#13142,#13143);
#10720=AXIS2_PLACEMENT_3D('',#16039,#13144,#13145);
#10721=AXIS2_PLACEMENT_3D('',#16041,#13147,#13148);
#10722=AXIS2_PLACEMENT_3D('',#16047,#13152,#13153);
#10723=AXIS2_PLACEMENT_3D('',#16053,#13157,#13158);
#10724=AXIS2_PLACEMENT_3D('',#16059,#13162,#13163);
#10725=AXIS2_PLACEMENT_3D('',#16061,#13164,#13165);
#10726=AXIS2_PLACEMENT_3D('',#16063,#13166,#13167);
#10727=AXIS2_PLACEMENT_3D('',#16065,#13169,#13170);
#10728=AXIS2_PLACEMENT_3D('',#16071,#13174,#13175);
#10729=AXIS2_PLACEMENT_3D('',#16077,#13179,#13180);
#10730=AXIS2_PLACEMENT_3D('',#16083,#13184,#13185);
#10731=AXIS2_PLACEMENT_3D('',#16085,#13186,#13187);
#10732=AXIS2_PLACEMENT_3D('',#16087,#13188,#13189);
#10733=AXIS2_PLACEMENT_3D('',#16089,#13191,#13192);
#10734=AXIS2_PLACEMENT_3D('',#16095,#13196,#13197);
#10735=AXIS2_PLACEMENT_3D('',#16101,#13201,#13202);
#10736=AXIS2_PLACEMENT_3D('',#16107,#13206,#13207);
#10737=AXIS2_PLACEMENT_3D('',#16109,#13208,#13209);
#10738=AXIS2_PLACEMENT_3D('',#16111,#13210,#13211);
#10739=AXIS2_PLACEMENT_3D('',#16113,#13213,#13214);
#10740=AXIS2_PLACEMENT_3D('',#16119,#13218,#13219);
#10741=AXIS2_PLACEMENT_3D('',#16125,#13223,#13224);
#10742=AXIS2_PLACEMENT_3D('',#16131,#13228,#13229);
#10743=AXIS2_PLACEMENT_3D('',#16133,#13230,#13231);
#10744=AXIS2_PLACEMENT_3D('',#16135,#13232,#13233);
#10745=AXIS2_PLACEMENT_3D('',#16137,#13235,#13236);
#10746=AXIS2_PLACEMENT_3D('',#16143,#13240,#13241);
#10747=AXIS2_PLACEMENT_3D('',#16149,#13245,#13246);
#10748=AXIS2_PLACEMENT_3D('',#16155,#13250,#13251);
#10749=AXIS2_PLACEMENT_3D('',#16157,#13252,#13253);
#10750=AXIS2_PLACEMENT_3D('',#16159,#13254,#13255);
#10751=AXIS2_PLACEMENT_3D('',#16161,#13257,#13258);
#10752=AXIS2_PLACEMENT_3D('',#16167,#13262,#13263);
#10753=AXIS2_PLACEMENT_3D('',#16170,#13266,#13267);
#10754=AXIS2_PLACEMENT_3D('',#16171,#13268,#13269);
#10755=AXIS2_PLACEMENT_3D('',#16172,#13270,#13271);
#10756=AXIS2_PLACEMENT_3D('',#16174,#13272,#13273);
#10757=AXIS2_PLACEMENT_3D('',#16177,#13275,#13276);
#10758=AXIS2_PLACEMENT_3D('',#16178,#13277,#13278);
#10759=AXIS2_PLACEMENT_3D('',#16179,#13279,#13280);
#10760=AXIS2_PLACEMENT_3D('',#16180,#13281,#13282);
#10761=AXIS2_PLACEMENT_3D('',#16182,#13283,#13284);
#10762=AXIS2_PLACEMENT_3D('',#16185,#13286,#13287);
#10763=AXIS2_PLACEMENT_3D('',#16186,#13288,#13289);
#10764=AXIS2_PLACEMENT_3D('',#16187,#13290,#13291);
#10765=AXIS2_PLACEMENT_3D('',#16188,#13292,#13293);
#10766=AXIS2_PLACEMENT_3D('',#16189,#13294,#13295);
#10767=AXIS2_PLACEMENT_3D('',#16190,#13296,#13297);
#10768=AXIS2_PLACEMENT_3D('',#16191,#13298,#13299);
#10769=AXIS2_PLACEMENT_3D('',#16192,#13300,#13301);
#10770=AXIS2_PLACEMENT_3D('',#16193,#13302,#13303);
#10771=AXIS2_PLACEMENT_3D('',#16194,#13304,#13305);
#10772=AXIS2_PLACEMENT_3D('',#16195,#13306,#13307);
#10773=AXIS2_PLACEMENT_3D('',#16196,#13308,#13309);
#10774=AXIS2_PLACEMENT_3D('',#16197,#13310,#13311);
#10775=AXIS2_PLACEMENT_3D('',#16198,#13312,#13313);
#10776=AXIS2_PLACEMENT_3D('',#16199,#13314,#13315);
#10777=AXIS2_PLACEMENT_3D('',#16200,#13316,#13317);
#10778=AXIS2_PLACEMENT_3D('',#16201,#13318,#13319);
#10779=AXIS2_PLACEMENT_3D('',#16202,#13320,#13321);
#10780=AXIS2_PLACEMENT_3D('',#16203,#13322,#13323);
#10781=AXIS2_PLACEMENT_3D('',#16204,#13324,#13325);
#10782=AXIS2_PLACEMENT_3D('',#16205,#13326,#13327);
#10783=AXIS2_PLACEMENT_3D('',#16206,#13328,#13329);
#10784=AXIS2_PLACEMENT_3D('',#16207,#13330,#13331);
#10785=AXIS2_PLACEMENT_3D('',#16208,#13332,#13333);
#10786=AXIS2_PLACEMENT_3D('',#16209,#13334,#13335);
#10787=AXIS2_PLACEMENT_3D('',#16210,#13336,#13337);
#10788=AXIS2_PLACEMENT_3D('',#16211,#13338,#13339);
#10789=DIRECTION('axis',(0.,0.,1.));
#10790=DIRECTION('refdir',(1.,0.,0.));
#10791=DIRECTION('axis',(0.,0.,1.));
#10792=DIRECTION('refdir',(1.,0.,0.));
#10793=DIRECTION('axis',(0.,0.,1.));
#10794=DIRECTION('refdir',(1.,0.,0.));
#10795=DIRECTION('center_axis',(1.,0.,0.));
#10796=DIRECTION('ref_axis',(0.,1.,0.));
#10797=DIRECTION('',(0.,-1.,0.));
#10798=DIRECTION('',(0.,0.,1.));
#10799=DIRECTION('',(0.,1.,0.));
#10800=DIRECTION('',(0.,0.,1.));
#10801=DIRECTION('center_axis',(0.,-1.,0.));
#10802=DIRECTION('ref_axis',(1.,0.,0.));
#10803=DIRECTION('',(-1.,0.,0.));
#10804=DIRECTION('',(1.,0.,0.));
#10805=DIRECTION('',(0.,0.,1.));
#10806=DIRECTION('center_axis',(-1.,0.,0.));
#10807=DIRECTION('ref_axis',(0.,-1.,0.));
#10808=DIRECTION('',(0.,1.,0.));
#10809=DIRECTION('',(0.,-1.,0.));
#10810=DIRECTION('',(0.,0.,1.));
#10811=DIRECTION('center_axis',(0.,1.,0.));
#10812=DIRECTION('ref_axis',(-1.,0.,0.));
#10813=DIRECTION('',(1.,0.,0.));
#10814=DIRECTION('',(-1.,0.,0.));
#10815=DIRECTION('center_axis',(0.,0.,1.));
#10816=DIRECTION('ref_axis',(1.,0.,0.));
#10817=DIRECTION('center_axis',(0.,0.,1.));
#10818=DIRECTION('ref_axis',(1.,0.,0.));
#10819=DIRECTION('axis',(0.,0.,1.));
#10820=DIRECTION('refdir',(1.,0.,0.));
#10821=DIRECTION('center_axis',(0.,0.,1.));
#10822=DIRECTION('ref_axis',(1.,0.,0.));
#10823=DIRECTION('center_axis',(0.,0.,-1.));
#10824=DIRECTION('ref_axis',(1.,0.,0.));
#10825=DIRECTION('',(0.,0.,-1.));
#10826=DIRECTION('center_axis',(0.,0.,-1.));
#10827=DIRECTION('ref_axis',(1.,0.,0.));
#10828=DIRECTION('center_axis',(1.,0.,0.));
#10829=DIRECTION('ref_axis',(0.,1.,0.));
#10830=DIRECTION('',(0.,-1.,0.));
#10831=DIRECTION('',(0.,0.,1.));
#10832=DIRECTION('',(0.,1.,0.));
#10833=DIRECTION('',(0.,0.,1.));
#10834=DIRECTION('center_axis',(0.,0.,1.));
#10835=DIRECTION('ref_axis',(-1.,0.,0.));
#10836=DIRECTION('center_axis',(0.,0.,1.));
#10837=DIRECTION('ref_axis',(-1.,0.,0.));
#10838=DIRECTION('center_axis',(0.,0.,-1.));
#10839=DIRECTION('ref_axis',(-1.,0.,0.));
#10840=DIRECTION('',(0.,0.,1.));
#10841=DIRECTION('center_axis',(-0.707106810993916,0.707106751379178,0.));
#10842=DIRECTION('ref_axis',(-0.707106751379177,-0.707106810993916,0.));
#10843=DIRECTION('',(-0.707106751379177,-0.707106810993916,0.));
#10844=DIRECTION('',(-0.707106751379177,-0.707106810993916,0.));
#10845=DIRECTION('',(0.,0.,1.));
#10846=DIRECTION('center_axis',(-1.,0.,0.));
#10847=DIRECTION('ref_axis',(0.,-1.,0.));
#10848=DIRECTION('',(0.,-1.,0.));
#10849=DIRECTION('',(0.,-1.,0.));
#10850=DIRECTION('',(0.,0.,1.));
#10851=DIRECTION('center_axis',(-0.707106810993917,-0.707106751379177,0.));
#10852=DIRECTION('ref_axis',(0.707106751379177,-0.707106810993917,0.));
#10853=DIRECTION('',(-0.707106751379177,0.707106810993917,0.));
#10854=DIRECTION('',(0.707106751379177,-0.707106810993917,0.));
#10855=DIRECTION('',(0.,0.,1.));
#10856=DIRECTION('center_axis',(0.,0.,1.));
#10857=DIRECTION('ref_axis',(0.707106810993916,0.707106751379178,0.));
#10858=DIRECTION('center_axis',(0.,0.,1.));
#10859=DIRECTION('ref_axis',(0.707106810993916,0.707106751379178,0.));
#10860=DIRECTION('center_axis',(0.,0.,-1.));
#10861=DIRECTION('ref_axis',(0.707106810993916,0.707106751379178,0.));
#10862=DIRECTION('',(0.,0.,1.));
#10863=DIRECTION('center_axis',(1.,-3.97517138033384E-16,0.));
#10864=DIRECTION('ref_axis',(3.97517138033384E-16,1.,0.));
#10865=DIRECTION('',(3.97517138033384E-16,1.,0.));
#10866=DIRECTION('',(3.97517138033384E-16,1.,0.));
#10867=DIRECTION('',(0.,0.,1.));
#10868=DIRECTION('center_axis',(0.,-1.,0.));
#10869=DIRECTION('ref_axis',(1.,0.,0.));
#10870=DIRECTION('',(-1.,0.,0.));
#10871=DIRECTION('',(1.,0.,0.));
#10872=DIRECTION('',(0.,0.,1.));
#10873=DIRECTION('center_axis',(-1.,0.,0.));
#10874=DIRECTION('ref_axis',(0.,-1.,0.));
#10875=DIRECTION('',(0.,-1.,0.));
#10876=DIRECTION('',(0.,-1.,0.));
#10877=DIRECTION('',(0.,0.,1.));
#10878=DIRECTION('center_axis',(0.,0.,1.));
#10879=DIRECTION('ref_axis',(0.,1.,0.));
#10880=DIRECTION('center_axis',(0.,0.,1.));
#10881=DIRECTION('ref_axis',(0.,1.,0.));
#10882=DIRECTION('center_axis',(0.,0.,1.));
#10883=DIRECTION('ref_axis',(0.,1.,0.));
#10884=DIRECTION('',(0.,0.,1.));
#10885=DIRECTION('center_axis',(0.,1.,0.));
#10886=DIRECTION('ref_axis',(-1.,0.,0.));
#10887=DIRECTION('',(-1.,0.,0.));
#10888=DIRECTION('',(-1.,0.,0.));
#10889=DIRECTION('',(0.,0.,1.));
#10890=DIRECTION('center_axis',(1.,0.,0.));
#10891=DIRECTION('ref_axis',(0.,1.,0.));
#10892=DIRECTION('',(0.,1.,0.));
#10893=DIRECTION('',(0.,1.,0.));
#10894=DIRECTION('',(0.,0.,1.));
#10895=DIRECTION('center_axis',(-3.97517138033384E-16,-1.,0.));
#10896=DIRECTION('ref_axis',(1.,-3.97517138033384E-16,0.));
#10897=DIRECTION('',(-1.,3.97517138033384E-16,0.));
#10898=DIRECTION('',(1.,-3.97517138033384E-16,0.));
#10899=DIRECTION('',(0.,0.,1.));
#10900=DIRECTION('center_axis',(0.,0.,1.));
#10901=DIRECTION('ref_axis',(0.,1.,0.));
#10902=DIRECTION('center_axis',(0.,0.,1.));
#10903=DIRECTION('ref_axis',(0.,1.,0.));
#10904=DIRECTION('center_axis',(0.,0.,-1.));
#10905=DIRECTION('ref_axis',(0.,1.,0.));
#10906=DIRECTION('',(0.,0.,1.));
#10907=DIRECTION('center_axis',(0.707106751379177,0.707106810993916,0.));
#10908=DIRECTION('ref_axis',(-0.707106810993916,0.707106751379177,0.));
#10909=DIRECTION('',(-0.707106810993916,0.707106751379177,0.));
#10910=DIRECTION('',(-0.707106810993916,0.707106751379177,0.));
#10911=DIRECTION('',(0.,0.,1.));
#10912=DIRECTION('center_axis',(-9.61365234731387E-9,1.,0.));
#10913=DIRECTION('ref_axis',(-1.,-9.61365234731387E-9,0.));
#10914=DIRECTION('',(-1.,-9.61365234731387E-9,0.));
#10915=DIRECTION('',(-1.,-9.61365234731387E-9,0.));
#10916=DIRECTION('',(0.,0.,1.));
#10917=DIRECTION('center_axis',(-0.707106751379178,0.707106810993916,0.));
#10918=DIRECTION('ref_axis',(-0.707106810993916,-0.707106751379178,0.));
#10919=DIRECTION('',(0.707106810993916,0.707106751379178,0.));
#10920=DIRECTION('',(-0.707106810993916,-0.707106751379178,0.));
#10921=DIRECTION('',(0.,0.,1.));
#10922=DIRECTION('center_axis',(0.,0.,1.));
#10923=DIRECTION('ref_axis',(0.707106751379179,-0.707106810993915,0.));
#10924=DIRECTION('center_axis',(0.,0.,1.));
#10925=DIRECTION('ref_axis',(0.707106751379179,-0.707106810993915,0.));
#10926=DIRECTION('center_axis',(0.,0.,-1.));
#10927=DIRECTION('ref_axis',(0.707106751379179,-0.707106810993915,0.));
#10928=DIRECTION('',(0.,0.,1.));
#10929=DIRECTION('center_axis',(0.,-1.,0.));
#10930=DIRECTION('ref_axis',(1.,0.,0.));
#10931=DIRECTION('',(1.,0.,0.));
#10932=DIRECTION('',(1.,0.,0.));
#10933=DIRECTION('',(0.,0.,1.));
#10934=DIRECTION('center_axis',(-1.,0.,0.));
#10935=DIRECTION('ref_axis',(0.,-1.,0.));
#10936=DIRECTION('',(0.,1.,0.));
#10937=DIRECTION('',(0.,-1.,0.));
#10938=DIRECTION('',(0.,0.,1.));
#10939=DIRECTION('center_axis',(0.,1.,0.));
#10940=DIRECTION('ref_axis',(-1.,0.,0.));
#10941=DIRECTION('',(-1.,0.,0.));
#10942=DIRECTION('',(-1.,0.,0.));
#10943=DIRECTION('',(0.,0.,1.));
#10944=DIRECTION('center_axis',(0.,0.,1.));
#10945=DIRECTION('ref_axis',(1.,0.,0.));
#10946=DIRECTION('center_axis',(0.,0.,1.));
#10947=DIRECTION('ref_axis',(1.,0.,0.));
#10948=DIRECTION('center_axis',(0.,0.,1.));
#10949=DIRECTION('ref_axis',(1.,0.,0.));
#10950=DIRECTION('',(0.,0.,1.));
#10951=DIRECTION('center_axis',(1.,0.,0.));
#10952=DIRECTION('ref_axis',(0.,1.,0.));
#10953=DIRECTION('',(0.,1.,0.));
#10954=DIRECTION('',(0.,1.,0.));
#10955=DIRECTION('',(0.,0.,1.));
#10956=DIRECTION('center_axis',(0.,-1.,0.));
#10957=DIRECTION('ref_axis',(1.,0.,0.));
#10958=DIRECTION('',(1.,0.,0.));
#10959=DIRECTION('',(1.,0.,0.));
#10960=DIRECTION('',(0.,0.,1.));
#10961=DIRECTION('center_axis',(-1.,-3.97517138033384E-16,0.));
#10962=DIRECTION('ref_axis',(3.97517138033384E-16,-1.,0.));
#10963=DIRECTION('',(-3.97517138033384E-16,1.,0.));
#10964=DIRECTION('',(3.97517138033384E-16,-1.,0.));
#10965=DIRECTION('',(0.,0.,1.));
#10966=DIRECTION('center_axis',(0.,0.,1.));
#10967=DIRECTION('ref_axis',(1.,0.,0.));
#10968=DIRECTION('center_axis',(0.,0.,1.));
#10969=DIRECTION('ref_axis',(1.,0.,0.));
#10970=DIRECTION('center_axis',(0.,0.,-1.));
#10971=DIRECTION('ref_axis',(1.,0.,0.));
#10972=DIRECTION('',(0.,0.,1.));
#10973=DIRECTION('center_axis',(0.707106810993917,-0.707106751379177,0.));
#10974=DIRECTION('ref_axis',(0.707106751379177,0.707106810993917,0.));
#10975=DIRECTION('',(0.707106751379177,0.707106810993917,0.));
#10976=DIRECTION('',(0.707106751379177,0.707106810993917,0.));
#10977=DIRECTION('',(0.,0.,1.));
#10978=DIRECTION('center_axis',(1.,-9.61365234731387E-9,0.));
#10979=DIRECTION('ref_axis',(9.61365234731387E-9,1.,0.));
#10980=DIRECTION('',(9.61365234731387E-9,1.,0.));
#10981=DIRECTION('',(9.61365234731387E-9,1.,0.));
#10982=DIRECTION('',(0.,0.,1.));
#10983=DIRECTION('center_axis',(0.707106810993916,0.707106751379177,0.));
#10984=DIRECTION('ref_axis',(-0.707106751379177,0.707106810993916,0.));
#10985=DIRECTION('',(0.707106751379177,-0.707106810993916,0.));
#10986=DIRECTION('',(-0.707106751379177,0.707106810993916,0.));
#10987=DIRECTION('',(0.,0.,1.));
#10988=DIRECTION('center_axis',(0.,0.,1.));
#10989=DIRECTION('ref_axis',(-0.707106810993913,-0.70710675137918,0.));
#10990=DIRECTION('center_axis',(0.,0.,1.));
#10991=DIRECTION('ref_axis',(-0.707106810993913,-0.70710675137918,0.));
#10992=DIRECTION('center_axis',(0.,0.,-1.));
#10993=DIRECTION('ref_axis',(-0.707106810993913,-0.70710675137918,0.));
#10994=DIRECTION('',(0.,0.,1.));
#10995=DIRECTION('center_axis',(-1.,3.97517138033384E-16,0.));
#10996=DIRECTION('ref_axis',(-3.97517138033384E-16,-1.,0.));
#10997=DIRECTION('',(-3.97517138033384E-16,-1.,0.));
#10998=DIRECTION('',(-3.97517138033384E-16,-1.,0.));
#10999=DIRECTION('',(0.,0.,1.));
#11000=DIRECTION('center_axis',(0.,1.,0.));
#11001=DIRECTION('ref_axis',(-1.,0.,0.));
#11002=DIRECTION('',(1.,0.,0.));
#11003=DIRECTION('',(-1.,0.,0.));
#11004=DIRECTION('',(0.,0.,1.));
#11005=DIRECTION('center_axis',(1.,0.,0.));
#11006=DIRECTION('ref_axis',(0.,1.,0.));
#11007=DIRECTION('',(0.,1.,0.));
#11008=DIRECTION('',(0.,1.,0.));
#11009=DIRECTION('',(0.,0.,1.));
#11010=DIRECTION('center_axis',(0.,0.,1.));
#11011=DIRECTION('ref_axis',(0.,-1.,0.));
#11012=DIRECTION('center_axis',(0.,0.,1.));
#11013=DIRECTION('ref_axis',(0.,-1.,0.));
#11014=DIRECTION('center_axis',(0.,0.,1.));
#11015=DIRECTION('ref_axis',(0.,-1.,0.));
#11016=DIRECTION('',(0.,0.,1.));
#11017=DIRECTION('center_axis',(0.,-1.,0.));
#11018=DIRECTION('ref_axis',(1.,0.,0.));
#11019=DIRECTION('',(1.,0.,0.));
#11020=DIRECTION('',(1.,0.,0.));
#11021=DIRECTION('',(0.,0.,1.));
#11022=DIRECTION('center_axis',(-1.,0.,0.));
#11023=DIRECTION('ref_axis',(0.,-1.,0.));
#11024=DIRECTION('',(0.,-1.,0.));
#11025=DIRECTION('',(0.,-1.,0.));
#11026=DIRECTION('',(0.,0.,1.));
#11027=DIRECTION('center_axis',(0.,1.,0.));
#11028=DIRECTION('ref_axis',(-1.,0.,0.));
#11029=DIRECTION('',(1.,0.,0.));
#11030=DIRECTION('',(-1.,0.,0.));
#11031=DIRECTION('',(0.,0.,1.));
#11032=DIRECTION('center_axis',(0.,0.,1.));
#11033=DIRECTION('ref_axis',(4.44089209850061E-15,-1.,0.));
#11034=DIRECTION('center_axis',(0.,0.,1.));
#11035=DIRECTION('ref_axis',(4.44089209850061E-15,-1.,0.));
#11036=DIRECTION('center_axis',(0.,0.,-1.));
#11037=DIRECTION('ref_axis',(4.44089209850061E-15,-1.,0.));
#11038=DIRECTION('',(0.,0.,1.));
#11039=DIRECTION('center_axis',(-0.707106751379177,-0.707106810993916,0.));
#11040=DIRECTION('ref_axis',(0.707106810993916,-0.707106751379177,0.));
#11041=DIRECTION('',(0.707106810993916,-0.707106751379177,0.));
#11042=DIRECTION('',(0.707106810993916,-0.707106751379177,0.));
#11043=DIRECTION('',(0.,0.,1.));
#11044=DIRECTION('center_axis',(9.61365234731387E-9,-1.,0.));
#11045=DIRECTION('ref_axis',(1.,9.61365234731387E-9,0.));
#11046=DIRECTION('',(1.,9.61365234731387E-9,0.));
#11047=DIRECTION('',(1.,9.61365234731387E-9,0.));
#11048=DIRECTION('',(0.,0.,1.));
#11049=DIRECTION('center_axis',(0.707106751379178,-0.707106810993916,0.));
#11050=DIRECTION('ref_axis',(0.707106810993916,0.707106751379177,0.));
#11051=DIRECTION('',(-0.707106810993916,-0.707106751379177,0.));
#11052=DIRECTION('',(0.707106810993916,0.707106751379177,0.));
#11053=DIRECTION('',(0.,0.,1.));
#11054=DIRECTION('center_axis',(0.,0.,1.));
#11055=DIRECTION('ref_axis',(-0.707106751379175,0.707106810993919,0.));
#11056=DIRECTION('center_axis',(0.,0.,1.));
#11057=DIRECTION('ref_axis',(-0.707106751379175,0.707106810993919,0.));
#11058=DIRECTION('center_axis',(0.,0.,-1.));
#11059=DIRECTION('ref_axis',(-0.707106751379175,0.707106810993919,0.));
#11060=DIRECTION('',(0.,0.,1.));
#11061=DIRECTION('center_axis',(0.,1.,0.));
#11062=DIRECTION('ref_axis',(-1.,0.,0.));
#11063=DIRECTION('',(-1.,0.,0.));
#11064=DIRECTION('',(-1.,0.,0.));
#11065=DIRECTION('',(0.,0.,1.));
#11066=DIRECTION('center_axis',(1.,0.,0.));
#11067=DIRECTION('ref_axis',(0.,1.,0.));
#11068=DIRECTION('',(0.,-1.,0.));
#11069=DIRECTION('',(0.,1.,0.));
#11070=DIRECTION('',(0.,0.,1.));
#11071=DIRECTION('center_axis',(0.,-1.,0.));
#11072=DIRECTION('ref_axis',(1.,0.,0.));
#11073=DIRECTION('',(1.,0.,0.));
#11074=DIRECTION('',(1.,0.,0.));
#11075=DIRECTION('',(0.,0.,1.));
#11076=DIRECTION('center_axis',(0.,0.,1.));
#11077=DIRECTION('ref_axis',(-1.,0.,0.));
#11078=DIRECTION('center_axis',(0.,0.,1.));
#11079=DIRECTION('ref_axis',(-1.,0.,0.));
#11080=DIRECTION('center_axis',(0.,0.,1.));
#11081=DIRECTION('ref_axis',(-1.,0.,0.));
#11082=DIRECTION('',(0.,0.,1.));
#11083=DIRECTION('center_axis',(-1.,0.,0.));
#11084=DIRECTION('ref_axis',(0.,-1.,0.));
#11085=DIRECTION('',(0.,-1.,0.));
#11086=DIRECTION('',(0.,-1.,0.));
#11087=DIRECTION('',(0.,0.,1.));
#11088=DIRECTION('center_axis',(0.,1.,0.));
#11089=DIRECTION('ref_axis',(-1.,0.,0.));
#11090=DIRECTION('',(-1.,0.,0.));
#11091=DIRECTION('',(-1.,0.,0.));
#11092=DIRECTION('center_axis',(0.,0.,1.));
#11093=DIRECTION('ref_axis',(1.,0.,0.));
#11094=DIRECTION('center_axis',(0.,0.,1.));
#11095=DIRECTION('ref_axis',(1.,0.,0.));
#11096=DIRECTION('axis',(0.,0.,1.));
#11097=DIRECTION('refdir',(1.,0.,0.));
#11098=DIRECTION('center_axis',(0.,0.,1.));
#11099=DIRECTION('ref_axis',(1.,0.,0.));
#11100=DIRECTION('center_axis',(0.,0.,-1.));
#11101=DIRECTION('ref_axis',(1.,0.,0.));
#11102=DIRECTION('',(0.,0.,-1.));
#11103=DIRECTION('center_axis',(0.,0.,-1.));
#11104=DIRECTION('ref_axis',(1.,0.,0.));
#11105=DIRECTION('center_axis',(1.,0.,0.));
#11106=DIRECTION('ref_axis',(0.,1.,0.));
#11107=DIRECTION('',(0.,-1.,0.));
#11108=DIRECTION('',(0.,0.,1.));
#11109=DIRECTION('',(0.,1.,0.));
#11110=DIRECTION('',(0.,0.,1.));
#11111=DIRECTION('center_axis',(0.,0.,1.));
#11112=DIRECTION('ref_axis',(-1.,0.,0.));
#11113=DIRECTION('center_axis',(0.,0.,1.));
#11114=DIRECTION('ref_axis',(-1.,0.,0.));
#11115=DIRECTION('center_axis',(0.,0.,-1.));
#11116=DIRECTION('ref_axis',(-1.,0.,0.));
#11117=DIRECTION('',(0.,0.,1.));
#11118=DIRECTION('center_axis',(-0.707106810993916,0.707106751379178,0.));
#11119=DIRECTION('ref_axis',(-0.707106751379177,-0.707106810993916,0.));
#11120=DIRECTION('',(-0.707106751379177,-0.707106810993916,0.));
#11121=DIRECTION('',(-0.707106751379177,-0.707106810993916,0.));
#11122=DIRECTION('',(0.,0.,1.));
#11123=DIRECTION('center_axis',(-1.,0.,0.));
#11124=DIRECTION('ref_axis',(0.,-1.,0.));
#11125=DIRECTION('',(0.,-1.,0.));
#11126=DIRECTION('',(0.,-1.,0.));
#11127=DIRECTION('',(0.,0.,1.));
#11128=DIRECTION('center_axis',(-0.707106810993917,-0.707106751379177,0.));
#11129=DIRECTION('ref_axis',(0.707106751379177,-0.707106810993917,0.));
#11130=DIRECTION('',(-0.707106751379177,0.707106810993917,0.));
#11131=DIRECTION('',(0.707106751379177,-0.707106810993917,0.));
#11132=DIRECTION('',(0.,0.,1.));
#11133=DIRECTION('center_axis',(0.,0.,1.));
#11134=DIRECTION('ref_axis',(0.707106810993916,0.707106751379178,0.));
#11135=DIRECTION('center_axis',(0.,0.,1.));
#11136=DIRECTION('ref_axis',(0.707106810993916,0.707106751379178,0.));
#11137=DIRECTION('center_axis',(0.,0.,-1.));
#11138=DIRECTION('ref_axis',(0.707106810993916,0.707106751379178,0.));
#11139=DIRECTION('',(0.,0.,1.));
#11140=DIRECTION('center_axis',(1.,-3.97517138033384E-16,0.));
#11141=DIRECTION('ref_axis',(3.97517138033384E-16,1.,0.));
#11142=DIRECTION('',(3.97517138033384E-16,1.,0.));
#11143=DIRECTION('',(3.97517138033384E-16,1.,0.));
#11144=DIRECTION('',(0.,0.,1.));
#11145=DIRECTION('center_axis',(0.,-1.,0.));
#11146=DIRECTION('ref_axis',(1.,0.,0.));
#11147=DIRECTION('',(-1.,0.,0.));
#11148=DIRECTION('',(1.,0.,0.));
#11149=DIRECTION('',(0.,0.,1.));
#11150=DIRECTION('center_axis',(-1.,0.,0.));
#11151=DIRECTION('ref_axis',(0.,-1.,0.));
#11152=DIRECTION('',(0.,-1.,0.));
#11153=DIRECTION('',(0.,-1.,0.));
#11154=DIRECTION('',(0.,0.,1.));
#11155=DIRECTION('center_axis',(0.,0.,1.));
#11156=DIRECTION('ref_axis',(0.,1.,0.));
#11157=DIRECTION('center_axis',(0.,0.,1.));
#11158=DIRECTION('ref_axis',(0.,1.,0.));
#11159=DIRECTION('center_axis',(0.,0.,1.));
#11160=DIRECTION('ref_axis',(0.,1.,0.));
#11161=DIRECTION('',(0.,0.,1.));
#11162=DIRECTION('center_axis',(0.,1.,0.));
#11163=DIRECTION('ref_axis',(-1.,0.,0.));
#11164=DIRECTION('',(-1.,0.,0.));
#11165=DIRECTION('',(-1.,0.,0.));
#11166=DIRECTION('',(0.,0.,1.));
#11167=DIRECTION('center_axis',(1.,0.,0.));
#11168=DIRECTION('ref_axis',(0.,1.,0.));
#11169=DIRECTION('',(0.,1.,0.));
#11170=DIRECTION('',(0.,1.,0.));
#11171=DIRECTION('',(0.,0.,1.));
#11172=DIRECTION('center_axis',(-3.97517138033384E-16,-1.,0.));
#11173=DIRECTION('ref_axis',(1.,-3.97517138033384E-16,0.));
#11174=DIRECTION('',(-1.,3.97517138033384E-16,0.));
#11175=DIRECTION('',(1.,-3.97517138033384E-16,0.));
#11176=DIRECTION('',(0.,0.,1.));
#11177=DIRECTION('center_axis',(0.,0.,1.));
#11178=DIRECTION('ref_axis',(0.,1.,0.));
#11179=DIRECTION('center_axis',(0.,0.,1.));
#11180=DIRECTION('ref_axis',(0.,1.,0.));
#11181=DIRECTION('center_axis',(0.,0.,-1.));
#11182=DIRECTION('ref_axis',(0.,1.,0.));
#11183=DIRECTION('',(0.,0.,1.));
#11184=DIRECTION('center_axis',(0.707106751379177,0.707106810993916,0.));
#11185=DIRECTION('ref_axis',(-0.707106810993916,0.707106751379177,0.));
#11186=DIRECTION('',(-0.707106810993916,0.707106751379177,0.));
#11187=DIRECTION('',(-0.707106810993916,0.707106751379177,0.));
#11188=DIRECTION('',(0.,0.,1.));
#11189=DIRECTION('center_axis',(-9.61365234731387E-9,1.,0.));
#11190=DIRECTION('ref_axis',(-1.,-9.61365234731387E-9,0.));
#11191=DIRECTION('',(-1.,-9.61365234731387E-9,0.));
#11192=DIRECTION('',(-1.,-9.61365234731387E-9,0.));
#11193=DIRECTION('',(0.,0.,1.));
#11194=DIRECTION('center_axis',(-0.707106751379178,0.707106810993916,0.));
#11195=DIRECTION('ref_axis',(-0.707106810993916,-0.707106751379178,0.));
#11196=DIRECTION('',(0.707106810993916,0.707106751379178,0.));
#11197=DIRECTION('',(-0.707106810993916,-0.707106751379178,0.));
#11198=DIRECTION('',(0.,0.,1.));
#11199=DIRECTION('center_axis',(0.,0.,1.));
#11200=DIRECTION('ref_axis',(0.707106751379179,-0.707106810993915,0.));
#11201=DIRECTION('center_axis',(0.,0.,1.));
#11202=DIRECTION('ref_axis',(0.707106751379179,-0.707106810993915,0.));
#11203=DIRECTION('center_axis',(0.,0.,-1.));
#11204=DIRECTION('ref_axis',(0.707106751379179,-0.707106810993915,0.));
#11205=DIRECTION('',(0.,0.,1.));
#11206=DIRECTION('center_axis',(0.,-1.,0.));
#11207=DIRECTION('ref_axis',(1.,0.,0.));
#11208=DIRECTION('',(1.,0.,0.));
#11209=DIRECTION('',(1.,0.,0.));
#11210=DIRECTION('',(0.,0.,1.));
#11211=DIRECTION('center_axis',(-1.,0.,0.));
#11212=DIRECTION('ref_axis',(0.,-1.,0.));
#11213=DIRECTION('',(0.,1.,0.));
#11214=DIRECTION('',(0.,-1.,0.));
#11215=DIRECTION('',(0.,0.,1.));
#11216=DIRECTION('center_axis',(0.,1.,0.));
#11217=DIRECTION('ref_axis',(-1.,0.,0.));
#11218=DIRECTION('',(-1.,0.,0.));
#11219=DIRECTION('',(-1.,0.,0.));
#11220=DIRECTION('',(0.,0.,1.));
#11221=DIRECTION('center_axis',(0.,0.,1.));
#11222=DIRECTION('ref_axis',(1.,0.,0.));
#11223=DIRECTION('center_axis',(0.,0.,1.));
#11224=DIRECTION('ref_axis',(1.,0.,0.));
#11225=DIRECTION('center_axis',(0.,0.,1.));
#11226=DIRECTION('ref_axis',(1.,0.,0.));
#11227=DIRECTION('',(0.,0.,1.));
#11228=DIRECTION('center_axis',(1.,0.,0.));
#11229=DIRECTION('ref_axis',(0.,1.,0.));
#11230=DIRECTION('',(0.,1.,0.));
#11231=DIRECTION('',(0.,1.,0.));
#11232=DIRECTION('',(0.,0.,1.));
#11233=DIRECTION('center_axis',(0.,-1.,0.));
#11234=DIRECTION('ref_axis',(1.,0.,0.));
#11235=DIRECTION('',(1.,0.,0.));
#11236=DIRECTION('',(1.,0.,0.));
#11237=DIRECTION('',(0.,0.,1.));
#11238=DIRECTION('center_axis',(-1.,-3.97517138033384E-16,0.));
#11239=DIRECTION('ref_axis',(3.97517138033384E-16,-1.,0.));
#11240=DIRECTION('',(-3.97517138033384E-16,1.,0.));
#11241=DIRECTION('',(3.97517138033384E-16,-1.,0.));
#11242=DIRECTION('',(0.,0.,1.));
#11243=DIRECTION('center_axis',(0.,0.,1.));
#11244=DIRECTION('ref_axis',(1.,0.,0.));
#11245=DIRECTION('center_axis',(0.,0.,1.));
#11246=DIRECTION('ref_axis',(1.,0.,0.));
#11247=DIRECTION('center_axis',(0.,0.,-1.));
#11248=DIRECTION('ref_axis',(1.,0.,0.));
#11249=DIRECTION('',(0.,0.,1.));
#11250=DIRECTION('center_axis',(0.707106810993917,-0.707106751379177,0.));
#11251=DIRECTION('ref_axis',(0.707106751379177,0.707106810993917,0.));
#11252=DIRECTION('',(0.707106751379177,0.707106810993917,0.));
#11253=DIRECTION('',(0.707106751379177,0.707106810993917,0.));
#11254=DIRECTION('',(0.,0.,1.));
#11255=DIRECTION('center_axis',(1.,-9.61365234731387E-9,0.));
#11256=DIRECTION('ref_axis',(9.61365234731387E-9,1.,0.));
#11257=DIRECTION('',(9.61365234731387E-9,1.,0.));
#11258=DIRECTION('',(9.61365234731387E-9,1.,0.));
#11259=DIRECTION('',(0.,0.,1.));
#11260=DIRECTION('center_axis',(0.707106810993916,0.707106751379177,0.));
#11261=DIRECTION('ref_axis',(-0.707106751379177,0.707106810993916,0.));
#11262=DIRECTION('',(0.707106751379177,-0.707106810993916,0.));
#11263=DIRECTION('',(-0.707106751379177,0.707106810993916,0.));
#11264=DIRECTION('',(0.,0.,1.));
#11265=DIRECTION('center_axis',(0.,0.,1.));
#11266=DIRECTION('ref_axis',(-0.707106810993913,-0.70710675137918,0.));
#11267=DIRECTION('center_axis',(0.,0.,1.));
#11268=DIRECTION('ref_axis',(-0.707106810993913,-0.70710675137918,0.));
#11269=DIRECTION('center_axis',(0.,0.,-1.));
#11270=DIRECTION('ref_axis',(-0.707106810993913,-0.70710675137918,0.));
#11271=DIRECTION('',(0.,0.,1.));
#11272=DIRECTION('center_axis',(-1.,3.97517138033384E-16,0.));
#11273=DIRECTION('ref_axis',(-3.97517138033384E-16,-1.,0.));
#11274=DIRECTION('',(-3.97517138033384E-16,-1.,0.));
#11275=DIRECTION('',(-3.97517138033384E-16,-1.,0.));
#11276=DIRECTION('',(0.,0.,1.));
#11277=DIRECTION('center_axis',(0.,1.,0.));
#11278=DIRECTION('ref_axis',(-1.,0.,0.));
#11279=DIRECTION('',(1.,0.,0.));
#11280=DIRECTION('',(-1.,0.,0.));
#11281=DIRECTION('',(0.,0.,1.));
#11282=DIRECTION('center_axis',(1.,0.,0.));
#11283=DIRECTION('ref_axis',(0.,1.,0.));
#11284=DIRECTION('',(0.,1.,0.));
#11285=DIRECTION('',(0.,1.,0.));
#11286=DIRECTION('',(0.,0.,1.));
#11287=DIRECTION('center_axis',(0.,0.,1.));
#11288=DIRECTION('ref_axis',(0.,-1.,0.));
#11289=DIRECTION('center_axis',(0.,0.,1.));
#11290=DIRECTION('ref_axis',(0.,-1.,0.));
#11291=DIRECTION('center_axis',(0.,0.,1.));
#11292=DIRECTION('ref_axis',(0.,-1.,0.));
#11293=DIRECTION('',(0.,0.,1.));
#11294=DIRECTION('center_axis',(0.,-1.,0.));
#11295=DIRECTION('ref_axis',(1.,0.,0.));
#11296=DIRECTION('',(1.,0.,0.));
#11297=DIRECTION('',(1.,0.,0.));
#11298=DIRECTION('',(0.,0.,1.));
#11299=DIRECTION('center_axis',(-1.,0.,0.));
#11300=DIRECTION('ref_axis',(0.,-1.,0.));
#11301=DIRECTION('',(0.,-1.,0.));
#11302=DIRECTION('',(0.,-1.,0.));
#11303=DIRECTION('',(0.,0.,1.));
#11304=DIRECTION('center_axis',(0.,1.,0.));
#11305=DIRECTION('ref_axis',(-1.,0.,0.));
#11306=DIRECTION('',(1.,0.,0.));
#11307=DIRECTION('',(-1.,0.,0.));
#11308=DIRECTION('',(0.,0.,1.));
#11309=DIRECTION('center_axis',(0.,0.,1.));
#11310=DIRECTION('ref_axis',(4.44089209850061E-15,-1.,0.));
#11311=DIRECTION('center_axis',(0.,0.,1.));
#11312=DIRECTION('ref_axis',(4.44089209850061E-15,-1.,0.));
#11313=DIRECTION('center_axis',(0.,0.,-1.));
#11314=DIRECTION('ref_axis',(4.44089209850061E-15,-1.,0.));
#11315=DIRECTION('',(0.,0.,1.));
#11316=DIRECTION('center_axis',(-0.707106751379177,-0.707106810993916,0.));
#11317=DIRECTION('ref_axis',(0.707106810993916,-0.707106751379177,0.));
#11318=DIRECTION('',(0.707106810993916,-0.707106751379177,0.));
#11319=DIRECTION('',(0.707106810993916,-0.707106751379177,0.));
#11320=DIRECTION('',(0.,0.,1.));
#11321=DIRECTION('center_axis',(9.61365234731387E-9,-1.,0.));
#11322=DIRECTION('ref_axis',(1.,9.61365234731387E-9,0.));
#11323=DIRECTION('',(1.,9.61365234731387E-9,0.));
#11324=DIRECTION('',(1.,9.61365234731387E-9,0.));
#11325=DIRECTION('',(0.,0.,1.));
#11326=DIRECTION('center_axis',(0.707106751379178,-0.707106810993916,0.));
#11327=DIRECTION('ref_axis',(0.707106810993916,0.707106751379177,0.));
#11328=DIRECTION('',(-0.707106810993916,-0.707106751379177,0.));
#11329=DIRECTION('',(0.707106810993916,0.707106751379177,0.));
#11330=DIRECTION('',(0.,0.,1.));
#11331=DIRECTION('center_axis',(0.,0.,1.));
#11332=DIRECTION('ref_axis',(-0.707106751379175,0.707106810993919,0.));
#11333=DIRECTION('center_axis',(0.,0.,1.));
#11334=DIRECTION('ref_axis',(-0.707106751379175,0.707106810993919,0.));
#11335=DIRECTION('center_axis',(0.,0.,-1.));
#11336=DIRECTION('ref_axis',(-0.707106751379175,0.707106810993919,0.));
#11337=DIRECTION('',(0.,0.,1.));
#11338=DIRECTION('center_axis',(0.,1.,0.));
#11339=DIRECTION('ref_axis',(-1.,0.,0.));
#11340=DIRECTION('',(-1.,0.,0.));
#11341=DIRECTION('',(-1.,0.,0.));
#11342=DIRECTION('',(0.,0.,1.));
#11343=DIRECTION('center_axis',(1.,0.,0.));
#11344=DIRECTION('ref_axis',(0.,1.,0.));
#11345=DIRECTION('',(0.,-1.,0.));
#11346=DIRECTION('',(0.,1.,0.));
#11347=DIRECTION('',(0.,0.,1.));
#11348=DIRECTION('center_axis',(0.,-1.,0.));
#11349=DIRECTION('ref_axis',(1.,0.,0.));
#11350=DIRECTION('',(1.,0.,0.));
#11351=DIRECTION('',(1.,0.,0.));
#11352=DIRECTION('',(0.,0.,1.));
#11353=DIRECTION('center_axis',(0.,0.,1.));
#11354=DIRECTION('ref_axis',(-1.,0.,0.));
#11355=DIRECTION('center_axis',(0.,0.,1.));
#11356=DIRECTION('ref_axis',(-1.,0.,0.));
#11357=DIRECTION('center_axis',(0.,0.,1.));
#11358=DIRECTION('ref_axis',(-1.,0.,0.));
#11359=DIRECTION('',(0.,0.,1.));
#11360=DIRECTION('center_axis',(-1.,0.,0.));
#11361=DIRECTION('ref_axis',(0.,-1.,0.));
#11362=DIRECTION('',(0.,-1.,0.));
#11363=DIRECTION('',(0.,-1.,0.));
#11364=DIRECTION('',(0.,0.,1.));
#11365=DIRECTION('center_axis',(0.,1.,0.));
#11366=DIRECTION('ref_axis',(-1.,0.,0.));
#11367=DIRECTION('',(-1.,0.,0.));
#11368=DIRECTION('',(-1.,0.,0.));
#11369=DIRECTION('center_axis',(0.,0.,1.));
#11370=DIRECTION('ref_axis',(1.,0.,0.));
#11371=DIRECTION('center_axis',(0.,0.,1.));
#11372=DIRECTION('ref_axis',(1.,0.,0.));
#11373=DIRECTION('axis',(0.,0.,1.));
#11374=DIRECTION('refdir',(1.,0.,0.));
#11375=DIRECTION('center_axis',(1.,0.,0.));
#11376=DIRECTION('ref_axis',(0.,1.,0.));
#11377=DIRECTION('',(0.,1.,0.));
#11378=DIRECTION('',(0.,0.,1.));
#11379=DIRECTION('',(0.,1.,0.));
#11380=DIRECTION('',(0.,0.,1.));
#11381=DIRECTION('center_axis',(0.,1.,0.));
#11382=DIRECTION('ref_axis',(-1.,0.,0.));
#11383=DIRECTION('',(-1.,0.,0.));
#11384=DIRECTION('',(-1.,0.,0.));
#11385=DIRECTION('',(0.,0.,1.));
#11386=DIRECTION('center_axis',(-1.,0.,0.));
#11387=DIRECTION('ref_axis',(0.,-1.,0.));
#11388=DIRECTION('',(0.,-1.,0.));
#11389=DIRECTION('',(0.,-1.,0.));
#11390=DIRECTION('',(0.,0.,1.));
#11391=DIRECTION('center_axis',(0.,-1.,0.));
#11392=DIRECTION('ref_axis',(1.,0.,0.));
#11393=DIRECTION('',(1.,0.,0.));
#11394=DIRECTION('',(1.,0.,0.));
#11395=DIRECTION('center_axis',(0.,0.,1.));
#11396=DIRECTION('ref_axis',(1.,0.,0.));
#11397=DIRECTION('center_axis',(0.,0.,-1.));
#11398=DIRECTION('ref_axis',(1.,0.,0.));
#11399=DIRECTION('',(0.,0.,-1.));
#11400=DIRECTION('center_axis',(0.,0.,-1.));
#11401=DIRECTION('ref_axis',(1.,0.,0.));
#11402=DIRECTION('center_axis',(1.,0.,0.));
#11403=DIRECTION('ref_axis',(0.,1.,0.));
#11404=DIRECTION('',(0.,1.,0.));
#11405=DIRECTION('',(0.,0.,1.));
#11406=DIRECTION('',(0.,1.,0.));
#11407=DIRECTION('',(0.,0.,1.));
#11408=DIRECTION('center_axis',(0.,1.,0.));
#11409=DIRECTION('ref_axis',(-1.,0.,0.));
#11410=DIRECTION('',(-1.,0.,0.));
#11411=DIRECTION('',(-1.,0.,0.));
#11412=DIRECTION('',(0.,0.,1.));
#11413=DIRECTION('center_axis',(-1.,0.,0.));
#11414=DIRECTION('ref_axis',(0.,-1.,0.));
#11415=DIRECTION('',(0.,-1.,0.));
#11416=DIRECTION('',(0.,-1.,0.));
#11417=DIRECTION('',(0.,0.,1.));
#11418=DIRECTION('center_axis',(0.,-1.,0.));
#11419=DIRECTION('ref_axis',(1.,0.,0.));
#11420=DIRECTION('',(1.,0.,0.));
#11421=DIRECTION('',(1.,0.,0.));
#11422=DIRECTION('center_axis',(0.,1.,0.));
#11423=DIRECTION('ref_axis',(-1.,0.,0.));
#11424=DIRECTION('',(-1.,0.,0.));
#11425=DIRECTION('',(0.,0.,1.));
#11426=DIRECTION('',(-1.,0.,0.));
#11427=DIRECTION('',(0.,0.,1.));
#11428=DIRECTION('center_axis',(-1.,0.,0.));
#11429=DIRECTION('ref_axis',(0.,-1.,0.));
#11430=DIRECTION('',(0.,-1.,0.));
#11431=DIRECTION('',(0.,-1.,0.));
#11432=DIRECTION('',(0.,0.,1.));
#11433=DIRECTION('center_axis',(0.,-1.,0.));
#11434=DIRECTION('ref_axis',(1.,0.,0.));
#11435=DIRECTION('',(1.,0.,0.));
#11436=DIRECTION('',(1.,0.,0.));
#11437=DIRECTION('',(0.,0.,1.));
#11438=DIRECTION('center_axis',(1.,0.,0.));
#11439=DIRECTION('ref_axis',(0.,1.,0.));
#11440=DIRECTION('',(0.,1.,0.));
#11441=DIRECTION('',(0.,1.,0.));
#11442=DIRECTION('center_axis',(1.,0.,0.));
#11443=DIRECTION('ref_axis',(0.,1.,0.));
#11444=DIRECTION('',(0.,1.,0.));
#11445=DIRECTION('',(0.,0.,1.));
#11446=DIRECTION('',(0.,1.,0.));
#11447=DIRECTION('',(0.,0.,1.));
#11448=DIRECTION('center_axis',(0.,1.,0.));
#11449=DIRECTION('ref_axis',(-1.,0.,0.));
#11450=DIRECTION('',(-1.,0.,0.));
#11451=DIRECTION('',(-1.,0.,0.));
#11452=DIRECTION('',(0.,0.,1.));
#11453=DIRECTION('center_axis',(-1.,0.,0.));
#11454=DIRECTION('ref_axis',(0.,-1.,0.));
#11455=DIRECTION('',(0.,-1.,0.));
#11456=DIRECTION('',(0.,-1.,0.));
#11457=DIRECTION('',(0.,0.,1.));
#11458=DIRECTION('center_axis',(0.,-1.,0.));
#11459=DIRECTION('ref_axis',(1.,0.,0.));
#11460=DIRECTION('',(1.,0.,0.));
#11461=DIRECTION('',(1.,0.,0.));
#11462=DIRECTION('center_axis',(0.,1.,0.));
#11463=DIRECTION('ref_axis',(-1.,0.,0.));
#11464=DIRECTION('',(1.,0.,0.));
#11465=DIRECTION('',(0.,0.,1.));
#11466=DIRECTION('',(-1.,0.,0.));
#11467=DIRECTION('',(0.,0.,1.));
#11468=DIRECTION('center_axis',(1.,0.,0.));
#11469=DIRECTION('ref_axis',(0.,1.,0.));
#11470=DIRECTION('',(0.,-1.,0.));
#11471=DIRECTION('',(0.,1.,0.));
#11472=DIRECTION('',(0.,0.,1.));
#11473=DIRECTION('center_axis',(0.,-1.,0.));
#11474=DIRECTION('ref_axis',(1.,0.,0.));
#11475=DIRECTION('',(-1.,0.,0.));
#11476=DIRECTION('',(1.,0.,0.));
#11477=DIRECTION('',(0.,0.,1.));
#11478=DIRECTION('center_axis',(0.999999997791525,-6.64601357655929E-5,
0.));
#11479=DIRECTION('ref_axis',(6.64601357655929E-5,0.999999997791525,0.));
#11480=DIRECTION('',(-6.64601357655929E-5,-0.999999997791525,0.));
#11481=DIRECTION('',(6.64601357655929E-5,0.999999997791525,0.));
#11482=DIRECTION('',(0.,0.,1.));
#11483=DIRECTION('center_axis',(2.1350442781253E-16,-1.,0.));
#11484=DIRECTION('ref_axis',(1.,2.1350442781253E-16,0.));
#11485=DIRECTION('',(1.,2.1350442781253E-16,0.));
#11486=DIRECTION('',(1.,2.1350442781253E-16,0.));
#11487=DIRECTION('',(0.,0.,1.));
#11488=DIRECTION('center_axis',(-1.,-4.2700885562506E-16,0.));
#11489=DIRECTION('ref_axis',(4.2700885562506E-16,-1.,0.));
#11490=DIRECTION('',(-4.2700885562506E-16,1.,0.));
#11491=DIRECTION('',(4.2700885562506E-16,-1.,0.));
#11492=DIRECTION('',(0.,0.,1.));
#11493=DIRECTION('center_axis',(-6.64601357633723E-5,0.999999997791525,
0.));
#11494=DIRECTION('ref_axis',(-0.999999997791525,-6.64601357633723E-5,0.));
#11495=DIRECTION('',(-0.999999997791525,-6.64601357633723E-5,0.));
#11496=DIRECTION('',(-0.999999997791525,-6.64601357633723E-5,0.));
#11497=DIRECTION('',(0.,0.,1.));
#11498=DIRECTION('center_axis',(-1.,0.,0.));
#11499=DIRECTION('ref_axis',(0.,-1.,0.));
#11500=DIRECTION('',(0.,-1.,0.));
#11501=DIRECTION('',(0.,-1.,0.));
#11502=DIRECTION('',(0.,0.,1.));
#11503=DIRECTION('center_axis',(0.,1.,0.));
#11504=DIRECTION('ref_axis',(-1.,0.,0.));
#11505=DIRECTION('',(-1.,0.,0.));
#11506=DIRECTION('',(-1.,0.,0.));
#11507=DIRECTION('',(0.,0.,1.));
#11508=DIRECTION('center_axis',(1.,0.,0.));
#11509=DIRECTION('ref_axis',(0.,1.,0.));
#11510=DIRECTION('',(0.,1.,0.));
#11511=DIRECTION('',(0.,1.,0.));
#11512=DIRECTION('',(0.,0.,1.));
#11513=DIRECTION('center_axis',(0.,1.,0.));
#11514=DIRECTION('ref_axis',(-1.,0.,0.));
#11515=DIRECTION('',(-1.,0.,0.));
#11516=DIRECTION('',(-1.,0.,0.));
#11517=DIRECTION('',(0.,0.,1.));
#11518=DIRECTION('center_axis',(-0.70664832442394,0.707564940898599,0.));
#11519=DIRECTION('ref_axis',(-0.707564940898599,-0.70664832442394,0.));
#11520=DIRECTION('',(-0.707564940898599,-0.70664832442394,0.));
#11521=DIRECTION('',(-0.707564940898599,-0.70664832442394,0.));
#11522=DIRECTION('',(0.,0.,1.));
#11523=DIRECTION('center_axis',(-1.,0.,0.));
#11524=DIRECTION('ref_axis',(0.,-1.,0.));
#11525=DIRECTION('',(0.,-1.,0.));
#11526=DIRECTION('',(0.,-1.,0.));
#11527=DIRECTION('',(0.,0.,1.));
#11528=DIRECTION('center_axis',(-0.706648360828098,-0.707564904541599,0.));
#11529=DIRECTION('ref_axis',(0.707564904541599,-0.706648360828098,0.));
#11530=DIRECTION('',(0.707564904541599,-0.706648360828098,0.));
#11531=DIRECTION('',(0.707564904541599,-0.706648360828098,0.));
#11532=DIRECTION('',(0.,0.,1.));
#11533=DIRECTION('center_axis',(0.,-1.,0.));
#11534=DIRECTION('ref_axis',(1.,0.,0.));
#11535=DIRECTION('',(-1.,0.,0.));
#11536=DIRECTION('',(1.,0.,0.));
#11537=DIRECTION('',(0.,0.,1.));
#11538=DIRECTION('center_axis',(1.,0.,0.));
#11539=DIRECTION('ref_axis',(0.,1.,0.));
#11540=DIRECTION('',(0.,-1.,0.));
#11541=DIRECTION('',(0.,1.,0.));
#11542=DIRECTION('',(0.,0.,1.));
#11543=DIRECTION('center_axis',(0.,-1.,0.));
#11544=DIRECTION('ref_axis',(1.,0.,0.));
#11545=DIRECTION('',(-1.,0.,0.));
#11546=DIRECTION('',(1.,0.,0.));
#11547=DIRECTION('',(0.,0.,1.));
#11548=DIRECTION('center_axis',(-1.,0.,0.));
#11549=DIRECTION('ref_axis',(0.,-1.,0.));
#11550=DIRECTION('',(0.,1.,0.));
#11551=DIRECTION('',(0.,-1.,0.));
#11552=DIRECTION('',(0.,0.,1.));
#11553=DIRECTION('center_axis',(-6.64601357655928E-5,-0.999999997791525,
0.));
#11554=DIRECTION('ref_axis',(0.999999997791525,-6.64601357655928E-5,0.));
#11555=DIRECTION('',(-0.999999997791525,6.64601357655928E-5,0.));
#11556=DIRECTION('',(0.999999997791525,-6.64601357655928E-5,0.));
#11557=DIRECTION('',(0.,0.,1.));
#11558=DIRECTION('center_axis',(-1.,4.2700885562506E-16,0.));
#11559=DIRECTION('ref_axis',(-4.2700885562506E-16,-1.,0.));
#11560=DIRECTION('',(-4.2700885562506E-16,-1.,0.));
#11561=DIRECTION('',(-4.2700885562506E-16,-1.,0.));
#11562=DIRECTION('',(0.,0.,1.));
#11563=DIRECTION('center_axis',(0.,1.,0.));
#11564=DIRECTION('ref_axis',(-1.,0.,0.));
#11565=DIRECTION('',(1.,0.,0.));
#11566=DIRECTION('',(-1.,0.,0.));
#11567=DIRECTION('',(0.,0.,1.));
#11568=DIRECTION('center_axis',(0.999999997791525,6.64601357655928E-5,0.));
#11569=DIRECTION('ref_axis',(-6.64601357655928E-5,0.999999997791525,0.));
#11570=DIRECTION('',(-6.64601357655928E-5,0.999999997791525,0.));
#11571=DIRECTION('',(-6.64601357655928E-5,0.999999997791525,0.));
#11572=DIRECTION('',(0.,0.,1.));
#11573=DIRECTION('center_axis',(0.,1.,0.));
#11574=DIRECTION('ref_axis',(-1.,0.,0.));
#11575=DIRECTION('',(-1.,0.,0.));
#11576=DIRECTION('',(-1.,0.,0.));
#11577=DIRECTION('',(0.,0.,1.));
#11578=DIRECTION('center_axis',(1.,0.,0.));
#11579=DIRECTION('ref_axis',(0.,1.,0.));
#11580=DIRECTION('',(0.,1.,0.));
#11581=DIRECTION('',(0.,1.,0.));
#11582=DIRECTION('',(0.,0.,1.));
#11583=DIRECTION('center_axis',(0.,-1.,0.));
#11584=DIRECTION('ref_axis',(1.,0.,0.));
#11585=DIRECTION('',(1.,0.,0.));
#11586=DIRECTION('',(1.,0.,0.));
#11587=DIRECTION('',(0.,0.,1.));
#11588=DIRECTION('center_axis',(1.,0.,0.));
#11589=DIRECTION('ref_axis',(0.,1.,0.));
#11590=DIRECTION('',(0.,1.,0.));
#11591=DIRECTION('',(0.,1.,0.));
#11592=DIRECTION('',(0.,0.,1.));
#11593=DIRECTION('center_axis',(0.706648360823206,0.707564904546484,0.));
#11594=DIRECTION('ref_axis',(-0.707564904546484,0.706648360823206,0.));
#11595=DIRECTION('',(-0.707564904546484,0.706648360823206,0.));
#11596=DIRECTION('',(-0.707564904546484,0.706648360823206,0.));
#11597=DIRECTION('',(0.,0.,1.));
#11598=DIRECTION('center_axis',(0.,1.,0.));
#11599=DIRECTION('ref_axis',(-1.,0.,0.));
#11600=DIRECTION('',(-1.,0.,0.));
#11601=DIRECTION('',(-1.,0.,0.));
#11602=DIRECTION('',(0.,0.,1.));
#11603=DIRECTION('center_axis',(-0.707106838593454,0.707106723779637,0.));
#11604=DIRECTION('ref_axis',(-0.707106723779637,-0.707106838593454,0.));
#11605=DIRECTION('',(-0.707106723779637,-0.707106838593454,0.));
#11606=DIRECTION('',(-0.707106723779637,-0.707106838593454,0.));
#11607=DIRECTION('',(0.,0.,1.));
#11608=DIRECTION('center_axis',(-1.,0.,0.));
#11609=DIRECTION('ref_axis',(0.,-1.,0.));
#11610=DIRECTION('',(0.,1.,0.));
#11611=DIRECTION('',(0.,-1.,0.));
#11612=DIRECTION('',(0.,0.,1.));
#11613=DIRECTION('center_axis',(0.,-1.,0.));
#11614=DIRECTION('ref_axis',(1.,0.,0.));
#11615=DIRECTION('',(-1.,0.,0.));
#11616=DIRECTION('',(1.,0.,0.));
#11617=DIRECTION('',(0.,0.,1.));
#11618=DIRECTION('center_axis',(-1.,0.,0.));
#11619=DIRECTION('ref_axis',(0.,-1.,0.));
#11620=DIRECTION('',(0.,1.,0.));
#11621=DIRECTION('',(0.,-1.,0.));
#11622=DIRECTION('',(0.,0.,1.));
#11623=DIRECTION('center_axis',(0.,1.,0.));
#11624=DIRECTION('ref_axis',(-1.,0.,0.));
#11625=DIRECTION('',(1.,0.,0.));
#11626=DIRECTION('',(-1.,0.,0.));
#11627=DIRECTION('',(0.,0.,1.));
#11628=DIRECTION('center_axis',(-0.999999997791525,6.64601357722541E-5,
0.));
#11629=DIRECTION('ref_axis',(-6.64601357722541E-5,-0.999999997791525,0.));
#11630=DIRECTION('',(6.64601357722541E-5,0.999999997791525,0.));
#11631=DIRECTION('',(-6.64601357722541E-5,-0.999999997791525,0.));
#11632=DIRECTION('',(0.,0.,1.));
#11633=DIRECTION('center_axis',(0.,1.,0.));
#11634=DIRECTION('ref_axis',(-1.,0.,0.));
#11635=DIRECTION('',(-1.,0.,0.));
#11636=DIRECTION('',(-1.,0.,0.));
#11637=DIRECTION('',(0.,0.,1.));
#11638=DIRECTION('center_axis',(1.,0.,0.));
#11639=DIRECTION('ref_axis',(0.,1.,0.));
#11640=DIRECTION('',(0.,-1.,0.));
#11641=DIRECTION('',(0.,1.,0.));
#11642=DIRECTION('',(0.,0.,1.));
#11643=DIRECTION('center_axis',(6.64601357655928E-5,-0.999999997791525,
0.));
#11644=DIRECTION('ref_axis',(0.999999997791525,6.64601357655928E-5,0.));
#11645=DIRECTION('',(0.999999997791525,6.64601357655928E-5,0.));
#11646=DIRECTION('',(0.999999997791525,6.64601357655928E-5,0.));
#11647=DIRECTION('',(0.,0.,1.));
#11648=DIRECTION('center_axis',(1.,0.,0.));
#11649=DIRECTION('ref_axis',(0.,1.,0.));
#11650=DIRECTION('',(0.,1.,0.));
#11651=DIRECTION('',(0.,1.,0.));
#11652=DIRECTION('',(0.,0.,1.));
#11653=DIRECTION('center_axis',(0.,-1.,0.));
#11654=DIRECTION('ref_axis',(1.,0.,0.));
#11655=DIRECTION('',(1.,0.,0.));
#11656=DIRECTION('',(1.,0.,0.));
#11657=DIRECTION('',(0.,0.,1.));
#11658=DIRECTION('center_axis',(-1.,0.,0.));
#11659=DIRECTION('ref_axis',(0.,-1.,0.));
#11660=DIRECTION('',(0.,-1.,0.));
#11661=DIRECTION('',(0.,-1.,0.));
#11662=DIRECTION('',(0.,0.,1.));
#11663=DIRECTION('center_axis',(0.,-1.,0.));
#11664=DIRECTION('ref_axis',(1.,0.,0.));
#11665=DIRECTION('',(-1.,0.,0.));
#11666=DIRECTION('',(1.,0.,0.));
#11667=DIRECTION('',(0.,0.,1.));
#11668=DIRECTION('center_axis',(0.707106838640589,-0.707106723732502,0.));
#11669=DIRECTION('ref_axis',(0.707106723732502,0.707106838640589,0.));
#11670=DIRECTION('',(-0.707106723732502,-0.707106838640589,0.));
#11671=DIRECTION('',(0.707106723732502,0.707106838640589,0.));
#11672=DIRECTION('',(0.,0.,1.));
#11673=DIRECTION('center_axis',(1.,0.,0.));
#11674=DIRECTION('ref_axis',(0.,1.,0.));
#11675=DIRECTION('',(0.,1.,0.));
#11676=DIRECTION('',(0.,1.,0.));
#11677=DIRECTION('',(0.,0.,1.));
#11678=DIRECTION('center_axis',(0.707106802259971,0.707106760113123,0.));
#11679=DIRECTION('ref_axis',(-0.707106760113123,0.707106802259971,0.));
#11680=DIRECTION('',(0.707106760113123,-0.707106802259971,0.));
#11681=DIRECTION('',(-0.707106760113123,0.707106802259971,0.));
#11682=DIRECTION('',(0.,0.,1.));
#11683=DIRECTION('center_axis',(0.,1.,0.));
#11684=DIRECTION('ref_axis',(-1.,0.,0.));
#11685=DIRECTION('',(1.,0.,0.));
#11686=DIRECTION('',(-1.,0.,0.));
#11687=DIRECTION('',(0.,0.,1.));
#11688=DIRECTION('center_axis',(-1.,0.,0.));
#11689=DIRECTION('ref_axis',(0.,-1.,0.));
#11690=DIRECTION('',(0.,1.,0.));
#11691=DIRECTION('',(0.,-1.,0.));
#11692=DIRECTION('',(0.,0.,1.));
#11693=DIRECTION('center_axis',(0.,1.,0.));
#11694=DIRECTION('ref_axis',(-1.,0.,0.));
#11695=DIRECTION('',(1.,0.,0.));
#11696=DIRECTION('',(-1.,0.,0.));
#11697=DIRECTION('',(0.,0.,1.));
#11698=DIRECTION('center_axis',(1.,0.,0.));
#11699=DIRECTION('ref_axis',(0.,1.,0.));
#11700=DIRECTION('',(0.,-1.,0.));
#11701=DIRECTION('',(0.,1.,0.));
#11702=DIRECTION('',(0.,0.,1.));
#11703=DIRECTION('center_axis',(6.64601357633723E-5,0.999999997791525,0.));
#11704=DIRECTION('ref_axis',(-0.999999997791525,6.64601357633723E-5,0.));
#11705=DIRECTION('',(0.999999997791525,-6.64601357633723E-5,0.));
#11706=DIRECTION('',(-0.999999997791525,6.64601357633723E-5,0.));
#11707=DIRECTION('',(0.,0.,1.));
#11708=DIRECTION('center_axis',(1.,-2.99470083485456E-8,0.));
#11709=DIRECTION('ref_axis',(2.99470083485456E-8,1.,0.));
#11710=DIRECTION('',(2.99470083485456E-8,1.,0.));
#11711=DIRECTION('',(2.99470083485456E-8,1.,0.));
#11712=DIRECTION('',(0.,0.,1.));
#11713=DIRECTION('center_axis',(2.98023161704457E-8,1.,0.));
#11714=DIRECTION('ref_axis',(-1.,2.98023161704457E-8,0.));
#11715=DIRECTION('',(-1.,2.98023161704457E-8,0.));
#11716=DIRECTION('',(-1.,2.98023161704457E-8,0.));
#11717=DIRECTION('',(0.,0.,1.));
#11718=DIRECTION('center_axis',(1.,0.,0.));
#11719=DIRECTION('ref_axis',(0.,1.,0.));
#11720=DIRECTION('',(0.,1.,0.));
#11721=DIRECTION('',(0.,1.,0.));
#11722=DIRECTION('',(0.,0.,1.));
#11723=DIRECTION('center_axis',(-2.1350442781253E-16,-1.,0.));
#11724=DIRECTION('ref_axis',(1.,-2.1350442781253E-16,0.));
#11725=DIRECTION('',(-1.,2.1350442781253E-16,0.));
#11726=DIRECTION('',(1.,-2.1350442781253E-16,0.));
#11727=DIRECTION('',(0.,0.,1.));
#11728=DIRECTION('center_axis',(-0.999999997791525,-6.64601357722542E-5,
0.));
#11729=DIRECTION('ref_axis',(6.64601357722542E-5,-0.999999997791525,0.));
#11730=DIRECTION('',(6.64601357722542E-5,-0.999999997791525,0.));
#11731=DIRECTION('',(6.64601357722542E-5,-0.999999997791525,0.));
#11732=DIRECTION('',(0.,0.,1.));
#11733=DIRECTION('center_axis',(0.,-1.,0.));
#11734=DIRECTION('ref_axis',(1.,0.,0.));
#11735=DIRECTION('',(1.,0.,0.));
#11736=DIRECTION('',(1.,0.,0.));
#11737=DIRECTION('',(0.,0.,1.));
#11738=DIRECTION('center_axis',(-1.,0.,0.));
#11739=DIRECTION('ref_axis',(0.,-1.,0.));
#11740=DIRECTION('',(0.,-1.,0.));
#11741=DIRECTION('',(0.,-1.,0.));
#11742=DIRECTION('',(0.,0.,1.));
#11743=DIRECTION('center_axis',(-6.38049428527669E-17,1.,0.));
#11744=DIRECTION('ref_axis',(-1.,-6.38049428527669E-17,0.));
#11745=DIRECTION('',(-1.,-6.38049428527669E-17,0.));
#11746=DIRECTION('',(-1.,-6.38049428527669E-17,0.));
#11747=DIRECTION('',(0.,0.,1.));
#11748=DIRECTION('center_axis',(-1.,0.,0.));
#11749=DIRECTION('ref_axis',(0.,-1.,0.));
#11750=DIRECTION('',(0.,-1.,0.));
#11751=DIRECTION('',(0.,-1.,0.));
#11752=DIRECTION('',(0.,0.,1.));
#11753=DIRECTION('center_axis',(-0.707106802259972,-0.707106760113122,0.));
#11754=DIRECTION('ref_axis',(0.707106760113122,-0.707106802259972,0.));
#11755=DIRECTION('',(0.707106760113122,-0.707106802259972,0.));
#11756=DIRECTION('',(0.707106760113122,-0.707106802259972,0.));
#11757=DIRECTION('',(0.,0.,1.));
#11758=DIRECTION('center_axis',(0.,-1.,0.));
#11759=DIRECTION('ref_axis',(1.,0.,0.));
#11760=DIRECTION('',(1.,0.,0.));
#11761=DIRECTION('',(1.,0.,0.));
#11762=DIRECTION('',(0.,0.,1.));
#11763=DIRECTION('center_axis',(0.707106825890387,-0.707106736482706,0.));
#11764=DIRECTION('ref_axis',(0.707106736482706,0.707106825890387,0.));
#11765=DIRECTION('',(0.707106736482706,0.707106825890387,0.));
#11766=DIRECTION('',(0.707106736482706,0.707106825890387,0.));
#11767=DIRECTION('',(0.,0.,1.));
#11768=DIRECTION('center_axis',(1.,0.,0.));
#11769=DIRECTION('ref_axis',(0.,1.,0.));
#11770=DIRECTION('',(0.,-1.,0.));
#11771=DIRECTION('',(0.,1.,0.));
#11772=DIRECTION('center_axis',(0.,0.,1.));
#11773=DIRECTION('ref_axis',(1.,0.,0.));
#11774=DIRECTION('center_axis',(0.,0.,1.));
#11775=DIRECTION('ref_axis',(1.,0.,0.));
#11776=DIRECTION('axis',(0.,0.,1.));
#11777=DIRECTION('refdir',(1.,0.,0.));
#11778=DIRECTION('axis',(0.,0.,1.));
#11779=DIRECTION('refdir',(1.,0.,0.));
#11780=DIRECTION('axis',(0.,0.,1.));
#11781=DIRECTION('refdir',(1.,0.,0.));
#11782=DIRECTION('center_axis',(1.,0.,0.));
#11783=DIRECTION('ref_axis',(0.,1.,0.));
#11784=DIRECTION('',(0.,1.,0.));
#11785=DIRECTION('',(0.,0.,1.));
#11786=DIRECTION('',(0.,1.,0.));
#11787=DIRECTION('',(0.,0.,1.));
#11788=DIRECTION('center_axis',(0.,1.,0.));
#11789=DIRECTION('ref_axis',(-1.,0.,0.));
#11790=DIRECTION('',(-1.,0.,0.));
#11791=DIRECTION('',(-1.,0.,0.));
#11792=DIRECTION('',(0.,0.,1.));
#11793=DIRECTION('center_axis',(-1.,0.,0.));
#11794=DIRECTION('ref_axis',(0.,-1.,0.));
#11795=DIRECTION('',(0.,-1.,0.));
#11796=DIRECTION('',(0.,-1.,0.));
#11797=DIRECTION('',(0.,0.,1.));
#11798=DIRECTION('center_axis',(0.,-1.,0.));
#11799=DIRECTION('ref_axis',(1.,0.,0.));
#11800=DIRECTION('',(1.,0.,0.));
#11801=DIRECTION('',(1.,0.,0.));
#11802=DIRECTION('center_axis',(0.,0.,1.));
#11803=DIRECTION('ref_axis',(1.,0.,0.));
#11804=DIRECTION('center_axis',(0.,0.,-1.));
#11805=DIRECTION('ref_axis',(1.,0.,0.));
#11806=DIRECTION('',(0.,0.,-1.));
#11807=DIRECTION('center_axis',(0.,0.,-1.));
#11808=DIRECTION('ref_axis',(1.,0.,0.));
#11809=DIRECTION('center_axis',(1.,0.,0.));
#11810=DIRECTION('ref_axis',(0.,1.,0.));
#11811=DIRECTION('',(0.,1.,0.));
#11812=DIRECTION('',(0.,0.,1.));
#11813=DIRECTION('',(0.,1.,0.));
#11814=DIRECTION('',(0.,0.,1.));
#11815=DIRECTION('center_axis',(0.,1.,0.));
#11816=DIRECTION('ref_axis',(-1.,0.,0.));
#11817=DIRECTION('',(-1.,0.,0.));
#11818=DIRECTION('',(-1.,0.,0.));
#11819=DIRECTION('',(0.,0.,1.));
#11820=DIRECTION('center_axis',(-1.,0.,0.));
#11821=DIRECTION('ref_axis',(0.,-1.,0.));
#11822=DIRECTION('',(0.,-1.,0.));
#11823=DIRECTION('',(0.,-1.,0.));
#11824=DIRECTION('',(0.,0.,1.));
#11825=DIRECTION('center_axis',(0.,-1.,0.));
#11826=DIRECTION('ref_axis',(1.,0.,0.));
#11827=DIRECTION('',(1.,0.,0.));
#11828=DIRECTION('',(1.,0.,0.));
#11829=DIRECTION('center_axis',(0.,1.,0.));
#11830=DIRECTION('ref_axis',(-1.,0.,0.));
#11831=DIRECTION('',(-1.,0.,0.));
#11832=DIRECTION('',(0.,0.,1.));
#11833=DIRECTION('',(-1.,0.,0.));
#11834=DIRECTION('',(0.,0.,1.));
#11835=DIRECTION('center_axis',(-1.,0.,0.));
#11836=DIRECTION('ref_axis',(0.,-1.,0.));
#11837=DIRECTION('',(0.,-1.,0.));
#11838=DIRECTION('',(0.,-1.,0.));
#11839=DIRECTION('',(0.,0.,1.));
#11840=DIRECTION('center_axis',(0.,-1.,0.));
#11841=DIRECTION('ref_axis',(1.,0.,0.));
#11842=DIRECTION('',(1.,0.,0.));
#11843=DIRECTION('',(1.,0.,0.));
#11844=DIRECTION('',(0.,0.,1.));
#11845=DIRECTION('center_axis',(1.,0.,0.));
#11846=DIRECTION('ref_axis',(0.,1.,0.));
#11847=DIRECTION('',(0.,1.,0.));
#11848=DIRECTION('',(0.,1.,0.));
#11849=DIRECTION('center_axis',(1.,0.,0.));
#11850=DIRECTION('ref_axis',(0.,1.,0.));
#11851=DIRECTION('',(0.,1.,0.));
#11852=DIRECTION('',(0.,0.,1.));
#11853=DIRECTION('',(0.,1.,0.));
#11854=DIRECTION('',(0.,0.,1.));
#11855=DIRECTION('center_axis',(0.,1.,0.));
#11856=DIRECTION('ref_axis',(-1.,0.,0.));
#11857=DIRECTION('',(-1.,0.,0.));
#11858=DIRECTION('',(-1.,0.,0.));
#11859=DIRECTION('',(0.,0.,1.));
#11860=DIRECTION('center_axis',(-1.,0.,0.));
#11861=DIRECTION('ref_axis',(0.,-1.,0.));
#11862=DIRECTION('',(0.,-1.,0.));
#11863=DIRECTION('',(0.,-1.,0.));
#11864=DIRECTION('',(0.,0.,1.));
#11865=DIRECTION('center_axis',(0.,-1.,0.));
#11866=DIRECTION('ref_axis',(1.,0.,0.));
#11867=DIRECTION('',(1.,0.,0.));
#11868=DIRECTION('',(1.,0.,0.));
#11869=DIRECTION('center_axis',(0.,1.,0.));
#11870=DIRECTION('ref_axis',(-1.,0.,0.));
#11871=DIRECTION('',(1.,0.,0.));
#11872=DIRECTION('',(0.,0.,1.));
#11873=DIRECTION('',(-1.,0.,0.));
#11874=DIRECTION('',(0.,0.,1.));
#11875=DIRECTION('center_axis',(1.,0.,0.));
#11876=DIRECTION('ref_axis',(0.,1.,0.));
#11877=DIRECTION('',(0.,-1.,0.));
#11878=DIRECTION('',(0.,1.,0.));
#11879=DIRECTION('',(0.,0.,1.));
#11880=DIRECTION('center_axis',(0.,-1.,0.));
#11881=DIRECTION('ref_axis',(1.,0.,0.));
#11882=DIRECTION('',(-1.,0.,0.));
#11883=DIRECTION('',(1.,0.,0.));
#11884=DIRECTION('',(0.,0.,1.));
#11885=DIRECTION('center_axis',(0.999999997791525,-6.64601357655929E-5,
0.));
#11886=DIRECTION('ref_axis',(6.64601357655929E-5,0.999999997791525,0.));
#11887=DIRECTION('',(-6.64601357655929E-5,-0.999999997791525,0.));
#11888=DIRECTION('',(6.64601357655929E-5,0.999999997791525,0.));
#11889=DIRECTION('',(0.,0.,1.));
#11890=DIRECTION('center_axis',(2.1350442781253E-16,-1.,0.));
#11891=DIRECTION('ref_axis',(1.,2.1350442781253E-16,0.));
#11892=DIRECTION('',(1.,2.1350442781253E-16,0.));
#11893=DIRECTION('',(1.,2.1350442781253E-16,0.));
#11894=DIRECTION('',(0.,0.,1.));
#11895=DIRECTION('center_axis',(-1.,-4.2700885562506E-16,0.));
#11896=DIRECTION('ref_axis',(4.2700885562506E-16,-1.,0.));
#11897=DIRECTION('',(-4.2700885562506E-16,1.,0.));
#11898=DIRECTION('',(4.2700885562506E-16,-1.,0.));
#11899=DIRECTION('',(0.,0.,1.));
#11900=DIRECTION('center_axis',(-6.64601357633723E-5,0.999999997791525,
0.));
#11901=DIRECTION('ref_axis',(-0.999999997791525,-6.64601357633723E-5,0.));
#11902=DIRECTION('',(-0.999999997791525,-6.64601357633723E-5,0.));
#11903=DIRECTION('',(-0.999999997791525,-6.64601357633723E-5,0.));
#11904=DIRECTION('',(0.,0.,1.));
#11905=DIRECTION('center_axis',(-1.,0.,0.));
#11906=DIRECTION('ref_axis',(0.,-1.,0.));
#11907=DIRECTION('',(0.,-1.,0.));
#11908=DIRECTION('',(0.,-1.,0.));
#11909=DIRECTION('',(0.,0.,1.));
#11910=DIRECTION('center_axis',(0.,1.,0.));
#11911=DIRECTION('ref_axis',(-1.,0.,0.));
#11912=DIRECTION('',(-1.,0.,0.));
#11913=DIRECTION('',(-1.,0.,0.));
#11914=DIRECTION('',(0.,0.,1.));
#11915=DIRECTION('center_axis',(1.,0.,0.));
#11916=DIRECTION('ref_axis',(0.,1.,0.));
#11917=DIRECTION('',(0.,1.,0.));
#11918=DIRECTION('',(0.,1.,0.));
#11919=DIRECTION('',(0.,0.,1.));
#11920=DIRECTION('center_axis',(0.,1.,0.));
#11921=DIRECTION('ref_axis',(-1.,0.,0.));
#11922=DIRECTION('',(-1.,0.,0.));
#11923=DIRECTION('',(-1.,0.,0.));
#11924=DIRECTION('',(0.,0.,1.));
#11925=DIRECTION('center_axis',(-0.70664832442394,0.707564940898599,0.));
#11926=DIRECTION('ref_axis',(-0.707564940898599,-0.70664832442394,0.));
#11927=DIRECTION('',(-0.707564940898599,-0.70664832442394,0.));
#11928=DIRECTION('',(-0.707564940898599,-0.70664832442394,0.));
#11929=DIRECTION('',(0.,0.,1.));
#11930=DIRECTION('center_axis',(-1.,0.,0.));
#11931=DIRECTION('ref_axis',(0.,-1.,0.));
#11932=DIRECTION('',(0.,-1.,0.));
#11933=DIRECTION('',(0.,-1.,0.));
#11934=DIRECTION('',(0.,0.,1.));
#11935=DIRECTION('center_axis',(-0.706648360828098,-0.707564904541599,0.));
#11936=DIRECTION('ref_axis',(0.707564904541599,-0.706648360828098,0.));
#11937=DIRECTION('',(0.707564904541599,-0.706648360828098,0.));
#11938=DIRECTION('',(0.707564904541599,-0.706648360828098,0.));
#11939=DIRECTION('',(0.,0.,1.));
#11940=DIRECTION('center_axis',(0.,-1.,0.));
#11941=DIRECTION('ref_axis',(1.,0.,0.));
#11942=DIRECTION('',(-1.,0.,0.));
#11943=DIRECTION('',(1.,0.,0.));
#11944=DIRECTION('',(0.,0.,1.));
#11945=DIRECTION('center_axis',(1.,0.,0.));
#11946=DIRECTION('ref_axis',(0.,1.,0.));
#11947=DIRECTION('',(0.,-1.,0.));
#11948=DIRECTION('',(0.,1.,0.));
#11949=DIRECTION('',(0.,0.,1.));
#11950=DIRECTION('center_axis',(0.,-1.,0.));
#11951=DIRECTION('ref_axis',(1.,0.,0.));
#11952=DIRECTION('',(-1.,0.,0.));
#11953=DIRECTION('',(1.,0.,0.));
#11954=DIRECTION('',(0.,0.,1.));
#11955=DIRECTION('center_axis',(-1.,0.,0.));
#11956=DIRECTION('ref_axis',(0.,-1.,0.));
#11957=DIRECTION('',(0.,1.,0.));
#11958=DIRECTION('',(0.,-1.,0.));
#11959=DIRECTION('',(0.,0.,1.));
#11960=DIRECTION('center_axis',(-6.64601357655928E-5,-0.999999997791525,
0.));
#11961=DIRECTION('ref_axis',(0.999999997791525,-6.64601357655928E-5,0.));
#11962=DIRECTION('',(-0.999999997791525,6.64601357655928E-5,0.));
#11963=DIRECTION('',(0.999999997791525,-6.64601357655928E-5,0.));
#11964=DIRECTION('',(0.,0.,1.));
#11965=DIRECTION('center_axis',(-1.,4.2700885562506E-16,0.));
#11966=DIRECTION('ref_axis',(-4.2700885562506E-16,-1.,0.));
#11967=DIRECTION('',(-4.2700885562506E-16,-1.,0.));
#11968=DIRECTION('',(-4.2700885562506E-16,-1.,0.));
#11969=DIRECTION('',(0.,0.,1.));
#11970=DIRECTION('center_axis',(0.,1.,0.));
#11971=DIRECTION('ref_axis',(-1.,0.,0.));
#11972=DIRECTION('',(1.,0.,0.));
#11973=DIRECTION('',(-1.,0.,0.));
#11974=DIRECTION('',(0.,0.,1.));
#11975=DIRECTION('center_axis',(0.999999997791525,6.64601357655928E-5,0.));
#11976=DIRECTION('ref_axis',(-6.64601357655928E-5,0.999999997791525,0.));
#11977=DIRECTION('',(-6.64601357655928E-5,0.999999997791525,0.));
#11978=DIRECTION('',(-6.64601357655928E-5,0.999999997791525,0.));
#11979=DIRECTION('',(0.,0.,1.));
#11980=DIRECTION('center_axis',(0.,1.,0.));
#11981=DIRECTION('ref_axis',(-1.,0.,0.));
#11982=DIRECTION('',(-1.,0.,0.));
#11983=DIRECTION('',(-1.,0.,0.));
#11984=DIRECTION('',(0.,0.,1.));
#11985=DIRECTION('center_axis',(1.,0.,0.));
#11986=DIRECTION('ref_axis',(0.,1.,0.));
#11987=DIRECTION('',(0.,1.,0.));
#11988=DIRECTION('',(0.,1.,0.));
#11989=DIRECTION('',(0.,0.,1.));
#11990=DIRECTION('center_axis',(0.,-1.,0.));
#11991=DIRECTION('ref_axis',(1.,0.,0.));
#11992=DIRECTION('',(1.,0.,0.));
#11993=DIRECTION('',(1.,0.,0.));
#11994=DIRECTION('',(0.,0.,1.));
#11995=DIRECTION('center_axis',(1.,0.,0.));
#11996=DIRECTION('ref_axis',(0.,1.,0.));
#11997=DIRECTION('',(0.,1.,0.));
#11998=DIRECTION('',(0.,1.,0.));
#11999=DIRECTION('',(0.,0.,1.));
#12000=DIRECTION('center_axis',(0.706648360823206,0.707564904546484,0.));
#12001=DIRECTION('ref_axis',(-0.707564904546484,0.706648360823206,0.));
#12002=DIRECTION('',(-0.707564904546484,0.706648360823206,0.));
#12003=DIRECTION('',(-0.707564904546484,0.706648360823206,0.));
#12004=DIRECTION('',(0.,0.,1.));
#12005=DIRECTION('center_axis',(0.,1.,0.));
#12006=DIRECTION('ref_axis',(-1.,0.,0.));
#12007=DIRECTION('',(-1.,0.,0.));
#12008=DIRECTION('',(-1.,0.,0.));
#12009=DIRECTION('',(0.,0.,1.));
#12010=DIRECTION('center_axis',(-0.707106838593454,0.707106723779637,0.));
#12011=DIRECTION('ref_axis',(-0.707106723779637,-0.707106838593454,0.));
#12012=DIRECTION('',(-0.707106723779637,-0.707106838593454,0.));
#12013=DIRECTION('',(-0.707106723779637,-0.707106838593454,0.));
#12014=DIRECTION('',(0.,0.,1.));
#12015=DIRECTION('center_axis',(-1.,0.,0.));
#12016=DIRECTION('ref_axis',(0.,-1.,0.));
#12017=DIRECTION('',(0.,1.,0.));
#12018=DIRECTION('',(0.,-1.,0.));
#12019=DIRECTION('',(0.,0.,1.));
#12020=DIRECTION('center_axis',(0.,-1.,0.));
#12021=DIRECTION('ref_axis',(1.,0.,0.));
#12022=DIRECTION('',(-1.,0.,0.));
#12023=DIRECTION('',(1.,0.,0.));
#12024=DIRECTION('',(0.,0.,1.));
#12025=DIRECTION('center_axis',(-1.,0.,0.));
#12026=DIRECTION('ref_axis',(0.,-1.,0.));
#12027=DIRECTION('',(0.,1.,0.));
#12028=DIRECTION('',(0.,-1.,0.));
#12029=DIRECTION('',(0.,0.,1.));
#12030=DIRECTION('center_axis',(0.,1.,0.));
#12031=DIRECTION('ref_axis',(-1.,0.,0.));
#12032=DIRECTION('',(1.,0.,0.));
#12033=DIRECTION('',(-1.,0.,0.));
#12034=DIRECTION('',(0.,0.,1.));
#12035=DIRECTION('center_axis',(-0.999999997791525,6.64601357722541E-5,
0.));
#12036=DIRECTION('ref_axis',(-6.64601357722541E-5,-0.999999997791525,0.));
#12037=DIRECTION('',(6.64601357722541E-5,0.999999997791525,0.));
#12038=DIRECTION('',(-6.64601357722541E-5,-0.999999997791525,0.));
#12039=DIRECTION('',(0.,0.,1.));
#12040=DIRECTION('center_axis',(0.,1.,0.));
#12041=DIRECTION('ref_axis',(-1.,0.,0.));
#12042=DIRECTION('',(-1.,0.,0.));
#12043=DIRECTION('',(-1.,0.,0.));
#12044=DIRECTION('',(0.,0.,1.));
#12045=DIRECTION('center_axis',(1.,0.,0.));
#12046=DIRECTION('ref_axis',(0.,1.,0.));
#12047=DIRECTION('',(0.,-1.,0.));
#12048=DIRECTION('',(0.,1.,0.));
#12049=DIRECTION('',(0.,0.,1.));
#12050=DIRECTION('center_axis',(6.64601357655928E-5,-0.999999997791525,
0.));
#12051=DIRECTION('ref_axis',(0.999999997791525,6.64601357655928E-5,0.));
#12052=DIRECTION('',(0.999999997791525,6.64601357655928E-5,0.));
#12053=DIRECTION('',(0.999999997791525,6.64601357655928E-5,0.));
#12054=DIRECTION('',(0.,0.,1.));
#12055=DIRECTION('center_axis',(1.,0.,0.));
#12056=DIRECTION('ref_axis',(0.,1.,0.));
#12057=DIRECTION('',(0.,1.,0.));
#12058=DIRECTION('',(0.,1.,0.));
#12059=DIRECTION('',(0.,0.,1.));
#12060=DIRECTION('center_axis',(0.,-1.,0.));
#12061=DIRECTION('ref_axis',(1.,0.,0.));
#12062=DIRECTION('',(1.,0.,0.));
#12063=DIRECTION('',(1.,0.,0.));
#12064=DIRECTION('',(0.,0.,1.));
#12065=DIRECTION('center_axis',(-1.,0.,0.));
#12066=DIRECTION('ref_axis',(0.,-1.,0.));
#12067=DIRECTION('',(0.,-1.,0.));
#12068=DIRECTION('',(0.,-1.,0.));
#12069=DIRECTION('',(0.,0.,1.));
#12070=DIRECTION('center_axis',(0.,-1.,0.));
#12071=DIRECTION('ref_axis',(1.,0.,0.));
#12072=DIRECTION('',(-1.,0.,0.));
#12073=DIRECTION('',(1.,0.,0.));
#12074=DIRECTION('',(0.,0.,1.));
#12075=DIRECTION('center_axis',(0.707106838640589,-0.707106723732502,0.));
#12076=DIRECTION('ref_axis',(0.707106723732502,0.707106838640589,0.));
#12077=DIRECTION('',(-0.707106723732502,-0.707106838640589,0.));
#12078=DIRECTION('',(0.707106723732502,0.707106838640589,0.));
#12079=DIRECTION('',(0.,0.,1.));
#12080=DIRECTION('center_axis',(1.,0.,0.));
#12081=DIRECTION('ref_axis',(0.,1.,0.));
#12082=DIRECTION('',(0.,1.,0.));
#12083=DIRECTION('',(0.,1.,0.));
#12084=DIRECTION('',(0.,0.,1.));
#12085=DIRECTION('center_axis',(0.707106802259971,0.707106760113123,0.));
#12086=DIRECTION('ref_axis',(-0.707106760113123,0.707106802259971,0.));
#12087=DIRECTION('',(0.707106760113123,-0.707106802259971,0.));
#12088=DIRECTION('',(-0.707106760113123,0.707106802259971,0.));
#12089=DIRECTION('',(0.,0.,1.));
#12090=DIRECTION('center_axis',(0.,1.,0.));
#12091=DIRECTION('ref_axis',(-1.,0.,0.));
#12092=DIRECTION('',(1.,0.,0.));
#12093=DIRECTION('',(-1.,0.,0.));
#12094=DIRECTION('',(0.,0.,1.));
#12095=DIRECTION('center_axis',(-1.,0.,0.));
#12096=DIRECTION('ref_axis',(0.,-1.,0.));
#12097=DIRECTION('',(0.,1.,0.));
#12098=DIRECTION('',(0.,-1.,0.));
#12099=DIRECTION('',(0.,0.,1.));
#12100=DIRECTION('center_axis',(0.,1.,0.));
#12101=DIRECTION('ref_axis',(-1.,0.,0.));
#12102=DIRECTION('',(1.,0.,0.));
#12103=DIRECTION('',(-1.,0.,0.));
#12104=DIRECTION('',(0.,0.,1.));
#12105=DIRECTION('center_axis',(1.,0.,0.));
#12106=DIRECTION('ref_axis',(0.,1.,0.));
#12107=DIRECTION('',(0.,-1.,0.));
#12108=DIRECTION('',(0.,1.,0.));
#12109=DIRECTION('',(0.,0.,1.));
#12110=DIRECTION('center_axis',(6.64601357633723E-5,0.999999997791525,0.));
#12111=DIRECTION('ref_axis',(-0.999999997791525,6.64601357633723E-5,0.));
#12112=DIRECTION('',(0.999999997791525,-6.64601357633723E-5,0.));
#12113=DIRECTION('',(-0.999999997791525,6.64601357633723E-5,0.));
#12114=DIRECTION('',(0.,0.,1.));
#12115=DIRECTION('center_axis',(1.,-2.99470083485456E-8,0.));
#12116=DIRECTION('ref_axis',(2.99470083485456E-8,1.,0.));
#12117=DIRECTION('',(2.99470083485456E-8,1.,0.));
#12118=DIRECTION('',(2.99470083485456E-8,1.,0.));
#12119=DIRECTION('',(0.,0.,1.));
#12120=DIRECTION('center_axis',(2.98023161704457E-8,1.,0.));
#12121=DIRECTION('ref_axis',(-1.,2.98023161704457E-8,0.));
#12122=DIRECTION('',(-1.,2.98023161704457E-8,0.));
#12123=DIRECTION('',(-1.,2.98023161704457E-8,0.));
#12124=DIRECTION('',(0.,0.,1.));
#12125=DIRECTION('center_axis',(1.,0.,0.));
#12126=DIRECTION('ref_axis',(0.,1.,0.));
#12127=DIRECTION('',(0.,1.,0.));
#12128=DIRECTION('',(0.,1.,0.));
#12129=DIRECTION('',(0.,0.,1.));
#12130=DIRECTION('center_axis',(-2.1350442781253E-16,-1.,0.));
#12131=DIRECTION('ref_axis',(1.,-2.1350442781253E-16,0.));
#12132=DIRECTION('',(-1.,2.1350442781253E-16,0.));
#12133=DIRECTION('',(1.,-2.1350442781253E-16,0.));
#12134=DIRECTION('',(0.,0.,1.));
#12135=DIRECTION('center_axis',(-0.999999997791525,-6.64601357722542E-5,
0.));
#12136=DIRECTION('ref_axis',(6.64601357722542E-5,-0.999999997791525,0.));
#12137=DIRECTION('',(6.64601357722542E-5,-0.999999997791525,0.));
#12138=DIRECTION('',(6.64601357722542E-5,-0.999999997791525,0.));
#12139=DIRECTION('',(0.,0.,1.));
#12140=DIRECTION('center_axis',(0.,-1.,0.));
#12141=DIRECTION('ref_axis',(1.,0.,0.));
#12142=DIRECTION('',(1.,0.,0.));
#12143=DIRECTION('',(1.,0.,0.));
#12144=DIRECTION('',(0.,0.,1.));
#12145=DIRECTION('center_axis',(-1.,0.,0.));
#12146=DIRECTION('ref_axis',(0.,-1.,0.));
#12147=DIRECTION('',(0.,-1.,0.));
#12148=DIRECTION('',(0.,-1.,0.));
#12149=DIRECTION('',(0.,0.,1.));
#12150=DIRECTION('center_axis',(-6.38049428527669E-17,1.,0.));
#12151=DIRECTION('ref_axis',(-1.,-6.38049428527669E-17,0.));
#12152=DIRECTION('',(-1.,-6.38049428527669E-17,0.));
#12153=DIRECTION('',(-1.,-6.38049428527669E-17,0.));
#12154=DIRECTION('',(0.,0.,1.));
#12155=DIRECTION('center_axis',(-1.,0.,0.));
#12156=DIRECTION('ref_axis',(0.,-1.,0.));
#12157=DIRECTION('',(0.,-1.,0.));
#12158=DIRECTION('',(0.,-1.,0.));
#12159=DIRECTION('',(0.,0.,1.));
#12160=DIRECTION('center_axis',(-0.707106802259972,-0.707106760113122,0.));
#12161=DIRECTION('ref_axis',(0.707106760113122,-0.707106802259972,0.));
#12162=DIRECTION('',(0.707106760113122,-0.707106802259972,0.));
#12163=DIRECTION('',(0.707106760113122,-0.707106802259972,0.));
#12164=DIRECTION('',(0.,0.,1.));
#12165=DIRECTION('center_axis',(0.,-1.,0.));
#12166=DIRECTION('ref_axis',(1.,0.,0.));
#12167=DIRECTION('',(1.,0.,0.));
#12168=DIRECTION('',(1.,0.,0.));
#12169=DIRECTION('',(0.,0.,1.));
#12170=DIRECTION('center_axis',(0.707106825890387,-0.707106736482706,0.));
#12171=DIRECTION('ref_axis',(0.707106736482706,0.707106825890387,0.));
#12172=DIRECTION('',(0.707106736482706,0.707106825890387,0.));
#12173=DIRECTION('',(0.707106736482706,0.707106825890387,0.));
#12174=DIRECTION('',(0.,0.,1.));
#12175=DIRECTION('center_axis',(1.,0.,0.));
#12176=DIRECTION('ref_axis',(0.,1.,0.));
#12177=DIRECTION('',(0.,-1.,0.));
#12178=DIRECTION('',(0.,1.,0.));
#12179=DIRECTION('center_axis',(0.,0.,1.));
#12180=DIRECTION('ref_axis',(1.,0.,0.));
#12181=DIRECTION('center_axis',(0.,0.,1.));
#12182=DIRECTION('ref_axis',(1.,0.,0.));
#12183=DIRECTION('',(0.,1.43492962746861E-42,1.));
#12184=DIRECTION('',(1.,1.29246970711411E-26,0.));
#12185=DIRECTION('',(0.,0.,1.));
#12186=DIRECTION('',(1.,0.,0.));
#12187=DIRECTION('axis',(0.,0.,1.));
#12188=DIRECTION('refdir',(1.,0.,0.));
#12189=DIRECTION('center_axis',(-1.,0.,0.));
#12190=DIRECTION('ref_axis',(0.,-1.,0.));
#12191=DIRECTION('',(0.,-1.,0.));
#12192=DIRECTION('',(0.,0.,1.));
#12193=DIRECTION('',(0.,-1.,0.));
#12194=DIRECTION('',(0.,0.,1.));
#12195=DIRECTION('center_axis',(0.,-1.,0.));
#12196=DIRECTION('ref_axis',(1.,0.,0.));
#12197=DIRECTION('',(1.,0.,0.));
#12198=DIRECTION('',(1.,0.,0.));
#12199=DIRECTION('',(0.,0.,1.));
#12200=DIRECTION('center_axis',(1.,0.,0.));
#12201=DIRECTION('ref_axis',(0.,1.,0.));
#12202=DIRECTION('',(0.,1.,0.));
#12203=DIRECTION('',(0.,1.,0.));
#12204=DIRECTION('',(0.,0.,1.));
#12205=DIRECTION('center_axis',(0.,1.,0.));
#12206=DIRECTION('ref_axis',(-1.,0.,0.));
#12207=DIRECTION('',(-1.,0.,0.));
#12208=DIRECTION('',(-1.,0.,0.));
#12209=DIRECTION('center_axis',(1.,0.,0.));
#12210=DIRECTION('ref_axis',(0.,1.,0.));
#12211=DIRECTION('',(0.,1.,0.));
#12212=DIRECTION('',(0.,0.,1.));
#12213=DIRECTION('',(0.,1.,0.));
#12214=DIRECTION('',(0.,0.,1.));
#12215=DIRECTION('center_axis',(0.,1.,0.));
#12216=DIRECTION('ref_axis',(-1.,0.,0.));
#12217=DIRECTION('',(-1.,0.,0.));
#12218=DIRECTION('',(-1.,0.,0.));
#12219=DIRECTION('',(0.,0.,1.));
#12220=DIRECTION('center_axis',(-1.,0.,0.));
#12221=DIRECTION('ref_axis',(0.,-1.,0.));
#12222=DIRECTION('',(0.,-1.,0.));
#12223=DIRECTION('',(0.,-1.,0.));
#12224=DIRECTION('',(0.,0.,1.));
#12225=DIRECTION('center_axis',(0.,-1.,0.));
#12226=DIRECTION('ref_axis',(1.,0.,0.));
#12227=DIRECTION('',(1.,0.,0.));
#12228=DIRECTION('',(1.,0.,0.));
#12229=DIRECTION('center_axis',(0.,-1.,0.));
#12230=DIRECTION('ref_axis',(1.,0.,0.));
#12231=DIRECTION('',(1.,0.,0.));
#12232=DIRECTION('',(0.,0.,1.));
#12233=DIRECTION('',(1.,0.,0.));
#12234=DIRECTION('',(0.,0.,1.));
#12235=DIRECTION('center_axis',(1.,0.,0.));
#12236=DIRECTION('ref_axis',(0.,1.,0.));
#12237=DIRECTION('',(0.,1.,0.));
#12238=DIRECTION('',(0.,1.,0.));
#12239=DIRECTION('',(0.,0.,1.));
#12240=DIRECTION('center_axis',(0.,1.,0.));
#12241=DIRECTION('ref_axis',(-1.,0.,0.));
#12242=DIRECTION('',(-1.,0.,0.));
#12243=DIRECTION('',(-1.,0.,0.));
#12244=DIRECTION('',(0.,0.,1.));
#12245=DIRECTION('center_axis',(-1.,0.,0.));
#12246=DIRECTION('ref_axis',(0.,-1.,0.));
#12247=DIRECTION('',(0.,-1.,0.));
#12248=DIRECTION('',(0.,-1.,0.));
#12249=DIRECTION('center_axis',(1.,0.,0.));
#12250=DIRECTION('ref_axis',(0.,1.,0.));
#12251=DIRECTION('',(0.,1.,0.));
#12252=DIRECTION('',(0.,0.,1.));
#12253=DIRECTION('',(0.,1.,0.));
#12254=DIRECTION('',(0.,0.,1.));
#12255=DIRECTION('center_axis',(0.,1.,0.));
#12256=DIRECTION('ref_axis',(-1.,0.,0.));
#12257=DIRECTION('',(-1.,0.,0.));
#12258=DIRECTION('',(-1.,0.,0.));
#12259=DIRECTION('',(0.,0.,1.));
#12260=DIRECTION('center_axis',(-1.,0.,0.));
#12261=DIRECTION('ref_axis',(0.,-1.,0.));
#12262=DIRECTION('',(0.,-1.,0.));
#12263=DIRECTION('',(0.,-1.,0.));
#12264=DIRECTION('',(0.,0.,1.));
#12265=DIRECTION('center_axis',(0.,-1.,0.));
#12266=DIRECTION('ref_axis',(1.,0.,0.));
#12267=DIRECTION('',(1.,0.,0.));
#12268=DIRECTION('',(1.,0.,0.));
#12269=DIRECTION('center_axis',(0.,0.,1.));
#12270=DIRECTION('ref_axis',(1.,0.,0.));
#12271=DIRECTION('center_axis',(0.,0.,-1.));
#12272=DIRECTION('ref_axis',(1.,0.,0.));
#12273=DIRECTION('',(0.,0.,-1.));
#12274=DIRECTION('center_axis',(0.,0.,-1.));
#12275=DIRECTION('ref_axis',(1.,0.,0.));
#12276=DIRECTION('center_axis',(0.,1.,0.));
#12277=DIRECTION('ref_axis',(-1.,0.,0.));
#12278=DIRECTION('',(1.,0.,0.));
#12279=DIRECTION('',(0.,0.,1.));
#12280=DIRECTION('',(-1.,0.,0.));
#12281=DIRECTION('',(0.,0.,1.));
#12282=DIRECTION('center_axis',(1.,0.,0.));
#12283=DIRECTION('ref_axis',(0.,1.,0.));
#12284=DIRECTION('',(0.,-1.,0.));
#12285=DIRECTION('',(0.,1.,0.));
#12286=DIRECTION('',(0.,0.,1.));
#12287=DIRECTION('center_axis',(0.,-1.,0.));
#12288=DIRECTION('ref_axis',(1.,0.,0.));
#12289=DIRECTION('',(-1.,0.,0.));
#12290=DIRECTION('',(1.,0.,0.));
#12291=DIRECTION('',(0.,0.,1.));
#12292=DIRECTION('center_axis',(0.999999997791525,-6.64601357655929E-5,
0.));
#12293=DIRECTION('ref_axis',(6.64601357655929E-5,0.999999997791525,0.));
#12294=DIRECTION('',(-6.64601357655929E-5,-0.999999997791525,0.));
#12295=DIRECTION('',(6.64601357655929E-5,0.999999997791525,0.));
#12296=DIRECTION('',(0.,0.,1.));
#12297=DIRECTION('center_axis',(2.1350442781253E-16,-1.,0.));
#12298=DIRECTION('ref_axis',(1.,2.1350442781253E-16,0.));
#12299=DIRECTION('',(1.,2.1350442781253E-16,0.));
#12300=DIRECTION('',(1.,2.1350442781253E-16,0.));
#12301=DIRECTION('',(0.,0.,1.));
#12302=DIRECTION('center_axis',(-1.,-4.2700885562506E-16,0.));
#12303=DIRECTION('ref_axis',(4.2700885562506E-16,-1.,0.));
#12304=DIRECTION('',(-4.2700885562506E-16,1.,0.));
#12305=DIRECTION('',(4.2700885562506E-16,-1.,0.));
#12306=DIRECTION('',(0.,0.,1.));
#12307=DIRECTION('center_axis',(-6.64601357633723E-5,0.999999997791525,
0.));
#12308=DIRECTION('ref_axis',(-0.999999997791525,-6.64601357633723E-5,0.));
#12309=DIRECTION('',(-0.999999997791525,-6.64601357633723E-5,0.));
#12310=DIRECTION('',(-0.999999997791525,-6.64601357633723E-5,0.));
#12311=DIRECTION('',(0.,0.,1.));
#12312=DIRECTION('center_axis',(-1.,0.,0.));
#12313=DIRECTION('ref_axis',(0.,-1.,0.));
#12314=DIRECTION('',(0.,-1.,0.));
#12315=DIRECTION('',(0.,-1.,0.));
#12316=DIRECTION('',(0.,0.,1.));
#12317=DIRECTION('center_axis',(0.,1.,0.));
#12318=DIRECTION('ref_axis',(-1.,0.,0.));
#12319=DIRECTION('',(-1.,0.,0.));
#12320=DIRECTION('',(-1.,0.,0.));
#12321=DIRECTION('',(0.,0.,1.));
#12322=DIRECTION('center_axis',(1.,0.,0.));
#12323=DIRECTION('ref_axis',(0.,1.,0.));
#12324=DIRECTION('',(0.,1.,0.));
#12325=DIRECTION('',(0.,1.,0.));
#12326=DIRECTION('',(0.,0.,1.));
#12327=DIRECTION('center_axis',(0.,1.,0.));
#12328=DIRECTION('ref_axis',(-1.,0.,0.));
#12329=DIRECTION('',(-1.,0.,0.));
#12330=DIRECTION('',(-1.,0.,0.));
#12331=DIRECTION('',(0.,0.,1.));
#12332=DIRECTION('center_axis',(-0.70664832442394,0.707564940898599,0.));
#12333=DIRECTION('ref_axis',(-0.707564940898599,-0.70664832442394,0.));
#12334=DIRECTION('',(-0.707564940898599,-0.70664832442394,0.));
#12335=DIRECTION('',(-0.707564940898599,-0.70664832442394,0.));
#12336=DIRECTION('',(0.,0.,1.));
#12337=DIRECTION('center_axis',(-1.,0.,0.));
#12338=DIRECTION('ref_axis',(0.,-1.,0.));
#12339=DIRECTION('',(0.,-1.,0.));
#12340=DIRECTION('',(0.,-1.,0.));
#12341=DIRECTION('',(0.,0.,1.));
#12342=DIRECTION('center_axis',(-0.706648360828098,-0.707564904541599,0.));
#12343=DIRECTION('ref_axis',(0.707564904541599,-0.706648360828098,0.));
#12344=DIRECTION('',(0.707564904541599,-0.706648360828098,0.));
#12345=DIRECTION('',(0.707564904541599,-0.706648360828098,0.));
#12346=DIRECTION('',(0.,0.,1.));
#12347=DIRECTION('center_axis',(0.,-1.,0.));
#12348=DIRECTION('ref_axis',(1.,0.,0.));
#12349=DIRECTION('',(-1.,0.,0.));
#12350=DIRECTION('',(1.,0.,0.));
#12351=DIRECTION('',(0.,0.,1.));
#12352=DIRECTION('center_axis',(1.,0.,0.));
#12353=DIRECTION('ref_axis',(0.,1.,0.));
#12354=DIRECTION('',(0.,-1.,0.));
#12355=DIRECTION('',(0.,1.,0.));
#12356=DIRECTION('',(0.,0.,1.));
#12357=DIRECTION('center_axis',(0.,-1.,0.));
#12358=DIRECTION('ref_axis',(1.,0.,0.));
#12359=DIRECTION('',(-1.,0.,0.));
#12360=DIRECTION('',(1.,0.,0.));
#12361=DIRECTION('',(0.,0.,1.));
#12362=DIRECTION('center_axis',(-1.,0.,0.));
#12363=DIRECTION('ref_axis',(0.,-1.,0.));
#12364=DIRECTION('',(0.,1.,0.));
#12365=DIRECTION('',(0.,-1.,0.));
#12366=DIRECTION('',(0.,0.,1.));
#12367=DIRECTION('center_axis',(-6.64601357633723E-5,-0.999999997791525,
0.));
#12368=DIRECTION('ref_axis',(0.999999997791525,-6.64601357633723E-5,0.));
#12369=DIRECTION('',(-0.999999997791525,6.64601357633723E-5,0.));
#12370=DIRECTION('',(0.999999997791525,-6.64601357633723E-5,0.));
#12371=DIRECTION('',(0.,0.,1.));
#12372=DIRECTION('center_axis',(-1.,4.2700885562506E-16,0.));
#12373=DIRECTION('ref_axis',(-4.2700885562506E-16,-1.,0.));
#12374=DIRECTION('',(-4.2700885562506E-16,-1.,0.));
#12375=DIRECTION('',(-4.2700885562506E-16,-1.,0.));
#12376=DIRECTION('',(0.,0.,1.));
#12377=DIRECTION('center_axis',(4.2700885562506E-16,1.,0.));
#12378=DIRECTION('ref_axis',(-1.,4.2700885562506E-16,0.));
#12379=DIRECTION('',(1.,-4.2700885562506E-16,0.));
#12380=DIRECTION('',(-1.,4.2700885562506E-16,0.));
#12381=DIRECTION('',(0.,0.,1.));
#12382=DIRECTION('center_axis',(0.999999997791525,6.64601357655931E-5,0.));
#12383=DIRECTION('ref_axis',(-6.64601357655931E-5,0.999999997791525,0.));
#12384=DIRECTION('',(-6.64601357655931E-5,0.999999997791525,0.));
#12385=DIRECTION('',(-6.64601357655931E-5,0.999999997791525,0.));
#12386=DIRECTION('',(0.,0.,1.));
#12387=DIRECTION('center_axis',(0.,1.,0.));
#12388=DIRECTION('ref_axis',(-1.,0.,0.));
#12389=DIRECTION('',(-1.,0.,0.));
#12390=DIRECTION('',(-1.,0.,0.));
#12391=DIRECTION('',(0.,0.,1.));
#12392=DIRECTION('center_axis',(1.,0.,0.));
#12393=DIRECTION('ref_axis',(0.,1.,0.));
#12394=DIRECTION('',(0.,1.,0.));
#12395=DIRECTION('',(0.,1.,0.));
#12396=DIRECTION('',(0.,0.,1.));
#12397=DIRECTION('center_axis',(0.,-1.,0.));
#12398=DIRECTION('ref_axis',(1.,0.,0.));
#12399=DIRECTION('',(1.,0.,0.));
#12400=DIRECTION('',(1.,0.,0.));
#12401=DIRECTION('',(0.,0.,1.));
#12402=DIRECTION('center_axis',(1.,0.,0.));
#12403=DIRECTION('ref_axis',(0.,1.,0.));
#12404=DIRECTION('',(0.,1.,0.));
#12405=DIRECTION('',(0.,1.,0.));
#12406=DIRECTION('',(0.,0.,1.));
#12407=DIRECTION('center_axis',(0.706648360823207,0.707564904546484,0.));
#12408=DIRECTION('ref_axis',(-0.707564904546484,0.706648360823207,0.));
#12409=DIRECTION('',(-0.707564904546484,0.706648360823207,0.));
#12410=DIRECTION('',(-0.707564904546484,0.706648360823207,0.));
#12411=DIRECTION('',(0.,0.,1.));
#12412=DIRECTION('center_axis',(0.,1.,0.));
#12413=DIRECTION('ref_axis',(-1.,0.,0.));
#12414=DIRECTION('',(-1.,0.,0.));
#12415=DIRECTION('',(-1.,0.,0.));
#12416=DIRECTION('',(0.,0.,1.));
#12417=DIRECTION('center_axis',(-0.707106838593454,0.707106723779637,0.));
#12418=DIRECTION('ref_axis',(-0.707106723779637,-0.707106838593454,0.));
#12419=DIRECTION('',(-0.707106723779637,-0.707106838593454,0.));
#12420=DIRECTION('',(-0.707106723779637,-0.707106838593454,0.));
#12421=DIRECTION('',(0.,0.,1.));
#12422=DIRECTION('center_axis',(-1.,0.,0.));
#12423=DIRECTION('ref_axis',(0.,-1.,0.));
#12424=DIRECTION('',(0.,1.,0.));
#12425=DIRECTION('',(0.,-1.,0.));
#12426=DIRECTION('',(0.,0.,1.));
#12427=DIRECTION('center_axis',(0.,-1.,0.));
#12428=DIRECTION('ref_axis',(1.,0.,0.));
#12429=DIRECTION('',(-1.,0.,0.));
#12430=DIRECTION('',(1.,0.,0.));
#12431=DIRECTION('',(0.,0.,1.));
#12432=DIRECTION('center_axis',(-1.,0.,0.));
#12433=DIRECTION('ref_axis',(0.,-1.,0.));
#12434=DIRECTION('',(0.,1.,0.));
#12435=DIRECTION('',(0.,-1.,0.));
#12436=DIRECTION('',(0.,0.,1.));
#12437=DIRECTION('center_axis',(0.,1.,0.));
#12438=DIRECTION('ref_axis',(-1.,0.,0.));
#12439=DIRECTION('',(1.,0.,0.));
#12440=DIRECTION('',(-1.,0.,0.));
#12441=DIRECTION('',(0.,0.,1.));
#12442=DIRECTION('center_axis',(-0.999999997791525,6.64601357655931E-5,
0.));
#12443=DIRECTION('ref_axis',(-6.64601357655931E-5,-0.999999997791525,0.));
#12444=DIRECTION('',(6.64601357655931E-5,0.999999997791525,0.));
#12445=DIRECTION('',(-6.64601357655931E-5,-0.999999997791525,0.));
#12446=DIRECTION('',(0.,0.,1.));
#12447=DIRECTION('center_axis',(-4.2700885562506E-16,1.,0.));
#12448=DIRECTION('ref_axis',(-1.,-4.2700885562506E-16,0.));
#12449=DIRECTION('',(-1.,-4.2700885562506E-16,0.));
#12450=DIRECTION('',(-1.,-4.2700885562506E-16,0.));
#12451=DIRECTION('',(0.,0.,1.));
#12452=DIRECTION('center_axis',(1.,4.2700885562506E-16,0.));
#12453=DIRECTION('ref_axis',(-4.2700885562506E-16,1.,0.));
#12454=DIRECTION('',(4.2700885562506E-16,-1.,0.));
#12455=DIRECTION('',(-4.2700885562506E-16,1.,0.));
#12456=DIRECTION('',(0.,0.,1.));
#12457=DIRECTION('center_axis',(6.64601357633723E-5,-0.999999997791525,
0.));
#12458=DIRECTION('ref_axis',(0.999999997791525,6.64601357633723E-5,0.));
#12459=DIRECTION('',(0.999999997791525,6.64601357633723E-5,0.));
#12460=DIRECTION('',(0.999999997791525,6.64601357633723E-5,0.));
#12461=DIRECTION('',(0.,0.,1.));
#12462=DIRECTION('center_axis',(1.,0.,0.));
#12463=DIRECTION('ref_axis',(0.,1.,0.));
#12464=DIRECTION('',(0.,1.,0.));
#12465=DIRECTION('',(0.,1.,0.));
#12466=DIRECTION('',(0.,0.,1.));
#12467=DIRECTION('center_axis',(0.,-1.,0.));
#12468=DIRECTION('ref_axis',(1.,0.,0.));
#12469=DIRECTION('',(1.,0.,0.));
#12470=DIRECTION('',(1.,0.,0.));
#12471=DIRECTION('',(0.,0.,1.));
#12472=DIRECTION('center_axis',(-1.,0.,0.));
#12473=DIRECTION('ref_axis',(0.,-1.,0.));
#12474=DIRECTION('',(0.,-1.,0.));
#12475=DIRECTION('',(0.,-1.,0.));
#12476=DIRECTION('',(0.,0.,1.));
#12477=DIRECTION('center_axis',(0.,-1.,0.));
#12478=DIRECTION('ref_axis',(1.,0.,0.));
#12479=DIRECTION('',(-1.,0.,0.));
#12480=DIRECTION('',(1.,0.,0.));
#12481=DIRECTION('',(0.,0.,1.));
#12482=DIRECTION('center_axis',(0.70710683864059,-0.707106723732501,0.));
#12483=DIRECTION('ref_axis',(0.707106723732501,0.70710683864059,0.));
#12484=DIRECTION('',(-0.707106723732501,-0.70710683864059,0.));
#12485=DIRECTION('',(0.707106723732501,0.70710683864059,0.));
#12486=DIRECTION('',(0.,0.,1.));
#12487=DIRECTION('center_axis',(1.,0.,0.));
#12488=DIRECTION('ref_axis',(0.,1.,0.));
#12489=DIRECTION('',(0.,1.,0.));
#12490=DIRECTION('',(0.,1.,0.));
#12491=DIRECTION('',(0.,0.,1.));
#12492=DIRECTION('center_axis',(0.707106802259972,0.707106760113123,0.));
#12493=DIRECTION('ref_axis',(-0.707106760113123,0.707106802259972,0.));
#12494=DIRECTION('',(0.707106760113123,-0.707106802259972,0.));
#12495=DIRECTION('',(-0.707106760113123,0.707106802259972,0.));
#12496=DIRECTION('',(0.,0.,1.));
#12497=DIRECTION('center_axis',(0.,1.,0.));
#12498=DIRECTION('ref_axis',(-1.,0.,0.));
#12499=DIRECTION('',(1.,0.,0.));
#12500=DIRECTION('',(-1.,0.,0.));
#12501=DIRECTION('',(0.,0.,1.));
#12502=DIRECTION('center_axis',(-1.,0.,0.));
#12503=DIRECTION('ref_axis',(0.,-1.,0.));
#12504=DIRECTION('',(0.,1.,0.));
#12505=DIRECTION('',(0.,-1.,0.));
#12506=DIRECTION('',(0.,0.,1.));
#12507=DIRECTION('center_axis',(0.,1.,0.));
#12508=DIRECTION('ref_axis',(-1.,0.,0.));
#12509=DIRECTION('',(1.,0.,0.));
#12510=DIRECTION('',(-1.,0.,0.));
#12511=DIRECTION('',(0.,0.,1.));
#12512=DIRECTION('center_axis',(1.,0.,0.));
#12513=DIRECTION('ref_axis',(0.,1.,0.));
#12514=DIRECTION('',(0.,-1.,0.));
#12515=DIRECTION('',(0.,1.,0.));
#12516=DIRECTION('',(0.,0.,1.));
#12517=DIRECTION('center_axis',(6.64601357633723E-5,0.999999997791525,0.));
#12518=DIRECTION('ref_axis',(-0.999999997791525,6.64601357633723E-5,0.));
#12519=DIRECTION('',(0.999999997791525,-6.64601357633723E-5,0.));
#12520=DIRECTION('',(-0.999999997791525,6.64601357633723E-5,0.));
#12521=DIRECTION('',(0.,0.,1.));
#12522=DIRECTION('center_axis',(1.,-2.98150832036024E-8,0.));
#12523=DIRECTION('ref_axis',(2.98150832036024E-8,1.,0.));
#12524=DIRECTION('',(2.98150832036024E-8,1.,0.));
#12525=DIRECTION('',(2.98150832036024E-8,1.,0.));
#12526=DIRECTION('',(0.,0.,1.));
#12527=DIRECTION('center_axis',(2.9802320611338E-8,1.,0.));
#12528=DIRECTION('ref_axis',(-1.,2.9802320611338E-8,0.));
#12529=DIRECTION('',(-1.,2.9802320611338E-8,0.));
#12530=DIRECTION('',(-1.,2.9802320611338E-8,0.));
#12531=DIRECTION('',(0.,0.,1.));
#12532=DIRECTION('center_axis',(1.,-4.2700885562506E-16,0.));
#12533=DIRECTION('ref_axis',(4.2700885562506E-16,1.,0.));
#12534=DIRECTION('',(4.2700885562506E-16,1.,0.));
#12535=DIRECTION('',(4.2700885562506E-16,1.,0.));
#12536=DIRECTION('',(0.,0.,1.));
#12537=DIRECTION('center_axis',(-2.1350442781253E-16,-1.,0.));
#12538=DIRECTION('ref_axis',(1.,-2.1350442781253E-16,0.));
#12539=DIRECTION('',(-1.,2.1350442781253E-16,0.));
#12540=DIRECTION('',(1.,-2.1350442781253E-16,0.));
#12541=DIRECTION('',(0.,0.,1.));
#12542=DIRECTION('center_axis',(-0.999999997791525,-6.64601357655929E-5,
0.));
#12543=DIRECTION('ref_axis',(6.64601357655929E-5,-0.999999997791525,0.));
#12544=DIRECTION('',(6.64601357655929E-5,-0.999999997791525,0.));
#12545=DIRECTION('',(6.64601357655929E-5,-0.999999997791525,0.));
#12546=DIRECTION('',(0.,0.,1.));
#12547=DIRECTION('center_axis',(0.,-1.,0.));
#12548=DIRECTION('ref_axis',(1.,0.,0.));
#12549=DIRECTION('',(1.,0.,0.));
#12550=DIRECTION('',(1.,0.,0.));
#12551=DIRECTION('',(0.,0.,1.));
#12552=DIRECTION('center_axis',(-1.,0.,0.));
#12553=DIRECTION('ref_axis',(0.,-1.,0.));
#12554=DIRECTION('',(0.,-1.,0.));
#12555=DIRECTION('',(0.,-1.,0.));
#12556=DIRECTION('',(0.,0.,1.));
#12557=DIRECTION('center_axis',(0.,1.,0.));
#12558=DIRECTION('ref_axis',(-1.,0.,0.));
#12559=DIRECTION('',(-1.,0.,0.));
#12560=DIRECTION('',(-1.,0.,0.));
#12561=DIRECTION('',(0.,0.,1.));
#12562=DIRECTION('center_axis',(-1.,0.,0.));
#12563=DIRECTION('ref_axis',(0.,-1.,0.));
#12564=DIRECTION('',(0.,-1.,0.));
#12565=DIRECTION('',(0.,-1.,0.));
#12566=DIRECTION('',(0.,0.,1.));
#12567=DIRECTION('center_axis',(-0.707106802259972,-0.707106760113123,0.));
#12568=DIRECTION('ref_axis',(0.707106760113123,-0.707106802259972,0.));
#12569=DIRECTION('',(0.707106760113123,-0.707106802259972,0.));
#12570=DIRECTION('',(0.707106760113123,-0.707106802259972,0.));
#12571=DIRECTION('',(0.,0.,1.));
#12572=DIRECTION('center_axis',(0.,-1.,0.));
#12573=DIRECTION('ref_axis',(1.,0.,0.));
#12574=DIRECTION('',(1.,0.,0.));
#12575=DIRECTION('',(1.,0.,0.));
#12576=DIRECTION('',(0.,0.,1.));
#12577=DIRECTION('center_axis',(0.707106825890387,-0.707106736482705,0.));
#12578=DIRECTION('ref_axis',(0.707106736482705,0.707106825890387,0.));
#12579=DIRECTION('',(0.707106736482705,0.707106825890387,0.));
#12580=DIRECTION('',(0.707106736482705,0.707106825890387,0.));
#12581=DIRECTION('',(0.,0.,1.));
#12582=DIRECTION('center_axis',(1.,0.,0.));
#12583=DIRECTION('ref_axis',(0.,1.,0.));
#12584=DIRECTION('',(0.,-1.,0.));
#12585=DIRECTION('',(0.,1.,0.));
#12586=DIRECTION('center_axis',(0.,0.,1.));
#12587=DIRECTION('ref_axis',(1.,0.,0.));
#12588=DIRECTION('center_axis',(0.,0.,1.));
#12589=DIRECTION('ref_axis',(1.,0.,0.));
#12590=DIRECTION('axis',(0.,0.,1.));
#12591=DIRECTION('refdir',(1.,0.,0.));
#12592=DIRECTION('center_axis',(0.768361722012342,0.,-0.640015831168439));
#12593=DIRECTION('ref_axis',(-0.640015831168439,0.,-0.768361722012342));
#12594=DIRECTION('',(4.2700885562506E-16,-1.,5.12639287412005E-16));
#12595=DIRECTION('',(0.640015831168439,2.73292427649157E-16,0.768361722012342));
#12596=DIRECTION('',(6.64601355540476E-5,0.999999994608483,7.97877516658526E-5));
#12597=DIRECTION('',(0.640015831168439,0.,0.768361722012342));
#12598=DIRECTION('',(0.,1.,0.));
#12599=DIRECTION('',(-0.640015831168439,0.,-0.768361722012342));
#12600=DIRECTION('',(0.,1.,0.));
#12601=DIRECTION('',(0.539063130407315,0.53906321793568,0.647164421537754));
#12602=DIRECTION('',(0.640015831168439,0.,0.768361722012342));
#12603=DIRECTION('',(0.539266050035164,-0.5385675121199,0.647408033753408));
#12604=DIRECTION('',(0.,-1.,0.));
#12605=DIRECTION('',(-0.640015831168439,0.,-0.768361722012342));
#12606=DIRECTION('',(0.,-1.,0.));
#12607=DIRECTION('',(0.640015831168439,0.,0.768361722012342));
#12608=DIRECTION('',(6.64601355540476E-5,-0.999999994608483,7.97877516658526E-5));
#12609=DIRECTION('',(0.640015831168439,-2.73292427649157E-16,0.768361722012342));
#12610=DIRECTION('',(4.2700885562506E-16,1.,5.12639287412005E-16));
#12611=DIRECTION('',(-0.640015830589458,4.25355390856215E-5,-0.768361721317254));
#12612=DIRECTION('',(0.,1.,0.));
#12613=DIRECTION('',(-0.640015831168439,0.,-0.768361722012342));
#12614=DIRECTION('',(0.,-1.,0.));
#12615=DIRECTION('',(-0.640015831168439,0.,-0.768361722012342));
#12616=DIRECTION('',(-0.539266050033002,0.538567512125186,-0.647408033750812));
#12617=DIRECTION('',(0.,1.,0.));
#12618=DIRECTION('',(0.539266066128277,0.538567472781057,0.647408053073761));
#12619=DIRECTION('',(0.640015831168439,0.,0.768361722012342));
#12620=DIRECTION('',(0.,-1.,0.));
#12621=DIRECTION('',(0.640015831168439,0.,0.768361722012342));
#12622=DIRECTION('',(0.,1.,0.));
#12623=DIRECTION('',(0.640015830589458,4.25355390856215E-5,0.768361721317254));
#12624=DIRECTION('',(-4.2700885562506E-16,1.,-5.12639287412005E-16));
#12625=DIRECTION('',(-0.640015831168439,-1.36646213824578E-16,-0.768361722012342));
#12626=DIRECTION('',(-6.64601355540475E-5,-0.999999994608483,-7.97877516658524E-5));
#12627=DIRECTION('',(-0.640015831168439,0.,-0.768361722012342));
#12628=DIRECTION('',(0.,-1.,0.));
#12629=DIRECTION('',(0.640015831168439,0.,0.768361722012342));
#12630=DIRECTION('',(0.,-1.,0.));
#12631=DIRECTION('',(-0.539063136035555,-0.539063204195541,-0.647164428294656));
#12632=DIRECTION('',(-0.640015831168439,0.,-0.768361722012342));
#12633=DIRECTION('',(-0.539063146505282,0.539063178635951,-0.647164440863935));
#12634=DIRECTION('',(0.,1.,0.));
#12635=DIRECTION('',(0.640015831168439,0.,0.768361722012342));
#12636=DIRECTION('',(0.,1.,0.));
#12637=DIRECTION('',(-0.640015831168439,0.,-0.768361722012342));
#12638=DIRECTION('',(-6.64601355540475E-5,0.999999994608483,-7.97877516658524E-5));
#12639=DIRECTION('',(-0.640015831168439,1.36646213824578E-16,-0.768361722012342));
#12640=DIRECTION('',(-4.2700885562506E-16,-1.,-5.12639287412005E-16));
#12641=DIRECTION('',(0.640015831168439,-1.90739569968138E-8,0.768361722012342));
#12642=DIRECTION('',(-2.98150832036024E-8,-0.999999999999999,-3.57940656412171E-8));
#12643=DIRECTION('',(0.640015830589458,-4.25355390856215E-5,0.768361721317254));
#12644=DIRECTION('',(0.,-1.,0.));
#12645=DIRECTION('',(0.640015831168439,0.,0.768361722012342));
#12646=DIRECTION('',(0.,1.,0.));
#12647=DIRECTION('',(0.640015831168439,0.,0.768361722012342));
#12648=DIRECTION('',(0.539063146505282,-0.539063178635951,0.647164440863935));
#12649=DIRECTION('',(0.,-1.,0.));
#12650=DIRECTION('',(-0.539063130386431,-0.539063217986664,-0.647164421512682));
#12651=DIRECTION('',(-0.640015831168439,0.,-0.768361722012342));
#12652=DIRECTION('',(0.,1.,0.));
#12653=DIRECTION('',(-0.640015831168439,0.,-0.768361722012342));
#12654=DIRECTION('',(0.,-1.,0.));
#12655=DIRECTION('',(-0.640015830589458,-4.25355390856215E-5,-0.768361721317254));
#12656=DIRECTION('center_axis',(-0.768361722012342,0.,0.640015831168439));
#12657=DIRECTION('ref_axis',(0.640015831168439,0.,0.768361722012342));
#12658=DIRECTION('',(0.,-1.,0.));
#12659=DIRECTION('',(-0.640015831168439,0.,-0.768361722012342));
#12660=DIRECTION('',(0.,1.,0.));
#12661=DIRECTION('',(0.640015831168439,0.,0.768361722012342));
#12662=DIRECTION('',(0.640015831168439,0.,0.768361722012342));
#12663=DIRECTION('',(0.,-1.,0.));
#12664=DIRECTION('',(-0.640015831168439,0.,-0.768361722012342));
#12665=DIRECTION('',(0.,1.,0.));
#12666=DIRECTION('',(0.,1.,0.));
#12667=DIRECTION('',(0.640015831168439,0.,0.768361722012342));
#12668=DIRECTION('',(0.,-1.,0.));
#12669=DIRECTION('',(-0.640015831168439,0.,-0.768361722012342));
#12670=DIRECTION('',(0.,1.,0.));
#12671=DIRECTION('',(0.640015831168439,0.,0.768361722012342));
#12672=DIRECTION('',(0.,-1.,0.));
#12673=DIRECTION('',(-0.640015831168439,0.,-0.768361722012342));
#12674=DIRECTION('center_axis',(1.,0.,0.));
#12675=DIRECTION('ref_axis',(0.,1.,0.));
#12676=DIRECTION('',(0.,0.,1.));
#12677=DIRECTION('',(0.,1.,0.));
#12678=DIRECTION('',(0.,0.,1.));
#12679=DIRECTION('center_axis',(0.,1.,0.));
#12680=DIRECTION('ref_axis',(-1.,0.,0.));
#12681=DIRECTION('',(0.,0.,1.));
#12682=DIRECTION('',(-0.640015831168442,0.,-0.76836172201234));
#12683=DIRECTION('center_axis',(1.,0.,0.));
#12684=DIRECTION('ref_axis',(0.,1.,0.));
#12685=DIRECTION('',(0.,0.,1.));
#12686=DIRECTION('',(0.,1.,0.));
#12687=DIRECTION('',(0.,0.,1.));
#12688=DIRECTION('center_axis',(0.,1.,0.));
#12689=DIRECTION('ref_axis',(-1.,0.,0.));
#12690=DIRECTION('',(0.,0.,1.));
#12691=DIRECTION('',(-0.640015831168442,0.,-0.76836172201234));
#12692=DIRECTION('center_axis',(0.,-1.,0.));
#12693=DIRECTION('ref_axis',(1.,0.,0.));
#12694=DIRECTION('',(0.,0.,1.));
#12695=DIRECTION('',(0.640015831168442,0.,0.76836172201234));
#12696=DIRECTION('',(0.,0.,1.));
#12697=DIRECTION('center_axis',(1.,0.,0.));
#12698=DIRECTION('ref_axis',(0.,1.,0.));
#12699=DIRECTION('',(0.,0.,1.));
#12700=DIRECTION('',(0.,1.,0.));
#12701=DIRECTION('center_axis',(-1.,0.,0.));
#12702=DIRECTION('ref_axis',(0.,-1.,0.));
#12703=DIRECTION('',(0.,0.,1.));
#12704=DIRECTION('',(0.,-1.,0.));
#12705=DIRECTION('',(0.,0.,1.));
#12706=DIRECTION('center_axis',(0.,-1.,0.));
#12707=DIRECTION('ref_axis',(1.,0.,0.));
#12708=DIRECTION('',(0.,0.,1.));
#12709=DIRECTION('',(0.640015831168442,0.,0.76836172201234));
#12710=DIRECTION('center_axis',(1.,4.2700885562506E-16,0.));
#12711=DIRECTION('ref_axis',(-4.2700885562506E-16,1.,0.));
#12712=DIRECTION('',(0.,0.,1.));
#12713=DIRECTION('',(-4.2700885562506E-16,1.,-5.12639287412001E-16));
#12714=DIRECTION('',(0.,0.,1.));
#12715=DIRECTION('center_axis',(6.64601357633723E-5,-0.999999997791525,
0.));
#12716=DIRECTION('ref_axis',(0.999999997791525,6.64601357633723E-5,0.));
#12717=DIRECTION('',(0.,0.,1.));
#12718=DIRECTION('',(0.640015830589461,4.25355390856217E-5,0.768361721317252));
#12719=DIRECTION('center_axis',(1.,0.,0.));
#12720=DIRECTION('ref_axis',(0.,1.,0.));
#12721=DIRECTION('',(0.,0.,1.));
#12722=DIRECTION('',(0.,1.,0.));
#12723=DIRECTION('center_axis',(0.,-1.,0.));
#12724=DIRECTION('ref_axis',(1.,0.,0.));
#12725=DIRECTION('',(0.,0.,1.));
#12726=DIRECTION('',(0.640015831168442,0.,0.76836172201234));
#12727=DIRECTION('center_axis',(-1.,0.,0.));
#12728=DIRECTION('ref_axis',(0.,-1.,0.));
#12729=DIRECTION('',(0.,0.,1.));
#12730=DIRECTION('',(0.,-1.,0.));
#12731=DIRECTION('center_axis',(0.,-1.,0.));
#12732=DIRECTION('ref_axis',(1.,0.,0.));
#12733=DIRECTION('',(0.,0.,1.));
#12734=DIRECTION('',(0.640015831168442,0.,0.76836172201234));
#12735=DIRECTION('center_axis',(0.70710683864059,-0.707106723732501,0.));
#12736=DIRECTION('ref_axis',(0.707106723732501,0.70710683864059,0.));
#12737=DIRECTION('',(0.,0.,1.));
#12738=DIRECTION('',(0.539063130386432,0.539063217986666,0.647164421512679));
#12739=DIRECTION('center_axis',(1.,0.,0.));
#12740=DIRECTION('ref_axis',(0.,1.,0.));
#12741=DIRECTION('',(0.,0.,1.));
#12742=DIRECTION('',(0.,1.,0.));
#12743=DIRECTION('center_axis',(0.707106802259972,0.707106760113123,0.));
#12744=DIRECTION('ref_axis',(-0.707106760113123,0.707106802259972,0.));
#12745=DIRECTION('',(0.,0.,1.));
#12746=DIRECTION('',(-0.539063146505284,0.539063178635953,-0.647164440863932));
#12747=DIRECTION('center_axis',(0.,1.,0.));
#12748=DIRECTION('ref_axis',(-1.,0.,0.));
#12749=DIRECTION('',(0.,0.,1.));
#12750=DIRECTION('',(-0.640015831168442,0.,-0.76836172201234));
#12751=DIRECTION('center_axis',(-1.,0.,0.));
#12752=DIRECTION('ref_axis',(0.,-1.,0.));
#12753=DIRECTION('',(0.,0.,1.));
#12754=DIRECTION('',(0.,-1.,0.));
#12755=DIRECTION('center_axis',(0.,1.,0.));
#12756=DIRECTION('ref_axis',(-1.,0.,0.));
#12757=DIRECTION('',(0.,0.,1.));
#12758=DIRECTION('',(-0.640015831168442,0.,-0.76836172201234));
#12759=DIRECTION('center_axis',(1.,0.,0.));
#12760=DIRECTION('ref_axis',(0.,1.,0.));
#12761=DIRECTION('',(0.,0.,1.));
#12762=DIRECTION('',(0.,1.,0.));
#12763=DIRECTION('center_axis',(6.64601357633723E-5,0.999999997791525,0.));
#12764=DIRECTION('ref_axis',(-0.999999997791525,6.64601357633723E-5,0.));
#12765=DIRECTION('',(0.,0.,1.));
#12766=DIRECTION('',(-0.640015830589461,4.25355390856217E-5,-0.768361721317252));
#12767=DIRECTION('center_axis',(1.,-2.98150832036024E-8,0.));
#12768=DIRECTION('ref_axis',(2.98150832036024E-8,1.,0.));
#12769=DIRECTION('',(0.,0.,1.));
#12770=DIRECTION('',(2.98150832036024E-8,0.999999999999999,3.57940656412168E-8));
#12771=DIRECTION('center_axis',(2.9802320611338E-8,1.,0.));
#12772=DIRECTION('ref_axis',(-1.,2.9802320611338E-8,0.));
#12773=DIRECTION('',(0.,0.,1.));
#12774=DIRECTION('',(-0.640015831168442,1.90739569968139E-8,-0.768361722012339));
#12775=DIRECTION('center_axis',(1.,-4.2700885562506E-16,0.));
#12776=DIRECTION('ref_axis',(4.2700885562506E-16,1.,0.));
#12777=DIRECTION('',(0.,0.,1.));
#12778=DIRECTION('',(4.2700885562506E-16,1.,5.12639287412E-16));
#12779=DIRECTION('center_axis',(-2.1350442781253E-16,-1.,0.));
#12780=DIRECTION('ref_axis',(1.,-2.1350442781253E-16,0.));
#12781=DIRECTION('',(0.,0.,1.));
#12782=DIRECTION('',(0.640015831168442,-1.36646213824579E-16,0.76836172201234));
#12783=DIRECTION('center_axis',(-0.999999997791525,-6.64601357655929E-5,
0.));
#12784=DIRECTION('ref_axis',(6.64601357655929E-5,-0.999999997791525,0.));
#12785=DIRECTION('',(0.,0.,1.));
#12786=DIRECTION('',(6.64601355540475E-5,-0.999999994608483,7.97877516658518E-5));
#12787=DIRECTION('center_axis',(0.,-1.,0.));
#12788=DIRECTION('ref_axis',(1.,0.,0.));
#12789=DIRECTION('',(0.,0.,1.));
#12790=DIRECTION('',(0.640015831168442,0.,0.76836172201234));
#12791=DIRECTION('center_axis',(-1.,0.,0.));
#12792=DIRECTION('ref_axis',(0.,-1.,0.));
#12793=DIRECTION('',(0.,0.,1.));
#12794=DIRECTION('',(0.,-1.,0.));
#12795=DIRECTION('center_axis',(0.,1.,0.));
#12796=DIRECTION('ref_axis',(-1.,0.,0.));
#12797=DIRECTION('',(0.,0.,1.));
#12798=DIRECTION('',(-0.640015831168442,0.,-0.76836172201234));
#12799=DIRECTION('center_axis',(-1.,0.,0.));
#12800=DIRECTION('ref_axis',(0.,-1.,0.));
#12801=DIRECTION('',(0.,0.,1.));
#12802=DIRECTION('',(0.,-1.,0.));
#12803=DIRECTION('center_axis',(-0.707106802259972,-0.707106760113123,0.));
#12804=DIRECTION('ref_axis',(0.707106760113123,-0.707106802259972,0.));
#12805=DIRECTION('',(0.,0.,1.));
#12806=DIRECTION('',(0.539063146505284,-0.539063178635953,0.647164440863932));
#12807=DIRECTION('center_axis',(0.,-1.,0.));
#12808=DIRECTION('ref_axis',(1.,0.,0.));
#12809=DIRECTION('',(0.,0.,1.));
#12810=DIRECTION('',(0.640015831168442,0.,0.76836172201234));
#12811=DIRECTION('center_axis',(0.707106825890387,-0.707106736482705,0.));
#12812=DIRECTION('ref_axis',(0.707106736482705,0.707106825890387,0.));
#12813=DIRECTION('',(0.,0.,1.));
#12814=DIRECTION('',(0.539063136035557,0.539063204195543,0.647164428294653));
#12815=DIRECTION('center_axis',(1.,0.,0.));
#12816=DIRECTION('ref_axis',(0.,1.,0.));
#12817=DIRECTION('',(0.,0.,1.));
#12818=DIRECTION('',(0.,1.,0.));
#12819=DIRECTION('center_axis',(0.,1.,0.));
#12820=DIRECTION('ref_axis',(-1.,0.,0.));
#12821=DIRECTION('',(0.,0.,1.));
#12822=DIRECTION('',(-0.640015831168442,0.,-0.76836172201234));
#12823=DIRECTION('center_axis',(1.,0.,0.));
#12824=DIRECTION('ref_axis',(0.,1.,0.));
#12825=DIRECTION('',(0.,0.,1.));
#12826=DIRECTION('',(0.,1.,0.));
#12827=DIRECTION('center_axis',(0.,-1.,0.));
#12828=DIRECTION('ref_axis',(1.,0.,0.));
#12829=DIRECTION('',(0.,0.,1.));
#12830=DIRECTION('',(0.640015831168442,0.,0.76836172201234));
#12831=DIRECTION('center_axis',(0.999999997791525,-6.64601357655929E-5,
0.));
#12832=DIRECTION('ref_axis',(6.64601357655929E-5,0.999999997791525,0.));
#12833=DIRECTION('',(0.,0.,1.));
#12834=DIRECTION('',(6.64601355540475E-5,0.999999994608483,7.97877516658518E-5));
#12835=DIRECTION('center_axis',(2.1350442781253E-16,-1.,0.));
#12836=DIRECTION('ref_axis',(1.,2.1350442781253E-16,0.));
#12837=DIRECTION('',(0.,0.,1.));
#12838=DIRECTION('',(0.640015831168442,1.36646213824579E-16,0.76836172201234));
#12839=DIRECTION('center_axis',(-0.76836172201234,0.,0.640015831168443));
#12840=DIRECTION('ref_axis',(0.640015831168442,0.,0.76836172201234));
#12841=DIRECTION('',(-6.64601355540476E-5,-0.999999994608483,-7.9787751665852E-5));
#12842=DIRECTION('',(-0.640015831168442,-2.73292427649158E-16,-0.76836172201234));
#12843=DIRECTION('',(-4.2700885562506E-16,1.,0.));
#12844=DIRECTION('',(-0.640015830589461,-4.25355390856217E-5,-0.768361721317252));
#12845=DIRECTION('',(0.,-1.,0.));
#12846=DIRECTION('',(-0.640015831168442,0.,-0.76836172201234));
#12847=DIRECTION('',(0.,1.,0.));
#12848=DIRECTION('',(-0.640015831168442,0.,-0.76836172201234));
#12849=DIRECTION('',(-0.539266066128279,-0.538567472781059,-0.647408053073758));
#12850=DIRECTION('',(0.,-1.,0.));
#12851=DIRECTION('',(0.539266050033003,-0.538567512125187,0.647408033750809));
#12852=DIRECTION('',(0.640015831168442,0.,0.76836172201234));
#12853=DIRECTION('',(0.,1.,0.));
#12854=DIRECTION('',(0.640015831168442,0.,0.76836172201234));
#12855=DIRECTION('',(0.,-1.,0.));
#12856=DIRECTION('',(0.640015830589461,-4.25355390856217E-5,0.768361721317252));
#12857=DIRECTION('',(-4.2700885562506E-16,-1.,0.));
#12858=DIRECTION('',(-0.640015831168442,2.73292427649158E-16,-0.76836172201234));
#12859=DIRECTION('',(-6.64601355540476E-5,0.999999994608483,-7.9787751665852E-5));
#12860=DIRECTION('',(-0.640015831168442,0.,-0.76836172201234));
#12861=DIRECTION('',(0.,1.,0.));
#12862=DIRECTION('',(0.640015831168442,0.,0.76836172201234));
#12863=DIRECTION('',(0.,1.,0.));
#12864=DIRECTION('',(-0.539266050035166,0.538567512119902,-0.647408033753405));
#12865=DIRECTION('',(-0.640015831168442,0.,-0.76836172201234));
#12866=DIRECTION('',(-0.539063130407316,-0.539063217935682,-0.647164421537751));
#12867=DIRECTION('',(0.,-1.,0.));
#12868=DIRECTION('',(0.640015831168442,0.,0.76836172201234));
#12869=DIRECTION('',(0.,-1.,0.));
#12870=DIRECTION('',(-0.640015831168442,0.,-0.76836172201234));
#12871=DIRECTION('',(0.,1.,0.));
#12872=DIRECTION('',(-0.640015831168442,0.,-0.76836172201234));
#12873=DIRECTION('',(-0.640015831168442,0.,-0.76836172201234));
#12874=DIRECTION('',(0.,-1.,0.));
#12875=DIRECTION('',(0.,-1.,0.));
#12876=DIRECTION('',(0.640015831168442,0.,0.76836172201234));
#12877=DIRECTION('',(0.,-1.,0.));
#12878=DIRECTION('',(0.640015831168442,0.,0.76836172201234));
#12879=DIRECTION('center_axis',(0.76836172201234,0.,-0.640015831168443));
#12880=DIRECTION('ref_axis',(0.640015831168442,0.,0.76836172201234));
#12881=DIRECTION('center_axis',(-1.,0.,0.));
#12882=DIRECTION('ref_axis',(0.,-1.,0.));
#12883=DIRECTION('',(0.,0.,1.));
#12884=DIRECTION('center_axis',(-1.,0.,0.));
#12885=DIRECTION('ref_axis',(0.,-1.,0.));
#12886=DIRECTION('',(0.,0.,1.));
#12887=DIRECTION('center_axis',(0.,1.,0.));
#12888=DIRECTION('ref_axis',(-1.,0.,0.));
#12889=DIRECTION('',(0.,0.,1.));
#12890=DIRECTION('center_axis',(1.,0.,0.));
#12891=DIRECTION('ref_axis',(0.,1.,0.));
#12892=DIRECTION('',(0.,0.,1.));
#12893=DIRECTION('center_axis',(-1.,0.,0.));
#12894=DIRECTION('ref_axis',(0.,-1.,0.));
#12895=DIRECTION('',(0.,0.,1.));
#12896=DIRECTION('',(0.,0.,1.));
#12897=DIRECTION('center_axis',(0.,-1.,0.));
#12898=DIRECTION('ref_axis',(1.,0.,0.));
#12899=DIRECTION('',(0.,0.,1.));
#12900=DIRECTION('center_axis',(-1.,0.,0.));
#12901=DIRECTION('ref_axis',(0.,-1.,0.));
#12902=DIRECTION('',(0.,0.,1.));
#12903=DIRECTION('center_axis',(-0.707106838593454,0.707106723779637,0.));
#12904=DIRECTION('ref_axis',(-0.707106723779637,-0.707106838593454,0.));
#12905=DIRECTION('',(0.,0.,1.));
#12906=DIRECTION('center_axis',(0.,1.,0.));
#12907=DIRECTION('ref_axis',(-1.,0.,0.));
#12908=DIRECTION('',(0.,0.,1.));
#12909=DIRECTION('center_axis',(0.706648360823207,0.707564904546484,0.));
#12910=DIRECTION('ref_axis',(-0.707564904546484,0.706648360823207,0.));
#12911=DIRECTION('',(0.,0.,1.));
#12912=DIRECTION('center_axis',(1.,0.,0.));
#12913=DIRECTION('ref_axis',(0.,1.,0.));
#12914=DIRECTION('',(0.,0.,1.));
#12915=DIRECTION('center_axis',(0.,-1.,0.));
#12916=DIRECTION('ref_axis',(1.,0.,0.));
#12917=DIRECTION('',(0.,0.,1.));
#12918=DIRECTION('center_axis',(1.,0.,0.));
#12919=DIRECTION('ref_axis',(0.,1.,0.));
#12920=DIRECTION('',(0.,0.,1.));
#12921=DIRECTION('center_axis',(0.,1.,0.));
#12922=DIRECTION('ref_axis',(-1.,0.,0.));
#12923=DIRECTION('',(0.,0.,1.));
#12924=DIRECTION('center_axis',(0.999999997791525,6.64601357655931E-5,0.));
#12925=DIRECTION('ref_axis',(-6.64601357655931E-5,0.999999997791525,0.));
#12926=DIRECTION('',(0.,0.,1.));
#12927=DIRECTION('center_axis',(4.2700885562506E-16,1.,0.));
#12928=DIRECTION('ref_axis',(-1.,4.2700885562506E-16,0.));
#12929=DIRECTION('',(0.,0.,1.));
#12930=DIRECTION('center_axis',(-6.64601357633723E-5,-0.999999997791525,
0.));
#12931=DIRECTION('ref_axis',(0.999999997791525,-6.64601357633723E-5,0.));
#12932=DIRECTION('',(0.,0.,1.));
#12933=DIRECTION('',(0.,0.,1.));
#12934=DIRECTION('center_axis',(-1.,0.,0.));
#12935=DIRECTION('ref_axis',(0.,-1.,0.));
#12936=DIRECTION('',(0.,0.,1.));
#12937=DIRECTION('center_axis',(0.,-1.,0.));
#12938=DIRECTION('ref_axis',(1.,0.,0.));
#12939=DIRECTION('',(0.,0.,1.));
#12940=DIRECTION('center_axis',(1.,0.,0.));
#12941=DIRECTION('ref_axis',(0.,1.,0.));
#12942=DIRECTION('',(0.,0.,1.));
#12943=DIRECTION('center_axis',(0.,-1.,0.));
#12944=DIRECTION('ref_axis',(1.,0.,0.));
#12945=DIRECTION('',(0.,0.,1.));
#12946=DIRECTION('center_axis',(-0.706648360828098,-0.707564904541599,0.));
#12947=DIRECTION('ref_axis',(0.707564904541599,-0.706648360828098,0.));
#12948=DIRECTION('',(0.,0.,1.));
#12949=DIRECTION('center_axis',(-1.,0.,0.));
#12950=DIRECTION('ref_axis',(0.,-1.,0.));
#12951=DIRECTION('',(0.,0.,1.));
#12952=DIRECTION('center_axis',(-0.70664832442394,0.707564940898599,0.));
#12953=DIRECTION('ref_axis',(-0.707564940898599,-0.70664832442394,0.));
#12954=DIRECTION('',(0.,0.,1.));
#12955=DIRECTION('center_axis',(0.,1.,0.));
#12956=DIRECTION('ref_axis',(-1.,0.,0.));
#12957=DIRECTION('',(0.,0.,1.));
#12958=DIRECTION('center_axis',(1.,0.,0.));
#12959=DIRECTION('ref_axis',(0.,1.,0.));
#12960=DIRECTION('',(0.,0.,1.));
#12961=DIRECTION('center_axis',(0.,1.,0.));
#12962=DIRECTION('ref_axis',(-1.,0.,0.));
#12963=DIRECTION('',(0.,0.,1.));
#12964=DIRECTION('center_axis',(-1.,0.,0.));
#12965=DIRECTION('ref_axis',(0.,-1.,0.));
#12966=DIRECTION('',(0.,0.,1.));
#12967=DIRECTION('center_axis',(-6.64601357633723E-5,0.999999997791525,
0.));
#12968=DIRECTION('ref_axis',(-0.999999997791525,-6.64601357633723E-5,0.));
#12969=DIRECTION('',(0.,0.,1.));
#12970=DIRECTION('center_axis',(0.,0.,1.));
#12971=DIRECTION('ref_axis',(1.,0.,0.));
#12972=DIRECTION('',(0.,0.,-1.));
#12973=DIRECTION('center_axis',(0.,-1.,0.));
#12974=DIRECTION('ref_axis',(1.,0.,0.));
#12975=DIRECTION('center_axis',(0.,-1.,0.));
#12976=DIRECTION('ref_axis',(1.,0.,0.));
#12977=DIRECTION('center_axis',(-1.,0.,0.));
#12978=DIRECTION('ref_axis',(0.,-1.,0.));
#12979=DIRECTION('center_axis',(0.,1.,0.));
#12980=DIRECTION('ref_axis',(-1.,0.,0.));
#12981=DIRECTION('center_axis',(-1.,-4.2700885562506E-16,0.));
#12982=DIRECTION('ref_axis',(4.2700885562506E-16,-1.,0.));
#12983=DIRECTION('center_axis',(-1.,4.2700885562506E-16,0.));
#12984=DIRECTION('ref_axis',(-4.2700885562506E-16,-1.,0.));
#12985=DIRECTION('center_axis',(0.,1.,0.));
#12986=DIRECTION('ref_axis',(-1.,0.,0.));
#12987=DIRECTION('',(0.,0.,1.));
#12988=DIRECTION('center_axis',(-0.999999997791525,6.64601357655931E-5,
0.));
#12989=DIRECTION('ref_axis',(-6.64601357655931E-5,-0.999999997791525,0.));
#12990=DIRECTION('',(0.,0.,1.));
#12991=DIRECTION('center_axis',(-4.2700885562506E-16,1.,0.));
#12992=DIRECTION('ref_axis',(-1.,-4.2700885562506E-16,0.));
#12993=DIRECTION('axis',(0.,0.,1.));
#12994=DIRECTION('refdir',(1.,0.,0.));
#12995=DIRECTION('center_axis',(0.,0.,1.));
#12996=DIRECTION('ref_axis',(1.,0.,0.));
#12997=DIRECTION('center_axis',(0.,0.,-1.));
#12998=DIRECTION('ref_axis',(1.,0.,0.));
#12999=DIRECTION('',(0.,0.,-1.));
#13000=DIRECTION('center_axis',(0.,0.,-1.));
#13001=DIRECTION('ref_axis',(1.,0.,0.));
#13002=DIRECTION('center_axis',(1.,0.,0.));
#13003=DIRECTION('ref_axis',(0.,1.,0.));
#13004=DIRECTION('',(0.,-1.,0.));
#13005=DIRECTION('',(0.,0.,1.));
#13006=DIRECTION('',(0.,1.,0.));
#13007=DIRECTION('',(0.,0.,1.));
#13008=DIRECTION('center_axis',(0.,0.,1.));
#13009=DIRECTION('ref_axis',(-1.,0.,0.));
#13010=DIRECTION('center_axis',(0.,0.,1.));
#13011=DIRECTION('ref_axis',(-1.,0.,0.));
#13012=DIRECTION('center_axis',(0.,0.,-1.));
#13013=DIRECTION('ref_axis',(-1.,0.,0.));
#13014=DIRECTION('',(0.,0.,1.));
#13015=DIRECTION('center_axis',(-0.707106810993916,0.707106751379178,0.));
#13016=DIRECTION('ref_axis',(-0.707106751379177,-0.707106810993916,0.));
#13017=DIRECTION('',(-0.707106751379177,-0.707106810993916,0.));
#13018=DIRECTION('',(-0.707106751379177,-0.707106810993916,0.));
#13019=DIRECTION('',(0.,0.,1.));
#13020=DIRECTION('center_axis',(-1.,0.,0.));
#13021=DIRECTION('ref_axis',(0.,-1.,0.));
#13022=DIRECTION('',(0.,-1.,0.));
#13023=DIRECTION('',(0.,-1.,0.));
#13024=DIRECTION('',(0.,0.,1.));
#13025=DIRECTION('center_axis',(-0.707106810993917,-0.707106751379177,0.));
#13026=DIRECTION('ref_axis',(0.707106751379177,-0.707106810993917,0.));
#13027=DIRECTION('',(-0.707106751379177,0.707106810993917,0.));
#13028=DIRECTION('',(0.707106751379177,-0.707106810993917,0.));
#13029=DIRECTION('',(0.,0.,1.));
#13030=DIRECTION('center_axis',(0.,0.,1.));
#13031=DIRECTION('ref_axis',(0.707106810993916,0.707106751379178,0.));
#13032=DIRECTION('center_axis',(0.,0.,1.));
#13033=DIRECTION('ref_axis',(0.707106810993916,0.707106751379178,0.));
#13034=DIRECTION('center_axis',(0.,0.,-1.));
#13035=DIRECTION('ref_axis',(0.707106810993916,0.707106751379178,0.));
#13036=DIRECTION('',(0.,0.,1.));
#13037=DIRECTION('center_axis',(1.,-3.97517138033384E-16,0.));
#13038=DIRECTION('ref_axis',(3.97517138033384E-16,1.,0.));
#13039=DIRECTION('',(3.97517138033384E-16,1.,0.));
#13040=DIRECTION('',(3.97517138033384E-16,1.,0.));
#13041=DIRECTION('',(0.,0.,1.));
#13042=DIRECTION('center_axis',(0.,-1.,0.));
#13043=DIRECTION('ref_axis',(1.,0.,0.));
#13044=DIRECTION('',(-1.,0.,0.));
#13045=DIRECTION('',(1.,0.,0.));
#13046=DIRECTION('',(0.,0.,1.));
#13047=DIRECTION('center_axis',(-1.,0.,0.));
#13048=DIRECTION('ref_axis',(0.,-1.,0.));
#13049=DIRECTION('',(0.,-1.,0.));
#13050=DIRECTION('',(0.,-1.,0.));
#13051=DIRECTION('',(0.,0.,1.));
#13052=DIRECTION('center_axis',(0.,0.,1.));
#13053=DIRECTION('ref_axis',(0.,1.,0.));
#13054=DIRECTION('center_axis',(0.,0.,1.));
#13055=DIRECTION('ref_axis',(0.,1.,0.));
#13056=DIRECTION('center_axis',(0.,0.,1.));
#13057=DIRECTION('ref_axis',(0.,1.,0.));
#13058=DIRECTION('',(0.,0.,1.));
#13059=DIRECTION('center_axis',(0.,1.,0.));
#13060=DIRECTION('ref_axis',(-1.,0.,0.));
#13061=DIRECTION('',(-1.,0.,0.));
#13062=DIRECTION('',(-1.,0.,0.));
#13063=DIRECTION('',(0.,0.,1.));
#13064=DIRECTION('center_axis',(1.,0.,0.));
#13065=DIRECTION('ref_axis',(0.,1.,0.));
#13066=DIRECTION('',(0.,1.,0.));
#13067=DIRECTION('',(0.,1.,0.));
#13068=DIRECTION('',(0.,0.,1.));
#13069=DIRECTION('center_axis',(-3.97517138033384E-16,-1.,0.));
#13070=DIRECTION('ref_axis',(1.,-3.97517138033384E-16,0.));
#13071=DIRECTION('',(-1.,3.97517138033384E-16,0.));
#13072=DIRECTION('',(1.,-3.97517138033384E-16,0.));
#13073=DIRECTION('',(0.,0.,1.));
#13074=DIRECTION('center_axis',(0.,0.,1.));
#13075=DIRECTION('ref_axis',(0.,1.,0.));
#13076=DIRECTION('center_axis',(0.,0.,1.));
#13077=DIRECTION('ref_axis',(0.,1.,0.));
#13078=DIRECTION('center_axis',(0.,0.,-1.));
#13079=DIRECTION('ref_axis',(0.,1.,0.));
#13080=DIRECTION('',(0.,0.,1.));
#13081=DIRECTION('center_axis',(0.707106751379177,0.707106810993916,0.));
#13082=DIRECTION('ref_axis',(-0.707106810993916,0.707106751379177,0.));
#13083=DIRECTION('',(-0.707106810993916,0.707106751379177,0.));
#13084=DIRECTION('',(-0.707106810993916,0.707106751379177,0.));
#13085=DIRECTION('',(0.,0.,1.));
#13086=DIRECTION('center_axis',(-9.61365234731387E-9,1.,0.));
#13087=DIRECTION('ref_axis',(-1.,-9.61365234731387E-9,0.));
#13088=DIRECTION('',(-1.,-9.61365234731387E-9,0.));
#13089=DIRECTION('',(-1.,-9.61365234731387E-9,0.));
#13090=DIRECTION('',(0.,0.,1.));
#13091=DIRECTION('center_axis',(-0.707106751379178,0.707106810993916,0.));
#13092=DIRECTION('ref_axis',(-0.707106810993916,-0.707106751379178,0.));
#13093=DIRECTION('',(0.707106810993916,0.707106751379178,0.));
#13094=DIRECTION('',(-0.707106810993916,-0.707106751379178,0.));
#13095=DIRECTION('',(0.,0.,1.));
#13096=DIRECTION('center_axis',(0.,0.,1.));
#13097=DIRECTION('ref_axis',(0.707106751379179,-0.707106810993915,0.));
#13098=DIRECTION('center_axis',(0.,0.,1.));
#13099=DIRECTION('ref_axis',(0.707106751379179,-0.707106810993915,0.));
#13100=DIRECTION('center_axis',(0.,0.,-1.));
#13101=DIRECTION('ref_axis',(0.707106751379179,-0.707106810993915,0.));
#13102=DIRECTION('',(0.,0.,1.));
#13103=DIRECTION('center_axis',(0.,-1.,0.));
#13104=DIRECTION('ref_axis',(1.,0.,0.));
#13105=DIRECTION('',(1.,0.,0.));
#13106=DIRECTION('',(1.,0.,0.));
#13107=DIRECTION('',(0.,0.,1.));
#13108=DIRECTION('center_axis',(-1.,0.,0.));
#13109=DIRECTION('ref_axis',(0.,-1.,0.));
#13110=DIRECTION('',(0.,1.,0.));
#13111=DIRECTION('',(0.,-1.,0.));
#13112=DIRECTION('',(0.,0.,1.));
#13113=DIRECTION('center_axis',(0.,1.,0.));
#13114=DIRECTION('ref_axis',(-1.,0.,0.));
#13115=DIRECTION('',(-1.,0.,0.));
#13116=DIRECTION('',(-1.,0.,0.));
#13117=DIRECTION('',(0.,0.,1.));
#13118=DIRECTION('center_axis',(0.,0.,1.));
#13119=DIRECTION('ref_axis',(1.,0.,0.));
#13120=DIRECTION('center_axis',(0.,0.,1.));
#13121=DIRECTION('ref_axis',(1.,0.,0.));
#13122=DIRECTION('center_axis',(0.,0.,1.));
#13123=DIRECTION('ref_axis',(1.,0.,0.));
#13124=DIRECTION('',(0.,0.,1.));
#13125=DIRECTION('center_axis',(1.,0.,0.));
#13126=DIRECTION('ref_axis',(0.,1.,0.));
#13127=DIRECTION('',(0.,1.,0.));
#13128=DIRECTION('',(0.,1.,0.));
#13129=DIRECTION('',(0.,0.,1.));
#13130=DIRECTION('center_axis',(0.,-1.,0.));
#13131=DIRECTION('ref_axis',(1.,0.,0.));
#13132=DIRECTION('',(1.,0.,0.));
#13133=DIRECTION('',(1.,0.,0.));
#13134=DIRECTION('',(0.,0.,1.));
#13135=DIRECTION('center_axis',(-1.,-3.97517138033384E-16,0.));
#13136=DIRECTION('ref_axis',(3.97517138033384E-16,-1.,0.));
#13137=DIRECTION('',(-3.97517138033384E-16,1.,0.));
#13138=DIRECTION('',(3.97517138033384E-16,-1.,0.));
#13139=DIRECTION('',(0.,0.,1.));
#13140=DIRECTION('center_axis',(0.,0.,1.));
#13141=DIRECTION('ref_axis',(1.,0.,0.));
#13142=DIRECTION('center_axis',(0.,0.,1.));
#13143=DIRECTION('ref_axis',(1.,0.,0.));
#13144=DIRECTION('center_axis',(0.,0.,-1.));
#13145=DIRECTION('ref_axis',(1.,0.,0.));
#13146=DIRECTION('',(0.,0.,1.));
#13147=DIRECTION('center_axis',(0.707106810993917,-0.707106751379177,0.));
#13148=DIRECTION('ref_axis',(0.707106751379177,0.707106810993917,0.));
#13149=DIRECTION('',(0.707106751379177,0.707106810993917,0.));
#13150=DIRECTION('',(0.707106751379177,0.707106810993917,0.));
#13151=DIRECTION('',(0.,0.,1.));
#13152=DIRECTION('center_axis',(1.,-9.61365234731387E-9,0.));
#13153=DIRECTION('ref_axis',(9.61365234731387E-9,1.,0.));
#13154=DIRECTION('',(9.61365234731387E-9,1.,0.));
#13155=DIRECTION('',(9.61365234731387E-9,1.,0.));
#13156=DIRECTION('',(0.,0.,1.));
#13157=DIRECTION('center_axis',(0.707106810993916,0.707106751379177,0.));
#13158=DIRECTION('ref_axis',(-0.707106751379177,0.707106810993916,0.));
#13159=DIRECTION('',(0.707106751379177,-0.707106810993916,0.));
#13160=DIRECTION('',(-0.707106751379177,0.707106810993916,0.));
#13161=DIRECTION('',(0.,0.,1.));
#13162=DIRECTION('center_axis',(0.,0.,1.));
#13163=DIRECTION('ref_axis',(-0.707106810993913,-0.70710675137918,0.));
#13164=DIRECTION('center_axis',(0.,0.,1.));
#13165=DIRECTION('ref_axis',(-0.707106810993913,-0.70710675137918,0.));
#13166=DIRECTION('center_axis',(0.,0.,-1.));
#13167=DIRECTION('ref_axis',(-0.707106810993913,-0.70710675137918,0.));
#13168=DIRECTION('',(0.,0.,1.));
#13169=DIRECTION('center_axis',(-1.,3.97517138033384E-16,0.));
#13170=DIRECTION('ref_axis',(-3.97517138033384E-16,-1.,0.));
#13171=DIRECTION('',(-3.97517138033384E-16,-1.,0.));
#13172=DIRECTION('',(-3.97517138033384E-16,-1.,0.));
#13173=DIRECTION('',(0.,0.,1.));
#13174=DIRECTION('center_axis',(0.,1.,0.));
#13175=DIRECTION('ref_axis',(-1.,0.,0.));
#13176=DIRECTION('',(1.,0.,0.));
#13177=DIRECTION('',(-1.,0.,0.));
#13178=DIRECTION('',(0.,0.,1.));
#13179=DIRECTION('center_axis',(1.,0.,0.));
#13180=DIRECTION('ref_axis',(0.,1.,0.));
#13181=DIRECTION('',(0.,1.,0.));
#13182=DIRECTION('',(0.,1.,0.));
#13183=DIRECTION('',(0.,0.,1.));
#13184=DIRECTION('center_axis',(0.,0.,1.));
#13185=DIRECTION('ref_axis',(0.,-1.,0.));
#13186=DIRECTION('center_axis',(0.,0.,1.));
#13187=DIRECTION('ref_axis',(0.,-1.,0.));
#13188=DIRECTION('center_axis',(0.,0.,1.));
#13189=DIRECTION('ref_axis',(0.,-1.,0.));
#13190=DIRECTION('',(0.,0.,1.));
#13191=DIRECTION('center_axis',(0.,-1.,0.));
#13192=DIRECTION('ref_axis',(1.,0.,0.));
#13193=DIRECTION('',(1.,0.,0.));
#13194=DIRECTION('',(1.,0.,0.));
#13195=DIRECTION('',(0.,0.,1.));
#13196=DIRECTION('center_axis',(-1.,0.,0.));
#13197=DIRECTION('ref_axis',(0.,-1.,0.));
#13198=DIRECTION('',(0.,-1.,0.));
#13199=DIRECTION('',(0.,-1.,0.));
#13200=DIRECTION('',(0.,0.,1.));
#13201=DIRECTION('center_axis',(0.,1.,0.));
#13202=DIRECTION('ref_axis',(-1.,0.,0.));
#13203=DIRECTION('',(1.,0.,0.));
#13204=DIRECTION('',(-1.,0.,0.));
#13205=DIRECTION('',(0.,0.,1.));
#13206=DIRECTION('center_axis',(0.,0.,1.));
#13207=DIRECTION('ref_axis',(4.44089209850061E-15,-1.,0.));
#13208=DIRECTION('center_axis',(0.,0.,1.));
#13209=DIRECTION('ref_axis',(4.44089209850061E-15,-1.,0.));
#13210=DIRECTION('center_axis',(0.,0.,-1.));
#13211=DIRECTION('ref_axis',(4.44089209850061E-15,-1.,0.));
#13212=DIRECTION('',(0.,0.,1.));
#13213=DIRECTION('center_axis',(-0.707106751379177,-0.707106810993916,0.));
#13214=DIRECTION('ref_axis',(0.707106810993916,-0.707106751379177,0.));
#13215=DIRECTION('',(0.707106810993916,-0.707106751379177,0.));
#13216=DIRECTION('',(0.707106810993916,-0.707106751379177,0.));
#13217=DIRECTION('',(0.,0.,1.));
#13218=DIRECTION('center_axis',(9.61365234731387E-9,-1.,0.));
#13219=DIRECTION('ref_axis',(1.,9.61365234731387E-9,0.));
#13220=DIRECTION('',(1.,9.61365234731387E-9,0.));
#13221=DIRECTION('',(1.,9.61365234731387E-9,0.));
#13222=DIRECTION('',(0.,0.,1.));
#13223=DIRECTION('center_axis',(0.707106751379178,-0.707106810993916,0.));
#13224=DIRECTION('ref_axis',(0.707106810993916,0.707106751379177,0.));
#13225=DIRECTION('',(-0.707106810993916,-0.707106751379177,0.));
#13226=DIRECTION('',(0.707106810993916,0.707106751379177,0.));
#13227=DIRECTION('',(0.,0.,1.));
#13228=DIRECTION('center_axis',(0.,0.,1.));
#13229=DIRECTION('ref_axis',(-0.707106751379175,0.707106810993919,0.));
#13230=DIRECTION('center_axis',(0.,0.,1.));
#13231=DIRECTION('ref_axis',(-0.707106751379175,0.707106810993919,0.));
#13232=DIRECTION('center_axis',(0.,0.,-1.));
#13233=DIRECTION('ref_axis',(-0.707106751379175,0.707106810993919,0.));
#13234=DIRECTION('',(0.,0.,1.));
#13235=DIRECTION('center_axis',(0.,1.,0.));
#13236=DIRECTION('ref_axis',(-1.,0.,0.));
#13237=DIRECTION('',(-1.,0.,0.));
#13238=DIRECTION('',(-1.,0.,0.));
#13239=DIRECTION('',(0.,0.,1.));
#13240=DIRECTION('center_axis',(1.,0.,0.));
#13241=DIRECTION('ref_axis',(0.,1.,0.));
#13242=DIRECTION('',(0.,-1.,0.));
#13243=DIRECTION('',(0.,1.,0.));
#13244=DIRECTION('',(0.,0.,1.));
#13245=DIRECTION('center_axis',(0.,-1.,0.));
#13246=DIRECTION('ref_axis',(1.,0.,0.));
#13247=DIRECTION('',(1.,0.,0.));
#13248=DIRECTION('',(1.,0.,0.));
#13249=DIRECTION('',(0.,0.,1.));
#13250=DIRECTION('center_axis',(0.,0.,1.));
#13251=DIRECTION('ref_axis',(-1.,0.,0.));
#13252=DIRECTION('center_axis',(0.,0.,1.));
#13253=DIRECTION('ref_axis',(-1.,0.,0.));
#13254=DIRECTION('center_axis',(0.,0.,1.));
#13255=DIRECTION('ref_axis',(-1.,0.,0.));
#13256=DIRECTION('',(0.,0.,1.));
#13257=DIRECTION('center_axis',(-1.,0.,0.));
#13258=DIRECTION('ref_axis',(0.,-1.,0.));
#13259=DIRECTION('',(0.,-1.,0.));
#13260=DIRECTION('',(0.,-1.,0.));
#13261=DIRECTION('',(0.,0.,1.));
#13262=DIRECTION('center_axis',(0.,1.,0.));
#13263=DIRECTION('ref_axis',(-1.,0.,0.));
#13264=DIRECTION('',(-1.,0.,0.));
#13265=DIRECTION('',(-1.,0.,0.));
#13266=DIRECTION('center_axis',(0.,0.,1.));
#13267=DIRECTION('ref_axis',(1.,0.,0.));
#13268=DIRECTION('center_axis',(0.,0.,1.));
#13269=DIRECTION('ref_axis',(1.,0.,0.));
#13270=DIRECTION('center_axis',(0.,1.,0.));
#13271=DIRECTION('ref_axis',(1.,0.,0.));
#13272=DIRECTION('center_axis',(0.,1.,0.));
#13273=DIRECTION('ref_axis',(1.,0.,0.));
#13274=DIRECTION('',(0.,-1.,0.));
#13275=DIRECTION('center_axis',(0.,1.,0.));
#13276=DIRECTION('ref_axis',(1.,0.,0.));
#13277=DIRECTION('center_axis',(0.,1.,0.));
#13278=DIRECTION('ref_axis',(1.,0.,0.));
#13279=DIRECTION('center_axis',(0.,1.,0.));
#13280=DIRECTION('ref_axis',(1.,0.,0.));
#13281=DIRECTION('center_axis',(0.,1.,0.));
#13282=DIRECTION('ref_axis',(1.,0.,0.));
#13283=DIRECTION('center_axis',(0.,1.,0.));
#13284=DIRECTION('ref_axis',(1.,0.,0.));
#13285=DIRECTION('',(0.,-1.,0.));
#13286=DIRECTION('center_axis',(0.,1.,0.));
#13287=DIRECTION('ref_axis',(1.,0.,0.));
#13288=DIRECTION('center_axis',(0.,1.,0.));
#13289=DIRECTION('ref_axis',(1.,0.,0.));
#13290=DIRECTION('center_axis',(0.,1.,0.));
#13291=DIRECTION('ref_axis',(1.,0.,0.));
#13292=DIRECTION('',(0.,0.,1.));
#13293=DIRECTION('',(1.,0.,0.));
#13294=DIRECTION('',(-1.,6.12323399573678E-17,5.23331378232683E-14));
#13295=DIRECTION('',(5.23331378232683E-14,-3.20448048623014E-30,1.));
#13296=DIRECTION('',(-1.,6.12323399573677E-17,6.46149800331841E-14));
#13297=DIRECTION('',(6.46149800331841E-14,-3.95652642373045E-30,1.));
#13298=DIRECTION('',(2.00950367457153E-14,-1.,-1.06055061439021E-27));
#13299=DIRECTION('',(5.23943701632257E-14,-7.85638401459471E-30,1.));
#13300=DIRECTION('',(-1.,-1.77333647065935E-41,5.23943701632257E-14));
#13301=DIRECTION('',(5.23943701632256E-14,-7.85638401459481E-30,1.));
#13302=DIRECTION('',(-3.30291349825984E-15,-1.,1.70701195851136E-28));
#13303=DIRECTION('',(-5.23935771467795E-14,1.61686320625768E-30,-1.));
#13304=DIRECTION('',(-1.,-5.9994838711598E-43,5.23943701632257E-14));
#13305=DIRECTION('',(5.23943701632257E-14,-7.85638401459463E-30,1.));
#13306=DIRECTION('',(0.,0.,1.));
#13307=DIRECTION('',(1.,0.,0.));
#13308=DIRECTION('',(0.,0.,1.));
#13309=DIRECTION('',(1.,-5.49473532725423E-16,0.));
#13310=DIRECTION('',(0.,0.,1.));
#13311=DIRECTION('',(1.,-8.39532628553252E-11,0.));
#13312=DIRECTION('',(0.,0.,1.));
#13313=DIRECTION('',(1.,-8.39538417192481E-11,0.));
#13314=DIRECTION('',(0.,0.,1.));
#13315=DIRECTION('',(1.,-1.22464679914735E-16,0.));
#13316=DIRECTION('',(-4.2350731410541E-44,-1.,-1.02813649075319E-26));
#13317=DIRECTION('',(0.999999999999999,-2.34145948478897E-56,-8.39537192545682E-11));
#13318=DIRECTION('',(4.75047296986977E-44,1.,-2.68275602070307E-31));
#13319=DIRECTION('',(1.,1.37063868112023E-60,4.88241192768056E-16));
#13320=DIRECTION('',(1.,1.61398672204882E-14,-8.39537195324009E-11));
#13321=DIRECTION('',(-1.62231409955365E-14,1.,-8.39534147104096E-11));
#13322=DIRECTION('',(1.,-5.13478148889135E-15,4.88241213164589E-16));
#13323=DIRECTION('',(5.17641485235578E-15,1.,-8.39537804869081E-11));
#13324=DIRECTION('',(-2.11380270390337E-8,0.640015831168439,0.768361722012342));
#13325=DIRECTION('',(-1.76071655830032E-8,-0.768361722012342,0.640015831168439));
#13326=DIRECTION('',(4.12853405002178E-11,-0.640015831168442,0.76836172201234));
#13327=DIRECTION('',(3.43892638362967E-11,0.768361722012341,0.640015831168442));
#13328=DIRECTION('',(-2.10842953705066E-8,0.640015831168438,0.768361722012341));
#13329=DIRECTION('',(-1.76716724385435E-8,-0.768361722012343,0.640015831168439));
#13330=DIRECTION('',(-1.24462597809393E-11,-0.640015831168441,0.768361722012339));
#13331=DIRECTION('',(9.88961762228603E-11,0.768361722012341,0.640015831168442));
#13332=DIRECTION('',(0.,1.,0.));
#13333=DIRECTION('',(1.,0.,0.));
#13334=DIRECTION('',(0.,1.,0.));
#13335=DIRECTION('',(1.,0.,0.));
#13336=DIRECTION('',(5.69622514011171E-17,1.,0.));
#13337=DIRECTION('',(1.,-5.69622514011171E-17,0.));
#13338=DIRECTION('',(5.69622514011171E-17,1.,0.));
#13339=DIRECTION('',(1.,-5.69622514011171E-17,0.));
#13340=CARTESIAN_POINT('',(0.,0.,0.));
#13341=CARTESIAN_POINT('',(0.,0.,0.));
#13342=CARTESIAN_POINT('',(0.,0.,0.));
#13343=CARTESIAN_POINT('Origin',(350.,-150.,0.));
#13344=CARTESIAN_POINT('',(350.,150.,0.));
#13345=CARTESIAN_POINT('',(350.,-150.,0.));
#13346=CARTESIAN_POINT('',(350.,150.,0.));
#13347=CARTESIAN_POINT('',(350.,150.,1.));
#13348=CARTESIAN_POINT('',(350.,150.,0.));
#13349=CARTESIAN_POINT('',(350.,-150.,1.));
#13350=CARTESIAN_POINT('',(350.,150.,1.));
#13351=CARTESIAN_POINT('',(350.,-150.,0.));
#13352=CARTESIAN_POINT('Origin',(-350.,-150.,0.));
#13353=CARTESIAN_POINT('',(-350.,-150.,0.));
#13354=CARTESIAN_POINT('',(350.,-150.,0.));
#13355=CARTESIAN_POINT('',(-350.,-150.,1.));
#13356=CARTESIAN_POINT('',(350.,-150.,1.));
#13357=CARTESIAN_POINT('',(-350.,-150.,0.));
#13358=CARTESIAN_POINT('Origin',(-350.,150.,0.));
#13359=CARTESIAN_POINT('',(-350.,150.,0.));
#13360=CARTESIAN_POINT('',(-350.,-150.,0.));
#13361=CARTESIAN_POINT('',(-350.,150.,1.));
#13362=CARTESIAN_POINT('',(-350.,-150.,1.));
#13363=CARTESIAN_POINT('',(-350.,150.,0.));
#13364=CARTESIAN_POINT('Origin',(350.,150.,0.));
#13365=CARTESIAN_POINT('',(-350.,150.,0.));
#13366=CARTESIAN_POINT('',(-350.,150.,1.));
#13367=CARTESIAN_POINT('Origin',(0.,0.,1.));
#13368=CARTESIAN_POINT('Origin',(0.,0.,0.));
#13369=CARTESIAN_POINT('',(0.,0.,0.));
#13370=CARTESIAN_POINT('Origin',(0.,0.,0.));
#13371=CARTESIAN_POINT('',(-2.,-2.44929359829471E-16,700.));
#13372=CARTESIAN_POINT('Origin',(0.,0.,700.));
#13373=CARTESIAN_POINT('',(-2.,-2.44929359829471E-16,0.));
#13374=CARTESIAN_POINT('',(-2.,-2.44929359829471E-16,0.));
#13375=CARTESIAN_POINT('Origin',(0.,0.,0.));
#13376=CARTESIAN_POINT('Origin',(-8.00000005960465,-5.89289348408399,0.));
#13377=CARTESIAN_POINT('',(-8.00000005960465,-3.1,0.));
#13378=CARTESIAN_POINT('',(-8.00000005960465,-5.89289348408399,0.));
#13379=CARTESIAN_POINT('',(-8.00000005960465,-3.1,0.));
#13380=CARTESIAN_POINT('',(-8.00000005960465,-3.1,700.));
#13381=CARTESIAN_POINT('',(-8.00000005960465,-3.1,0.));
#13382=CARTESIAN_POINT('',(-8.00000005960465,-5.89289348408399,700.));
#13383=CARTESIAN_POINT('',(-8.00000005960465,-3.1,700.));
#13384=CARTESIAN_POINT('',(-8.00000005960465,-5.89289348408399,0.));
#13385=CARTESIAN_POINT('Origin',(-7.50000005960464,-5.89289348408399,0.));
#13386=CARTESIAN_POINT('',(-7.14644665410769,-6.24644685977358,0.));
#13387=CARTESIAN_POINT('Origin',(-7.50000005960464,-5.89289348408399,0.));
#13388=CARTESIAN_POINT('',(-7.14644665410769,-6.24644685977358,700.));
#13389=CARTESIAN_POINT('Origin',(-7.50000005960464,-5.89289348408399,700.));
#13390=CARTESIAN_POINT('',(-7.14644665410769,-6.24644685977358,0.));
#13391=CARTESIAN_POINT('Origin',(-4.00000005960464,-3.1,0.));
#13392=CARTESIAN_POINT('',(-4.00000005960464,-3.1,0.));
#13393=CARTESIAN_POINT('',(-4.00000005960464,-3.1,0.));
#13394=CARTESIAN_POINT('',(-4.00000005960464,-3.1,700.));
#13395=CARTESIAN_POINT('',(-4.00000005960464,-3.1,700.));
#13396=CARTESIAN_POINT('',(-4.00000005960464,-3.1,0.));
#13397=CARTESIAN_POINT('Origin',(-4.00000005960464,3.1,0.));
#13398=CARTESIAN_POINT('',(-4.00000005960464,3.1,0.));
#13399=CARTESIAN_POINT('',(-4.00000005960464,3.1,0.));
#13400=CARTESIAN_POINT('',(-4.00000005960464,3.1,700.));
#13401=CARTESIAN_POINT('',(-4.00000005960464,3.1,700.));
#13402=CARTESIAN_POINT('',(-4.00000005960464,3.1,0.));
#13403=CARTESIAN_POINT('Origin',(-7.14644665410769,6.24644685977359,0.));
#13404=CARTESIAN_POINT('',(-7.14644665410769,6.24644685977359,0.));
#13405=CARTESIAN_POINT('',(-4.00000005960464,3.1,0.));
#13406=CARTESIAN_POINT('',(-7.14644665410769,6.24644685977359,700.));
#13407=CARTESIAN_POINT('',(-4.00000005960464,3.1,700.));
#13408=CARTESIAN_POINT('',(-7.14644665410769,6.24644685977359,0.));
#13409=CARTESIAN_POINT('Origin',(-7.50000005960464,5.892893484084,0.));
#13410=CARTESIAN_POINT('',(-8.00000005960464,5.892893484084,0.));
#13411=CARTESIAN_POINT('Origin',(-7.50000005960464,5.892893484084,0.));
#13412=CARTESIAN_POINT('',(-8.00000005960464,5.892893484084,700.));
#13413=CARTESIAN_POINT('Origin',(-7.50000005960464,5.892893484084,700.));
#13414=CARTESIAN_POINT('',(-8.00000005960464,5.892893484084,0.));
#13415=CARTESIAN_POINT('Origin',(-8.00000005960465,3.1,0.));
#13416=CARTESIAN_POINT('',(-8.00000005960465,3.1,0.));
#13417=CARTESIAN_POINT('',(-8.00000005960465,3.1,0.));
#13418=CARTESIAN_POINT('',(-8.00000005960465,3.1,700.));
#13419=CARTESIAN_POINT('',(-8.00000005960465,3.1,700.));
#13420=CARTESIAN_POINT('',(-8.00000005960465,3.1,0.));
#13421=CARTESIAN_POINT('Origin',(-10.,3.1,0.));
#13422=CARTESIAN_POINT('',(-10.,3.1,0.));
#13423=CARTESIAN_POINT('',(-8.00000005960465,3.1,0.));
#13424=CARTESIAN_POINT('',(-10.,3.1,700.));
#13425=CARTESIAN_POINT('',(-8.00000005960465,3.1,700.));
#13426=CARTESIAN_POINT('',(-10.,3.1,0.));
#13427=CARTESIAN_POINT('Origin',(-10.,9.,0.));
#13428=CARTESIAN_POINT('',(-10.,9.,0.));
#13429=CARTESIAN_POINT('',(-10.,9.,0.));
#13430=CARTESIAN_POINT('',(-10.,9.,700.));
#13431=CARTESIAN_POINT('',(-10.,9.,700.));
#13432=CARTESIAN_POINT('',(-10.,9.,0.));
#13433=CARTESIAN_POINT('Origin',(-9.,9.,0.));
#13434=CARTESIAN_POINT('',(-9.,10.,0.));
#13435=CARTESIAN_POINT('Origin',(-9.,9.,0.));
#13436=CARTESIAN_POINT('',(-9.,10.,700.));
#13437=CARTESIAN_POINT('Origin',(-9.,9.,700.));
#13438=CARTESIAN_POINT('',(-9.,10.,0.));
#13439=CARTESIAN_POINT('Origin',(-3.1,10.,0.));
#13440=CARTESIAN_POINT('',(-3.1,10.,0.));
#13441=CARTESIAN_POINT('',(-3.1,10.,0.));
#13442=CARTESIAN_POINT('',(-3.1,10.,700.));
#13443=CARTESIAN_POINT('',(-3.1,10.,700.));
#13444=CARTESIAN_POINT('',(-3.1,10.,0.));
#13445=CARTESIAN_POINT('Origin',(-3.1,8.00000005960464,0.));
#13446=CARTESIAN_POINT('',(-3.1,8.00000005960464,0.));
#13447=CARTESIAN_POINT('',(-3.1,8.00000005960464,0.));
#13448=CARTESIAN_POINT('',(-3.1,8.00000005960464,700.));
#13449=CARTESIAN_POINT('',(-3.1,8.00000005960464,700.));
#13450=CARTESIAN_POINT('',(-3.1,8.00000005960464,0.));
#13451=CARTESIAN_POINT('Origin',(-5.892893484084,8.00000005960465,0.));
#13452=CARTESIAN_POINT('',(-5.892893484084,8.00000005960465,0.));
#13453=CARTESIAN_POINT('',(-3.1,8.00000005960464,0.));
#13454=CARTESIAN_POINT('',(-5.892893484084,8.00000005960465,700.));
#13455=CARTESIAN_POINT('',(-3.1,8.00000005960464,700.));
#13456=CARTESIAN_POINT('',(-5.892893484084,8.00000005960465,0.));
#13457=CARTESIAN_POINT('Origin',(-5.892893484084,7.50000005960465,0.));
#13458=CARTESIAN_POINT('',(-6.24644685977359,7.14644665410769,0.));
#13459=CARTESIAN_POINT('Origin',(-5.892893484084,7.50000005960465,0.));
#13460=CARTESIAN_POINT('',(-6.24644685977359,7.14644665410769,700.));
#13461=CARTESIAN_POINT('Origin',(-5.892893484084,7.50000005960465,700.));
#13462=CARTESIAN_POINT('',(-6.24644685977359,7.14644665410769,0.));
#13463=CARTESIAN_POINT('Origin',(-3.1,4.00000005960464,0.));
#13464=CARTESIAN_POINT('',(-3.1,4.00000005960464,0.));
#13465=CARTESIAN_POINT('',(-3.1,4.00000005960464,0.));
#13466=CARTESIAN_POINT('',(-3.1,4.00000005960464,700.));
#13467=CARTESIAN_POINT('',(-3.1,4.00000005960464,700.));
#13468=CARTESIAN_POINT('',(-3.1,4.00000005960464,0.));
#13469=CARTESIAN_POINT('Origin',(3.1,4.00000005960464,0.));
#13470=CARTESIAN_POINT('',(3.1,4.00000005960464,0.));
#13471=CARTESIAN_POINT('',(3.1,4.00000005960464,0.));
#13472=CARTESIAN_POINT('',(3.1,4.00000005960464,700.));
#13473=CARTESIAN_POINT('',(3.1,4.00000005960464,700.));
#13474=CARTESIAN_POINT('',(3.1,4.00000005960464,0.));
#13475=CARTESIAN_POINT('Origin',(6.24644685977359,7.14644665410769,0.));
#13476=CARTESIAN_POINT('',(6.24644685977359,7.14644665410769,0.));
#13477=CARTESIAN_POINT('',(3.1,4.00000005960464,0.));
#13478=CARTESIAN_POINT('',(6.24644685977359,7.14644665410769,700.));
#13479=CARTESIAN_POINT('',(3.1,4.00000005960464,700.));
#13480=CARTESIAN_POINT('',(6.24644685977359,7.14644665410769,0.));
#13481=CARTESIAN_POINT('Origin',(5.892893484084,7.50000005960465,0.));
#13482=CARTESIAN_POINT('',(5.892893484084,8.00000005960464,0.));
#13483=CARTESIAN_POINT('Origin',(5.892893484084,7.50000005960465,0.));
#13484=CARTESIAN_POINT('',(5.892893484084,8.00000005960464,700.));
#13485=CARTESIAN_POINT('Origin',(5.892893484084,7.50000005960465,700.));
#13486=CARTESIAN_POINT('',(5.892893484084,8.00000005960464,0.));
#13487=CARTESIAN_POINT('Origin',(3.1,8.00000005960464,0.));
#13488=CARTESIAN_POINT('',(3.1,8.00000005960464,0.));
#13489=CARTESIAN_POINT('',(3.1,8.00000005960464,0.));
#13490=CARTESIAN_POINT('',(3.1,8.00000005960464,700.));
#13491=CARTESIAN_POINT('',(3.1,8.00000005960464,700.));
#13492=CARTESIAN_POINT('',(3.1,8.00000005960464,0.));
#13493=CARTESIAN_POINT('Origin',(3.1,10.,0.));
#13494=CARTESIAN_POINT('',(3.1,10.,0.));
#13495=CARTESIAN_POINT('',(3.1,8.00000005960464,0.));
#13496=CARTESIAN_POINT('',(3.1,10.,700.));
#13497=CARTESIAN_POINT('',(3.1,8.00000005960464,700.));
#13498=CARTESIAN_POINT('',(3.1,10.,0.));
#13499=CARTESIAN_POINT('Origin',(9.,10.,0.));
#13500=CARTESIAN_POINT('',(9.,10.,0.));
#13501=CARTESIAN_POINT('',(9.,10.,0.));
#13502=CARTESIAN_POINT('',(9.,10.,700.));
#13503=CARTESIAN_POINT('',(9.,10.,700.));
#13504=CARTESIAN_POINT('',(9.,10.,0.));
#13505=CARTESIAN_POINT('Origin',(9.,9.,0.));
#13506=CARTESIAN_POINT('',(10.,9.,0.));
#13507=CARTESIAN_POINT('Origin',(9.,9.,0.));
#13508=CARTESIAN_POINT('',(10.,9.,700.));
#13509=CARTESIAN_POINT('Origin',(9.,9.,700.));
#13510=CARTESIAN_POINT('',(10.,9.,0.));
#13511=CARTESIAN_POINT('Origin',(10.,3.1,0.));
#13512=CARTESIAN_POINT('',(10.,3.1,0.));
#13513=CARTESIAN_POINT('',(10.,3.1,0.));
#13514=CARTESIAN_POINT('',(10.,3.1,700.));
#13515=CARTESIAN_POINT('',(10.,3.1,700.));
#13516=CARTESIAN_POINT('',(10.,3.1,0.));
#13517=CARTESIAN_POINT('Origin',(8.00000005960465,3.1,0.));
#13518=CARTESIAN_POINT('',(8.00000005960465,3.1,0.));
#13519=CARTESIAN_POINT('',(8.00000005960465,3.1,0.));
#13520=CARTESIAN_POINT('',(8.00000005960465,3.1,700.));
#13521=CARTESIAN_POINT('',(8.00000005960465,3.1,700.));
#13522=CARTESIAN_POINT('',(8.00000005960465,3.1,0.));
#13523=CARTESIAN_POINT('Origin',(8.00000005960464,5.892893484084,0.));
#13524=CARTESIAN_POINT('',(8.00000005960464,5.892893484084,0.));
#13525=CARTESIAN_POINT('',(8.00000005960465,3.1,0.));
#13526=CARTESIAN_POINT('',(8.00000005960465,5.892893484084,700.));
#13527=CARTESIAN_POINT('',(8.00000005960465,3.1,700.));
#13528=CARTESIAN_POINT('',(8.00000005960464,5.892893484084,0.));
#13529=CARTESIAN_POINT('Origin',(7.50000005960464,5.892893484084,0.));
#13530=CARTESIAN_POINT('',(7.14644665410769,6.24644685977359,0.));
#13531=CARTESIAN_POINT('Origin',(7.50000005960464,5.892893484084,0.));
#13532=CARTESIAN_POINT('',(7.14644665410769,6.24644685977359,700.));
#13533=CARTESIAN_POINT('Origin',(7.50000005960464,5.892893484084,700.));
#13534=CARTESIAN_POINT('',(7.14644665410769,6.24644685977359,0.));
#13535=CARTESIAN_POINT('Origin',(4.00000005960464,3.1,0.));
#13536=CARTESIAN_POINT('',(4.00000005960464,3.1,0.));
#13537=CARTESIAN_POINT('',(4.00000005960464,3.1,0.));
#13538=CARTESIAN_POINT('',(4.00000005960464,3.1,700.));
#13539=CARTESIAN_POINT('',(4.00000005960464,3.1,700.));
#13540=CARTESIAN_POINT('',(4.00000005960464,3.1,0.));
#13541=CARTESIAN_POINT('Origin',(4.,-3.1,0.));
#13542=CARTESIAN_POINT('',(4.00000005960464,-3.1,0.));
#13543=CARTESIAN_POINT('',(4.,-3.1,0.));
#13544=CARTESIAN_POINT('',(4.00000005960464,-3.1,700.));
#13545=CARTESIAN_POINT('',(4.,-3.1,700.));
#13546=CARTESIAN_POINT('',(4.00000005960464,-3.1,0.));
#13547=CARTESIAN_POINT('Origin',(7.14644665410769,-6.24644685977359,0.));
#13548=CARTESIAN_POINT('',(7.14644665410769,-6.24644685977359,0.));
#13549=CARTESIAN_POINT('',(4.00000005960464,-3.1,0.));
#13550=CARTESIAN_POINT('',(7.14644665410769,-6.24644685977359,700.));
#13551=CARTESIAN_POINT('',(4.00000005960464,-3.1,700.));
#13552=CARTESIAN_POINT('',(7.14644665410769,-6.24644685977359,0.));
#13553=CARTESIAN_POINT('Origin',(7.50000005960464,-5.89289348408399,0.));
#13554=CARTESIAN_POINT('',(8.00000005960464,-5.892893484084,0.));
#13555=CARTESIAN_POINT('Origin',(7.50000005960464,-5.89289348408399,0.));
#13556=CARTESIAN_POINT('',(8.00000005960465,-5.892893484084,700.));
#13557=CARTESIAN_POINT('Origin',(7.50000005960464,-5.89289348408399,700.));
#13558=CARTESIAN_POINT('',(8.00000005960464,-5.892893484084,0.));
#13559=CARTESIAN_POINT('Origin',(8.00000005960465,-3.1,0.));
#13560=CARTESIAN_POINT('',(8.00000005960465,-3.1,0.));
#13561=CARTESIAN_POINT('',(8.00000005960465,-3.1,0.));
#13562=CARTESIAN_POINT('',(8.00000005960465,-3.1,700.));
#13563=CARTESIAN_POINT('',(8.00000005960465,-3.1,700.));
#13564=CARTESIAN_POINT('',(8.00000005960465,-3.1,0.));
#13565=CARTESIAN_POINT('Origin',(10.,-3.1,0.));
#13566=CARTESIAN_POINT('',(10.,-3.1,0.));
#13567=CARTESIAN_POINT('',(8.00000005960465,-3.1,0.));
#13568=CARTESIAN_POINT('',(10.,-3.1,700.));
#13569=CARTESIAN_POINT('',(8.00000005960465,-3.1,700.));
#13570=CARTESIAN_POINT('',(10.,-3.1,0.));
#13571=CARTESIAN_POINT('Origin',(10.,-9.,0.));
#13572=CARTESIAN_POINT('',(10.,-9.,0.));
#13573=CARTESIAN_POINT('',(10.,-9.,0.));
#13574=CARTESIAN_POINT('',(10.,-9.,700.));
#13575=CARTESIAN_POINT('',(10.,-9.,700.));
#13576=CARTESIAN_POINT('',(10.,-9.,0.));
#13577=CARTESIAN_POINT('Origin',(9.,-9.,0.));
#13578=CARTESIAN_POINT('',(9.,-10.,0.));
#13579=CARTESIAN_POINT('Origin',(9.,-9.,0.));
#13580=CARTESIAN_POINT('',(9.,-10.,700.));
#13581=CARTESIAN_POINT('Origin',(9.,-9.,700.));
#13582=CARTESIAN_POINT('',(9.,-10.,0.));
#13583=CARTESIAN_POINT('Origin',(3.1,-10.,0.));
#13584=CARTESIAN_POINT('',(3.1,-10.,0.));
#13585=CARTESIAN_POINT('',(3.1,-10.,0.));
#13586=CARTESIAN_POINT('',(3.1,-10.,700.));
#13587=CARTESIAN_POINT('',(3.1,-10.,700.));
#13588=CARTESIAN_POINT('',(3.1,-10.,0.));
#13589=CARTESIAN_POINT('Origin',(3.1,-8.00000005960464,0.));
#13590=CARTESIAN_POINT('',(3.1,-8.00000005960464,0.));
#13591=CARTESIAN_POINT('',(3.1,-8.00000005960464,0.));
#13592=CARTESIAN_POINT('',(3.1,-8.00000005960464,700.));
#13593=CARTESIAN_POINT('',(3.1,-8.00000005960464,700.));
#13594=CARTESIAN_POINT('',(3.1,-8.00000005960464,0.));
#13595=CARTESIAN_POINT('Origin',(5.892893484084,-8.00000005960464,0.));
#13596=CARTESIAN_POINT('',(5.892893484084,-8.00000005960464,0.));
#13597=CARTESIAN_POINT('',(3.1,-8.00000005960464,0.));
#13598=CARTESIAN_POINT('',(5.892893484084,-8.00000005960464,700.));
#13599=CARTESIAN_POINT('',(3.1,-8.00000005960464,700.));
#13600=CARTESIAN_POINT('',(5.892893484084,-8.00000005960464,0.));
#13601=CARTESIAN_POINT('Origin',(5.89289348408399,-7.50000005960464,0.));
#13602=CARTESIAN_POINT('',(6.24644685977359,-7.14644665410769,0.));
#13603=CARTESIAN_POINT('Origin',(5.89289348408399,-7.50000005960464,0.));
#13604=CARTESIAN_POINT('',(6.24644685977359,-7.14644665410769,700.));
#13605=CARTESIAN_POINT('Origin',(5.89289348408399,-7.50000005960464,700.));
#13606=CARTESIAN_POINT('',(6.24644685977359,-7.14644665410769,0.));
#13607=CARTESIAN_POINT('Origin',(3.1,-4.00000005960464,0.));
#13608=CARTESIAN_POINT('',(3.1,-4.00000005960464,0.));
#13609=CARTESIAN_POINT('',(3.1,-4.00000005960464,0.));
#13610=CARTESIAN_POINT('',(3.1,-4.00000005960464,700.));
#13611=CARTESIAN_POINT('',(3.1,-4.00000005960464,700.));
#13612=CARTESIAN_POINT('',(3.1,-4.00000005960464,0.));
#13613=CARTESIAN_POINT('Origin',(-3.1,-4.00000005960464,0.));
#13614=CARTESIAN_POINT('',(-3.1,-4.00000005960464,0.));
#13615=CARTESIAN_POINT('',(-3.1,-4.00000005960464,0.));
#13616=CARTESIAN_POINT('',(-3.1,-4.00000005960464,700.));
#13617=CARTESIAN_POINT('',(-3.1,-4.00000005960464,700.));
#13618=CARTESIAN_POINT('',(-3.1,-4.00000005960464,0.));
#13619=CARTESIAN_POINT('Origin',(-6.24644685977359,-7.14644665410769,0.));
#13620=CARTESIAN_POINT('',(-6.24644685977359,-7.14644665410769,0.));
#13621=CARTESIAN_POINT('',(-3.1,-4.00000005960464,0.));
#13622=CARTESIAN_POINT('',(-6.24644685977359,-7.14644665410769,700.));
#13623=CARTESIAN_POINT('',(-3.1,-4.00000005960464,700.));
#13624=CARTESIAN_POINT('',(-6.24644685977359,-7.14644665410769,0.));
#13625=CARTESIAN_POINT('Origin',(-5.892893484084,-7.50000005960465,0.));
#13626=CARTESIAN_POINT('',(-5.892893484084,-8.00000005960464,0.));
#13627=CARTESIAN_POINT('Origin',(-5.892893484084,-7.50000005960465,0.));
#13628=CARTESIAN_POINT('',(-5.892893484084,-8.00000005960464,700.));
#13629=CARTESIAN_POINT('Origin',(-5.892893484084,-7.50000005960465,700.));
#13630=CARTESIAN_POINT('',(-5.892893484084,-8.00000005960464,0.));
#13631=CARTESIAN_POINT('Origin',(-3.1,-8.00000005960464,0.));
#13632=CARTESIAN_POINT('',(-3.1,-8.00000005960464,0.));
#13633=CARTESIAN_POINT('',(-3.1,-8.00000005960464,0.));
#13634=CARTESIAN_POINT('',(-3.1,-8.00000005960464,700.));
#13635=CARTESIAN_POINT('',(-3.1,-8.00000005960464,700.));
#13636=CARTESIAN_POINT('',(-3.1,-8.00000005960464,0.));
#13637=CARTESIAN_POINT('Origin',(-3.1,-10.,0.));
#13638=CARTESIAN_POINT('',(-3.1,-10.,0.));
#13639=CARTESIAN_POINT('',(-3.1,-8.00000005960464,0.));
#13640=CARTESIAN_POINT('',(-3.1,-10.,700.));
#13641=CARTESIAN_POINT('',(-3.1,-8.00000005960464,700.));
#13642=CARTESIAN_POINT('',(-3.1,-10.,0.));
#13643=CARTESIAN_POINT('Origin',(-9.,-10.,0.));
#13644=CARTESIAN_POINT('',(-9.,-10.,0.));
#13645=CARTESIAN_POINT('',(-9.,-10.,0.));
#13646=CARTESIAN_POINT('',(-9.,-10.,700.));
#13647=CARTESIAN_POINT('',(-9.,-10.,700.));
#13648=CARTESIAN_POINT('',(-9.,-10.,0.));
#13649=CARTESIAN_POINT('Origin',(-9.,-9.,0.));
#13650=CARTESIAN_POINT('',(-10.,-9.,0.));
#13651=CARTESIAN_POINT('Origin',(-9.,-9.,0.));
#13652=CARTESIAN_POINT('',(-10.,-9.,700.));
#13653=CARTESIAN_POINT('Origin',(-9.,-9.,700.));
#13654=CARTESIAN_POINT('',(-10.,-9.,0.));
#13655=CARTESIAN_POINT('Origin',(-10.,-3.1,0.));
#13656=CARTESIAN_POINT('',(-10.,-3.1,0.));
#13657=CARTESIAN_POINT('',(-10.,-3.1,0.));
#13658=CARTESIAN_POINT('',(-10.,-3.1,700.));
#13659=CARTESIAN_POINT('',(-10.,-3.1,700.));
#13660=CARTESIAN_POINT('',(-10.,-3.1,0.));
#13661=CARTESIAN_POINT('Origin',(-8.00000005960465,-3.1,0.));
#13662=CARTESIAN_POINT('',(-8.00000005960465,-3.1,0.));
#13663=CARTESIAN_POINT('',(-8.00000005960465,-3.1,700.));
#13664=CARTESIAN_POINT('Origin',(0.,0.,700.));
#13665=CARTESIAN_POINT('Origin',(0.,0.,0.));
#13666=CARTESIAN_POINT('',(0.,0.,0.));
#13667=CARTESIAN_POINT('Origin',(0.,0.,0.));
#13668=CARTESIAN_POINT('',(-2.,-2.44929359829471E-16,660.));
#13669=CARTESIAN_POINT('Origin',(0.,0.,660.));
#13670=CARTESIAN_POINT('',(-2.,-2.44929359829471E-16,0.));
#13671=CARTESIAN_POINT('',(-2.,-2.44929359829471E-16,0.));
#13672=CARTESIAN_POINT('Origin',(0.,0.,0.));
#13673=CARTESIAN_POINT('Origin',(-8.00000005960465,-5.89289348408399,0.));
#13674=CARTESIAN_POINT('',(-8.00000005960465,-3.1,0.));
#13675=CARTESIAN_POINT('',(-8.00000005960465,-5.89289348408399,0.));
#13676=CARTESIAN_POINT('',(-8.00000005960465,-3.1,0.));
#13677=CARTESIAN_POINT('',(-8.00000005960465,-3.1,660.));
#13678=CARTESIAN_POINT('',(-8.00000005960465,-3.1,0.));
#13679=CARTESIAN_POINT('',(-8.00000005960465,-5.89289348408399,660.));
#13680=CARTESIAN_POINT('',(-8.00000005960465,-3.1,660.));
#13681=CARTESIAN_POINT('',(-8.00000005960465,-5.89289348408399,0.));
#13682=CARTESIAN_POINT('Origin',(-7.50000005960464,-5.89289348408399,0.));
#13683=CARTESIAN_POINT('',(-7.14644665410769,-6.24644685977358,0.));
#13684=CARTESIAN_POINT('Origin',(-7.50000005960464,-5.89289348408399,0.));
#13685=CARTESIAN_POINT('',(-7.14644665410769,-6.24644685977358,660.));
#13686=CARTESIAN_POINT('Origin',(-7.50000005960464,-5.89289348408399,660.));
#13687=CARTESIAN_POINT('',(-7.14644665410769,-6.24644685977358,0.));
#13688=CARTESIAN_POINT('Origin',(-4.00000005960464,-3.1,0.));
#13689=CARTESIAN_POINT('',(-4.00000005960464,-3.1,0.));
#13690=CARTESIAN_POINT('',(-4.00000005960464,-3.1,0.));
#13691=CARTESIAN_POINT('',(-4.00000005960464,-3.1,660.));
#13692=CARTESIAN_POINT('',(-4.00000005960464,-3.1,660.));
#13693=CARTESIAN_POINT('',(-4.00000005960464,-3.1,0.));
#13694=CARTESIAN_POINT('Origin',(-4.00000005960464,3.1,0.));
#13695=CARTESIAN_POINT('',(-4.00000005960464,3.1,0.));
#13696=CARTESIAN_POINT('',(-4.00000005960464,3.1,0.));
#13697=CARTESIAN_POINT('',(-4.00000005960464,3.1,660.));
#13698=CARTESIAN_POINT('',(-4.00000005960464,3.1,660.));
#13699=CARTESIAN_POINT('',(-4.00000005960464,3.1,0.));
#13700=CARTESIAN_POINT('Origin',(-7.14644665410769,6.24644685977359,0.));
#13701=CARTESIAN_POINT('',(-7.14644665410769,6.24644685977359,0.));
#13702=CARTESIAN_POINT('',(-4.00000005960464,3.1,0.));
#13703=CARTESIAN_POINT('',(-7.14644665410769,6.24644685977359,660.));
#13704=CARTESIAN_POINT('',(-4.00000005960464,3.1,660.));
#13705=CARTESIAN_POINT('',(-7.14644665410769,6.24644685977359,0.));
#13706=CARTESIAN_POINT('Origin',(-7.50000005960464,5.892893484084,0.));
#13707=CARTESIAN_POINT('',(-8.00000005960464,5.892893484084,0.));
#13708=CARTESIAN_POINT('Origin',(-7.50000005960464,5.892893484084,0.));
#13709=CARTESIAN_POINT('',(-8.00000005960464,5.892893484084,660.));
#13710=CARTESIAN_POINT('Origin',(-7.50000005960464,5.892893484084,660.));
#13711=CARTESIAN_POINT('',(-8.00000005960464,5.892893484084,0.));
#13712=CARTESIAN_POINT('Origin',(-8.00000005960465,3.1,0.));
#13713=CARTESIAN_POINT('',(-8.00000005960465,3.1,0.));
#13714=CARTESIAN_POINT('',(-8.00000005960465,3.1,0.));
#13715=CARTESIAN_POINT('',(-8.00000005960465,3.1,660.));
#13716=CARTESIAN_POINT('',(-8.00000005960465,3.1,660.));
#13717=CARTESIAN_POINT('',(-8.00000005960465,3.1,0.));
#13718=CARTESIAN_POINT('Origin',(-10.,3.1,0.));
#13719=CARTESIAN_POINT('',(-10.,3.1,0.));
#13720=CARTESIAN_POINT('',(-8.00000005960465,3.1,0.));
#13721=CARTESIAN_POINT('',(-10.,3.1,660.));
#13722=CARTESIAN_POINT('',(-8.00000005960465,3.1,660.));
#13723=CARTESIAN_POINT('',(-10.,3.1,0.));
#13724=CARTESIAN_POINT('Origin',(-10.,9.,0.));
#13725=CARTESIAN_POINT('',(-10.,9.,0.));
#13726=CARTESIAN_POINT('',(-10.,9.,0.));
#13727=CARTESIAN_POINT('',(-10.,9.,660.));
#13728=CARTESIAN_POINT('',(-10.,9.,660.));
#13729=CARTESIAN_POINT('',(-10.,9.,0.));
#13730=CARTESIAN_POINT('Origin',(-9.,9.,0.));
#13731=CARTESIAN_POINT('',(-9.,10.,0.));
#13732=CARTESIAN_POINT('Origin',(-9.,9.,0.));
#13733=CARTESIAN_POINT('',(-9.,10.,660.));
#13734=CARTESIAN_POINT('Origin',(-9.,9.,660.));
#13735=CARTESIAN_POINT('',(-9.,10.,0.));
#13736=CARTESIAN_POINT('Origin',(-3.1,10.,0.));
#13737=CARTESIAN_POINT('',(-3.1,10.,0.));
#13738=CARTESIAN_POINT('',(-3.1,10.,0.));
#13739=CARTESIAN_POINT('',(-3.1,10.,660.));
#13740=CARTESIAN_POINT('',(-3.1,10.,660.));
#13741=CARTESIAN_POINT('',(-3.1,10.,0.));
#13742=CARTESIAN_POINT('Origin',(-3.1,8.00000005960464,0.));
#13743=CARTESIAN_POINT('',(-3.1,8.00000005960464,0.));
#13744=CARTESIAN_POINT('',(-3.1,8.00000005960464,0.));
#13745=CARTESIAN_POINT('',(-3.1,8.00000005960464,660.));
#13746=CARTESIAN_POINT('',(-3.1,8.00000005960464,660.));
#13747=CARTESIAN_POINT('',(-3.1,8.00000005960464,0.));
#13748=CARTESIAN_POINT('Origin',(-5.892893484084,8.00000005960465,0.));
#13749=CARTESIAN_POINT('',(-5.892893484084,8.00000005960465,0.));
#13750=CARTESIAN_POINT('',(-3.1,8.00000005960464,0.));
#13751=CARTESIAN_POINT('',(-5.892893484084,8.00000005960465,660.));
#13752=CARTESIAN_POINT('',(-3.1,8.00000005960464,660.));
#13753=CARTESIAN_POINT('',(-5.892893484084,8.00000005960465,0.));
#13754=CARTESIAN_POINT('Origin',(-5.892893484084,7.50000005960465,0.));
#13755=CARTESIAN_POINT('',(-6.24644685977359,7.14644665410769,0.));
#13756=CARTESIAN_POINT('Origin',(-5.892893484084,7.50000005960465,0.));
#13757=CARTESIAN_POINT('',(-6.24644685977359,7.14644665410769,660.));
#13758=CARTESIAN_POINT('Origin',(-5.892893484084,7.50000005960465,660.));
#13759=CARTESIAN_POINT('',(-6.24644685977359,7.14644665410769,0.));
#13760=CARTESIAN_POINT('Origin',(-3.1,4.00000005960464,0.));
#13761=CARTESIAN_POINT('',(-3.1,4.00000005960464,0.));
#13762=CARTESIAN_POINT('',(-3.1,4.00000005960464,0.));
#13763=CARTESIAN_POINT('',(-3.1,4.00000005960464,660.));
#13764=CARTESIAN_POINT('',(-3.1,4.00000005960464,660.));
#13765=CARTESIAN_POINT('',(-3.1,4.00000005960464,0.));
#13766=CARTESIAN_POINT('Origin',(3.1,4.00000005960464,0.));
#13767=CARTESIAN_POINT('',(3.1,4.00000005960464,0.));
#13768=CARTESIAN_POINT('',(3.1,4.00000005960464,0.));
#13769=CARTESIAN_POINT('',(3.1,4.00000005960464,660.));
#13770=CARTESIAN_POINT('',(3.1,4.00000005960464,660.));
#13771=CARTESIAN_POINT('',(3.1,4.00000005960464,0.));
#13772=CARTESIAN_POINT('Origin',(6.24644685977359,7.14644665410769,0.));
#13773=CARTESIAN_POINT('',(6.24644685977359,7.14644665410769,0.));
#13774=CARTESIAN_POINT('',(3.1,4.00000005960464,0.));
#13775=CARTESIAN_POINT('',(6.24644685977359,7.14644665410769,660.));
#13776=CARTESIAN_POINT('',(3.1,4.00000005960464,660.));
#13777=CARTESIAN_POINT('',(6.24644685977359,7.14644665410769,0.));
#13778=CARTESIAN_POINT('Origin',(5.892893484084,7.50000005960465,0.));
#13779=CARTESIAN_POINT('',(5.892893484084,8.00000005960464,0.));
#13780=CARTESIAN_POINT('Origin',(5.892893484084,7.50000005960465,0.));
#13781=CARTESIAN_POINT('',(5.892893484084,8.00000005960464,660.));
#13782=CARTESIAN_POINT('Origin',(5.892893484084,7.50000005960465,660.));
#13783=CARTESIAN_POINT('',(5.892893484084,8.00000005960464,0.));
#13784=CARTESIAN_POINT('Origin',(3.1,8.00000005960464,0.));
#13785=CARTESIAN_POINT('',(3.1,8.00000005960464,0.));
#13786=CARTESIAN_POINT('',(3.1,8.00000005960464,0.));
#13787=CARTESIAN_POINT('',(3.1,8.00000005960464,660.));
#13788=CARTESIAN_POINT('',(3.1,8.00000005960464,660.));
#13789=CARTESIAN_POINT('',(3.1,8.00000005960464,0.));
#13790=CARTESIAN_POINT('Origin',(3.1,10.,0.));
#13791=CARTESIAN_POINT('',(3.1,10.,0.));
#13792=CARTESIAN_POINT('',(3.1,8.00000005960464,0.));
#13793=CARTESIAN_POINT('',(3.1,10.,660.));
#13794=CARTESIAN_POINT('',(3.1,8.00000005960464,660.));
#13795=CARTESIAN_POINT('',(3.1,10.,0.));
#13796=CARTESIAN_POINT('Origin',(9.,10.,0.));
#13797=CARTESIAN_POINT('',(9.,10.,0.));
#13798=CARTESIAN_POINT('',(9.,10.,0.));
#13799=CARTESIAN_POINT('',(9.,10.,660.));
#13800=CARTESIAN_POINT('',(9.,10.,660.));
#13801=CARTESIAN_POINT('',(9.,10.,0.));
#13802=CARTESIAN_POINT('Origin',(9.,9.,0.));
#13803=CARTESIAN_POINT('',(10.,9.,0.));
#13804=CARTESIAN_POINT('Origin',(9.,9.,0.));
#13805=CARTESIAN_POINT('',(10.,9.,660.));
#13806=CARTESIAN_POINT('Origin',(9.,9.,660.));
#13807=CARTESIAN_POINT('',(10.,9.,0.));
#13808=CARTESIAN_POINT('Origin',(10.,3.1,0.));
#13809=CARTESIAN_POINT('',(10.,3.1,0.));
#13810=CARTESIAN_POINT('',(10.,3.1,0.));
#13811=CARTESIAN_POINT('',(10.,3.1,660.));
#13812=CARTESIAN_POINT('',(10.,3.1,660.));
#13813=CARTESIAN_POINT('',(10.,3.1,0.));
#13814=CARTESIAN_POINT('Origin',(8.00000005960465,3.1,0.));
#13815=CARTESIAN_POINT('',(8.00000005960465,3.1,0.));
#13816=CARTESIAN_POINT('',(8.00000005960465,3.1,0.));
#13817=CARTESIAN_POINT('',(8.00000005960465,3.1,660.));
#13818=CARTESIAN_POINT('',(8.00000005960465,3.1,660.));
#13819=CARTESIAN_POINT('',(8.00000005960465,3.1,0.));
#13820=CARTESIAN_POINT('Origin',(8.00000005960464,5.892893484084,0.));
#13821=CARTESIAN_POINT('',(8.00000005960464,5.892893484084,0.));
#13822=CARTESIAN_POINT('',(8.00000005960465,3.1,0.));
#13823=CARTESIAN_POINT('',(8.00000005960465,5.892893484084,660.));
#13824=CARTESIAN_POINT('',(8.00000005960465,3.1,660.));
#13825=CARTESIAN_POINT('',(8.00000005960464,5.892893484084,0.));
#13826=CARTESIAN_POINT('Origin',(7.50000005960464,5.892893484084,0.));
#13827=CARTESIAN_POINT('',(7.14644665410769,6.24644685977359,0.));
#13828=CARTESIAN_POINT('Origin',(7.50000005960464,5.892893484084,0.));
#13829=CARTESIAN_POINT('',(7.14644665410769,6.24644685977359,660.));
#13830=CARTESIAN_POINT('Origin',(7.50000005960464,5.892893484084,660.));
#13831=CARTESIAN_POINT('',(7.14644665410769,6.24644685977359,0.));
#13832=CARTESIAN_POINT('Origin',(4.00000005960464,3.1,0.));
#13833=CARTESIAN_POINT('',(4.00000005960464,3.1,0.));
#13834=CARTESIAN_POINT('',(4.00000005960464,3.1,0.));
#13835=CARTESIAN_POINT('',(4.00000005960464,3.1,660.));
#13836=CARTESIAN_POINT('',(4.00000005960464,3.1,660.));
#13837=CARTESIAN_POINT('',(4.00000005960464,3.1,0.));
#13838=CARTESIAN_POINT('Origin',(4.,-3.1,0.));
#13839=CARTESIAN_POINT('',(4.00000005960464,-3.1,0.));
#13840=CARTESIAN_POINT('',(4.,-3.1,0.));
#13841=CARTESIAN_POINT('',(4.00000005960464,-3.1,660.));
#13842=CARTESIAN_POINT('',(4.,-3.1,660.));
#13843=CARTESIAN_POINT('',(4.00000005960464,-3.1,0.));
#13844=CARTESIAN_POINT('Origin',(7.14644665410769,-6.24644685977359,0.));
#13845=CARTESIAN_POINT('',(7.14644665410769,-6.24644685977359,0.));
#13846=CARTESIAN_POINT('',(4.00000005960464,-3.1,0.));
#13847=CARTESIAN_POINT('',(7.14644665410769,-6.24644685977359,660.));
#13848=CARTESIAN_POINT('',(4.00000005960464,-3.1,660.));
#13849=CARTESIAN_POINT('',(7.14644665410769,-6.24644685977359,0.));
#13850=CARTESIAN_POINT('Origin',(7.50000005960464,-5.89289348408399,0.));
#13851=CARTESIAN_POINT('',(8.00000005960464,-5.892893484084,0.));
#13852=CARTESIAN_POINT('Origin',(7.50000005960464,-5.89289348408399,0.));
#13853=CARTESIAN_POINT('',(8.00000005960465,-5.892893484084,660.));
#13854=CARTESIAN_POINT('Origin',(7.50000005960464,-5.89289348408399,660.));
#13855=CARTESIAN_POINT('',(8.00000005960464,-5.892893484084,0.));
#13856=CARTESIAN_POINT('Origin',(8.00000005960465,-3.1,0.));
#13857=CARTESIAN_POINT('',(8.00000005960465,-3.1,0.));
#13858=CARTESIAN_POINT('',(8.00000005960465,-3.1,0.));
#13859=CARTESIAN_POINT('',(8.00000005960465,-3.1,660.));
#13860=CARTESIAN_POINT('',(8.00000005960465,-3.1,660.));
#13861=CARTESIAN_POINT('',(8.00000005960465,-3.1,0.));
#13862=CARTESIAN_POINT('Origin',(10.,-3.1,0.));
#13863=CARTESIAN_POINT('',(10.,-3.1,0.));
#13864=CARTESIAN_POINT('',(8.00000005960465,-3.1,0.));
#13865=CARTESIAN_POINT('',(10.,-3.1,660.));
#13866=CARTESIAN_POINT('',(8.00000005960465,-3.1,660.));
#13867=CARTESIAN_POINT('',(10.,-3.1,0.));
#13868=CARTESIAN_POINT('Origin',(10.,-9.,0.));
#13869=CARTESIAN_POINT('',(10.,-9.,0.));
#13870=CARTESIAN_POINT('',(10.,-9.,0.));
#13871=CARTESIAN_POINT('',(10.,-9.,660.));
#13872=CARTESIAN_POINT('',(10.,-9.,660.));
#13873=CARTESIAN_POINT('',(10.,-9.,0.));
#13874=CARTESIAN_POINT('Origin',(9.,-9.,0.));
#13875=CARTESIAN_POINT('',(9.,-10.,0.));
#13876=CARTESIAN_POINT('Origin',(9.,-9.,0.));
#13877=CARTESIAN_POINT('',(9.,-10.,660.));
#13878=CARTESIAN_POINT('Origin',(9.,-9.,660.));
#13879=CARTESIAN_POINT('',(9.,-10.,0.));
#13880=CARTESIAN_POINT('Origin',(3.1,-10.,0.));
#13881=CARTESIAN_POINT('',(3.1,-10.,0.));
#13882=CARTESIAN_POINT('',(3.1,-10.,0.));
#13883=CARTESIAN_POINT('',(3.1,-10.,660.));
#13884=CARTESIAN_POINT('',(3.1,-10.,660.));
#13885=CARTESIAN_POINT('',(3.1,-10.,0.));
#13886=CARTESIAN_POINT('Origin',(3.1,-8.00000005960464,0.));
#13887=CARTESIAN_POINT('',(3.1,-8.00000005960464,0.));
#13888=CARTESIAN_POINT('',(3.1,-8.00000005960464,0.));
#13889=CARTESIAN_POINT('',(3.1,-8.00000005960464,660.));
#13890=CARTESIAN_POINT('',(3.1,-8.00000005960464,660.));
#13891=CARTESIAN_POINT('',(3.1,-8.00000005960464,0.));
#13892=CARTESIAN_POINT('Origin',(5.892893484084,-8.00000005960464,0.));
#13893=CARTESIAN_POINT('',(5.892893484084,-8.00000005960464,0.));
#13894=CARTESIAN_POINT('',(3.1,-8.00000005960464,0.));
#13895=CARTESIAN_POINT('',(5.892893484084,-8.00000005960464,660.));
#13896=CARTESIAN_POINT('',(3.1,-8.00000005960464,660.));
#13897=CARTESIAN_POINT('',(5.892893484084,-8.00000005960464,0.));
#13898=CARTESIAN_POINT('Origin',(5.89289348408399,-7.50000005960464,0.));
#13899=CARTESIAN_POINT('',(6.24644685977359,-7.14644665410769,0.));
#13900=CARTESIAN_POINT('Origin',(5.89289348408399,-7.50000005960464,0.));
#13901=CARTESIAN_POINT('',(6.24644685977359,-7.14644665410769,660.));
#13902=CARTESIAN_POINT('Origin',(5.89289348408399,-7.50000005960464,660.));
#13903=CARTESIAN_POINT('',(6.24644685977359,-7.14644665410769,0.));
#13904=CARTESIAN_POINT('Origin',(3.1,-4.00000005960464,0.));
#13905=CARTESIAN_POINT('',(3.1,-4.00000005960464,0.));
#13906=CARTESIAN_POINT('',(3.1,-4.00000005960464,0.));
#13907=CARTESIAN_POINT('',(3.1,-4.00000005960464,660.));
#13908=CARTESIAN_POINT('',(3.1,-4.00000005960464,660.));
#13909=CARTESIAN_POINT('',(3.1,-4.00000005960464,0.));
#13910=CARTESIAN_POINT('Origin',(-3.1,-4.00000005960464,0.));
#13911=CARTESIAN_POINT('',(-3.1,-4.00000005960464,0.));
#13912=CARTESIAN_POINT('',(-3.1,-4.00000005960464,0.));
#13913=CARTESIAN_POINT('',(-3.1,-4.00000005960464,660.));
#13914=CARTESIAN_POINT('',(-3.1,-4.00000005960464,660.));
#13915=CARTESIAN_POINT('',(-3.1,-4.00000005960464,0.));
#13916=CARTESIAN_POINT('Origin',(-6.24644685977359,-7.14644665410769,0.));
#13917=CARTESIAN_POINT('',(-6.24644685977359,-7.14644665410769,0.));
#13918=CARTESIAN_POINT('',(-3.1,-4.00000005960464,0.));
#13919=CARTESIAN_POINT('',(-6.24644685977359,-7.14644665410769,660.));
#13920=CARTESIAN_POINT('',(-3.1,-4.00000005960464,660.));
#13921=CARTESIAN_POINT('',(-6.24644685977359,-7.14644665410769,0.));
#13922=CARTESIAN_POINT('Origin',(-5.892893484084,-7.50000005960465,0.));
#13923=CARTESIAN_POINT('',(-5.892893484084,-8.00000005960464,0.));
#13924=CARTESIAN_POINT('Origin',(-5.892893484084,-7.50000005960465,0.));
#13925=CARTESIAN_POINT('',(-5.892893484084,-8.00000005960464,660.));
#13926=CARTESIAN_POINT('Origin',(-5.892893484084,-7.50000005960465,660.));
#13927=CARTESIAN_POINT('',(-5.892893484084,-8.00000005960464,0.));
#13928=CARTESIAN_POINT('Origin',(-3.1,-8.00000005960464,0.));
#13929=CARTESIAN_POINT('',(-3.1,-8.00000005960464,0.));
#13930=CARTESIAN_POINT('',(-3.1,-8.00000005960464,0.));
#13931=CARTESIAN_POINT('',(-3.1,-8.00000005960464,660.));
#13932=CARTESIAN_POINT('',(-3.1,-8.00000005960464,660.));
#13933=CARTESIAN_POINT('',(-3.1,-8.00000005960464,0.));
#13934=CARTESIAN_POINT('Origin',(-3.1,-10.,0.));
#13935=CARTESIAN_POINT('',(-3.1,-10.,0.));
#13936=CARTESIAN_POINT('',(-3.1,-8.00000005960464,0.));
#13937=CARTESIAN_POINT('',(-3.1,-10.,660.));
#13938=CARTESIAN_POINT('',(-3.1,-8.00000005960464,660.));
#13939=CARTESIAN_POINT('',(-3.1,-10.,0.));
#13940=CARTESIAN_POINT('Origin',(-9.,-10.,0.));
#13941=CARTESIAN_POINT('',(-9.,-10.,0.));
#13942=CARTESIAN_POINT('',(-9.,-10.,0.));
#13943=CARTESIAN_POINT('',(-9.,-10.,660.));
#13944=CARTESIAN_POINT('',(-9.,-10.,660.));
#13945=CARTESIAN_POINT('',(-9.,-10.,0.));
#13946=CARTESIAN_POINT('Origin',(-9.,-9.,0.));
#13947=CARTESIAN_POINT('',(-10.,-9.,0.));
#13948=CARTESIAN_POINT('Origin',(-9.,-9.,0.));
#13949=CARTESIAN_POINT('',(-10.,-9.,660.));
#13950=CARTESIAN_POINT('Origin',(-9.,-9.,660.));
#13951=CARTESIAN_POINT('',(-10.,-9.,0.));
#13952=CARTESIAN_POINT('Origin',(-10.,-3.1,0.));
#13953=CARTESIAN_POINT('',(-10.,-3.1,0.));
#13954=CARTESIAN_POINT('',(-10.,-3.1,0.));
#13955=CARTESIAN_POINT('',(-10.,-3.1,660.));
#13956=CARTESIAN_POINT('',(-10.,-3.1,660.));
#13957=CARTESIAN_POINT('',(-10.,-3.1,0.));
#13958=CARTESIAN_POINT('Origin',(-8.00000005960465,-3.1,0.));
#13959=CARTESIAN_POINT('',(-8.00000005960465,-3.1,0.));
#13960=CARTESIAN_POINT('',(-8.00000005960465,-3.1,660.));
#13961=CARTESIAN_POINT('Origin',(0.,0.,660.));
#13962=CARTESIAN_POINT('Origin',(0.,0.,0.));
#13963=CARTESIAN_POINT('',(0.,0.,0.));
#13964=CARTESIAN_POINT('Origin',(1.00000001490116,1.00000001490116,0.));
#13965=CARTESIAN_POINT('',(1.00000001490116,1.00000001490116,0.));
#13966=CARTESIAN_POINT('',(1.00000001490116,5.20000001490116,0.));
#13967=CARTESIAN_POINT('',(1.00000001490116,5.20000001490116,0.));
#13968=CARTESIAN_POINT('',(1.00000001490116,5.20000001490116,800.));
#13969=CARTESIAN_POINT('',(1.00000001490116,5.20000001490116,0.));
#13970=CARTESIAN_POINT('',(1.00000001490116,1.00000001490116,800.));
#13971=CARTESIAN_POINT('',(1.00000001490116,5.20000001490116,800.));
#13972=CARTESIAN_POINT('',(1.00000001490116,1.00000001490116,0.));
#13973=CARTESIAN_POINT('Origin',(5.20000001490116,1.00000001490116,0.));
#13974=CARTESIAN_POINT('',(5.20000001490116,1.00000001490116,0.));
#13975=CARTESIAN_POINT('',(1.00000001490116,1.00000001490116,0.));
#13976=CARTESIAN_POINT('',(5.20000001490116,1.00000001490116,800.));
#13977=CARTESIAN_POINT('',(1.00000001490116,1.00000001490116,800.));
#13978=CARTESIAN_POINT('',(5.20000001490116,1.00000001490116,0.));
#13979=CARTESIAN_POINT('Origin',(5.20000001490116,5.20000001490116,0.));
#13980=CARTESIAN_POINT('',(5.20000001490116,5.20000001490116,0.));
#13981=CARTESIAN_POINT('',(5.20000001490116,1.00000001490116,0.));
#13982=CARTESIAN_POINT('',(5.20000001490116,5.20000001490116,800.));
#13983=CARTESIAN_POINT('',(5.20000001490116,1.00000001490116,800.));
#13984=CARTESIAN_POINT('',(5.20000001490116,5.20000001490116,0.));
#13985=CARTESIAN_POINT('Origin',(1.00000001490116,5.20000001490116,0.));
#13986=CARTESIAN_POINT('',(5.20000001490116,5.20000001490116,0.));
#13987=CARTESIAN_POINT('',(5.20000001490116,5.20000001490116,800.));
#13988=CARTESIAN_POINT('Origin',(15.0000002235174,15.0000002235174,0.));
#13989=CARTESIAN_POINT('',(11.5000002235174,15.0000002235174,800.));
#13990=CARTESIAN_POINT('Origin',(15.0000002235174,15.0000002235174,800.));
#13991=CARTESIAN_POINT('',(11.5000002235174,15.0000002235174,0.));
#13992=CARTESIAN_POINT('',(11.5000002235174,15.0000002235174,0.));
#13993=CARTESIAN_POINT('Origin',(15.0000002235174,15.0000002235174,0.));
#13994=CARTESIAN_POINT('Origin',(1.00000001490116,24.8000004321337,0.));
#13995=CARTESIAN_POINT('',(1.00000001490116,24.8000004321337,0.));
#13996=CARTESIAN_POINT('',(1.00000001490116,29.0000004321337,0.));
#13997=CARTESIAN_POINT('',(1.00000001490116,24.8000004321337,0.));
#13998=CARTESIAN_POINT('',(1.00000001490116,29.0000004321337,800.));
#13999=CARTESIAN_POINT('',(1.00000001490116,29.0000004321337,0.));
#14000=CARTESIAN_POINT('',(1.00000001490116,24.8000004321337,800.));
#14001=CARTESIAN_POINT('',(1.00000001490116,24.8000004321337,800.));
#14002=CARTESIAN_POINT('',(1.00000001490116,24.8000004321337,0.));
#14003=CARTESIAN_POINT('Origin',(5.20000001490116,24.8000004321337,0.));
#14004=CARTESIAN_POINT('',(5.20000001490116,24.8000004321337,0.));
#14005=CARTESIAN_POINT('',(5.20000001490116,24.8000004321337,0.));
#14006=CARTESIAN_POINT('',(5.20000001490116,24.8000004321337,800.));
#14007=CARTESIAN_POINT('',(5.20000001490116,24.8000004321337,800.));
#14008=CARTESIAN_POINT('',(5.20000001490116,24.8000004321337,0.));
#14009=CARTESIAN_POINT('Origin',(5.20000001490116,29.0000004321337,0.));
#14010=CARTESIAN_POINT('',(5.20000001490116,29.0000004321337,0.));
#14011=CARTESIAN_POINT('',(5.20000001490116,29.0000004321337,0.));
#14012=CARTESIAN_POINT('',(5.20000001490116,29.0000004321337,800.));
#14013=CARTESIAN_POINT('',(5.20000001490116,29.0000004321337,800.));
#14014=CARTESIAN_POINT('',(5.20000001490116,29.0000004321337,0.));
#14015=CARTESIAN_POINT('Origin',(1.00000001490116,29.0000004321337,0.));
#14016=CARTESIAN_POINT('',(1.00000001490116,29.0000004321337,0.));
#14017=CARTESIAN_POINT('',(1.00000001490116,29.0000004321337,800.));
#14018=CARTESIAN_POINT('Origin',(29.0000004321337,1.00000001490116,0.));
#14019=CARTESIAN_POINT('',(29.0000004321337,1.00000001490116,0.));
#14020=CARTESIAN_POINT('',(24.8000004321337,1.00000001490116,0.));
#14021=CARTESIAN_POINT('',(29.0000004321337,1.00000001490116,0.));
#14022=CARTESIAN_POINT('',(24.8000004321337,1.00000001490116,800.));
#14023=CARTESIAN_POINT('',(24.8000004321337,1.00000001490116,0.));
#14024=CARTESIAN_POINT('',(29.0000004321337,1.00000001490116,800.));
#14025=CARTESIAN_POINT('',(29.0000004321337,1.00000001490116,800.));
#14026=CARTESIAN_POINT('',(29.0000004321337,1.00000001490116,0.));
#14027=CARTESIAN_POINT('Origin',(29.0000004321337,5.20000001490116,0.));
#14028=CARTESIAN_POINT('',(29.0000004321337,5.20000001490116,0.));
#14029=CARTESIAN_POINT('',(29.0000004321337,5.20000001490116,0.));
#14030=CARTESIAN_POINT('',(29.0000004321337,5.20000001490116,800.));
#14031=CARTESIAN_POINT('',(29.0000004321337,5.20000001490116,800.));
#14032=CARTESIAN_POINT('',(29.0000004321337,5.20000001490116,0.));
#14033=CARTESIAN_POINT('Origin',(24.8000004321337,5.20000001490116,0.));
#14034=CARTESIAN_POINT('',(24.8000004321337,5.20000001490116,0.));
#14035=CARTESIAN_POINT('',(24.8000004321337,5.20000001490116,0.));
#14036=CARTESIAN_POINT('',(24.8000004321337,5.20000001490116,800.));
#14037=CARTESIAN_POINT('',(24.8000004321337,5.20000001490116,800.));
#14038=CARTESIAN_POINT('',(24.8000004321337,5.20000001490116,0.));
#14039=CARTESIAN_POINT('Origin',(24.8000004321337,1.00000001490116,0.));
#14040=CARTESIAN_POINT('',(24.8000004321337,1.00000001490116,0.));
#14041=CARTESIAN_POINT('',(24.8000004321337,1.00000001490116,800.));
#14042=CARTESIAN_POINT('Origin',(24.8000004321337,24.8000004321337,0.));
#14043=CARTESIAN_POINT('',(24.8000004321337,24.8000004321337,0.));
#14044=CARTESIAN_POINT('',(24.8000004321337,29.0000004321337,0.));
#14045=CARTESIAN_POINT('',(24.8000004321337,29.0000004321337,0.));
#14046=CARTESIAN_POINT('',(24.8000004321337,29.0000004321337,800.));
#14047=CARTESIAN_POINT('',(24.8000004321337,29.0000004321337,0.));
#14048=CARTESIAN_POINT('',(24.8000004321337,24.8000004321337,800.));
#14049=CARTESIAN_POINT('',(24.8000004321337,29.0000004321337,800.));
#14050=CARTESIAN_POINT('',(24.8000004321337,24.8000004321337,0.));
#14051=CARTESIAN_POINT('Origin',(29.0000004321337,24.8000004321337,0.));
#14052=CARTESIAN_POINT('',(29.0000004321337,24.8000004321337,0.));
#14053=CARTESIAN_POINT('',(24.8000004321337,24.8000004321337,0.));
#14054=CARTESIAN_POINT('',(29.0000004321337,24.8000004321337,800.));
#14055=CARTESIAN_POINT('',(24.8000004321337,24.8000004321337,800.));
#14056=CARTESIAN_POINT('',(29.0000004321337,24.8000004321337,0.));
#14057=CARTESIAN_POINT('Origin',(29.0000004321337,29.0000004321337,0.));
#14058=CARTESIAN_POINT('',(29.0000004321337,29.0000004321337,0.));
#14059=CARTESIAN_POINT('',(29.0000004321337,24.8000004321337,0.));
#14060=CARTESIAN_POINT('',(29.0000004321337,29.0000004321337,800.));
#14061=CARTESIAN_POINT('',(29.0000004321337,24.8000004321337,800.));
#14062=CARTESIAN_POINT('',(29.0000004321337,29.0000004321337,0.));
#14063=CARTESIAN_POINT('Origin',(24.8000004321337,29.0000004321337,0.));
#14064=CARTESIAN_POINT('',(29.0000004321337,29.0000004321337,0.));
#14065=CARTESIAN_POINT('',(29.0000004321337,29.0000004321337,800.));
#14066=CARTESIAN_POINT('Origin',(10.9000669071717,2.,0.));
#14067=CARTESIAN_POINT('',(6.55000022351742,2.,0.));
#14068=CARTESIAN_POINT('',(10.9000669071717,2.,0.));
#14069=CARTESIAN_POINT('',(6.55000022351742,2.,0.));
#14070=CARTESIAN_POINT('',(6.55000022351742,2.,800.));
#14071=CARTESIAN_POINT('',(6.55000022351742,2.,0.));
#14072=CARTESIAN_POINT('',(10.9000669071717,2.,800.));
#14073=CARTESIAN_POINT('',(6.55000022351742,2.,800.));
#14074=CARTESIAN_POINT('',(10.9000669071717,2.,0.));
#14075=CARTESIAN_POINT('Origin',(10.9000669071717,1.00000001490116,0.));
#14076=CARTESIAN_POINT('',(10.9000669071717,1.00000001490116,0.));
#14077=CARTESIAN_POINT('',(10.9000669071717,2.,0.));
#14078=CARTESIAN_POINT('',(10.9000669071717,1.00000001490116,800.));
#14079=CARTESIAN_POINT('',(10.9000669071717,2.,800.));
#14080=CARTESIAN_POINT('',(10.9000669071717,1.00000001490116,0.));
#14081=CARTESIAN_POINT('Origin',(10.4000669071717,1.00000001490116,0.));
#14082=CARTESIAN_POINT('',(10.4000669071717,1.00000001490116,0.));
#14083=CARTESIAN_POINT('',(10.9000669071717,1.00000001490116,0.));
#14084=CARTESIAN_POINT('',(10.4000669071717,1.00000001490116,800.));
#14085=CARTESIAN_POINT('',(10.9000669071717,1.00000001490116,800.));
#14086=CARTESIAN_POINT('',(10.4000669071717,1.00000001490116,0.));
#14087=CARTESIAN_POINT('Origin',(10.4000004470348,-2.08166817117217E-15,
0.));
#14088=CARTESIAN_POINT('',(10.4000004470348,-2.22044604925031E-15,0.));
#14089=CARTESIAN_POINT('',(10.4000669071717,1.00000001490116,0.));
#14090=CARTESIAN_POINT('',(10.4000004470348,0.,800.));
#14091=CARTESIAN_POINT('',(10.4000669071717,1.00000001490116,800.));
#14092=CARTESIAN_POINT('',(10.4000004470348,-2.22044604925031E-15,0.));
#14093=CARTESIAN_POINT('Origin',(1.32348898008484E-22,-4.44089219394454E-15,
0.));
#14094=CARTESIAN_POINT('',(1.61245538509378E-22,8.73110477146641E-10,0.));
#14095=CARTESIAN_POINT('',(4.4703483581543E-7,-4.44089209850063E-15,0.));
#14096=CARTESIAN_POINT('',(0.,8.73110472809913E-10,800.));
#14097=CARTESIAN_POINT('',(4.4703483581543E-7,-4.44089209850063E-15,800.));
#14098=CARTESIAN_POINT('',(1.61245538509378E-22,8.73110477146641E-10,0.));
#14099=CARTESIAN_POINT('Origin',(-4.44089209850063E-15,10.4000004470348,
0.));
#14100=CARTESIAN_POINT('',(-4.44089209850063E-15,10.4000004470348,0.));
#14101=CARTESIAN_POINT('',(0.,4.47034833594984E-7,0.));
#14102=CARTESIAN_POINT('',(-4.44089209850063E-15,10.4000004470348,800.));
#14103=CARTESIAN_POINT('',(0.,4.47034833594984E-7,800.));
#14104=CARTESIAN_POINT('',(-4.44089209850063E-15,10.4000004470348,0.));
#14105=CARTESIAN_POINT('Origin',(1.00000001490116,10.4000669071717,0.));
#14106=CARTESIAN_POINT('',(1.00000001490116,10.4000669071717,0.));
#14107=CARTESIAN_POINT('',(1.00000001490116,10.4000669071717,0.));
#14108=CARTESIAN_POINT('',(1.00000001490116,10.4000669071717,800.));
#14109=CARTESIAN_POINT('',(1.00000001490116,10.4000669071717,800.));
#14110=CARTESIAN_POINT('',(1.00000001490116,10.4000669071717,0.));
#14111=CARTESIAN_POINT('Origin',(1.00000001490116,10.9000669071717,0.));
#14112=CARTESIAN_POINT('',(1.00000001490116,10.9000669071717,0.));
#14113=CARTESIAN_POINT('',(1.00000001490116,10.9000669071717,0.));
#14114=CARTESIAN_POINT('',(1.00000001490116,10.9000669071717,800.));
#14115=CARTESIAN_POINT('',(1.00000001490116,10.9000669071717,800.));
#14116=CARTESIAN_POINT('',(1.00000001490116,10.9000669071717,0.));
#14117=CARTESIAN_POINT('Origin',(2.,10.9000669071717,0.));
#14118=CARTESIAN_POINT('',(2.,10.9000669071717,0.));
#14119=CARTESIAN_POINT('',(2.,10.9000669071717,0.));
#14120=CARTESIAN_POINT('',(2.,10.9000669071717,800.));
#14121=CARTESIAN_POINT('',(2.,10.9000669071717,800.));
#14122=CARTESIAN_POINT('',(2.,10.9000669071717,0.));
#14123=CARTESIAN_POINT('Origin',(2.,6.55563494675468,0.));
#14124=CARTESIAN_POINT('',(2.,6.55563494675468,0.));
#14125=CARTESIAN_POINT('',(2.,6.55563494675468,0.));
#14126=CARTESIAN_POINT('',(2.,6.55563494675468,800.));
#14127=CARTESIAN_POINT('',(2.,6.55563494675468,800.));
#14128=CARTESIAN_POINT('',(2.,6.55563494675468,0.));
#14129=CARTESIAN_POINT('Origin',(4.99436525854548,6.55563494675468,0.));
#14130=CARTESIAN_POINT('',(4.99436525854548,6.55563494675468,0.));
#14131=CARTESIAN_POINT('',(4.99436525854548,6.55563494675468,0.));
#14132=CARTESIAN_POINT('',(4.99436525854548,6.55563494675468,800.));
#14133=CARTESIAN_POINT('',(4.99436525854548,6.55563494675468,800.));
#14134=CARTESIAN_POINT('',(4.99436525854548,6.55563494675468,0.));
#14135=CARTESIAN_POINT('Origin',(9.34436532351742,10.899999795093,0.));
#14136=CARTESIAN_POINT('',(9.34436532351742,10.899999795093,0.));
#14137=CARTESIAN_POINT('',(9.34436532351742,10.899999795093,0.));
#14138=CARTESIAN_POINT('',(9.34436532351742,10.899999795093,800.));
#14139=CARTESIAN_POINT('',(9.34436532351742,10.899999795093,800.));
#14140=CARTESIAN_POINT('',(9.34436532351742,10.899999795093,0.));
#14141=CARTESIAN_POINT('Origin',(9.34436532351742,19.100000204907,0.));
#14142=CARTESIAN_POINT('',(9.34436532351742,19.100000204907,0.));
#14143=CARTESIAN_POINT('',(9.34436532351742,19.100000204907,0.));
#14144=CARTESIAN_POINT('',(9.34436532351742,19.100000204907,800.));
#14145=CARTESIAN_POINT('',(9.34436532351742,19.100000204907,800.));
#14146=CARTESIAN_POINT('',(9.34436532351742,19.100000204907,0.));
#14147=CARTESIAN_POINT('Origin',(4.99436525854548,23.4443655002802,0.));
#14148=CARTESIAN_POINT('',(4.99436525854548,23.4443655002802,0.));
#14149=CARTESIAN_POINT('',(4.99436525854548,23.4443655002802,0.));
#14150=CARTESIAN_POINT('',(4.99436525854548,23.4443655002802,800.));
#14151=CARTESIAN_POINT('',(4.99436525854548,23.4443655002802,800.));
#14152=CARTESIAN_POINT('',(4.99436525854548,23.4443655002802,0.));
#14153=CARTESIAN_POINT('Origin',(2.,23.4443655002802,0.));
#14154=CARTESIAN_POINT('',(2.,23.4443655002802,0.));
#14155=CARTESIAN_POINT('',(4.99436525854548,23.4443655002802,0.));
#14156=CARTESIAN_POINT('',(2.,23.4443655002802,800.));
#14157=CARTESIAN_POINT('',(4.99436525854548,23.4443655002802,800.));
#14158=CARTESIAN_POINT('',(2.,23.4443655002802,0.));
#14159=CARTESIAN_POINT('Origin',(2.,19.0999335398631,0.));
#14160=CARTESIAN_POINT('',(2.,19.0999335398631,0.));
#14161=CARTESIAN_POINT('',(2.,23.4443655002802,0.));
#14162=CARTESIAN_POINT('',(2.,19.0999335398631,800.));
#14163=CARTESIAN_POINT('',(2.,23.4443655002802,800.));
#14164=CARTESIAN_POINT('',(2.,19.0999335398631,0.));
#14165=CARTESIAN_POINT('Origin',(1.00000001490116,19.0999335398631,0.));
#14166=CARTESIAN_POINT('',(1.00000001490116,19.0999335398631,0.));
#14167=CARTESIAN_POINT('',(2.,19.0999335398631,0.));
#14168=CARTESIAN_POINT('',(1.00000001490116,19.0999335398631,800.));
#14169=CARTESIAN_POINT('',(2.,19.0999335398631,800.));
#14170=CARTESIAN_POINT('',(1.00000001490116,19.0999335398631,0.));
#14171=CARTESIAN_POINT('Origin',(1.00000001490116,19.5999335398631,0.));
#14172=CARTESIAN_POINT('',(1.00000001490116,19.5999335398631,0.));
#14173=CARTESIAN_POINT('',(1.00000001490116,19.0999335398631,0.));
#14174=CARTESIAN_POINT('',(1.00000001490116,19.5999335398631,800.));
#14175=CARTESIAN_POINT('',(1.00000001490116,19.0999335398631,800.));
#14176=CARTESIAN_POINT('',(1.00000001490116,19.5999335398631,0.));
#14177=CARTESIAN_POINT('Origin',(-4.57966997657877E-15,19.6,0.));
#14178=CARTESIAN_POINT('',(-4.44089209850063E-15,19.6,0.));
#14179=CARTESIAN_POINT('',(1.00000001490116,19.5999335398631,0.));
#14180=CARTESIAN_POINT('',(-4.44089209850063E-15,19.6,800.));
#14181=CARTESIAN_POINT('',(1.00000001490116,19.5999335398631,800.));
#14182=CARTESIAN_POINT('',(-4.44089209850063E-15,19.6,0.));
#14183=CARTESIAN_POINT('Origin',(1.90887835562383E-22,30.0000004470348,
0.));
#14184=CARTESIAN_POINT('',(8.73114913702173E-10,30.0000004470348,0.));
#14185=CARTESIAN_POINT('',(0.,30.,0.));
#14186=CARTESIAN_POINT('',(8.73114913702011E-10,30.0000004470348,800.));
#14187=CARTESIAN_POINT('',(0.,30.,800.));
#14188=CARTESIAN_POINT('',(8.73114913702173E-10,30.0000004470348,0.));
#14189=CARTESIAN_POINT('Origin',(10.4000004470348,30.0000004470348,0.));
#14190=CARTESIAN_POINT('',(10.4000004470348,30.0000004470348,0.));
#14191=CARTESIAN_POINT('',(4.4703483581543E-7,30.0000004470348,0.));
#14192=CARTESIAN_POINT('',(10.4000004470348,30.0000004470348,800.));
#14193=CARTESIAN_POINT('',(4.4703483581543E-7,30.0000004470348,800.));
#14194=CARTESIAN_POINT('',(10.4000004470348,30.0000004470348,0.));
#14195=CARTESIAN_POINT('Origin',(10.4000669071717,29.0000004321337,0.));
#14196=CARTESIAN_POINT('',(10.4000669071717,29.0000004321337,0.));
#14197=CARTESIAN_POINT('',(10.4000669071717,29.0000004321337,0.));
#14198=CARTESIAN_POINT('',(10.4000669071717,29.0000004321337,800.));
#14199=CARTESIAN_POINT('',(10.4000669071717,29.0000004321337,800.));
#14200=CARTESIAN_POINT('',(10.4000669071717,29.0000004321337,0.));
#14201=CARTESIAN_POINT('Origin',(10.9000669071717,29.0000004321337,0.));
#14202=CARTESIAN_POINT('',(10.9000669071717,29.0000004321337,0.));
#14203=CARTESIAN_POINT('',(10.9000669071717,29.0000004321337,0.));
#14204=CARTESIAN_POINT('',(10.9000669071717,29.0000004321337,800.));
#14205=CARTESIAN_POINT('',(10.9000669071717,29.0000004321337,800.));
#14206=CARTESIAN_POINT('',(10.9000669071717,29.0000004321337,0.));
#14207=CARTESIAN_POINT('Origin',(10.9000669071717,28.0000004470348,0.));
#14208=CARTESIAN_POINT('',(10.9000669071717,28.0000004470348,0.));
#14209=CARTESIAN_POINT('',(10.9000669071717,28.0000004470348,0.));
#14210=CARTESIAN_POINT('',(10.9000669071717,28.0000004470348,800.));
#14211=CARTESIAN_POINT('',(10.9000669071717,28.0000004470348,800.));
#14212=CARTESIAN_POINT('',(10.9000669071717,28.0000004470348,0.));
#14213=CARTESIAN_POINT('Origin',(6.55000022351742,28.0000004470348,0.));
#14214=CARTESIAN_POINT('',(6.55000022351742,28.0000004470348,0.));
#14215=CARTESIAN_POINT('',(6.55000022351742,28.0000004470348,0.));
#14216=CARTESIAN_POINT('',(6.55000022351742,28.0000004470348,800.));
#14217=CARTESIAN_POINT('',(6.55000022351742,28.0000004470348,800.));
#14218=CARTESIAN_POINT('',(6.55000022351742,28.0000004470348,0.));
#14219=CARTESIAN_POINT('Origin',(6.55000022351742,25.000000372529,0.));
#14220=CARTESIAN_POINT('',(6.55000022351742,25.000000372529,0.));
#14221=CARTESIAN_POINT('',(6.55000022351742,25.000000372529,0.));
#14222=CARTESIAN_POINT('',(6.55000022351742,25.000000372529,800.));
#14223=CARTESIAN_POINT('',(6.55000022351742,25.000000372529,800.));
#14224=CARTESIAN_POINT('',(6.55000022351742,25.000000372529,0.));
#14225=CARTESIAN_POINT('Origin',(10.9000002421278,20.6556351235174,0.));
#14226=CARTESIAN_POINT('',(10.9000002421278,20.6556351235174,0.));
#14227=CARTESIAN_POINT('',(10.9000002421278,20.6556351235174,0.));
#14228=CARTESIAN_POINT('',(10.9000002421278,20.6556351235174,800.));
#14229=CARTESIAN_POINT('',(10.9000002421278,20.6556351235174,800.));
#14230=CARTESIAN_POINT('',(10.9000002421278,20.6556351235174,0.));
#14231=CARTESIAN_POINT('Origin',(19.0999999141664,20.6556351235174,0.));
#14232=CARTESIAN_POINT('',(19.0999999141664,20.6556351235174,0.));
#14233=CARTESIAN_POINT('',(19.0999999141664,20.6556351235174,0.));
#14234=CARTESIAN_POINT('',(19.0999999141664,20.6556351235174,800.));
#14235=CARTESIAN_POINT('',(19.0999999141664,20.6556351235174,800.));
#14236=CARTESIAN_POINT('',(19.0999999141664,20.6556351235174,0.));
#14237=CARTESIAN_POINT('Origin',(23.4500002235174,25.0056361391835,0.));
#14238=CARTESIAN_POINT('',(23.4500002235174,25.0056361391835,0.));
#14239=CARTESIAN_POINT('',(23.4500002235174,25.0056361391835,0.));
#14240=CARTESIAN_POINT('',(23.4500002235174,25.0056361391835,800.));
#14241=CARTESIAN_POINT('',(23.4500002235174,25.0056361391835,800.));
#14242=CARTESIAN_POINT('',(23.4500002235174,25.0056361391835,0.));
#14243=CARTESIAN_POINT('Origin',(23.4500002235174,28.0000004470348,0.));
#14244=CARTESIAN_POINT('',(23.4500002235174,28.0000004470348,0.));
#14245=CARTESIAN_POINT('',(23.4500002235174,25.0056361391835,0.));
#14246=CARTESIAN_POINT('',(23.4500002235174,28.0000004470348,800.));
#14247=CARTESIAN_POINT('',(23.4500002235174,25.0056361391835,800.));
#14248=CARTESIAN_POINT('',(23.4500002235174,28.0000004470348,0.));
#14249=CARTESIAN_POINT('Origin',(19.0999335398631,28.0000004470348,0.));
#14250=CARTESIAN_POINT('',(19.0999335398631,28.0000004470348,0.));
#14251=CARTESIAN_POINT('',(23.4500002235174,28.0000004470348,0.));
#14252=CARTESIAN_POINT('',(19.0999335398631,28.0000004470348,800.));
#14253=CARTESIAN_POINT('',(23.4500002235174,28.0000004470348,800.));
#14254=CARTESIAN_POINT('',(19.0999335398631,28.0000004470348,0.));
#14255=CARTESIAN_POINT('Origin',(19.0999335398631,29.0000004321337,0.));
#14256=CARTESIAN_POINT('',(19.0999335398631,29.0000004321337,0.));
#14257=CARTESIAN_POINT('',(19.0999335398631,28.0000004470348,0.));
#14258=CARTESIAN_POINT('',(19.0999335398631,29.0000004321337,800.));
#14259=CARTESIAN_POINT('',(19.0999335398631,28.0000004470348,800.));
#14260=CARTESIAN_POINT('',(19.0999335398631,29.0000004321337,0.));
#14261=CARTESIAN_POINT('Origin',(19.5999335398631,29.0000004321337,0.));
#14262=CARTESIAN_POINT('',(19.5999335398631,29.0000004321337,0.));
#14263=CARTESIAN_POINT('',(19.0999335398631,29.0000004321337,0.));
#14264=CARTESIAN_POINT('',(19.5999335398631,29.0000004321337,800.));
#14265=CARTESIAN_POINT('',(19.0999335398631,29.0000004321337,800.));
#14266=CARTESIAN_POINT('',(19.5999335398631,29.0000004321337,0.));
#14267=CARTESIAN_POINT('Origin',(19.6,30.0000004470348,0.));
#14268=CARTESIAN_POINT('',(19.6,30.0000004470348,0.));
#14269=CARTESIAN_POINT('',(19.5999335398631,29.0000004321337,0.));
#14270=CARTESIAN_POINT('',(19.6,30.0000004470348,800.));
#14271=CARTESIAN_POINT('',(19.5999335398631,29.0000004321337,800.));
#14272=CARTESIAN_POINT('',(19.6,30.0000004470348,0.));
#14273=CARTESIAN_POINT('Origin',(30.0000004461617,30.0000004470348,0.));
#14274=CARTESIAN_POINT('',(30.0000004461617,30.0000004470348,0.));
#14275=CARTESIAN_POINT('',(30.,30.0000004470348,0.));
#14276=CARTESIAN_POINT('',(30.0000004461617,30.0000004470348,800.));
#14277=CARTESIAN_POINT('',(30.,30.0000004470348,800.));
#14278=CARTESIAN_POINT('',(30.0000004461617,30.0000004470348,0.));
#14279=CARTESIAN_POINT('Origin',(30.0000004470348,19.6,0.));
#14280=CARTESIAN_POINT('',(30.0000004470348,19.6,0.));
#14281=CARTESIAN_POINT('',(30.0000004470348,30.,0.));
#14282=CARTESIAN_POINT('',(30.0000004470348,19.6,800.));
#14283=CARTESIAN_POINT('',(30.0000004470348,30.,800.));
#14284=CARTESIAN_POINT('',(30.0000004470348,19.6,0.));
#14285=CARTESIAN_POINT('Origin',(29.0000004321337,19.5999335398631,0.));
#14286=CARTESIAN_POINT('',(29.0000004321337,19.5999335398631,0.));
#14287=CARTESIAN_POINT('',(29.0000004321337,19.5999335398631,0.));
#14288=CARTESIAN_POINT('',(29.0000004321337,19.5999335398631,800.));
#14289=CARTESIAN_POINT('',(29.0000004321337,19.5999335398631,800.));
#14290=CARTESIAN_POINT('',(29.0000004321337,19.5999335398631,0.));
#14291=CARTESIAN_POINT('Origin',(29.0000004321337,19.0999335398631,0.));
#14292=CARTESIAN_POINT('',(29.0000004321337,19.0999335398631,0.));
#14293=CARTESIAN_POINT('',(29.0000004321337,19.0999335398631,0.));
#14294=CARTESIAN_POINT('',(29.0000004321337,19.0999335398631,800.));
#14295=CARTESIAN_POINT('',(29.0000004321337,19.0999335398631,800.));
#14296=CARTESIAN_POINT('',(29.0000004321337,19.0999335398631,0.));
#14297=CARTESIAN_POINT('Origin',(28.0000004470348,19.0999335398631,0.));
#14298=CARTESIAN_POINT('',(28.0000004470348,19.0999335398631,0.));
#14299=CARTESIAN_POINT('',(28.0000004470348,19.0999335398631,0.));
#14300=CARTESIAN_POINT('',(28.0000004470348,19.0999335398631,800.));
#14301=CARTESIAN_POINT('',(28.0000004470348,19.0999335398631,800.));
#14302=CARTESIAN_POINT('',(28.0000004470348,19.0999335398631,0.));
#14303=CARTESIAN_POINT('Origin',(28.0000004470348,23.4443655002802,0.));
#14304=CARTESIAN_POINT('',(28.0000004470348,23.4443655002802,0.));
#14305=CARTESIAN_POINT('',(28.0000004470348,23.4443655002802,0.));
#14306=CARTESIAN_POINT('',(28.0000004470348,23.4443655002802,800.));
#14307=CARTESIAN_POINT('',(28.0000004470348,23.4443655002802,800.));
#14308=CARTESIAN_POINT('',(28.0000004470348,23.4443655002802,0.));
#14309=CARTESIAN_POINT('Origin',(24.9999994221708,23.4443655002802,0.));
#14310=CARTESIAN_POINT('',(24.9999994221708,23.4443655002802,0.));
#14311=CARTESIAN_POINT('',(25.0056351884894,23.4443655002802,0.));
#14312=CARTESIAN_POINT('',(24.9999994221708,23.4443655002802,800.));
#14313=CARTESIAN_POINT('',(25.0056351884894,23.4443655002802,800.));
#14314=CARTESIAN_POINT('',(24.9999994221708,23.4443655002802,0.));
#14315=CARTESIAN_POINT('Origin',(20.6556351235174,19.1000004956476,0.));
#14316=CARTESIAN_POINT('',(20.6556351235174,19.1000004956476,0.));
#14317=CARTESIAN_POINT('',(24.9999994221708,23.4443655002802,0.));
#14318=CARTESIAN_POINT('',(20.6556351235174,19.1000004956476,800.));
#14319=CARTESIAN_POINT('',(24.9999994221708,23.4443655002802,800.));
#14320=CARTESIAN_POINT('',(20.6556351235174,19.1000004956476,0.));
#14321=CARTESIAN_POINT('Origin',(20.6556351235174,10.8999995043524,0.));
#14322=CARTESIAN_POINT('',(20.6556351235174,10.8999995043524,0.));
#14323=CARTESIAN_POINT('',(20.6556351235174,10.8999995043524,0.));
#14324=CARTESIAN_POINT('',(20.6556351235174,10.8999995043524,800.));
#14325=CARTESIAN_POINT('',(20.6556351235174,10.8999995043524,800.));
#14326=CARTESIAN_POINT('',(20.6556351235174,10.8999995043524,0.));
#14327=CARTESIAN_POINT('Origin',(24.9999994221708,6.55563494675468,0.));
#14328=CARTESIAN_POINT('',(24.9999994221708,6.55563494675468,0.));
#14329=CARTESIAN_POINT('',(20.6556351235174,10.8999995043524,0.));
#14330=CARTESIAN_POINT('',(24.9999994221708,6.55563494675468,800.));
#14331=CARTESIAN_POINT('',(20.6556351235174,10.8999995043524,800.));
#14332=CARTESIAN_POINT('',(24.9999994221708,6.55563494675468,0.));
#14333=CARTESIAN_POINT('Origin',(28.0000004470348,6.55563494675468,0.));
#14334=CARTESIAN_POINT('',(28.0000004470348,6.55563494675468,0.));
#14335=CARTESIAN_POINT('',(25.0056351884894,6.55563494675468,0.));
#14336=CARTESIAN_POINT('',(28.0000004470348,6.55563494675468,800.));
#14337=CARTESIAN_POINT('',(25.0056351884894,6.55563494675468,800.));
#14338=CARTESIAN_POINT('',(28.0000004470348,6.55563494675468,0.));
#14339=CARTESIAN_POINT('Origin',(28.0000004470348,10.9000669071717,0.));
#14340=CARTESIAN_POINT('',(28.0000004470348,10.9000669071717,0.));
#14341=CARTESIAN_POINT('',(28.0000004470348,6.55000022351742,0.));
#14342=CARTESIAN_POINT('',(28.0000004470348,10.9000669071717,800.));
#14343=CARTESIAN_POINT('',(28.0000004470348,6.55000022351742,800.));
#14344=CARTESIAN_POINT('',(28.0000004470348,10.9000669071717,0.));
#14345=CARTESIAN_POINT('Origin',(29.0000004321337,10.9000669071717,0.));
#14346=CARTESIAN_POINT('',(29.0000004321337,10.9000669071717,0.));
#14347=CARTESIAN_POINT('',(28.0000004470348,10.9000669071717,0.));
#14348=CARTESIAN_POINT('',(29.0000004321337,10.9000669071717,800.));
#14349=CARTESIAN_POINT('',(28.0000004470348,10.9000669071717,800.));
#14350=CARTESIAN_POINT('',(29.0000004321337,10.9000669071717,0.));
#14351=CARTESIAN_POINT('Origin',(29.0000004321337,10.4000669071717,0.));
#14352=CARTESIAN_POINT('',(29.0000004321337,10.4000669071717,0.));
#14353=CARTESIAN_POINT('',(29.0000004321337,10.9000669071717,0.));
#14354=CARTESIAN_POINT('',(29.0000004321337,10.4000669071717,800.));
#14355=CARTESIAN_POINT('',(29.0000004321337,10.9000669071717,800.));
#14356=CARTESIAN_POINT('',(29.0000004321337,10.4000669071717,0.));
#14357=CARTESIAN_POINT('Origin',(29.5000003099452,10.4000336771119,0.));
#14358=CARTESIAN_POINT('',(29.5000003099452,10.4000336771119,0.));
#14359=CARTESIAN_POINT('',(29.0000004321337,10.4000669071717,0.));
#14360=CARTESIAN_POINT('',(29.5000003099452,10.4000336771119,800.));
#14361=CARTESIAN_POINT('',(29.0000004321337,10.4000669071717,800.));
#14362=CARTESIAN_POINT('',(29.5000003099452,10.4000336771119,0.));
#14363=CARTESIAN_POINT('Origin',(29.5000003099442,10.4000000149012,0.));
#14364=CARTESIAN_POINT('',(29.5000003099442,10.4000000149012,0.));
#14365=CARTESIAN_POINT('',(29.5000003099442,10.4000000149012,0.));
#14366=CARTESIAN_POINT('',(29.5000003099442,10.4000000149012,800.));
#14367=CARTESIAN_POINT('',(29.5000003099442,10.4000000149012,800.));
#14368=CARTESIAN_POINT('',(29.5000003099442,10.4000000149012,0.));
#14369=CARTESIAN_POINT('Origin',(30.0000004470348,10.4,0.));
#14370=CARTESIAN_POINT('',(30.0000004470348,10.4000000008731,0.));
#14371=CARTESIAN_POINT('',(30.0000003099442,10.4,0.));
#14372=CARTESIAN_POINT('',(30.0000004470348,10.4000000008731,800.));
#14373=CARTESIAN_POINT('',(30.0000003099442,10.4,800.));
#14374=CARTESIAN_POINT('',(30.0000004470348,10.4000000008731,0.));
#14375=CARTESIAN_POINT('Origin',(30.0000004470348,8.73110477146655E-10,
0.));
#14376=CARTESIAN_POINT('',(30.0000004470348,8.73110477146641E-10,0.));
#14377=CARTESIAN_POINT('',(30.0000004470348,4.47034833594984E-7,0.));
#14378=CARTESIAN_POINT('',(30.0000004470348,8.73110472809913E-10,800.));
#14379=CARTESIAN_POINT('',(30.0000004470348,4.47034833594984E-7,800.));
#14380=CARTESIAN_POINT('',(30.0000004470348,8.73110477146641E-10,0.));
#14381=CARTESIAN_POINT('Origin',(19.6,-2.22044604925031E-15,0.));
#14382=CARTESIAN_POINT('',(19.6,-2.22044604925031E-15,0.));
#14383=CARTESIAN_POINT('',(30.,-4.44089209850063E-15,0.));
#14384=CARTESIAN_POINT('',(19.6,0.,800.));
#14385=CARTESIAN_POINT('',(30.,-4.44089209850063E-15,800.));
#14386=CARTESIAN_POINT('',(19.6,-2.22044604925031E-15,0.));
#14387=CARTESIAN_POINT('Origin',(19.5999335398631,1.00000001490116,0.));
#14388=CARTESIAN_POINT('',(19.5999335398631,1.00000001490116,0.));
#14389=CARTESIAN_POINT('',(19.5999335398631,1.00000001490116,0.));
#14390=CARTESIAN_POINT('',(19.5999335398631,1.00000001490116,800.));
#14391=CARTESIAN_POINT('',(19.5999335398631,1.00000001490116,800.));
#14392=CARTESIAN_POINT('',(19.5999335398631,1.00000001490116,0.));
#14393=CARTESIAN_POINT('Origin',(19.0999335398631,1.00000001490116,0.));
#14394=CARTESIAN_POINT('',(19.0999335398631,1.00000001490116,0.));
#14395=CARTESIAN_POINT('',(19.0999335398631,1.00000001490116,0.));
#14396=CARTESIAN_POINT('',(19.0999335398631,1.00000001490116,800.));
#14397=CARTESIAN_POINT('',(19.0999335398631,1.00000001490116,800.));
#14398=CARTESIAN_POINT('',(19.0999335398631,1.00000001490116,0.));
#14399=CARTESIAN_POINT('Origin',(19.0999335398631,2.,0.));
#14400=CARTESIAN_POINT('',(19.0999335398631,2.,0.));
#14401=CARTESIAN_POINT('',(19.0999335398631,2.,0.));
#14402=CARTESIAN_POINT('',(19.0999335398631,2.,800.));
#14403=CARTESIAN_POINT('',(19.0999335398631,2.,800.));
#14404=CARTESIAN_POINT('',(19.0999335398631,2.,0.));
#14405=CARTESIAN_POINT('Origin',(23.4500002235174,2.,0.));
#14406=CARTESIAN_POINT('',(23.4500002235174,2.,0.));
#14407=CARTESIAN_POINT('',(23.4500002235174,2.,0.));
#14408=CARTESIAN_POINT('',(23.4500002235174,2.,800.));
#14409=CARTESIAN_POINT('',(23.4500002235174,2.,800.));
#14410=CARTESIAN_POINT('',(23.4500002235174,2.,0.));
#14411=CARTESIAN_POINT('Origin',(23.4500002235174,4.99436430785137,0.));
#14412=CARTESIAN_POINT('',(23.4500002235174,4.99436430785137,0.));
#14413=CARTESIAN_POINT('',(23.4500002235174,4.99436430785137,0.));
#14414=CARTESIAN_POINT('',(23.4500002235174,4.99436430785137,800.));
#14415=CARTESIAN_POINT('',(23.4500002235174,4.99436430785137,800.));
#14416=CARTESIAN_POINT('',(23.4500002235174,4.99436430785137,0.));
#14417=CARTESIAN_POINT('Origin',(19.0999999141664,9.34436487648258,0.));
#14418=CARTESIAN_POINT('',(19.0999999141664,9.34436487648258,0.));
#14419=CARTESIAN_POINT('',(19.0999999141664,9.34436487648258,0.));
#14420=CARTESIAN_POINT('',(19.0999999141664,9.34436487648258,800.));
#14421=CARTESIAN_POINT('',(19.0999999141664,9.34436487648258,800.));
#14422=CARTESIAN_POINT('',(19.0999999141664,9.34436487648258,0.));
#14423=CARTESIAN_POINT('Origin',(10.9000002421278,9.34436487648258,0.));
#14424=CARTESIAN_POINT('',(10.9000002421278,9.34436487648258,0.));
#14425=CARTESIAN_POINT('',(10.9000002421278,9.34436487648258,0.));
#14426=CARTESIAN_POINT('',(10.9000002421278,9.34436487648258,800.));
#14427=CARTESIAN_POINT('',(10.9000002421278,9.34436487648258,800.));
#14428=CARTESIAN_POINT('',(10.9000002421278,9.34436487648258,0.));
#14429=CARTESIAN_POINT('Origin',(6.55000022351742,4.99436430785137,0.));
#14430=CARTESIAN_POINT('',(6.55000022351742,4.99436430785137,0.));
#14431=CARTESIAN_POINT('',(6.55000022351742,4.99436430785137,0.));
#14432=CARTESIAN_POINT('',(6.55000022351742,4.99436430785137,800.));
#14433=CARTESIAN_POINT('',(6.55000022351742,4.99436430785137,800.));
#14434=CARTESIAN_POINT('',(6.55000022351742,4.99436430785137,0.));
#14435=CARTESIAN_POINT('Origin',(6.55000022351742,2.,0.));
#14436=CARTESIAN_POINT('',(6.55000022351742,4.99436430785137,0.));
#14437=CARTESIAN_POINT('',(6.55000022351742,4.99436430785137,800.));
#14438=CARTESIAN_POINT('Origin',(15.0000002235174,15.0000002235174,800.));
#14439=CARTESIAN_POINT('Origin',(15.0000002235174,15.0000002235174,0.));
#14440=CARTESIAN_POINT('',(0.,0.,0.));
#14441=CARTESIAN_POINT('',(0.,0.,0.));
#14442=CARTESIAN_POINT('',(0.,0.,0.));
#14443=CARTESIAN_POINT('Origin',(24.8000004321337,24.8000004321337,0.));
#14444=CARTESIAN_POINT('',(24.8000004321337,24.8000004321337,0.));
#14445=CARTESIAN_POINT('',(24.8000004321337,29.0000004321337,0.));
#14446=CARTESIAN_POINT('',(24.8000004321337,29.0000004321337,0.));
#14447=CARTESIAN_POINT('',(24.8000004321337,29.0000004321337,240.));
#14448=CARTESIAN_POINT('',(24.8000004321337,29.0000004321337,0.));
#14449=CARTESIAN_POINT('',(24.8000004321337,24.8000004321337,240.));
#14450=CARTESIAN_POINT('',(24.8000004321337,29.0000004321337,240.));
#14451=CARTESIAN_POINT('',(24.8000004321337,24.8000004321337,0.));
#14452=CARTESIAN_POINT('Origin',(29.0000004321337,24.8000004321337,0.));
#14453=CARTESIAN_POINT('',(29.0000004321337,24.8000004321337,0.));
#14454=CARTESIAN_POINT('',(24.8000004321337,24.8000004321337,0.));
#14455=CARTESIAN_POINT('',(29.0000004321337,24.8000004321337,240.));
#14456=CARTESIAN_POINT('',(24.8000004321337,24.8000004321337,240.));
#14457=CARTESIAN_POINT('',(29.0000004321337,24.8000004321337,0.));
#14458=CARTESIAN_POINT('Origin',(29.0000004321337,29.0000004321337,0.));
#14459=CARTESIAN_POINT('',(29.0000004321337,29.0000004321337,0.));
#14460=CARTESIAN_POINT('',(29.0000004321337,24.8000004321337,0.));
#14461=CARTESIAN_POINT('',(29.0000004321337,29.0000004321337,240.));
#14462=CARTESIAN_POINT('',(29.0000004321337,24.8000004321337,240.));
#14463=CARTESIAN_POINT('',(29.0000004321337,29.0000004321337,0.));
#14464=CARTESIAN_POINT('Origin',(24.8000004321337,29.0000004321337,0.));
#14465=CARTESIAN_POINT('',(29.0000004321337,29.0000004321337,0.));
#14466=CARTESIAN_POINT('',(29.0000004321337,29.0000004321337,240.));
#14467=CARTESIAN_POINT('Origin',(15.0000002235174,15.0000002235174,0.));
#14468=CARTESIAN_POINT('',(11.5000002235174,15.0000002235174,240.));
#14469=CARTESIAN_POINT('Origin',(15.0000002235174,15.0000002235174,240.));
#14470=CARTESIAN_POINT('',(11.5000002235174,15.0000002235174,0.));
#14471=CARTESIAN_POINT('',(11.5000002235174,15.0000002235174,0.));
#14472=CARTESIAN_POINT('Origin',(15.0000002235174,15.0000002235174,0.));
#14473=CARTESIAN_POINT('Origin',(1.00000001490116,24.8000004321337,0.));
#14474=CARTESIAN_POINT('',(1.00000001490116,24.8000004321337,0.));
#14475=CARTESIAN_POINT('',(1.00000001490116,29.0000004321337,0.));
#14476=CARTESIAN_POINT('',(1.00000001490116,24.8000004321337,0.));
#14477=CARTESIAN_POINT('',(1.00000001490116,29.0000004321337,240.));
#14478=CARTESIAN_POINT('',(1.00000001490116,29.0000004321337,0.));
#14479=CARTESIAN_POINT('',(1.00000001490116,24.8000004321337,240.));
#14480=CARTESIAN_POINT('',(1.00000001490116,24.8000004321337,240.));
#14481=CARTESIAN_POINT('',(1.00000001490116,24.8000004321337,0.));
#14482=CARTESIAN_POINT('Origin',(5.20000001490116,24.8000004321337,0.));
#14483=CARTESIAN_POINT('',(5.20000001490116,24.8000004321337,0.));
#14484=CARTESIAN_POINT('',(5.20000001490116,24.8000004321337,0.));
#14485=CARTESIAN_POINT('',(5.20000001490116,24.8000004321337,240.));
#14486=CARTESIAN_POINT('',(5.20000001490116,24.8000004321337,240.));
#14487=CARTESIAN_POINT('',(5.20000001490116,24.8000004321337,0.));
#14488=CARTESIAN_POINT('Origin',(5.20000001490116,29.0000004321337,0.));
#14489=CARTESIAN_POINT('',(5.20000001490116,29.0000004321337,0.));
#14490=CARTESIAN_POINT('',(5.20000001490116,29.0000004321337,0.));
#14491=CARTESIAN_POINT('',(5.20000001490116,29.0000004321337,240.));
#14492=CARTESIAN_POINT('',(5.20000001490116,29.0000004321337,240.));
#14493=CARTESIAN_POINT('',(5.20000001490116,29.0000004321337,0.));
#14494=CARTESIAN_POINT('Origin',(1.00000001490116,29.0000004321337,0.));
#14495=CARTESIAN_POINT('',(1.00000001490116,29.0000004321337,0.));
#14496=CARTESIAN_POINT('',(1.00000001490116,29.0000004321337,240.));
#14497=CARTESIAN_POINT('Origin',(29.0000004321337,1.00000001490116,0.));
#14498=CARTESIAN_POINT('',(29.0000004321337,1.00000001490116,0.));
#14499=CARTESIAN_POINT('',(24.8000004321337,1.00000001490116,0.));
#14500=CARTESIAN_POINT('',(29.0000004321337,1.00000001490116,0.));
#14501=CARTESIAN_POINT('',(24.8000004321337,1.00000001490116,240.));
#14502=CARTESIAN_POINT('',(24.8000004321337,1.00000001490116,0.));
#14503=CARTESIAN_POINT('',(29.0000004321337,1.00000001490116,240.));
#14504=CARTESIAN_POINT('',(29.0000004321337,1.00000001490116,240.));
#14505=CARTESIAN_POINT('',(29.0000004321337,1.00000001490116,0.));
#14506=CARTESIAN_POINT('Origin',(29.0000004321337,5.20000001490116,0.));
#14507=CARTESIAN_POINT('',(29.0000004321337,5.20000001490116,0.));
#14508=CARTESIAN_POINT('',(29.0000004321337,5.20000001490116,0.));
#14509=CARTESIAN_POINT('',(29.0000004321337,5.20000001490116,240.));
#14510=CARTESIAN_POINT('',(29.0000004321337,5.20000001490116,240.));
#14511=CARTESIAN_POINT('',(29.0000004321337,5.20000001490116,0.));
#14512=CARTESIAN_POINT('Origin',(24.8000004321337,5.20000001490116,0.));
#14513=CARTESIAN_POINT('',(24.8000004321337,5.20000001490116,0.));
#14514=CARTESIAN_POINT('',(24.8000004321337,5.20000001490116,0.));
#14515=CARTESIAN_POINT('',(24.8000004321337,5.20000001490116,240.));
#14516=CARTESIAN_POINT('',(24.8000004321337,5.20000001490116,240.));
#14517=CARTESIAN_POINT('',(24.8000004321337,5.20000001490116,0.));
#14518=CARTESIAN_POINT('Origin',(24.8000004321337,1.00000001490116,0.));
#14519=CARTESIAN_POINT('',(24.8000004321337,1.00000001490116,0.));
#14520=CARTESIAN_POINT('',(24.8000004321337,1.00000001490116,240.));
#14521=CARTESIAN_POINT('Origin',(1.00000001490116,1.00000001490116,0.));
#14522=CARTESIAN_POINT('',(1.00000001490116,1.00000001490116,0.));
#14523=CARTESIAN_POINT('',(1.00000001490116,5.20000001490116,0.));
#14524=CARTESIAN_POINT('',(1.00000001490116,5.20000001490116,0.));
#14525=CARTESIAN_POINT('',(1.00000001490116,5.20000001490116,240.));
#14526=CARTESIAN_POINT('',(1.00000001490116,5.20000001490116,0.));
#14527=CARTESIAN_POINT('',(1.00000001490116,1.00000001490116,240.));
#14528=CARTESIAN_POINT('',(1.00000001490116,5.20000001490116,240.));
#14529=CARTESIAN_POINT('',(1.00000001490116,1.00000001490116,0.));
#14530=CARTESIAN_POINT('Origin',(5.20000001490116,1.00000001490116,0.));
#14531=CARTESIAN_POINT('',(5.20000001490116,1.00000001490116,0.));
#14532=CARTESIAN_POINT('',(1.00000001490116,1.00000001490116,0.));
#14533=CARTESIAN_POINT('',(5.20000001490116,1.00000001490116,240.));
#14534=CARTESIAN_POINT('',(1.00000001490116,1.00000001490116,240.));
#14535=CARTESIAN_POINT('',(5.20000001490116,1.00000001490116,0.));
#14536=CARTESIAN_POINT('Origin',(5.20000001490116,5.20000001490116,0.));
#14537=CARTESIAN_POINT('',(5.20000001490116,5.20000001490116,0.));
#14538=CARTESIAN_POINT('',(5.20000001490116,1.00000001490116,0.));
#14539=CARTESIAN_POINT('',(5.20000001490116,5.20000001490116,240.));
#14540=CARTESIAN_POINT('',(5.20000001490116,1.00000001490116,240.));
#14541=CARTESIAN_POINT('',(5.20000001490116,5.20000001490116,0.));
#14542=CARTESIAN_POINT('Origin',(1.00000001490116,5.20000001490116,0.));
#14543=CARTESIAN_POINT('',(5.20000001490116,5.20000001490116,0.));
#14544=CARTESIAN_POINT('',(5.20000001490116,5.20000001490116,240.));
#14545=CARTESIAN_POINT('Origin',(10.9000669071717,2.,0.));
#14546=CARTESIAN_POINT('',(6.55000022351742,2.,0.));
#14547=CARTESIAN_POINT('',(10.9000669071717,2.,0.));
#14548=CARTESIAN_POINT('',(6.55000022351742,2.,0.));
#14549=CARTESIAN_POINT('',(6.55000022351742,2.,240.));
#14550=CARTESIAN_POINT('',(6.55000022351742,2.,0.));
#14551=CARTESIAN_POINT('',(10.9000669071717,2.,240.));
#14552=CARTESIAN_POINT('',(6.55000022351742,2.,240.));
#14553=CARTESIAN_POINT('',(10.9000669071717,2.,0.));
#14554=CARTESIAN_POINT('Origin',(10.9000669071717,1.00000001490116,0.));
#14555=CARTESIAN_POINT('',(10.9000669071717,1.00000001490116,0.));
#14556=CARTESIAN_POINT('',(10.9000669071717,2.,0.));
#14557=CARTESIAN_POINT('',(10.9000669071717,1.00000001490116,240.));
#14558=CARTESIAN_POINT('',(10.9000669071717,2.,240.));
#14559=CARTESIAN_POINT('',(10.9000669071717,1.00000001490116,0.));
#14560=CARTESIAN_POINT('Origin',(10.4000669071717,1.00000001490116,0.));
#14561=CARTESIAN_POINT('',(10.4000669071717,1.00000001490116,0.));
#14562=CARTESIAN_POINT('',(10.9000669071717,1.00000001490116,0.));
#14563=CARTESIAN_POINT('',(10.4000669071717,1.00000001490116,240.));
#14564=CARTESIAN_POINT('',(10.9000669071717,1.00000001490116,240.));
#14565=CARTESIAN_POINT('',(10.4000669071717,1.00000001490116,0.));
#14566=CARTESIAN_POINT('Origin',(10.4000004470348,-2.08166817117217E-15,
0.));
#14567=CARTESIAN_POINT('',(10.4000004470348,-2.22044604925031E-15,0.));
#14568=CARTESIAN_POINT('',(10.4000669071717,1.00000001490116,0.));
#14569=CARTESIAN_POINT('',(10.4000004470348,-2.22044604925031E-15,240.));
#14570=CARTESIAN_POINT('',(10.4000669071717,1.00000001490116,240.));
#14571=CARTESIAN_POINT('',(10.4000004470348,-2.22044604925031E-15,0.));
#14572=CARTESIAN_POINT('Origin',(1.32348898008484E-22,-4.44089219394454E-15,
0.));
#14573=CARTESIAN_POINT('',(1.61245538509378E-22,8.73110477146641E-10,0.));
#14574=CARTESIAN_POINT('',(4.4703483581543E-7,-4.44089209850063E-15,0.));
#14575=CARTESIAN_POINT('',(0.,8.73110472809913E-10,240.));
#14576=CARTESIAN_POINT('',(4.4703483581543E-7,-4.44089209850063E-15,240.));
#14577=CARTESIAN_POINT('',(1.61245538509378E-22,8.73110477146641E-10,0.));
#14578=CARTESIAN_POINT('Origin',(-4.44089209850063E-15,10.4000004470348,
0.));
#14579=CARTESIAN_POINT('',(-4.44089209850063E-15,10.4000004470348,0.));
#14580=CARTESIAN_POINT('',(0.,4.47034833594984E-7,0.));
#14581=CARTESIAN_POINT('',(-4.44089209850063E-15,10.4000004470348,240.));
#14582=CARTESIAN_POINT('',(0.,4.47034833594984E-7,240.));
#14583=CARTESIAN_POINT('',(-4.44089209850063E-15,10.4000004470348,0.));
#14584=CARTESIAN_POINT('Origin',(1.00000001490116,10.4000669071717,0.));
#14585=CARTESIAN_POINT('',(1.00000001490116,10.4000669071717,0.));
#14586=CARTESIAN_POINT('',(1.00000001490116,10.4000669071717,0.));
#14587=CARTESIAN_POINT('',(1.00000001490116,10.4000669071717,240.));
#14588=CARTESIAN_POINT('',(1.00000001490116,10.4000669071717,240.));
#14589=CARTESIAN_POINT('',(1.00000001490116,10.4000669071717,0.));
#14590=CARTESIAN_POINT('Origin',(1.00000001490116,10.9000669071717,0.));
#14591=CARTESIAN_POINT('',(1.00000001490116,10.9000669071717,0.));
#14592=CARTESIAN_POINT('',(1.00000001490116,10.9000669071717,0.));
#14593=CARTESIAN_POINT('',(1.00000001490116,10.9000669071717,240.));
#14594=CARTESIAN_POINT('',(1.00000001490116,10.9000669071717,240.));
#14595=CARTESIAN_POINT('',(1.00000001490116,10.9000669071717,0.));
#14596=CARTESIAN_POINT('Origin',(2.,10.9000669071717,0.));
#14597=CARTESIAN_POINT('',(2.,10.9000669071717,0.));
#14598=CARTESIAN_POINT('',(2.,10.9000669071717,0.));
#14599=CARTESIAN_POINT('',(2.,10.9000669071717,240.));
#14600=CARTESIAN_POINT('',(2.,10.9000669071717,240.));
#14601=CARTESIAN_POINT('',(2.,10.9000669071717,0.));
#14602=CARTESIAN_POINT('Origin',(2.,6.55563494675468,0.));
#14603=CARTESIAN_POINT('',(2.,6.55563494675468,0.));
#14604=CARTESIAN_POINT('',(2.,6.55563494675468,0.));
#14605=CARTESIAN_POINT('',(2.,6.55563494675468,240.));
#14606=CARTESIAN_POINT('',(2.,6.55563494675468,240.));
#14607=CARTESIAN_POINT('',(2.,6.55563494675468,0.));
#14608=CARTESIAN_POINT('Origin',(4.99436525854548,6.55563494675468,0.));
#14609=CARTESIAN_POINT('',(4.99436525854548,6.55563494675468,0.));
#14610=CARTESIAN_POINT('',(4.99436525854548,6.55563494675468,0.));
#14611=CARTESIAN_POINT('',(4.99436525854548,6.55563494675468,240.));
#14612=CARTESIAN_POINT('',(4.99436525854548,6.55563494675468,240.));
#14613=CARTESIAN_POINT('',(4.99436525854548,6.55563494675468,0.));
#14614=CARTESIAN_POINT('Origin',(9.34436532351742,10.899999795093,0.));
#14615=CARTESIAN_POINT('',(9.34436532351742,10.899999795093,0.));
#14616=CARTESIAN_POINT('',(9.34436532351742,10.899999795093,0.));
#14617=CARTESIAN_POINT('',(9.34436532351742,10.899999795093,240.));
#14618=CARTESIAN_POINT('',(9.34436532351742,10.899999795093,240.));
#14619=CARTESIAN_POINT('',(9.34436532351742,10.899999795093,0.));
#14620=CARTESIAN_POINT('Origin',(9.34436532351742,19.100000204907,0.));
#14621=CARTESIAN_POINT('',(9.34436532351742,19.100000204907,0.));
#14622=CARTESIAN_POINT('',(9.34436532351742,19.100000204907,0.));
#14623=CARTESIAN_POINT('',(9.34436532351742,19.100000204907,240.));
#14624=CARTESIAN_POINT('',(9.34436532351742,19.100000204907,240.));
#14625=CARTESIAN_POINT('',(9.34436532351742,19.100000204907,0.));
#14626=CARTESIAN_POINT('Origin',(4.99436525854548,23.4443655002802,0.));
#14627=CARTESIAN_POINT('',(4.99436525854548,23.4443655002802,0.));
#14628=CARTESIAN_POINT('',(4.99436525854548,23.4443655002802,0.));
#14629=CARTESIAN_POINT('',(4.99436525854548,23.4443655002802,240.));
#14630=CARTESIAN_POINT('',(4.99436525854548,23.4443655002802,240.));
#14631=CARTESIAN_POINT('',(4.99436525854548,23.4443655002802,0.));
#14632=CARTESIAN_POINT('Origin',(2.,23.4443655002802,0.));
#14633=CARTESIAN_POINT('',(2.,23.4443655002802,0.));
#14634=CARTESIAN_POINT('',(4.99436525854548,23.4443655002802,0.));
#14635=CARTESIAN_POINT('',(2.,23.4443655002802,240.));
#14636=CARTESIAN_POINT('',(4.99436525854548,23.4443655002802,240.));
#14637=CARTESIAN_POINT('',(2.,23.4443655002802,0.));
#14638=CARTESIAN_POINT('Origin',(2.,19.0999335398631,0.));
#14639=CARTESIAN_POINT('',(2.,19.0999335398631,0.));
#14640=CARTESIAN_POINT('',(2.,23.4443655002802,0.));
#14641=CARTESIAN_POINT('',(2.,19.0999335398631,240.));
#14642=CARTESIAN_POINT('',(2.,23.4443655002802,240.));
#14643=CARTESIAN_POINT('',(2.,19.0999335398631,0.));
#14644=CARTESIAN_POINT('Origin',(1.00000001490116,19.0999335398631,0.));
#14645=CARTESIAN_POINT('',(1.00000001490116,19.0999335398631,0.));
#14646=CARTESIAN_POINT('',(2.,19.0999335398631,0.));
#14647=CARTESIAN_POINT('',(1.00000001490116,19.0999335398631,240.));
#14648=CARTESIAN_POINT('',(2.,19.0999335398631,240.));
#14649=CARTESIAN_POINT('',(1.00000001490116,19.0999335398631,0.));
#14650=CARTESIAN_POINT('Origin',(1.00000001490116,19.5999335398631,0.));
#14651=CARTESIAN_POINT('',(1.00000001490116,19.5999335398631,0.));
#14652=CARTESIAN_POINT('',(1.00000001490116,19.0999335398631,0.));
#14653=CARTESIAN_POINT('',(1.00000001490116,19.5999335398631,240.));
#14654=CARTESIAN_POINT('',(1.00000001490116,19.0999335398631,240.));
#14655=CARTESIAN_POINT('',(1.00000001490116,19.5999335398631,0.));
#14656=CARTESIAN_POINT('Origin',(-4.57966997657877E-15,19.6,0.));
#14657=CARTESIAN_POINT('',(-4.44089209850063E-15,19.6,0.));
#14658=CARTESIAN_POINT('',(1.00000001490116,19.5999335398631,0.));
#14659=CARTESIAN_POINT('',(-4.44089209850063E-15,19.6,240.));
#14660=CARTESIAN_POINT('',(1.00000001490116,19.5999335398631,240.));
#14661=CARTESIAN_POINT('',(-4.44089209850063E-15,19.6,0.));
#14662=CARTESIAN_POINT('Origin',(1.90887835562383E-22,30.0000004470348,
0.));
#14663=CARTESIAN_POINT('',(8.73114913702173E-10,30.0000004470348,0.));
#14664=CARTESIAN_POINT('',(0.,30.,0.));
#14665=CARTESIAN_POINT('',(8.73114913702011E-10,30.0000004470348,240.));
#14666=CARTESIAN_POINT('',(0.,30.,240.));
#14667=CARTESIAN_POINT('',(8.73114913702173E-10,30.0000004470348,0.));
#14668=CARTESIAN_POINT('Origin',(10.4000004470348,30.0000004470348,0.));
#14669=CARTESIAN_POINT('',(10.4000004470348,30.0000004470348,0.));
#14670=CARTESIAN_POINT('',(4.4703483581543E-7,30.0000004470348,0.));
#14671=CARTESIAN_POINT('',(10.4000004470348,30.0000004470348,240.));
#14672=CARTESIAN_POINT('',(4.4703483581543E-7,30.0000004470348,240.));
#14673=CARTESIAN_POINT('',(10.4000004470348,30.0000004470348,0.));
#14674=CARTESIAN_POINT('Origin',(10.4000669071717,29.0000004321337,0.));
#14675=CARTESIAN_POINT('',(10.4000669071717,29.0000004321337,0.));
#14676=CARTESIAN_POINT('',(10.4000669071717,29.0000004321337,0.));
#14677=CARTESIAN_POINT('',(10.4000669071717,29.0000004321337,240.));
#14678=CARTESIAN_POINT('',(10.4000669071717,29.0000004321337,240.));
#14679=CARTESIAN_POINT('',(10.4000669071717,29.0000004321337,0.));
#14680=CARTESIAN_POINT('Origin',(10.9000669071717,29.0000004321337,0.));
#14681=CARTESIAN_POINT('',(10.9000669071717,29.0000004321337,0.));
#14682=CARTESIAN_POINT('',(10.9000669071717,29.0000004321337,0.));
#14683=CARTESIAN_POINT('',(10.9000669071717,29.0000004321337,240.));
#14684=CARTESIAN_POINT('',(10.9000669071717,29.0000004321337,240.));
#14685=CARTESIAN_POINT('',(10.9000669071717,29.0000004321337,0.));
#14686=CARTESIAN_POINT('Origin',(10.9000669071717,28.0000004470348,0.));
#14687=CARTESIAN_POINT('',(10.9000669071717,28.0000004470348,0.));
#14688=CARTESIAN_POINT('',(10.9000669071717,28.0000004470348,0.));
#14689=CARTESIAN_POINT('',(10.9000669071717,28.0000004470348,240.));
#14690=CARTESIAN_POINT('',(10.9000669071717,28.0000004470348,240.));
#14691=CARTESIAN_POINT('',(10.9000669071717,28.0000004470348,0.));
#14692=CARTESIAN_POINT('Origin',(6.55000022351742,28.0000004470348,0.));
#14693=CARTESIAN_POINT('',(6.55000022351742,28.0000004470348,0.));
#14694=CARTESIAN_POINT('',(6.55000022351742,28.0000004470348,0.));
#14695=CARTESIAN_POINT('',(6.55000022351742,28.0000004470348,240.));
#14696=CARTESIAN_POINT('',(6.55000022351742,28.0000004470348,240.));
#14697=CARTESIAN_POINT('',(6.55000022351742,28.0000004470348,0.));
#14698=CARTESIAN_POINT('Origin',(6.55000022351742,25.000000372529,0.));
#14699=CARTESIAN_POINT('',(6.55000022351742,25.000000372529,0.));
#14700=CARTESIAN_POINT('',(6.55000022351742,25.000000372529,0.));
#14701=CARTESIAN_POINT('',(6.55000022351742,25.000000372529,240.));
#14702=CARTESIAN_POINT('',(6.55000022351742,25.000000372529,240.));
#14703=CARTESIAN_POINT('',(6.55000022351742,25.000000372529,0.));
#14704=CARTESIAN_POINT('Origin',(10.9000002421278,20.6556351235174,0.));
#14705=CARTESIAN_POINT('',(10.9000002421278,20.6556351235174,0.));
#14706=CARTESIAN_POINT('',(10.9000002421278,20.6556351235174,0.));
#14707=CARTESIAN_POINT('',(10.9000002421278,20.6556351235174,240.));
#14708=CARTESIAN_POINT('',(10.9000002421278,20.6556351235174,240.));
#14709=CARTESIAN_POINT('',(10.9000002421278,20.6556351235174,0.));
#14710=CARTESIAN_POINT('Origin',(19.0999999141664,20.6556351235174,0.));
#14711=CARTESIAN_POINT('',(19.0999999141664,20.6556351235174,0.));
#14712=CARTESIAN_POINT('',(19.0999999141664,20.6556351235174,0.));
#14713=CARTESIAN_POINT('',(19.0999999141664,20.6556351235174,240.));
#14714=CARTESIAN_POINT('',(19.0999999141664,20.6556351235174,240.));
#14715=CARTESIAN_POINT('',(19.0999999141664,20.6556351235174,0.));
#14716=CARTESIAN_POINT('Origin',(23.4500002235174,25.0056361391835,0.));
#14717=CARTESIAN_POINT('',(23.4500002235174,25.0056361391835,0.));
#14718=CARTESIAN_POINT('',(23.4500002235174,25.0056361391835,0.));
#14719=CARTESIAN_POINT('',(23.4500002235174,25.0056361391835,240.));
#14720=CARTESIAN_POINT('',(23.4500002235174,25.0056361391835,240.));
#14721=CARTESIAN_POINT('',(23.4500002235174,25.0056361391835,0.));
#14722=CARTESIAN_POINT('Origin',(23.4500002235174,28.0000004470348,0.));
#14723=CARTESIAN_POINT('',(23.4500002235174,28.0000004470348,0.));
#14724=CARTESIAN_POINT('',(23.4500002235174,25.0056361391835,0.));
#14725=CARTESIAN_POINT('',(23.4500002235174,28.0000004470348,240.));
#14726=CARTESIAN_POINT('',(23.4500002235174,25.0056361391835,240.));
#14727=CARTESIAN_POINT('',(23.4500002235174,28.0000004470348,0.));
#14728=CARTESIAN_POINT('Origin',(19.0999335398631,28.0000004470348,0.));
#14729=CARTESIAN_POINT('',(19.0999335398631,28.0000004470348,0.));
#14730=CARTESIAN_POINT('',(23.4500002235174,28.0000004470348,0.));
#14731=CARTESIAN_POINT('',(19.0999335398631,28.0000004470348,240.));
#14732=CARTESIAN_POINT('',(23.4500002235174,28.0000004470348,240.));
#14733=CARTESIAN_POINT('',(19.0999335398631,28.0000004470348,0.));
#14734=CARTESIAN_POINT('Origin',(19.0999335398631,29.0000004321337,0.));
#14735=CARTESIAN_POINT('',(19.0999335398631,29.0000004321337,0.));
#14736=CARTESIAN_POINT('',(19.0999335398631,28.0000004470348,0.));
#14737=CARTESIAN_POINT('',(19.0999335398631,29.0000004321337,240.));
#14738=CARTESIAN_POINT('',(19.0999335398631,28.0000004470348,240.));
#14739=CARTESIAN_POINT('',(19.0999335398631,29.0000004321337,0.));
#14740=CARTESIAN_POINT('Origin',(19.5999335398631,29.0000004321337,0.));
#14741=CARTESIAN_POINT('',(19.5999335398631,29.0000004321337,0.));
#14742=CARTESIAN_POINT('',(19.0999335398631,29.0000004321337,0.));
#14743=CARTESIAN_POINT('',(19.5999335398631,29.0000004321337,240.));
#14744=CARTESIAN_POINT('',(19.0999335398631,29.0000004321337,240.));
#14745=CARTESIAN_POINT('',(19.5999335398631,29.0000004321337,0.));
#14746=CARTESIAN_POINT('Origin',(19.6,30.0000004470348,0.));
#14747=CARTESIAN_POINT('',(19.6,30.0000004470348,0.));
#14748=CARTESIAN_POINT('',(19.5999335398631,29.0000004321337,0.));
#14749=CARTESIAN_POINT('',(19.6,30.0000004470348,240.));
#14750=CARTESIAN_POINT('',(19.5999335398631,29.0000004321337,240.));
#14751=CARTESIAN_POINT('',(19.6,30.0000004470348,0.));
#14752=CARTESIAN_POINT('Origin',(30.0000004461617,30.0000004470348,0.));
#14753=CARTESIAN_POINT('',(30.0000004461617,30.0000004470348,0.));
#14754=CARTESIAN_POINT('',(30.,30.0000004470348,0.));
#14755=CARTESIAN_POINT('',(30.0000004461617,30.0000004470348,240.));
#14756=CARTESIAN_POINT('',(30.,30.0000004470348,240.));
#14757=CARTESIAN_POINT('',(30.0000004461617,30.0000004470348,0.));
#14758=CARTESIAN_POINT('Origin',(30.0000004470348,19.6,0.));
#14759=CARTESIAN_POINT('',(30.0000004470348,19.6,0.));
#14760=CARTESIAN_POINT('',(30.0000004470348,30.,0.));
#14761=CARTESIAN_POINT('',(30.0000004470348,19.6,240.));
#14762=CARTESIAN_POINT('',(30.0000004470348,30.,240.));
#14763=CARTESIAN_POINT('',(30.0000004470348,19.6,0.));
#14764=CARTESIAN_POINT('Origin',(29.0000004321337,19.5999335398631,0.));
#14765=CARTESIAN_POINT('',(29.0000004321337,19.5999335398631,0.));
#14766=CARTESIAN_POINT('',(29.0000004321337,19.5999335398631,0.));
#14767=CARTESIAN_POINT('',(29.0000004321337,19.5999335398631,240.));
#14768=CARTESIAN_POINT('',(29.0000004321337,19.5999335398631,240.));
#14769=CARTESIAN_POINT('',(29.0000004321337,19.5999335398631,0.));
#14770=CARTESIAN_POINT('Origin',(29.0000004321337,19.0999335398631,0.));
#14771=CARTESIAN_POINT('',(29.0000004321337,19.0999335398631,0.));
#14772=CARTESIAN_POINT('',(29.0000004321337,19.0999335398631,0.));
#14773=CARTESIAN_POINT('',(29.0000004321337,19.0999335398631,240.));
#14774=CARTESIAN_POINT('',(29.0000004321337,19.0999335398631,240.));
#14775=CARTESIAN_POINT('',(29.0000004321337,19.0999335398631,0.));
#14776=CARTESIAN_POINT('Origin',(28.0000004470348,19.0999335398631,0.));
#14777=CARTESIAN_POINT('',(28.0000004470348,19.0999335398631,0.));
#14778=CARTESIAN_POINT('',(28.0000004470348,19.0999335398631,0.));
#14779=CARTESIAN_POINT('',(28.0000004470348,19.0999335398631,240.));
#14780=CARTESIAN_POINT('',(28.0000004470348,19.0999335398631,240.));
#14781=CARTESIAN_POINT('',(28.0000004470348,19.0999335398631,0.));
#14782=CARTESIAN_POINT('Origin',(28.0000004470348,23.4443655002802,0.));
#14783=CARTESIAN_POINT('',(28.0000004470348,23.4443655002802,0.));
#14784=CARTESIAN_POINT('',(28.0000004470348,23.4443655002802,0.));
#14785=CARTESIAN_POINT('',(28.0000004470348,23.4443655002802,240.));
#14786=CARTESIAN_POINT('',(28.0000004470348,23.4443655002802,240.));
#14787=CARTESIAN_POINT('',(28.0000004470348,23.4443655002802,0.));
#14788=CARTESIAN_POINT('Origin',(24.9999994221708,23.4443655002802,0.));
#14789=CARTESIAN_POINT('',(24.9999994221708,23.4443655002802,0.));
#14790=CARTESIAN_POINT('',(25.0056351884894,23.4443655002802,0.));
#14791=CARTESIAN_POINT('',(24.9999994221708,23.4443655002802,240.));
#14792=CARTESIAN_POINT('',(25.0056351884894,23.4443655002802,240.));
#14793=CARTESIAN_POINT('',(24.9999994221708,23.4443655002802,0.));
#14794=CARTESIAN_POINT('Origin',(20.6556351235174,19.1000004956476,0.));
#14795=CARTESIAN_POINT('',(20.6556351235174,19.1000004956476,0.));
#14796=CARTESIAN_POINT('',(24.9999994221708,23.4443655002802,0.));
#14797=CARTESIAN_POINT('',(20.6556351235174,19.1000004956476,240.));
#14798=CARTESIAN_POINT('',(24.9999994221708,23.4443655002802,240.));
#14799=CARTESIAN_POINT('',(20.6556351235174,19.1000004956476,0.));
#14800=CARTESIAN_POINT('Origin',(20.6556351235174,10.8999995043524,0.));
#14801=CARTESIAN_POINT('',(20.6556351235174,10.8999995043524,0.));
#14802=CARTESIAN_POINT('',(20.6556351235174,10.8999995043524,0.));
#14803=CARTESIAN_POINT('',(20.6556351235174,10.8999995043524,240.));
#14804=CARTESIAN_POINT('',(20.6556351235174,10.8999995043524,240.));
#14805=CARTESIAN_POINT('',(20.6556351235174,10.8999995043524,0.));
#14806=CARTESIAN_POINT('Origin',(24.9999994221708,6.55563494675468,0.));
#14807=CARTESIAN_POINT('',(24.9999994221708,6.55563494675468,0.));
#14808=CARTESIAN_POINT('',(20.6556351235174,10.8999995043524,0.));
#14809=CARTESIAN_POINT('',(24.9999994221708,6.55563494675468,240.));
#14810=CARTESIAN_POINT('',(20.6556351235174,10.8999995043524,240.));
#14811=CARTESIAN_POINT('',(24.9999994221708,6.55563494675468,0.));
#14812=CARTESIAN_POINT('Origin',(28.0000004470348,6.55563494675468,0.));
#14813=CARTESIAN_POINT('',(28.0000004470348,6.55563494675468,0.));
#14814=CARTESIAN_POINT('',(25.0056351884894,6.55563494675468,0.));
#14815=CARTESIAN_POINT('',(28.0000004470348,6.55563494675468,240.));
#14816=CARTESIAN_POINT('',(25.0056351884894,6.55563494675468,240.));
#14817=CARTESIAN_POINT('',(28.0000004470348,6.55563494675468,0.));
#14818=CARTESIAN_POINT('Origin',(28.0000004470348,10.9000669071717,0.));
#14819=CARTESIAN_POINT('',(28.0000004470348,10.9000669071717,0.));
#14820=CARTESIAN_POINT('',(28.0000004470348,6.55000022351742,0.));
#14821=CARTESIAN_POINT('',(28.0000004470348,10.9000669071717,240.));
#14822=CARTESIAN_POINT('',(28.0000004470348,6.55000022351742,240.));
#14823=CARTESIAN_POINT('',(28.0000004470348,10.9000669071717,0.));
#14824=CARTESIAN_POINT('Origin',(29.0000004321337,10.9000669071717,0.));
#14825=CARTESIAN_POINT('',(29.0000004321337,10.9000669071717,0.));
#14826=CARTESIAN_POINT('',(28.0000004470348,10.9000669071717,0.));
#14827=CARTESIAN_POINT('',(29.0000004321337,10.9000669071717,240.));
#14828=CARTESIAN_POINT('',(28.0000004470348,10.9000669071717,240.));
#14829=CARTESIAN_POINT('',(29.0000004321337,10.9000669071717,0.));
#14830=CARTESIAN_POINT('Origin',(29.0000004321337,10.4000669071717,0.));
#14831=CARTESIAN_POINT('',(29.0000004321337,10.4000669071717,0.));
#14832=CARTESIAN_POINT('',(29.0000004321337,10.9000669071717,0.));
#14833=CARTESIAN_POINT('',(29.0000004321337,10.4000669071717,240.));
#14834=CARTESIAN_POINT('',(29.0000004321337,10.9000669071717,240.));
#14835=CARTESIAN_POINT('',(29.0000004321337,10.4000669071717,0.));
#14836=CARTESIAN_POINT('Origin',(29.5000003099452,10.4000336771119,0.));
#14837=CARTESIAN_POINT('',(29.5000003099452,10.4000336771119,0.));
#14838=CARTESIAN_POINT('',(29.0000004321337,10.4000669071717,0.));
#14839=CARTESIAN_POINT('',(29.5000003099452,10.4000336771119,240.));
#14840=CARTESIAN_POINT('',(29.0000004321337,10.4000669071717,240.));
#14841=CARTESIAN_POINT('',(29.5000003099452,10.4000336771119,0.));
#14842=CARTESIAN_POINT('Origin',(29.5000003099442,10.4000000149012,0.));
#14843=CARTESIAN_POINT('',(29.5000003099442,10.4000000149012,0.));
#14844=CARTESIAN_POINT('',(29.5000003099442,10.4000000149012,0.));
#14845=CARTESIAN_POINT('',(29.5000003099442,10.4000000149012,240.));
#14846=CARTESIAN_POINT('',(29.5000003099442,10.4000000149012,240.));
#14847=CARTESIAN_POINT('',(29.5000003099442,10.4000000149012,0.));
#14848=CARTESIAN_POINT('Origin',(30.0000004470348,10.4,0.));
#14849=CARTESIAN_POINT('',(30.0000004470348,10.4000000008731,0.));
#14850=CARTESIAN_POINT('',(30.0000003099442,10.4,0.));
#14851=CARTESIAN_POINT('',(30.0000004470348,10.4000000008731,240.));
#14852=CARTESIAN_POINT('',(30.0000003099442,10.4,240.));
#14853=CARTESIAN_POINT('',(30.0000004470348,10.4000000008731,0.));
#14854=CARTESIAN_POINT('Origin',(30.0000004470348,8.73110477146655E-10,
0.));
#14855=CARTESIAN_POINT('',(30.0000004470348,8.73110477146641E-10,0.));
#14856=CARTESIAN_POINT('',(30.0000004470348,4.47034833594984E-7,0.));
#14857=CARTESIAN_POINT('',(30.0000004470348,8.73110472809913E-10,240.));
#14858=CARTESIAN_POINT('',(30.0000004470348,4.47034833594984E-7,240.));
#14859=CARTESIAN_POINT('',(30.0000004470348,8.73110477146641E-10,0.));
#14860=CARTESIAN_POINT('Origin',(19.6,-2.22044604925031E-15,0.));
#14861=CARTESIAN_POINT('',(19.6,-2.22044604925031E-15,0.));
#14862=CARTESIAN_POINT('',(30.,-4.44089209850063E-15,0.));
#14863=CARTESIAN_POINT('',(19.6,-2.22044604925031E-15,240.));
#14864=CARTESIAN_POINT('',(30.,-4.44089209850063E-15,240.));
#14865=CARTESIAN_POINT('',(19.6,-2.22044604925031E-15,0.));
#14866=CARTESIAN_POINT('Origin',(19.5999335398631,1.00000001490116,0.));
#14867=CARTESIAN_POINT('',(19.5999335398631,1.00000001490116,0.));
#14868=CARTESIAN_POINT('',(19.5999335398631,1.00000001490116,0.));
#14869=CARTESIAN_POINT('',(19.5999335398631,1.00000001490116,240.));
#14870=CARTESIAN_POINT('',(19.5999335398631,1.00000001490116,240.));
#14871=CARTESIAN_POINT('',(19.5999335398631,1.00000001490116,0.));
#14872=CARTESIAN_POINT('Origin',(19.0999335398631,1.00000001490116,0.));
#14873=CARTESIAN_POINT('',(19.0999335398631,1.00000001490116,0.));
#14874=CARTESIAN_POINT('',(19.0999335398631,1.00000001490116,0.));
#14875=CARTESIAN_POINT('',(19.0999335398631,1.00000001490116,240.));
#14876=CARTESIAN_POINT('',(19.0999335398631,1.00000001490116,240.));
#14877=CARTESIAN_POINT('',(19.0999335398631,1.00000001490116,0.));
#14878=CARTESIAN_POINT('Origin',(19.0999335398631,2.,0.));
#14879=CARTESIAN_POINT('',(19.0999335398631,2.,0.));
#14880=CARTESIAN_POINT('',(19.0999335398631,2.,0.));
#14881=CARTESIAN_POINT('',(19.0999335398631,2.,240.));
#14882=CARTESIAN_POINT('',(19.0999335398631,2.,240.));
#14883=CARTESIAN_POINT('',(19.0999335398631,2.,0.));
#14884=CARTESIAN_POINT('Origin',(23.4500002235174,2.,0.));
#14885=CARTESIAN_POINT('',(23.4500002235174,2.,0.));
#14886=CARTESIAN_POINT('',(23.4500002235174,2.,0.));
#14887=CARTESIAN_POINT('',(23.4500002235174,2.,240.));
#14888=CARTESIAN_POINT('',(23.4500002235174,2.,240.));
#14889=CARTESIAN_POINT('',(23.4500002235174,2.,0.));
#14890=CARTESIAN_POINT('Origin',(23.4500002235174,4.99436430785137,0.));
#14891=CARTESIAN_POINT('',(23.4500002235174,4.99436430785137,0.));
#14892=CARTESIAN_POINT('',(23.4500002235174,4.99436430785137,0.));
#14893=CARTESIAN_POINT('',(23.4500002235174,4.99436430785137,240.));
#14894=CARTESIAN_POINT('',(23.4500002235174,4.99436430785137,240.));
#14895=CARTESIAN_POINT('',(23.4500002235174,4.99436430785137,0.));
#14896=CARTESIAN_POINT('Origin',(19.0999999141664,9.34436487648258,0.));
#14897=CARTESIAN_POINT('',(19.0999999141664,9.34436487648258,0.));
#14898=CARTESIAN_POINT('',(19.0999999141664,9.34436487648258,0.));
#14899=CARTESIAN_POINT('',(19.0999999141664,9.34436487648258,240.));
#14900=CARTESIAN_POINT('',(19.0999999141664,9.34436487648258,240.));
#14901=CARTESIAN_POINT('',(19.0999999141664,9.34436487648258,0.));
#14902=CARTESIAN_POINT('Origin',(10.9000002421278,9.34436487648258,0.));
#14903=CARTESIAN_POINT('',(10.9000002421278,9.34436487648258,0.));
#14904=CARTESIAN_POINT('',(10.9000002421278,9.34436487648258,0.));
#14905=CARTESIAN_POINT('',(10.9000002421278,9.34436487648258,240.));
#14906=CARTESIAN_POINT('',(10.9000002421278,9.34436487648258,240.));
#14907=CARTESIAN_POINT('',(10.9000002421278,9.34436487648258,0.));
#14908=CARTESIAN_POINT('Origin',(6.55000022351742,4.99436430785137,0.));
#14909=CARTESIAN_POINT('',(6.55000022351742,4.99436430785137,0.));
#14910=CARTESIAN_POINT('',(6.55000022351742,4.99436430785137,0.));
#14911=CARTESIAN_POINT('',(6.55000022351742,4.99436430785137,240.));
#14912=CARTESIAN_POINT('',(6.55000022351742,4.99436430785137,240.));
#14913=CARTESIAN_POINT('',(6.55000022351742,4.99436430785137,0.));
#14914=CARTESIAN_POINT('Origin',(6.55000022351742,2.,0.));
#14915=CARTESIAN_POINT('',(6.55000022351742,4.99436430785137,0.));
#14916=CARTESIAN_POINT('',(6.55000022351742,4.99436430785137,240.));
#14917=CARTESIAN_POINT('Origin',(15.0000002235174,15.0000002235174,240.));
#14918=CARTESIAN_POINT('Origin',(15.0000002235174,15.0000002235174,0.));
#14919=CARTESIAN_POINT('',(0.,1.4210854715202E-14,0.));
#14920=CARTESIAN_POINT('',(0.,0.,0.));
#14921=CARTESIAN_POINT('',(0.,0.,0.));
#14922=CARTESIAN_POINT('Origin',(5.20000001490116,5.20000001490116,0.));
#14923=CARTESIAN_POINT('',(5.20000001490116,5.20000001490116,0.));
#14924=CARTESIAN_POINT('',(5.20000001490116,1.00000001490116,0.));
#14925=CARTESIAN_POINT('',(5.20000001490116,1.00000001490116,0.));
#14926=CARTESIAN_POINT('',(5.20000001490116,1.00000001490116,640.));
#14927=CARTESIAN_POINT('',(5.20000001490116,1.00000001490116,0.));
#14928=CARTESIAN_POINT('',(5.20000001490116,5.20000001490116,640.));
#14929=CARTESIAN_POINT('',(5.20000001490116,1.00000001490116,640.));
#14930=CARTESIAN_POINT('',(5.20000001490116,5.20000001490116,0.));
#14931=CARTESIAN_POINT('Origin',(1.00000001490116,5.20000001490116,0.));
#14932=CARTESIAN_POINT('',(1.00000001490116,5.20000001490116,0.));
#14933=CARTESIAN_POINT('',(5.20000001490116,5.20000001490116,0.));
#14934=CARTESIAN_POINT('',(1.00000001490116,5.20000001490116,640.));
#14935=CARTESIAN_POINT('',(5.20000001490116,5.20000001490116,640.));
#14936=CARTESIAN_POINT('',(1.00000001490116,5.20000001490116,0.));
#14937=CARTESIAN_POINT('Origin',(1.00000001490116,1.00000001490116,0.));
#14938=CARTESIAN_POINT('',(1.00000001490116,1.00000001490116,0.));
#14939=CARTESIAN_POINT('',(1.00000001490116,5.20000001490116,0.));
#14940=CARTESIAN_POINT('',(1.00000001490116,1.00000001490116,640.));
#14941=CARTESIAN_POINT('',(1.00000001490116,5.20000001490116,640.));
#14942=CARTESIAN_POINT('',(1.00000001490116,1.00000001490116,0.));
#14943=CARTESIAN_POINT('Origin',(5.20000001490116,1.00000001490116,0.));
#14944=CARTESIAN_POINT('',(1.00000001490116,1.00000001490116,0.));
#14945=CARTESIAN_POINT('',(1.00000001490116,1.00000001490116,640.));
#14946=CARTESIAN_POINT('Origin',(24.8000004321337,1.00000001490116,0.));
#14947=CARTESIAN_POINT('',(24.8000004321337,1.00000001490116,0.));
#14948=CARTESIAN_POINT('',(24.8000004321337,5.20000001490116,0.));
#14949=CARTESIAN_POINT('',(24.8000004321337,1.00000001490116,0.));
#14950=CARTESIAN_POINT('',(24.8000004321337,5.20000001490116,640.));
#14951=CARTESIAN_POINT('',(24.8000004321337,5.20000001490116,0.));
#14952=CARTESIAN_POINT('',(24.8000004321337,1.00000001490116,640.));
#14953=CARTESIAN_POINT('',(24.8000004321337,1.00000001490116,640.));
#14954=CARTESIAN_POINT('',(24.8000004321337,1.00000001490116,0.));
#14955=CARTESIAN_POINT('Origin',(29.0000004321337,1.00000001490116,0.));
#14956=CARTESIAN_POINT('',(29.0000004321337,1.00000001490116,0.));
#14957=CARTESIAN_POINT('',(29.0000004321337,1.00000001490116,0.));
#14958=CARTESIAN_POINT('',(29.0000004321337,1.00000001490116,640.));
#14959=CARTESIAN_POINT('',(29.0000004321337,1.00000001490116,640.));
#14960=CARTESIAN_POINT('',(29.0000004321337,1.00000001490116,0.));
#14961=CARTESIAN_POINT('Origin',(29.0000004321337,5.20000001490116,0.));
#14962=CARTESIAN_POINT('',(29.0000004321337,5.20000001490116,0.));
#14963=CARTESIAN_POINT('',(29.0000004321337,5.20000001490116,0.));
#14964=CARTESIAN_POINT('',(29.0000004321337,5.20000001490116,640.));
#14965=CARTESIAN_POINT('',(29.0000004321337,5.20000001490116,640.));
#14966=CARTESIAN_POINT('',(29.0000004321337,5.20000001490116,0.));
#14967=CARTESIAN_POINT('Origin',(24.8000004321337,5.20000001490116,0.));
#14968=CARTESIAN_POINT('',(24.8000004321337,5.20000001490116,0.));
#14969=CARTESIAN_POINT('',(24.8000004321337,5.20000001490116,640.));
#14970=CARTESIAN_POINT('Origin',(1.00000001490116,29.0000004321337,0.));
#14971=CARTESIAN_POINT('',(1.00000001490116,29.0000004321337,0.));
#14972=CARTESIAN_POINT('',(5.20000001490116,29.0000004321337,0.));
#14973=CARTESIAN_POINT('',(1.00000001490116,29.0000004321337,0.));
#14974=CARTESIAN_POINT('',(5.20000001490116,29.0000004321337,640.));
#14975=CARTESIAN_POINT('',(5.20000001490116,29.0000004321337,0.));
#14976=CARTESIAN_POINT('',(1.00000001490116,29.0000004321337,640.));
#14977=CARTESIAN_POINT('',(1.00000001490116,29.0000004321337,640.));
#14978=CARTESIAN_POINT('',(1.00000001490116,29.0000004321337,0.));
#14979=CARTESIAN_POINT('Origin',(1.00000001490116,24.8000004321337,0.));
#14980=CARTESIAN_POINT('',(1.00000001490116,24.8000004321337,0.));
#14981=CARTESIAN_POINT('',(1.00000001490116,24.8000004321337,0.));
#14982=CARTESIAN_POINT('',(1.00000001490116,24.8000004321337,640.));
#14983=CARTESIAN_POINT('',(1.00000001490116,24.8000004321337,640.));
#14984=CARTESIAN_POINT('',(1.00000001490116,24.8000004321337,0.));
#14985=CARTESIAN_POINT('Origin',(5.20000001490116,24.8000004321337,0.));
#14986=CARTESIAN_POINT('',(5.20000001490116,24.8000004321337,0.));
#14987=CARTESIAN_POINT('',(5.20000001490116,24.8000004321337,0.));
#14988=CARTESIAN_POINT('',(5.20000001490116,24.8000004321337,640.));
#14989=CARTESIAN_POINT('',(5.20000001490116,24.8000004321337,640.));
#14990=CARTESIAN_POINT('',(5.20000001490116,24.8000004321337,0.));
#14991=CARTESIAN_POINT('Origin',(5.20000001490116,29.0000004321337,0.));
#14992=CARTESIAN_POINT('',(5.20000001490116,29.0000004321337,0.));
#14993=CARTESIAN_POINT('',(5.20000001490116,29.0000004321337,640.));
#14994=CARTESIAN_POINT('Origin',(24.8000004321337,24.8000004321337,0.));
#14995=CARTESIAN_POINT('',(24.8000004321337,24.8000004321337,0.));
#14996=CARTESIAN_POINT('',(24.8000004321337,29.0000004321337,0.));
#14997=CARTESIAN_POINT('',(24.8000004321337,29.0000004321337,0.));
#14998=CARTESIAN_POINT('',(24.8000004321337,29.0000004321337,640.));
#14999=CARTESIAN_POINT('',(24.8000004321337,29.0000004321337,0.));
#15000=CARTESIAN_POINT('',(24.8000004321337,24.8000004321337,640.));
#15001=CARTESIAN_POINT('',(24.8000004321337,29.0000004321337,640.));
#15002=CARTESIAN_POINT('',(24.8000004321337,24.8000004321337,0.));
#15003=CARTESIAN_POINT('Origin',(29.0000004321337,24.8000004321337,0.));
#15004=CARTESIAN_POINT('',(29.0000004321337,24.8000004321337,0.));
#15005=CARTESIAN_POINT('',(24.8000004321337,24.8000004321337,0.));
#15006=CARTESIAN_POINT('',(29.0000004321337,24.8000004321337,640.));
#15007=CARTESIAN_POINT('',(24.8000004321337,24.8000004321337,640.));
#15008=CARTESIAN_POINT('',(29.0000004321337,24.8000004321337,0.));
#15009=CARTESIAN_POINT('Origin',(29.0000004321337,29.0000004321337,0.));
#15010=CARTESIAN_POINT('',(29.0000004321337,29.0000004321337,0.));
#15011=CARTESIAN_POINT('',(29.0000004321337,24.8000004321337,0.));
#15012=CARTESIAN_POINT('',(29.0000004321337,29.0000004321337,640.));
#15013=CARTESIAN_POINT('',(29.0000004321337,24.8000004321337,640.));
#15014=CARTESIAN_POINT('',(29.0000004321337,29.0000004321337,0.));
#15015=CARTESIAN_POINT('Origin',(24.8000004321337,29.0000004321337,0.));
#15016=CARTESIAN_POINT('',(29.0000004321337,29.0000004321337,0.));
#15017=CARTESIAN_POINT('',(29.0000004321337,29.0000004321337,640.));
#15018=CARTESIAN_POINT('Origin',(15.0000002235174,15.0000002235174,0.));
#15019=CARTESIAN_POINT('',(11.5000002235174,15.0000002235174,640.));
#15020=CARTESIAN_POINT('Origin',(15.0000002235174,15.0000002235174,640.));
#15021=CARTESIAN_POINT('',(11.5000002235174,15.0000002235174,0.));
#15022=CARTESIAN_POINT('',(11.5000002235174,15.0000002235174,0.));
#15023=CARTESIAN_POINT('Origin',(15.0000002235174,15.0000002235174,0.));
#15024=CARTESIAN_POINT('Origin',(10.9000669071717,2.,0.));
#15025=CARTESIAN_POINT('',(6.55000022351742,2.,0.));
#15026=CARTESIAN_POINT('',(10.9000669071717,2.,0.));
#15027=CARTESIAN_POINT('',(6.55000022351742,2.,0.));
#15028=CARTESIAN_POINT('',(6.55000022351742,2.,640.));
#15029=CARTESIAN_POINT('',(6.55000022351742,2.,0.));
#15030=CARTESIAN_POINT('',(10.9000669071717,2.,640.));
#15031=CARTESIAN_POINT('',(6.55000022351742,2.,640.));
#15032=CARTESIAN_POINT('',(10.9000669071717,2.,0.));
#15033=CARTESIAN_POINT('Origin',(10.9000669071717,1.00000001490116,0.));
#15034=CARTESIAN_POINT('',(10.9000669071717,1.00000001490116,0.));
#15035=CARTESIAN_POINT('',(10.9000669071717,2.,0.));
#15036=CARTESIAN_POINT('',(10.9000669071717,1.00000001490116,640.));
#15037=CARTESIAN_POINT('',(10.9000669071717,2.,640.));
#15038=CARTESIAN_POINT('',(10.9000669071717,1.00000001490116,0.));
#15039=CARTESIAN_POINT('Origin',(10.4000669071717,1.00000001490116,0.));
#15040=CARTESIAN_POINT('',(10.4000669071717,1.00000001490116,0.));
#15041=CARTESIAN_POINT('',(10.9000669071717,1.00000001490116,0.));
#15042=CARTESIAN_POINT('',(10.4000669071717,1.00000001490116,640.));
#15043=CARTESIAN_POINT('',(10.9000669071717,1.00000001490116,640.));
#15044=CARTESIAN_POINT('',(10.4000669071717,1.00000001490116,0.));
#15045=CARTESIAN_POINT('Origin',(10.4000004470348,-2.08166817117217E-15,
0.));
#15046=CARTESIAN_POINT('',(10.4000004470348,-2.22044604925031E-15,0.));
#15047=CARTESIAN_POINT('',(10.4000669071717,1.00000001490116,0.));
#15048=CARTESIAN_POINT('',(10.4000004470348,-2.22044604925031E-15,640.));
#15049=CARTESIAN_POINT('',(10.4000669071717,1.00000001490116,640.));
#15050=CARTESIAN_POINT('',(10.4000004470348,-2.22044604925031E-15,0.));
#15051=CARTESIAN_POINT('Origin',(8.73114913702143E-10,-4.44089219375813E-15,
0.));
#15052=CARTESIAN_POINT('',(8.73114913702173E-10,-4.44089221221062E-15,0.));
#15053=CARTESIAN_POINT('',(4.4703483581543E-7,-4.44089209850063E-15,0.));
#15054=CARTESIAN_POINT('',(8.73114913702011E-10,-4.44089209850063E-15,640.));
#15055=CARTESIAN_POINT('',(4.4703483581543E-7,-4.44089209850063E-15,640.));
#15056=CARTESIAN_POINT('',(8.73114913702173E-10,-4.44089221221062E-15,0.));
#15057=CARTESIAN_POINT('Origin',(-4.44089209850063E-15,10.4000004470348,
0.));
#15058=CARTESIAN_POINT('',(-4.44089209850063E-15,10.4000004470348,0.));
#15059=CARTESIAN_POINT('',(0.,4.47034833594984E-7,0.));
#15060=CARTESIAN_POINT('',(-4.44089209850063E-15,10.4000004470348,640.));
#15061=CARTESIAN_POINT('',(0.,4.47034833594984E-7,640.));
#15062=CARTESIAN_POINT('',(-4.44089209850063E-15,10.4000004470348,0.));
#15063=CARTESIAN_POINT('Origin',(1.00000001490116,10.4000669071717,0.));
#15064=CARTESIAN_POINT('',(1.00000001490116,10.4000669071717,0.));
#15065=CARTESIAN_POINT('',(1.00000001490116,10.4000669071717,0.));
#15066=CARTESIAN_POINT('',(1.00000001490116,10.4000669071717,640.));
#15067=CARTESIAN_POINT('',(1.00000001490116,10.4000669071717,640.));
#15068=CARTESIAN_POINT('',(1.00000001490116,10.4000669071717,0.));
#15069=CARTESIAN_POINT('Origin',(1.00000001490116,10.9000669071717,0.));
#15070=CARTESIAN_POINT('',(1.00000001490116,10.9000669071717,0.));
#15071=CARTESIAN_POINT('',(1.00000001490116,10.9000669071717,0.));
#15072=CARTESIAN_POINT('',(1.00000001490116,10.9000669071717,640.));
#15073=CARTESIAN_POINT('',(1.00000001490116,10.9000669071717,640.));
#15074=CARTESIAN_POINT('',(1.00000001490116,10.9000669071717,0.));
#15075=CARTESIAN_POINT('Origin',(2.,10.9000669071717,0.));
#15076=CARTESIAN_POINT('',(2.,10.9000669071717,0.));
#15077=CARTESIAN_POINT('',(2.,10.9000669071717,0.));
#15078=CARTESIAN_POINT('',(2.,10.9000669071717,640.));
#15079=CARTESIAN_POINT('',(2.,10.9000669071717,640.));
#15080=CARTESIAN_POINT('',(2.,10.9000669071717,0.));
#15081=CARTESIAN_POINT('Origin',(2.,6.55563494675468,0.));
#15082=CARTESIAN_POINT('',(2.,6.55563494675468,0.));
#15083=CARTESIAN_POINT('',(2.,6.55563494675468,0.));
#15084=CARTESIAN_POINT('',(2.,6.55563494675468,640.));
#15085=CARTESIAN_POINT('',(2.,6.55563494675468,640.));
#15086=CARTESIAN_POINT('',(2.,6.55563494675468,0.));
#15087=CARTESIAN_POINT('Origin',(4.99436525854548,6.55563494675468,0.));
#15088=CARTESIAN_POINT('',(4.99436525854548,6.55563494675468,0.));
#15089=CARTESIAN_POINT('',(4.99436525854548,6.55563494675468,0.));
#15090=CARTESIAN_POINT('',(4.99436525854548,6.55563494675468,640.));
#15091=CARTESIAN_POINT('',(4.99436525854548,6.55563494675468,640.));
#15092=CARTESIAN_POINT('',(4.99436525854548,6.55563494675468,0.));
#15093=CARTESIAN_POINT('Origin',(9.34436532351742,10.899999795093,0.));
#15094=CARTESIAN_POINT('',(9.34436532351742,10.899999795093,0.));
#15095=CARTESIAN_POINT('',(9.34436532351742,10.899999795093,0.));
#15096=CARTESIAN_POINT('',(9.34436532351742,10.899999795093,640.));
#15097=CARTESIAN_POINT('',(9.34436532351742,10.899999795093,640.));
#15098=CARTESIAN_POINT('',(9.34436532351742,10.899999795093,0.));
#15099=CARTESIAN_POINT('Origin',(9.34436532351742,19.100000204907,0.));
#15100=CARTESIAN_POINT('',(9.34436532351742,19.100000204907,0.));
#15101=CARTESIAN_POINT('',(9.34436532351742,19.100000204907,0.));
#15102=CARTESIAN_POINT('',(9.34436532351742,19.100000204907,640.));
#15103=CARTESIAN_POINT('',(9.34436532351742,19.100000204907,640.));
#15104=CARTESIAN_POINT('',(9.34436532351742,19.100000204907,0.));
#15105=CARTESIAN_POINT('Origin',(4.99436525854548,23.4443655002802,0.));
#15106=CARTESIAN_POINT('',(4.99436525854548,23.4443655002802,0.));
#15107=CARTESIAN_POINT('',(4.99436525854548,23.4443655002802,0.));
#15108=CARTESIAN_POINT('',(4.99436525854548,23.4443655002802,640.));
#15109=CARTESIAN_POINT('',(4.99436525854548,23.4443655002802,640.));
#15110=CARTESIAN_POINT('',(4.99436525854548,23.4443655002802,0.));
#15111=CARTESIAN_POINT('Origin',(2.,23.4443655002802,0.));
#15112=CARTESIAN_POINT('',(2.,23.4443655002802,0.));
#15113=CARTESIAN_POINT('',(4.99436525854548,23.4443655002802,0.));
#15114=CARTESIAN_POINT('',(2.,23.4443655002802,640.));
#15115=CARTESIAN_POINT('',(4.99436525854548,23.4443655002802,640.));
#15116=CARTESIAN_POINT('',(2.,23.4443655002802,0.));
#15117=CARTESIAN_POINT('Origin',(2.,19.0999335398631,0.));
#15118=CARTESIAN_POINT('',(2.,19.0999335398631,0.));
#15119=CARTESIAN_POINT('',(2.,23.4443655002802,0.));
#15120=CARTESIAN_POINT('',(2.,19.0999335398631,640.));
#15121=CARTESIAN_POINT('',(2.,23.4443655002802,640.));
#15122=CARTESIAN_POINT('',(2.,19.0999335398631,0.));
#15123=CARTESIAN_POINT('Origin',(1.00000001490116,19.0999335398631,0.));
#15124=CARTESIAN_POINT('',(1.00000001490116,19.0999335398631,0.));
#15125=CARTESIAN_POINT('',(2.,19.0999335398631,0.));
#15126=CARTESIAN_POINT('',(1.00000001490116,19.0999335398631,640.));
#15127=CARTESIAN_POINT('',(2.,19.0999335398631,640.));
#15128=CARTESIAN_POINT('',(1.00000001490116,19.0999335398631,0.));
#15129=CARTESIAN_POINT('Origin',(1.00000001490116,19.5999335398631,0.));
#15130=CARTESIAN_POINT('',(1.00000001490116,19.5999335398631,0.));
#15131=CARTESIAN_POINT('',(1.00000001490116,19.0999335398631,0.));
#15132=CARTESIAN_POINT('',(1.00000001490116,19.5999335398631,640.));
#15133=CARTESIAN_POINT('',(1.00000001490116,19.0999335398631,640.));
#15134=CARTESIAN_POINT('',(1.00000001490116,19.5999335398631,0.));
#15135=CARTESIAN_POINT('Origin',(-4.57966997657877E-15,19.6,0.));
#15136=CARTESIAN_POINT('',(-4.44089209850063E-15,19.6,0.));
#15137=CARTESIAN_POINT('',(1.00000001490116,19.5999335398631,0.));
#15138=CARTESIAN_POINT('',(-4.44089209850063E-15,19.6,640.));
#15139=CARTESIAN_POINT('',(1.00000001490116,19.5999335398631,640.));
#15140=CARTESIAN_POINT('',(-4.44089209850063E-15,19.6,0.));
#15141=CARTESIAN_POINT('Origin',(1.90515005865954E-22,30.0000004461617,
0.));
#15142=CARTESIAN_POINT('',(1.94332762539276E-22,30.0000004461617,0.));
#15143=CARTESIAN_POINT('',(0.,30.,0.));
#15144=CARTESIAN_POINT('',(0.,30.0000004461617,640.));
#15145=CARTESIAN_POINT('',(0.,30.,640.));
#15146=CARTESIAN_POINT('',(1.94332762539276E-22,30.0000004461617,0.));
#15147=CARTESIAN_POINT('Origin',(10.4000004470348,30.0000004470348,0.));
#15148=CARTESIAN_POINT('',(10.4000004470348,30.0000004470348,0.));
#15149=CARTESIAN_POINT('',(4.4703483581543E-7,30.0000004470348,0.));
#15150=CARTESIAN_POINT('',(10.4000004470348,30.0000004470348,640.));
#15151=CARTESIAN_POINT('',(4.4703483581543E-7,30.0000004470348,640.));
#15152=CARTESIAN_POINT('',(10.4000004470348,30.0000004470348,0.));
#15153=CARTESIAN_POINT('Origin',(10.4000669071717,29.0000004321337,0.));
#15154=CARTESIAN_POINT('',(10.4000669071717,29.0000004321337,0.));
#15155=CARTESIAN_POINT('',(10.4000669071717,29.0000004321337,0.));
#15156=CARTESIAN_POINT('',(10.4000669071717,29.0000004321337,640.));
#15157=CARTESIAN_POINT('',(10.4000669071717,29.0000004321337,640.));
#15158=CARTESIAN_POINT('',(10.4000669071717,29.0000004321337,0.));
#15159=CARTESIAN_POINT('Origin',(10.9000669071717,29.0000004321337,0.));
#15160=CARTESIAN_POINT('',(10.9000669071717,29.0000004321337,0.));
#15161=CARTESIAN_POINT('',(10.9000669071717,29.0000004321337,0.));
#15162=CARTESIAN_POINT('',(10.9000669071717,29.0000004321337,640.));
#15163=CARTESIAN_POINT('',(10.9000669071717,29.0000004321337,640.));
#15164=CARTESIAN_POINT('',(10.9000669071717,29.0000004321337,0.));
#15165=CARTESIAN_POINT('Origin',(10.9000669071717,28.0000004470348,0.));
#15166=CARTESIAN_POINT('',(10.9000669071717,28.0000004470348,0.));
#15167=CARTESIAN_POINT('',(10.9000669071717,28.0000004470348,0.));
#15168=CARTESIAN_POINT('',(10.9000669071717,28.0000004470348,640.));
#15169=CARTESIAN_POINT('',(10.9000669071717,28.0000004470348,640.));
#15170=CARTESIAN_POINT('',(10.9000669071717,28.0000004470348,0.));
#15171=CARTESIAN_POINT('Origin',(6.55000022351742,28.0000004470348,0.));
#15172=CARTESIAN_POINT('',(6.55000022351742,28.0000004470348,0.));
#15173=CARTESIAN_POINT('',(6.55000022351742,28.0000004470348,0.));
#15174=CARTESIAN_POINT('',(6.55000022351742,28.0000004470348,640.));
#15175=CARTESIAN_POINT('',(6.55000022351742,28.0000004470348,640.));
#15176=CARTESIAN_POINT('',(6.55000022351742,28.0000004470348,0.));
#15177=CARTESIAN_POINT('Origin',(6.55000022351742,25.000000372529,0.));
#15178=CARTESIAN_POINT('',(6.55000022351742,25.000000372529,0.));
#15179=CARTESIAN_POINT('',(6.55000022351742,25.000000372529,0.));
#15180=CARTESIAN_POINT('',(6.55000022351742,25.000000372529,640.));
#15181=CARTESIAN_POINT('',(6.55000022351742,25.000000372529,640.));
#15182=CARTESIAN_POINT('',(6.55000022351742,25.000000372529,0.));
#15183=CARTESIAN_POINT('Origin',(10.9000002421278,20.6556351235174,0.));
#15184=CARTESIAN_POINT('',(10.9000002421278,20.6556351235174,0.));
#15185=CARTESIAN_POINT('',(10.9000002421278,20.6556351235174,0.));
#15186=CARTESIAN_POINT('',(10.9000002421278,20.6556351235174,640.));
#15187=CARTESIAN_POINT('',(10.9000002421278,20.6556351235174,640.));
#15188=CARTESIAN_POINT('',(10.9000002421278,20.6556351235174,0.));
#15189=CARTESIAN_POINT('Origin',(19.0999999141664,20.6556351235174,0.));
#15190=CARTESIAN_POINT('',(19.0999999141664,20.6556351235174,0.));
#15191=CARTESIAN_POINT('',(19.0999999141664,20.6556351235174,0.));
#15192=CARTESIAN_POINT('',(19.0999999141664,20.6556351235174,640.));
#15193=CARTESIAN_POINT('',(19.0999999141664,20.6556351235174,640.));
#15194=CARTESIAN_POINT('',(19.0999999141664,20.6556351235174,0.));
#15195=CARTESIAN_POINT('Origin',(23.4500002235174,25.0056361391835,0.));
#15196=CARTESIAN_POINT('',(23.4500002235174,25.0056361391835,0.));
#15197=CARTESIAN_POINT('',(23.4500002235174,25.0056361391835,0.));
#15198=CARTESIAN_POINT('',(23.4500002235174,25.0056361391835,640.));
#15199=CARTESIAN_POINT('',(23.4500002235174,25.0056361391835,640.));
#15200=CARTESIAN_POINT('',(23.4500002235174,25.0056361391835,0.));
#15201=CARTESIAN_POINT('Origin',(23.4500002235174,28.0000004470348,0.));
#15202=CARTESIAN_POINT('',(23.4500002235174,28.0000004470348,0.));
#15203=CARTESIAN_POINT('',(23.4500002235174,25.0056361391835,0.));
#15204=CARTESIAN_POINT('',(23.4500002235174,28.0000004470348,640.));
#15205=CARTESIAN_POINT('',(23.4500002235174,25.0056361391835,640.));
#15206=CARTESIAN_POINT('',(23.4500002235174,28.0000004470348,0.));
#15207=CARTESIAN_POINT('Origin',(19.0999335398631,28.0000004470348,0.));
#15208=CARTESIAN_POINT('',(19.0999335398631,28.0000004470348,0.));
#15209=CARTESIAN_POINT('',(23.4500002235174,28.0000004470348,0.));
#15210=CARTESIAN_POINT('',(19.0999335398631,28.0000004470348,640.));
#15211=CARTESIAN_POINT('',(23.4500002235174,28.0000004470348,640.));
#15212=CARTESIAN_POINT('',(19.0999335398631,28.0000004470348,0.));
#15213=CARTESIAN_POINT('Origin',(19.0999335398631,29.0000004321337,0.));
#15214=CARTESIAN_POINT('',(19.0999335398631,29.0000004321337,0.));
#15215=CARTESIAN_POINT('',(19.0999335398631,28.0000004470348,0.));
#15216=CARTESIAN_POINT('',(19.0999335398631,29.0000004321337,640.));
#15217=CARTESIAN_POINT('',(19.0999335398631,28.0000004470348,640.));
#15218=CARTESIAN_POINT('',(19.0999335398631,29.0000004321337,0.));
#15219=CARTESIAN_POINT('Origin',(19.5999335398631,29.0000004321337,0.));
#15220=CARTESIAN_POINT('',(19.5999335398631,29.0000004321337,0.));
#15221=CARTESIAN_POINT('',(19.0999335398631,29.0000004321337,0.));
#15222=CARTESIAN_POINT('',(19.5999335398631,29.0000004321337,640.));
#15223=CARTESIAN_POINT('',(19.0999335398631,29.0000004321337,640.));
#15224=CARTESIAN_POINT('',(19.5999335398631,29.0000004321337,0.));
#15225=CARTESIAN_POINT('Origin',(19.6,30.0000004470348,0.));
#15226=CARTESIAN_POINT('',(19.6,30.0000004470348,0.));
#15227=CARTESIAN_POINT('',(19.5999335398631,29.0000004321337,0.));
#15228=CARTESIAN_POINT('',(19.6,30.0000004470348,640.));
#15229=CARTESIAN_POINT('',(19.5999335398631,29.0000004321337,640.));
#15230=CARTESIAN_POINT('',(19.6,30.0000004470348,0.));
#15231=CARTESIAN_POINT('Origin',(30.0000004461617,30.0000004470348,0.));
#15232=CARTESIAN_POINT('',(30.0000004461617,30.0000004470348,0.));
#15233=CARTESIAN_POINT('',(30.,30.0000004470348,0.));
#15234=CARTESIAN_POINT('',(30.0000004461617,30.0000004470348,640.));
#15235=CARTESIAN_POINT('',(30.,30.0000004470348,640.));
#15236=CARTESIAN_POINT('',(30.0000004461617,30.0000004470348,0.));
#15237=CARTESIAN_POINT('Origin',(30.0000004470348,19.6,0.));
#15238=CARTESIAN_POINT('',(30.0000004470348,19.6,0.));
#15239=CARTESIAN_POINT('',(30.0000004470348,30.,0.));
#15240=CARTESIAN_POINT('',(30.0000004470348,19.6,640.));
#15241=CARTESIAN_POINT('',(30.0000004470348,30.,640.));
#15242=CARTESIAN_POINT('',(30.0000004470348,19.6,0.));
#15243=CARTESIAN_POINT('Origin',(29.0000004321337,19.5999335398631,0.));
#15244=CARTESIAN_POINT('',(29.0000004321337,19.5999335398631,0.));
#15245=CARTESIAN_POINT('',(29.0000004321337,19.5999335398631,0.));
#15246=CARTESIAN_POINT('',(29.0000004321337,19.5999335398631,640.));
#15247=CARTESIAN_POINT('',(29.0000004321337,19.5999335398631,640.));
#15248=CARTESIAN_POINT('',(29.0000004321337,19.5999335398631,0.));
#15249=CARTESIAN_POINT('Origin',(29.0000004321337,19.0999335398631,0.));
#15250=CARTESIAN_POINT('',(29.0000004321337,19.0999335398631,0.));
#15251=CARTESIAN_POINT('',(29.0000004321337,19.0999335398631,0.));
#15252=CARTESIAN_POINT('',(29.0000004321337,19.0999335398631,640.));
#15253=CARTESIAN_POINT('',(29.0000004321337,19.0999335398631,640.));
#15254=CARTESIAN_POINT('',(29.0000004321337,19.0999335398631,0.));
#15255=CARTESIAN_POINT('Origin',(28.0000004470348,19.0999335398631,0.));
#15256=CARTESIAN_POINT('',(28.0000004470348,19.0999335398631,0.));
#15257=CARTESIAN_POINT('',(28.0000004470348,19.0999335398631,0.));
#15258=CARTESIAN_POINT('',(28.0000004470348,19.0999335398631,640.));
#15259=CARTESIAN_POINT('',(28.0000004470348,19.0999335398631,640.));
#15260=CARTESIAN_POINT('',(28.0000004470348,19.0999335398631,0.));
#15261=CARTESIAN_POINT('Origin',(28.0000004470348,23.4443655002802,0.));
#15262=CARTESIAN_POINT('',(28.0000004470348,23.4443655002802,0.));
#15263=CARTESIAN_POINT('',(28.0000004470348,23.4443655002802,0.));
#15264=CARTESIAN_POINT('',(28.0000004470348,23.4443655002802,640.));
#15265=CARTESIAN_POINT('',(28.0000004470348,23.4443655002802,640.));
#15266=CARTESIAN_POINT('',(28.0000004470348,23.4443655002802,0.));
#15267=CARTESIAN_POINT('Origin',(24.9999994221708,23.4443655002802,0.));
#15268=CARTESIAN_POINT('',(24.9999994221708,23.4443655002802,0.));
#15269=CARTESIAN_POINT('',(25.0056351884894,23.4443655002802,0.));
#15270=CARTESIAN_POINT('',(24.9999994221708,23.4443655002802,640.));
#15271=CARTESIAN_POINT('',(25.0056351884894,23.4443655002802,640.));
#15272=CARTESIAN_POINT('',(24.9999994221708,23.4443655002802,0.));
#15273=CARTESIAN_POINT('Origin',(20.6556351235174,19.1000004956476,0.));
#15274=CARTESIAN_POINT('',(20.6556351235174,19.1000004956476,0.));
#15275=CARTESIAN_POINT('',(24.9999994221708,23.4443655002802,0.));
#15276=CARTESIAN_POINT('',(20.6556351235174,19.1000004956476,640.));
#15277=CARTESIAN_POINT('',(24.9999994221708,23.4443655002802,640.));
#15278=CARTESIAN_POINT('',(20.6556351235174,19.1000004956476,0.));
#15279=CARTESIAN_POINT('Origin',(20.6556351235174,10.8999995043524,0.));
#15280=CARTESIAN_POINT('',(20.6556351235174,10.8999995043524,0.));
#15281=CARTESIAN_POINT('',(20.6556351235174,10.8999995043524,0.));
#15282=CARTESIAN_POINT('',(20.6556351235174,10.8999995043524,640.));
#15283=CARTESIAN_POINT('',(20.6556351235174,10.8999995043524,640.));
#15284=CARTESIAN_POINT('',(20.6556351235174,10.8999995043524,0.));
#15285=CARTESIAN_POINT('Origin',(24.9999994221708,6.55563494675468,0.));
#15286=CARTESIAN_POINT('',(24.9999994221708,6.55563494675468,0.));
#15287=CARTESIAN_POINT('',(20.6556351235174,10.8999995043524,0.));
#15288=CARTESIAN_POINT('',(24.9999994221708,6.55563494675468,640.));
#15289=CARTESIAN_POINT('',(20.6556351235174,10.8999995043524,640.));
#15290=CARTESIAN_POINT('',(24.9999994221708,6.55563494675468,0.));
#15291=CARTESIAN_POINT('Origin',(28.0000004470348,6.55563494675468,0.));
#15292=CARTESIAN_POINT('',(28.0000004470348,6.55563494675468,0.));
#15293=CARTESIAN_POINT('',(25.0056351884894,6.55563494675468,0.));
#15294=CARTESIAN_POINT('',(28.0000004470348,6.55563494675468,640.));
#15295=CARTESIAN_POINT('',(25.0056351884894,6.55563494675468,640.));
#15296=CARTESIAN_POINT('',(28.0000004470348,6.55563494675468,0.));
#15297=CARTESIAN_POINT('Origin',(28.0000004470348,10.9000669071717,0.));
#15298=CARTESIAN_POINT('',(28.0000004470348,10.9000669071717,0.));
#15299=CARTESIAN_POINT('',(28.0000004470348,6.55000022351742,0.));
#15300=CARTESIAN_POINT('',(28.0000004470348,10.9000669071717,640.));
#15301=CARTESIAN_POINT('',(28.0000004470348,6.55000022351742,640.));
#15302=CARTESIAN_POINT('',(28.0000004470348,10.9000669071717,0.));
#15303=CARTESIAN_POINT('Origin',(29.0000004321337,10.9000669071717,0.));
#15304=CARTESIAN_POINT('',(29.0000004321337,10.9000669071717,0.));
#15305=CARTESIAN_POINT('',(28.0000004470348,10.9000669071717,0.));
#15306=CARTESIAN_POINT('',(29.0000004321337,10.9000669071717,640.));
#15307=CARTESIAN_POINT('',(28.0000004470348,10.9000669071717,640.));
#15308=CARTESIAN_POINT('',(29.0000004321337,10.9000669071717,0.));
#15309=CARTESIAN_POINT('Origin',(29.0000004321337,10.4000669071717,0.));
#15310=CARTESIAN_POINT('',(29.0000004321337,10.4000669071717,0.));
#15311=CARTESIAN_POINT('',(29.0000004321337,10.9000669071717,0.));
#15312=CARTESIAN_POINT('',(29.0000004321337,10.4000669071717,640.));
#15313=CARTESIAN_POINT('',(29.0000004321337,10.9000669071717,640.));
#15314=CARTESIAN_POINT('',(29.0000004321337,10.4000669071717,0.));
#15315=CARTESIAN_POINT('Origin',(29.5000003099452,10.4000336771119,0.));
#15316=CARTESIAN_POINT('',(29.5000003099452,10.4000336771119,0.));
#15317=CARTESIAN_POINT('',(29.0000004321337,10.4000669071717,0.));
#15318=CARTESIAN_POINT('',(29.5000003099452,10.4000336771119,640.));
#15319=CARTESIAN_POINT('',(29.0000004321337,10.4000669071717,640.));
#15320=CARTESIAN_POINT('',(29.5000003099452,10.4000336771119,0.));
#15321=CARTESIAN_POINT('Origin',(29.5000003099442,10.4000000149012,0.));
#15322=CARTESIAN_POINT('',(29.5000003099442,10.4000000149012,0.));
#15323=CARTESIAN_POINT('',(29.5000003099442,10.4000000149012,0.));
#15324=CARTESIAN_POINT('',(29.5000003099442,10.4000000149012,640.));
#15325=CARTESIAN_POINT('',(29.5000003099442,10.4000000149012,640.));
#15326=CARTESIAN_POINT('',(29.5000003099442,10.4000000149012,0.));
#15327=CARTESIAN_POINT('Origin',(30.0000004470348,10.4,0.));
#15328=CARTESIAN_POINT('',(30.0000004470348,10.4000000008731,0.));
#15329=CARTESIAN_POINT('',(30.0000003099442,10.4,0.));
#15330=CARTESIAN_POINT('',(30.0000004470348,10.4000000008731,640.));
#15331=CARTESIAN_POINT('',(30.0000003099442,10.4,640.));
#15332=CARTESIAN_POINT('',(30.0000004470348,10.4000000008731,0.));
#15333=CARTESIAN_POINT('Origin',(30.0000004470348,8.73110477146655E-10,
0.));
#15334=CARTESIAN_POINT('',(30.0000004470348,8.73110477146641E-10,0.));
#15335=CARTESIAN_POINT('',(30.0000004470348,4.47034833594984E-7,0.));
#15336=CARTESIAN_POINT('',(30.0000004470348,8.73110472809913E-10,640.));
#15337=CARTESIAN_POINT('',(30.0000004470348,4.47034833594984E-7,640.));
#15338=CARTESIAN_POINT('',(30.0000004470348,8.73110477146641E-10,0.));
#15339=CARTESIAN_POINT('Origin',(19.6,-2.22044604925031E-15,0.));
#15340=CARTESIAN_POINT('',(19.6,-2.22044604925031E-15,0.));
#15341=CARTESIAN_POINT('',(30.,-4.44089209850063E-15,0.));
#15342=CARTESIAN_POINT('',(19.6,-2.22044604925031E-15,640.));
#15343=CARTESIAN_POINT('',(30.,-4.44089209850063E-15,640.));
#15344=CARTESIAN_POINT('',(19.6,-2.22044604925031E-15,0.));
#15345=CARTESIAN_POINT('Origin',(19.5999335398631,1.00000001490116,0.));
#15346=CARTESIAN_POINT('',(19.5999335398631,1.00000001490116,0.));
#15347=CARTESIAN_POINT('',(19.5999335398631,1.00000001490116,0.));
#15348=CARTESIAN_POINT('',(19.5999335398631,1.00000001490116,640.));
#15349=CARTESIAN_POINT('',(19.5999335398631,1.00000001490116,640.));
#15350=CARTESIAN_POINT('',(19.5999335398631,1.00000001490116,0.));
#15351=CARTESIAN_POINT('Origin',(19.0999335398631,1.00000001490116,0.));
#15352=CARTESIAN_POINT('',(19.0999335398631,1.00000001490116,0.));
#15353=CARTESIAN_POINT('',(19.0999335398631,1.00000001490116,0.));
#15354=CARTESIAN_POINT('',(19.0999335398631,1.00000001490116,640.));
#15355=CARTESIAN_POINT('',(19.0999335398631,1.00000001490116,640.));
#15356=CARTESIAN_POINT('',(19.0999335398631,1.00000001490116,0.));
#15357=CARTESIAN_POINT('Origin',(19.0999335398631,2.,0.));
#15358=CARTESIAN_POINT('',(19.0999335398631,2.,0.));
#15359=CARTESIAN_POINT('',(19.0999335398631,2.,0.));
#15360=CARTESIAN_POINT('',(19.0999335398631,2.,640.));
#15361=CARTESIAN_POINT('',(19.0999335398631,2.,640.));
#15362=CARTESIAN_POINT('',(19.0999335398631,2.,0.));
#15363=CARTESIAN_POINT('Origin',(23.4500002235174,2.,0.));
#15364=CARTESIAN_POINT('',(23.4500002235174,2.,0.));
#15365=CARTESIAN_POINT('',(23.4500002235174,2.,0.));
#15366=CARTESIAN_POINT('',(23.4500002235174,2.,640.));
#15367=CARTESIAN_POINT('',(23.4500002235174,2.,640.));
#15368=CARTESIAN_POINT('',(23.4500002235174,2.,0.));
#15369=CARTESIAN_POINT('Origin',(23.4500002235174,4.99436430785137,0.));
#15370=CARTESIAN_POINT('',(23.4500002235174,4.99436430785137,0.));
#15371=CARTESIAN_POINT('',(23.4500002235174,4.99436430785137,0.));
#15372=CARTESIAN_POINT('',(23.4500002235174,4.99436430785137,640.));
#15373=CARTESIAN_POINT('',(23.4500002235174,4.99436430785137,640.));
#15374=CARTESIAN_POINT('',(23.4500002235174,4.99436430785137,0.));
#15375=CARTESIAN_POINT('Origin',(19.0999999141664,9.34436487648258,0.));
#15376=CARTESIAN_POINT('',(19.0999999141664,9.34436487648258,0.));
#15377=CARTESIAN_POINT('',(19.0999999141664,9.34436487648258,0.));
#15378=CARTESIAN_POINT('',(19.0999999141664,9.34436487648258,640.));
#15379=CARTESIAN_POINT('',(19.0999999141664,9.34436487648258,640.));
#15380=CARTESIAN_POINT('',(19.0999999141664,9.34436487648258,0.));
#15381=CARTESIAN_POINT('Origin',(10.9000002421278,9.34436487648258,0.));
#15382=CARTESIAN_POINT('',(10.9000002421278,9.34436487648258,0.));
#15383=CARTESIAN_POINT('',(10.9000002421278,9.34436487648258,0.));
#15384=CARTESIAN_POINT('',(10.9000002421278,9.34436487648258,640.));
#15385=CARTESIAN_POINT('',(10.9000002421278,9.34436487648258,640.));
#15386=CARTESIAN_POINT('',(10.9000002421278,9.34436487648258,0.));
#15387=CARTESIAN_POINT('Origin',(6.55000022351742,4.99436430785137,0.));
#15388=CARTESIAN_POINT('',(6.55000022351742,4.99436430785137,0.));
#15389=CARTESIAN_POINT('',(6.55000022351742,4.99436430785137,0.));
#15390=CARTESIAN_POINT('',(6.55000022351742,4.99436430785137,640.));
#15391=CARTESIAN_POINT('',(6.55000022351742,4.99436430785137,640.));
#15392=CARTESIAN_POINT('',(6.55000022351742,4.99436430785137,0.));
#15393=CARTESIAN_POINT('Origin',(6.55000022351742,2.,0.));
#15394=CARTESIAN_POINT('',(6.55000022351742,4.99436430785137,0.));
#15395=CARTESIAN_POINT('',(6.55000022351742,4.99436430785137,640.));
#15396=CARTESIAN_POINT('Origin',(15.0000002235174,15.0000002235174,640.));
#15397=CARTESIAN_POINT('Origin',(15.0000002235174,15.0000002235174,0.));
#15398=CARTESIAN_POINT('',(0.,0.,0.));
#15399=CARTESIAN_POINT('Origin',(30.0000712790804,0.,411.014999576793));
#15400=CARTESIAN_POINT('',(30.0000004461617,30.0000004470348,411.014914539359));
#15401=CARTESIAN_POINT('',(30.0000004470348,19.6,411.014914540408));
#15402=CARTESIAN_POINT('',(30.0000004470348,9.8000000000001,411.014914540408));
#15403=CARTESIAN_POINT('',(19.5999999999703,30.,398.529344866534));
#15404=CARTESIAN_POINT('',(-71.0610647458392,30.0000004470348,289.687518719222));
#15405=CARTESIAN_POINT('',(19.5999335398631,29.0000004321337,398.529265078817));
#15406=CARTESIAN_POINT('',(19.5990020973876,14.9849452013764,398.528146849064));
#15407=CARTESIAN_POINT('',(19.0999335398631,29.0000004321337,397.928997331838));
#15408=CARTESIAN_POINT('',(-73.1911038224875,29.0000004321337,287.13033120419));
#15409=CARTESIAN_POINT('',(19.0999335398631,28.0000004470348,397.928997331838));
#15410=CARTESIAN_POINT('',(19.0999335398631,14.5000002160668,397.928997331838));
#15411=CARTESIAN_POINT('',(23.4500002235174,28.0000004470348,403.151406786646));
#15412=CARTESIAN_POINT('',(-73.293508888524,28.0000004470348,287.007390287652));
#15413=CARTESIAN_POINT('',(23.4500002235174,25.0056361391835,403.151406786646));
#15414=CARTESIAN_POINT('',(23.4500002235174,14.0000002235174,403.151406786646));
#15415=CARTESIAN_POINT('',(19.0999999141664,20.6556351235174,397.929077016545));
#15416=CARTESIAN_POINT('',(-48.1820363550896,-46.6264120704083,317.154604369576));
#15417=CARTESIAN_POINT('',(10.9000002421278,20.6556351235174,388.084686359824));
#15418=CARTESIAN_POINT('',(-73.2934952943942,20.6556351235174,287.007406607887));
#15419=CARTESIAN_POINT('',(6.55000022351742,25.000000372529,382.862356938767));
#15420=CARTESIAN_POINT('',(-47.0655459254323,78.5460956598304,318.494990759043));
#15421=CARTESIAN_POINT('',(6.55000022351742,28.0000004470348,382.862356938767));
#15422=CARTESIAN_POINT('',(6.55000022351741,12.5000001862645,382.862356938767));
#15423=CARTESIAN_POINT('',(10.9000669071717,28.0000004470348,388.084766393575));
#15424=CARTESIAN_POINT('',(-75.8638623885536,28.0000004470348,283.921589678849));
#15425=CARTESIAN_POINT('',(10.9000669071717,29.0000004321337,388.084766393575));
#15426=CARTESIAN_POINT('',(10.9000669071717,14.0000002235174,388.084766393575));
#15427=CARTESIAN_POINT('',(10.4000669071717,29.0000004321337,387.484498646596));
#15428=CARTESIAN_POINT('',(-74.9729246565475,29.0000004321337,284.991192049028));
#15429=CARTESIAN_POINT('',(10.4000004470645,30.,387.484418858879));
#15430=CARTESIAN_POINT('',(10.4010296574623,14.5138685984662,387.485654462492));
#15431=CARTESIAN_POINT('',(1.94332762539276E-22,30.0000004461617,374.998849185005));
#15432=CARTESIAN_POINT('',(-75.0753433342934,30.0000004470349,284.86823479115));
#15433=CARTESIAN_POINT('',(-4.44089209850063E-15,19.6,374.998849185005));
#15434=CARTESIAN_POINT('',(0.,15.0000002230808,374.998849185005));
#15435=CARTESIAN_POINT('',(1.00000001490116,19.5999335398631,376.199384696852));
#15436=CARTESIAN_POINT('',(-77.2051018702255,19.6051310615632,282.311384075205));
#15437=CARTESIAN_POINT('',(1.00000001490116,19.0999335398631,376.199384696852));
#15438=CARTESIAN_POINT('',(1.00000001490117,9.79996676993155,376.199384696852));
#15439=CARTESIAN_POINT('',(2.,19.0999335398631,377.39992017292));
#15440=CARTESIAN_POINT('',(-77.0005586642861,19.0999335398631,282.556945453983));
#15441=CARTESIAN_POINT('',(2.,23.4443655002802,377.39992017292));
#15442=CARTESIAN_POINT('',(2.00000000000001,9.54996676993155,377.39992017292));
#15443=CARTESIAN_POINT('',(4.99436525854548,23.4443655002802,380.994761947677));
#15444=CARTESIAN_POINT('',(-76.7957485352649,23.4443655002802,282.802827283395));
#15445=CARTESIAN_POINT('',(9.34436532351742,19.100000204907,386.217091424392));
#15446=CARTESIAN_POINT('',(-49.232240127437,77.6007284901913,315.893797464985));
#15447=CARTESIAN_POINT('',(9.34436532351742,10.899999795093,386.217091424392));
#15448=CARTESIAN_POINT('',(9.34436532351743,9.5500001024535,386.217091424392));
#15449=CARTESIAN_POINT('',(4.99436525854548,6.55563494675468,380.994761947677));
#15450=CARTESIAN_POINT('',(-52.3253345787644,-50.6898099661568,312.180427790003));
#15451=CARTESIAN_POINT('',(2.,6.55563494675468,377.39992017292));
#15452=CARTESIAN_POINT('',(-76.182472191187,6.55563494675468,283.539087302065));
#15453=CARTESIAN_POINT('',(2.,10.9000669071717,377.39992017292));
#15454=CARTESIAN_POINT('',(2.00000000000001,3.27781747337734,377.39992017292));
#15455=CARTESIAN_POINT('',(1.00000001490116,10.9000669071717,376.199384696852));
#15456=CARTESIAN_POINT('',(-76.7957485352649,10.9000669071717,282.802827283395));
#15457=CARTESIAN_POINT('',(1.00000001490116,10.4000669071717,376.199384696852));
#15458=CARTESIAN_POINT('',(1.00000001490117,5.45003345358587,376.199384696852));
#15459=CARTESIAN_POINT('',(-4.44089209850063E-15,10.4000004470348,374.998849185005));
#15460=CARTESIAN_POINT('',(-77.0007000858481,10.394882970042,282.556775672378));
#15461=CARTESIAN_POINT('',(8.73114913702173E-10,-4.44089221221062E-15,374.998849186053));
#15462=CARTESIAN_POINT('',(8.88178419700125E-15,5.2000002235175,374.998849185005));
#15463=CARTESIAN_POINT('',(10.4000004470348,-2.22044604925031E-15,387.484418858843));
#15464=CARTESIAN_POINT('',(-77.2053687992323,-2.092458028348E-14,282.311063617458));
#15465=CARTESIAN_POINT('',(10.4000669071717,1.00000001490116,387.484498646596));
#15466=CARTESIAN_POINT('',(10.3999995253512,-0.0138682174707567,387.484417752329));
#15467=CARTESIAN_POINT('',(10.9000669071717,1.00000001490116,388.084766393575));
#15468=CARTESIAN_POINT('',(-75.075329722584,1.00000001490116,284.86825113249));
#15469=CARTESIAN_POINT('',(10.9000669071717,2.,388.084766393575));
#15470=CARTESIAN_POINT('',(10.9000669071717,0.500000007450581,388.084766393575));
#15471=CARTESIAN_POINT('',(6.55000022351742,2.,382.862356938767));
#15472=CARTESIAN_POINT('',(-74.9729246565475,2.,284.991192049028));
#15473=CARTESIAN_POINT('',(6.55000022351742,4.99436430785137,382.862356938767));
#15474=CARTESIAN_POINT('',(6.55000022351741,0.999999999999999,382.862356938767));
#15475=CARTESIAN_POINT('',(10.9000002421278,9.34436487648258,388.084686359824));
#15476=CARTESIAN_POINT('',(-52.6409430012516,-54.1965864011131,311.801528676616));
#15477=CARTESIAN_POINT('',(19.0999999141664,9.34436487648258,397.929077016545));
#15478=CARTESIAN_POINT('',(-74.9729383102239,9.34436487648258,284.991175657305));
#15479=CARTESIAN_POINT('',(23.4500002235174,4.99436430785137,403.151406786646));
#15480=CARTESIAN_POINT('',(-45.0872664419244,73.5316350584328,320.869985495962));
#15481=CARTESIAN_POINT('',(23.4500002235174,2.,403.151406786646));
#15482=CARTESIAN_POINT('',(23.4500002235174,2.49718215392568,403.151406786646));
#15483=CARTESIAN_POINT('',(19.0999335398631,2.,397.928997331838));
#15484=CARTESIAN_POINT('',(-72.4025711565179,2.,288.076992657831));
#15485=CARTESIAN_POINT('',(19.0999335398631,1.00000001490116,397.928997331838));
#15486=CARTESIAN_POINT('',(19.0999335398631,0.999999999999999,397.928997331838));
#15487=CARTESIAN_POINT('',(19.5999335398631,1.00000001490116,398.529265078817));
#15488=CARTESIAN_POINT('',(-73.293508888524,1.00000001490116,287.007390287652));
#15489=CARTESIAN_POINT('',(19.6,-2.22044604925031E-15,398.52934486657));
#15490=CARTESIAN_POINT('',(19.5999657693622,0.51505518815406,398.529303771474));
#15491=CARTESIAN_POINT('',(30.0000004470348,0.,411.014914540408));
#15492=CARTESIAN_POINT('',(-73.1910902107781,1.75908625723027E-14,287.13034754553));
#15493=CARTESIAN_POINT('',(30.0000004470348,10.4000000008731,411.014914540408));
#15494=CARTESIAN_POINT('',(30.0000004470348,4.36449887413794E-10,411.014914540408));
#15495=CARTESIAN_POINT('',(29.5000003099442,10.4000000149012,410.414646628847));
#15496=CARTESIAN_POINT('',(-71.0610646821807,10.4000030118543,289.687518795647));
#15497=CARTESIAN_POINT('',(29.5000003099452,10.4000336771119,410.414646628848));
#15498=CARTESIAN_POINT('',(29.5000001549055,5.19999268044556,410.414646442717));
#15499=CARTESIAN_POINT('',(29.0000004321337,10.4000669071717,409.814379028561));
#15500=CARTESIAN_POINT('',(-71.1633280954127,10.4067237755989,289.564747938328));
#15501=CARTESIAN_POINT('',(29.0000004321337,10.9000669071717,409.814379028561));
#15502=CARTESIAN_POINT('',(29.0000004321337,5.20003345358587,409.814379028561));
#15503=CARTESIAN_POINT('',(28.0000004470348,10.9000669071717,408.613843552493));
#15504=CARTESIAN_POINT('',(-71.2658748807854,10.9000669071717,289.441636882697));
#15505=CARTESIAN_POINT('',(28.0000004470348,6.55563494675468,408.613843552493));
#15506=CARTESIAN_POINT('',(28.0000004470349,5.45003345358587,408.613843552493));
#15507=CARTESIAN_POINT('',(24.9999994221708,6.55563494675468,405.012235840235));
#15508=CARTESIAN_POINT('',(-71.4706850098066,6.55563494675468,289.195755053285));
#15509=CARTESIAN_POINT('',(20.6556351235174,10.8999995043524,399.796672301021));
#15510=CARTESIAN_POINT('',(-42.9207403808886,74.4763787982059,323.470976930819));
#15511=CARTESIAN_POINT('',(20.6556351235174,19.1000004956476,399.796672301021));
#15512=CARTESIAN_POINT('',(20.6556351235174,5.4499997521762,399.796672301021));
#15513=CARTESIAN_POINT('',(24.9999994221708,23.4443655002802,405.012235840235));
#15514=CARTESIAN_POINT('',(-48.5419978090708,-50.0976436818737,316.722457867615));
#15515=CARTESIAN_POINT('',(28.0000004470348,23.4443655002802,408.613843552493));
#15516=CARTESIAN_POINT('',(-72.0851156159285,23.4443655002802,288.458109302062));
#15517=CARTESIAN_POINT('',(28.0000004470348,19.0999335398631,408.613843552493));
#15518=CARTESIAN_POINT('',(28.0000004470349,11.7221827501401,408.613843552493));
#15519=CARTESIAN_POINT('',(29.0000004321337,19.0999335398631,409.814379028561));
#15520=CARTESIAN_POINT('',(-71.4706850098066,19.0999335398631,289.195755053285));
#15521=CARTESIAN_POINT('',(29.0000004321337,19.5999335398631,409.814379028561));
#15522=CARTESIAN_POINT('',(29.0000004321337,9.54996676993155,409.814379028561));
#15523=CARTESIAN_POINT('',(-71.2661414879726,19.5932698384439,289.441316811306));
#15524=CARTESIAN_POINT('',(11.5000002235174,15.0000002235174,388.805007633856));
#15525=CARTESIAN_POINT('Origin',(15.0000002235174,15.0000002235174,393.006881862706));
#15526=CARTESIAN_POINT('',(1.00000001490116,5.20000001490116,376.199384696852));
#15527=CARTESIAN_POINT('',(1.00000001490116,1.00000001490116,376.199384696852));
#15528=CARTESIAN_POINT('',(1.00000001490117,0.500000007450581,376.199384696852));
#15529=CARTESIAN_POINT('',(5.20000001490116,5.20000001490116,381.241633771473));
#15530=CARTESIAN_POINT('',(-77.0005586642861,5.20000001490116,282.556945453983));
#15531=CARTESIAN_POINT('',(5.20000001490116,1.00000001490116,381.241633771473));
#15532=CARTESIAN_POINT('',(5.20000001490116,2.60000000745058,381.241633771473));
#15533=CARTESIAN_POINT('',(-76.140356109579,1.00000001490116,283.589649152901));
#15534=CARTESIAN_POINT('',(1.00000001490116,24.8000004321337,376.199384696852));
#15535=CARTESIAN_POINT('',(5.20000001490116,24.8000004321337,381.241633771473));
#15536=CARTESIAN_POINT('',(-76.140356109579,24.8000004321337,283.589649152901));
#15537=CARTESIAN_POINT('',(1.00000001490116,29.0000004321337,376.199384696852));
#15538=CARTESIAN_POINT('',(1.00000001490117,12.4000002160668,376.199384696852));
#15539=CARTESIAN_POINT('',(5.20000001490116,29.0000004321337,381.241633771473));
#15540=CARTESIAN_POINT('',(-77.0005586642861,29.0000004321337,282.556945453983));
#15541=CARTESIAN_POINT('',(5.20000001490116,14.5000002160668,381.241633771473));
#15542=CARTESIAN_POINT('',(29.0000004321337,1.00000001490116,409.814379028561));
#15543=CARTESIAN_POINT('',(29.0000004321337,5.20000001490116,409.814379028561));
#15544=CARTESIAN_POINT('',(29.0000004321337,2.60000000745058,409.814379028561));
#15545=CARTESIAN_POINT('',(24.8000004321337,1.00000001490116,404.77212995394));
#15546=CARTESIAN_POINT('',(-71.2658748807854,1.00000001490116,289.441636882697));
#15547=CARTESIAN_POINT('',(24.8000004321337,5.20000001490116,404.77212995394));
#15548=CARTESIAN_POINT('',(24.8000004321337,0.500000007450581,404.77212995394));
#15549=CARTESIAN_POINT('',(-72.1260774354925,5.20000001490116,288.408933183778));
#15550=CARTESIAN_POINT('',(29.0000004321337,24.8000004321337,409.814379028561));
#15551=CARTESIAN_POINT('',(29.0000004321337,29.0000004321337,409.814379028561));
#15552=CARTESIAN_POINT('',(29.0000004321337,14.5000002160668,409.814379028561));
#15553=CARTESIAN_POINT('',(24.8000004321337,24.8000004321337,404.77212995394));
#15554=CARTESIAN_POINT('',(-71.2658748807854,24.8000004321337,289.441636882697));
#15555=CARTESIAN_POINT('',(24.8000004321337,29.0000004321337,404.77212995394));
#15556=CARTESIAN_POINT('',(24.8000004321337,12.4000002160668,404.77212995394));
#15557=CARTESIAN_POINT('',(-72.1260774354925,29.0000004321337,288.408933183778));
#15558=CARTESIAN_POINT('Origin',(24.8000004321337,24.8000004321337,0.));
#15559=CARTESIAN_POINT('',(24.8000004321337,24.8000004321337,29.7732807689346));
#15560=CARTESIAN_POINT('',(24.8000004321337,24.8000004321337,0.));
#15561=CARTESIAN_POINT('',(24.8000004321337,29.0000004321337,29.7732807689346));
#15562=CARTESIAN_POINT('',(24.8000004321337,12.4000002160668,29.7732807689346));
#15563=CARTESIAN_POINT('',(24.8000004321337,29.0000004321337,0.));
#15564=CARTESIAN_POINT('Origin',(29.0000004321337,24.8000004321337,0.));
#15565=CARTESIAN_POINT('',(29.0000004321337,24.8000004321337,34.8155298435556));
#15566=CARTESIAN_POINT('',(29.0000004321337,24.8000004321337,0.));
#15567=CARTESIAN_POINT('',(5.93949391862564,24.8000004321337,7.13057326545417));
#15568=CARTESIAN_POINT('Origin',(24.8000004321337,1.00000001490116,0.));
#15569=CARTESIAN_POINT('',(24.8000004321337,1.00000001490116,29.7732807689346));
#15570=CARTESIAN_POINT('',(24.8000004321337,1.00000001490116,0.));
#15571=CARTESIAN_POINT('',(24.8000004321337,5.20000001490116,29.7732807689346));
#15572=CARTESIAN_POINT('',(24.8000004321337,0.500000007450581,29.7732807689346));
#15573=CARTESIAN_POINT('',(24.8000004321337,5.20000001490116,0.));
#15574=CARTESIAN_POINT('Origin',(29.0000004321337,1.00000001490116,0.));
#15575=CARTESIAN_POINT('',(29.0000004321337,1.00000001490116,34.8155298435556));
#15576=CARTESIAN_POINT('',(29.0000004321337,1.00000001490116,0.));
#15577=CARTESIAN_POINT('',(5.93949391862564,1.00000001490116,7.13057326545417));
#15578=CARTESIAN_POINT('Origin',(1.00000001490116,29.0000004321337,0.));
#15579=CARTESIAN_POINT('',(1.00000001490116,29.0000004321337,1.20053551184691));
#15580=CARTESIAN_POINT('',(1.00000001490116,29.0000004321337,0.));
#15581=CARTESIAN_POINT('',(5.20000001490116,29.0000004321337,6.24278458646784));
#15582=CARTESIAN_POINT('',(0.20481013512494,29.0000004321337,0.245881836739867));
#15583=CARTESIAN_POINT('',(5.20000001490116,29.0000004321337,0.));
#15584=CARTESIAN_POINT('Origin',(1.00000001490116,24.8000004321337,0.));
#15585=CARTESIAN_POINT('',(1.00000001490116,24.8000004321337,1.20053551184691));
#15586=CARTESIAN_POINT('',(1.00000001490116,24.8000004321337,0.));
#15587=CARTESIAN_POINT('',(1.00000001490116,12.4000002160668,1.20053551184691));
#15588=CARTESIAN_POINT('Origin',(5.20000001490116,5.20000001490116,0.));
#15589=CARTESIAN_POINT('',(5.20000001490116,5.20000001490116,6.24278458646784));
#15590=CARTESIAN_POINT('',(5.20000001490116,5.20000001490116,0.));
#15591=CARTESIAN_POINT('',(5.20000001490116,1.00000001490116,6.24278458646784));
#15592=CARTESIAN_POINT('',(5.20000001490116,2.60000000745058,6.24278458646784));
#15593=CARTESIAN_POINT('',(5.20000001490116,1.00000001490116,0.));
#15594=CARTESIAN_POINT('Origin',(1.00000001490116,5.20000001490116,0.));
#15595=CARTESIAN_POINT('',(1.00000001490116,5.20000001490116,1.20053551184691));
#15596=CARTESIAN_POINT('',(1.00000001490116,5.20000001490116,0.));
#15597=CARTESIAN_POINT('',(0.20481013512494,5.20000001490116,0.245881836739867));
#15598=CARTESIAN_POINT('Origin',(30.0000004470348,19.6,0.));
#15599=CARTESIAN_POINT('',(30.0000004470348,19.6,36.0160653554023));
#15600=CARTESIAN_POINT('',(30.0000004470348,19.6,0.));
#15601=CARTESIAN_POINT('',(30.0000004461617,30.0000004470348,36.0160653543541));
#15602=CARTESIAN_POINT('',(30.0000004470348,9.80000000000002,36.0160653554023));
#15603=CARTESIAN_POINT('',(30.0000004461617,30.0000004470348,0.));
#15604=CARTESIAN_POINT('Origin',(29.0000004321337,19.5999335398631,0.));
#15605=CARTESIAN_POINT('',(29.0000004321337,19.5999335398631,34.8155298435556));
#15606=CARTESIAN_POINT('',(29.0000004321337,19.5999335398631,0.));
#15607=CARTESIAN_POINT('',(5.9392271717529,19.598400917738,7.13025302636555));
#15608=CARTESIAN_POINT('Origin',(29.0000004321337,19.0999335398631,0.));
#15609=CARTESIAN_POINT('',(29.0000004321337,19.0999335398631,34.8155298435556));
#15610=CARTESIAN_POINT('',(29.0000004321337,19.0999335398631,0.));
#15611=CARTESIAN_POINT('',(29.0000004321337,9.54996676993155,34.8155298435556));
#15612=CARTESIAN_POINT('Origin',(28.0000004470348,19.0999335398631,0.));
#15613=CARTESIAN_POINT('',(28.0000004470348,19.0999335398631,33.6149943674876));
#15614=CARTESIAN_POINT('',(28.0000004470348,19.0999335398631,0.));
#15615=CARTESIAN_POINT('',(5.73468378960443,19.0999335398631,6.88469143604222));
#15616=CARTESIAN_POINT('Origin',(28.0000004470348,23.4443655002802,0.));
#15617=CARTESIAN_POINT('',(28.0000004470348,23.4443655002802,33.6149943674876));
#15618=CARTESIAN_POINT('',(28.0000004470348,23.4443655002802,0.));
#15619=CARTESIAN_POINT('',(28.0000004470348,11.7221827501401,33.6149943674876));
#15620=CARTESIAN_POINT('Origin',(24.9999994221708,23.4443655002802,0.));
#15621=CARTESIAN_POINT('',(24.9999994221708,23.4443655002802,30.0133866552299));
#15622=CARTESIAN_POINT('',(24.9999994221708,23.4443655002802,0.));
#15623=CARTESIAN_POINT('',(5.12025318348255,23.4443655002802,6.14704568481917));
#15624=CARTESIAN_POINT('Origin',(20.6556351235174,19.1000004956476,0.));
#15625=CARTESIAN_POINT('',(20.6556351235174,19.1000004956476,24.7978231160152));
#15626=CARTESIAN_POINT('',(20.6556351235174,19.1000004956476,0.));
#15627=CARTESIAN_POINT('',(6.228328264937,4.67269129256358,7.47732915007494));
#15628=CARTESIAN_POINT('Origin',(20.6556351235174,10.8999995043524,0.));
#15629=CARTESIAN_POINT('',(20.6556351235174,10.8999995043524,24.7978231160152));
#15630=CARTESIAN_POINT('',(20.6556351235174,10.8999995043524,0.));
#15631=CARTESIAN_POINT('',(20.6556351235174,5.4499997521762,24.7978231160153));
#15632=CARTESIAN_POINT('Origin',(24.9999994221708,6.55563494675468,0.));
#15633=CARTESIAN_POINT('',(24.9999994221708,6.55563494675468,30.0133866552299));
#15634=CARTESIAN_POINT('',(24.9999994221708,6.55563494675468,0.));
#15635=CARTESIAN_POINT('',(11.8495889685603,19.7060461841908,14.2258521455625));
#15636=CARTESIAN_POINT('Origin',(28.0000004470348,6.55563494675468,0.));
#15637=CARTESIAN_POINT('',(28.0000004470348,6.55563494675468,33.6149943674876));
#15638=CARTESIAN_POINT('',(28.0000004470348,6.55563494675468,0.));
#15639=CARTESIAN_POINT('',(5.73468378960443,6.55563494675468,6.88469143604222));
#15640=CARTESIAN_POINT('Origin',(28.0000004470348,10.9000669071717,0.));
#15641=CARTESIAN_POINT('',(28.0000004470348,10.9000669071717,33.6149943674876));
#15642=CARTESIAN_POINT('',(28.0000004470348,10.9000669071717,0.));
#15643=CARTESIAN_POINT('',(28.0000004470348,5.45003345358587,33.6149943674876));
#15644=CARTESIAN_POINT('Origin',(29.0000004321337,10.9000669071717,0.));
#15645=CARTESIAN_POINT('',(29.0000004321337,10.9000669071717,34.8155298435556));
#15646=CARTESIAN_POINT('',(29.0000004321337,10.9000669071717,0.));
#15647=CARTESIAN_POINT('',(5.93949391862564,10.9000669071717,7.13057326545417));
#15648=CARTESIAN_POINT('Origin',(29.0000004321337,10.4000669071717,0.));
#15649=CARTESIAN_POINT('',(29.0000004321337,10.4000669071717,34.8155298435556));
#15650=CARTESIAN_POINT('',(29.0000004321337,10.4000669071717,0.));
#15651=CARTESIAN_POINT('',(29.0000004321337,5.20003345358587,34.8155298435556));
#15652=CARTESIAN_POINT('Origin',(29.5000003099452,10.4000336771119,0.));
#15653=CARTESIAN_POINT('',(29.5000003099452,10.4000336771119,35.4157974438426));
#15654=CARTESIAN_POINT('',(29.5000003099452,10.4000336771119,0.));
#15655=CARTESIAN_POINT('',(6.0420405643128,10.4015926963048,7.25368415338788));
#15656=CARTESIAN_POINT('Origin',(29.5000003099442,10.4000000149012,0.));
#15657=CARTESIAN_POINT('',(29.5000003099442,10.4000000149012,35.4157974438414));
#15658=CARTESIAN_POINT('',(29.5000003099442,10.4000000149012,0.));
#15659=CARTESIAN_POINT('',(29.5000001549057,5.19999830000273,35.4157972577122));
#15660=CARTESIAN_POINT('Origin',(30.0000004470348,10.4,0.));
#15661=CARTESIAN_POINT('',(30.0000004470348,10.4000000008731,36.0160653554023));
#15662=CARTESIAN_POINT('',(30.0000004470348,10.4000000008731,0.));
#15663=CARTESIAN_POINT('',(6.14430411723037,10.4000007109551,7.37645517840361));
#15664=CARTESIAN_POINT('Origin',(30.0000004470348,8.73110477146655E-10,
0.));
#15665=CARTESIAN_POINT('',(30.0000004470348,0.,36.0160653554023));
#15666=CARTESIAN_POINT('',(30.0000004470348,8.73110477146641E-10,0.));
#15667=CARTESIAN_POINT('',(30.0000004470348,4.36530370190319E-10,36.0160653554023));
#15668=CARTESIAN_POINT('Origin',(19.6,-2.22044604925031E-15,0.));
#15669=CARTESIAN_POINT('',(19.6,-2.22044604925031E-15,23.5304956815645));
#15670=CARTESIAN_POINT('',(19.6,-2.22044604925031E-15,0.));
#15671=CARTESIAN_POINT('',(4.01427858863299,1.1071744827291E-15,4.81928392828715));
#15672=CARTESIAN_POINT('Origin',(19.5999335398631,1.00000001490116,0.));
#15673=CARTESIAN_POINT('',(19.5999335398631,1.00000001490116,23.5304158938112));
#15674=CARTESIAN_POINT('',(19.5999335398631,1.00000001490116,0.));
#15675=CARTESIAN_POINT('',(19.5999666018704,0.502528758928349,23.5304555859245));
#15676=CARTESIAN_POINT('Origin',(19.0999335398631,1.00000001490116,0.));
#15677=CARTESIAN_POINT('',(19.0999335398631,1.00000001490116,22.9301481468326));
#15678=CARTESIAN_POINT('',(19.0999335398631,1.00000001490116,0.));
#15679=CARTESIAN_POINT('',(3.91185991088701,1.00000001490116,4.69632667040893));
#15680=CARTESIAN_POINT('Origin',(19.0999335398631,2.,0.));
#15681=CARTESIAN_POINT('',(19.0999335398631,2.,22.9301481468326));
#15682=CARTESIAN_POINT('',(19.0999335398631,2.,0.));
#15683=CARTESIAN_POINT('',(19.0999335398631,0.999999999999999,22.9301481468326));
#15684=CARTESIAN_POINT('Origin',(23.4500002235174,2.,0.));
#15685=CARTESIAN_POINT('',(23.4500002235174,2.,28.152557601641));
#15686=CARTESIAN_POINT('',(23.4500002235174,2.,0.));
#15687=CARTESIAN_POINT('',(4.80279764289312,2.,5.76592904058813));
#15688=CARTESIAN_POINT('Origin',(23.4500002235174,4.99436430785137,0.));
#15689=CARTESIAN_POINT('',(23.4500002235174,4.99436430785137,28.152557601641));
#15690=CARTESIAN_POINT('',(23.4500002235174,4.99436430785137,0.));
#15691=CARTESIAN_POINT('',(23.4500002235174,2.49718215392568,28.152557601641));
#15692=CARTESIAN_POINT('Origin',(19.0999999141664,9.34436487648258,0.));
#15693=CARTESIAN_POINT('',(19.0999999141664,9.34436487648258,22.9302278315396));
#15694=CARTESIAN_POINT('',(19.0999999141664,9.34436487648258,0.));
#15695=CARTESIAN_POINT('',(9.6830629075245,18.7613024444177,11.6248607107053));
#15696=CARTESIAN_POINT('Origin',(10.9000002421278,9.34436487648258,0.));
#15697=CARTESIAN_POINT('',(10.9000002421278,9.34436487648258,13.0858371748185));
#15698=CARTESIAN_POINT('',(10.9000002421278,9.34436487648258,0.));
#15699=CARTESIAN_POINT('',(2.23243048918711,9.34436487648258,2.68011204006191));
#15700=CARTESIAN_POINT('Origin',(6.55000022351742,4.99436430785137,0.));
#15701=CARTESIAN_POINT('',(6.55000022351742,4.99436430785137,7.86350775376151));
#15702=CARTESIAN_POINT('',(6.55000022351742,4.99436430785137,0.));
#15703=CARTESIAN_POINT('',(2.12938422068998,0.57374774607432,2.55640133721123));
#15704=CARTESIAN_POINT('Origin',(6.55000022351742,2.,0.));
#15705=CARTESIAN_POINT('',(6.55000022351742,2.,7.86350775376151));
#15706=CARTESIAN_POINT('',(6.55000022351742,2.,0.));
#15707=CARTESIAN_POINT('',(6.55000022351742,0.999999999999999,7.86350775376151));
#15708=CARTESIAN_POINT('Origin',(10.9000669071717,2.,0.));
#15709=CARTESIAN_POINT('',(10.9000669071717,2.,13.0859172085699));
#15710=CARTESIAN_POINT('',(10.9000669071717,2.,0.));
#15711=CARTESIAN_POINT('',(2.23244414286356,2.,2.68012843178511));
#15712=CARTESIAN_POINT('Origin',(10.9000669071717,1.00000001490116,0.));
#15713=CARTESIAN_POINT('',(10.9000669071717,1.00000001490116,13.0859172085699));
#15714=CARTESIAN_POINT('',(10.9000669071717,1.00000001490116,0.));
#15715=CARTESIAN_POINT('',(10.9000669071717,0.500000007450581,13.0859172085699));
#15716=CARTESIAN_POINT('Origin',(10.4000669071717,1.00000001490116,0.));
#15717=CARTESIAN_POINT('',(10.4000669071717,1.00000001490116,12.4856494615912));
#15718=CARTESIAN_POINT('',(10.4000669071717,1.00000001490116,0.));
#15719=CARTESIAN_POINT('',(2.130039076827,1.00000001490116,2.55718751524717));
#15720=CARTESIAN_POINT('Origin',(10.4000004470348,-2.08166817117217E-15,
0.));
#15721=CARTESIAN_POINT('',(10.4000004470348,0.,12.485569673838));
#15722=CARTESIAN_POINT('',(10.4000004470348,-2.22044604925031E-15,0.));
#15723=CARTESIAN_POINT('',(10.4000003578594,-0.00134178824504568,12.4855695667797));
#15724=CARTESIAN_POINT('Origin',(8.73114913702143E-10,-4.44089219375813E-15,
0.));
#15725=CARTESIAN_POINT('',(8.73114913702173E-10,-4.44089221221062E-15,0.));
#15726=CARTESIAN_POINT('',(8.73114913702173E-10,-4.44089221221062E-15,0.));
#15727=CARTESIAN_POINT('',(1.78738214139684E-10,-4.44089219390638E-15,2.14753921998012E-10));
#15728=CARTESIAN_POINT('Origin',(-8.43769498715119E-14,0.,7.105427357601E-14));
#15729=CARTESIAN_POINT('',(19.5999999999703,30.,23.5304956815289));
#15730=CARTESIAN_POINT('',(19.5999335398631,29.0000004321337,23.5304158938112));
#15731=CARTESIAN_POINT('',(19.5990029298958,14.9974716306021,23.5292986635145));
#15732=CARTESIAN_POINT('',(6.14430405357184,30.0000004470348,7.37645510197928));
#15733=CARTESIAN_POINT('',(-4.44089209850063E-15,10.4000004470348,0.));
#15734=CARTESIAN_POINT('',(0.,4.47034833594984E-7,0.));
#15735=CARTESIAN_POINT('',(1.00000001490116,10.4000669071717,1.20053551184691));
#15736=CARTESIAN_POINT('',(0.204668573877371,10.4000140493361,0.245711887437592));
#15737=CARTESIAN_POINT('',(1.00000001490116,10.9000669071717,1.20053551184691));
#15738=CARTESIAN_POINT('',(1.00000001490116,5.45003345358587,1.20053551184691));
#15739=CARTESIAN_POINT('',(2.,10.9000669071717,2.4010709879149));
#15740=CARTESIAN_POINT('',(0.409620264146147,10.9000669071717,0.491763666151813));
#15741=CARTESIAN_POINT('',(2.,6.55563494675468,2.4010709879149));
#15742=CARTESIAN_POINT('',(2.,3.27781747337734,2.4010709879149));
#15743=CARTESIAN_POINT('',(4.99436525854548,6.55563494675468,5.99591276267157));
#15744=CARTESIAN_POINT('',(1.022896608224,6.55563494675468,1.22802368482168));
#15745=CARTESIAN_POINT('',(9.34436532351742,10.899999795093,11.2182422393872));
#15746=CARTESIAN_POINT('',(2.48623693859208,4.05075578685111,2.98481569116787));
#15747=CARTESIAN_POINT('',(9.34436532351742,19.100000204907,11.2182422393872));
#15748=CARTESIAN_POINT('',(9.34436532351742,9.5500001024535,11.2182422393872));
#15749=CARTESIAN_POINT('',(4.99436525854548,23.4443655002802,5.99591276267157));
#15750=CARTESIAN_POINT('',(5.57932811803796,22.8601603720263,6.69818143813909));
#15751=CARTESIAN_POINT('',(2.,23.4443655002802,2.4010709879149));
#15752=CARTESIAN_POINT('',(0.409620264146147,23.4443655002802,0.491763666151813));
#15753=CARTESIAN_POINT('',(2.,19.0999335398631,2.4010709879149));
#15754=CARTESIAN_POINT('',(2.,9.54996676993155,2.4010709879149));
#15755=CARTESIAN_POINT('',(1.00000001490116,19.0999335398631,1.20053551184691));
#15756=CARTESIAN_POINT('',(0.20481013512494,19.0999335398631,0.245881836739867));
#15757=CARTESIAN_POINT('',(1.00000001490116,19.5999335398631,1.20053551184691));
#15758=CARTESIAN_POINT('',(1.00000001490116,9.79996676993155,1.20053551184691));
#15759=CARTESIAN_POINT('',(-4.44089209850063E-15,19.6,0.));
#15760=CARTESIAN_POINT('',(0.000266789500013551,19.5999999822691,0.000320290264353759));
#15761=CARTESIAN_POINT('',(1.94332762539276E-22,30.0000004461617,0.));
#15762=CARTESIAN_POINT('',(0.,30.,0.));
#15763=CARTESIAN_POINT('',(10.4000004470348,30.0000004470348,12.485569673838));
#15764=CARTESIAN_POINT('',(2.13002546511759,30.0000004470348,2.55717117390688));
#15765=CARTESIAN_POINT('',(10.4000669071717,29.0000004321337,12.4856494615912));
#15766=CARTESIAN_POINT('',(10.4010304899704,14.5013421692405,12.4868062769425));
#15767=CARTESIAN_POINT('',(10.9000669071717,29.0000004321337,13.0859172085699));
#15768=CARTESIAN_POINT('',(2.23244414286356,29.0000004321337,2.68012843178511));
#15769=CARTESIAN_POINT('',(10.9000669071717,28.0000004470348,13.0859172085699));
#15770=CARTESIAN_POINT('',(10.9000669071717,14.0000002235174,13.0859172085699));
#15771=CARTESIAN_POINT('',(6.55000022351742,28.0000004470348,7.86350775376151));
#15772=CARTESIAN_POINT('',(1.34150641085746,28.0000004470348,1.6105260616059));
#15773=CARTESIAN_POINT('',(6.55000022351742,25.000000372529,7.86350775376151));
#15774=CARTESIAN_POINT('',(6.55000022351742,12.5000001862645,7.86350775376151));
#15775=CARTESIAN_POINT('',(10.9000002421278,20.6556351235174,13.0858371748185));
#15776=CARTESIAN_POINT('',(7.74602232048227,23.8055275419832,9.29937473272513));
#15777=CARTESIAN_POINT('',(19.0999999141664,20.6556351235174,22.9302278315396));
#15778=CARTESIAN_POINT('',(3.91187350501685,20.6556351235174,4.69634299064431));
#15779=CARTESIAN_POINT('',(23.4500002235174,25.0056361391835,28.152557601641));
#15780=CARTESIAN_POINT('',(6.58828972316198,8.14392290097068,7.90947565713067));
#15781=CARTESIAN_POINT('',(23.4500002235174,28.0000004470348,28.152557601641));
#15782=CARTESIAN_POINT('',(23.4500002235174,14.0000002235174,28.152557601641));
#15783=CARTESIAN_POINT('',(19.0999335398631,28.0000004470348,22.9301481468326));
#15784=CARTESIAN_POINT('',(3.91185991088701,28.0000004470348,4.69632667040893));
#15785=CARTESIAN_POINT('',(19.0999335398631,29.0000004321337,22.9301481468326));
#15786=CARTESIAN_POINT('',(19.0999335398631,14.5000002160668,22.9301481468326));
#15787=CARTESIAN_POINT('',(4.01426497692357,29.0000004321337,4.81926758694687));
#15788=CARTESIAN_POINT('',(1.00000001490116,1.00000001490116,1.20053551184691));
#15789=CARTESIAN_POINT('',(1.00000001490116,0.500000007450581,1.20053551184691));
#15790=CARTESIAN_POINT('',(1.06501268983203,1.00000001490116,1.27858553565853));
#15791=CARTESIAN_POINT('',(5.20000001490116,24.8000004321337,6.24278458646784));
#15792=CARTESIAN_POINT('',(1.06501268983203,24.8000004321337,1.27858553565853));
#15793=CARTESIAN_POINT('',(5.20000001490116,14.5000002160668,6.24278458646784));
#15794=CARTESIAN_POINT('',(29.0000004321337,5.20000001490116,34.8155298435556));
#15795=CARTESIAN_POINT('',(29.0000004321337,2.60000000745058,34.8155298435556));
#15796=CARTESIAN_POINT('',(5.07929136391855,5.20000001490116,6.09786956653551));
#15797=CARTESIAN_POINT('',(29.0000004321337,29.0000004321337,34.8155298435556));
#15798=CARTESIAN_POINT('',(29.0000004321337,14.5000002160668,34.8155298435556));
#15799=CARTESIAN_POINT('',(5.07929136391855,29.0000004321337,6.09786956653551));
#15800=CARTESIAN_POINT('',(11.5000002235174,15.0000002235174,13.8061584488505));
#15801=CARTESIAN_POINT('Origin',(15.0000002235174,15.0000002235174,18.0080326777012));
#15802=CARTESIAN_POINT('Origin',(29.0000004321337,29.0000004321337,0.));
#15803=CARTESIAN_POINT('',(29.0000004321337,29.0000004321337,0.));
#15804=CARTESIAN_POINT('Origin',(29.0000004321337,5.20000001490116,0.));
#15805=CARTESIAN_POINT('',(29.0000004321337,5.20000001490116,0.));
#15806=CARTESIAN_POINT('Origin',(5.20000001490116,24.8000004321337,0.));
#15807=CARTESIAN_POINT('',(5.20000001490116,24.8000004321337,0.));
#15808=CARTESIAN_POINT('Origin',(1.00000001490116,1.00000001490116,0.));
#15809=CARTESIAN_POINT('',(1.00000001490116,1.00000001490116,0.));
#15810=CARTESIAN_POINT('Origin',(19.0999335398631,29.0000004321337,0.));
#15811=CARTESIAN_POINT('',(19.0999335398631,29.0000004321337,0.));
#15812=CARTESIAN_POINT('',(19.0999335398631,28.0000004470348,0.));
#15813=CARTESIAN_POINT('Origin',(19.0999335398631,28.0000004470348,0.));
#15814=CARTESIAN_POINT('',(23.4500002235174,28.0000004470348,0.));
#15815=CARTESIAN_POINT('Origin',(23.4500002235174,28.0000004470348,0.));
#15816=CARTESIAN_POINT('',(23.4500002235174,25.0056361391835,0.));
#15817=CARTESIAN_POINT('Origin',(23.4500002235174,25.0056361391835,0.));
#15818=CARTESIAN_POINT('',(19.0999999141664,20.6556351235174,0.));
#15819=CARTESIAN_POINT('Origin',(19.0999999141664,20.6556351235174,0.));
#15820=CARTESIAN_POINT('',(10.9000002421278,20.6556351235174,0.));
#15821=CARTESIAN_POINT('Origin',(10.9000002421278,20.6556351235174,0.));
#15822=CARTESIAN_POINT('',(6.55000022351742,25.000000372529,0.));
#15823=CARTESIAN_POINT('Origin',(6.55000022351742,25.000000372529,0.));
#15824=CARTESIAN_POINT('',(6.55000022351742,28.0000004470348,0.));
#15825=CARTESIAN_POINT('Origin',(6.55000022351742,28.0000004470348,0.));
#15826=CARTESIAN_POINT('',(10.9000669071717,28.0000004470348,0.));
#15827=CARTESIAN_POINT('Origin',(10.9000669071717,28.0000004470348,0.));
#15828=CARTESIAN_POINT('',(10.9000669071717,29.0000004321337,0.));
#15829=CARTESIAN_POINT('Origin',(10.9000669071717,29.0000004321337,0.));
#15830=CARTESIAN_POINT('',(10.4000669071717,29.0000004321337,0.));
#15831=CARTESIAN_POINT('Origin',(10.4000669071717,29.0000004321337,0.));
#15832=CARTESIAN_POINT('',(10.4000004470348,30.0000004470348,0.));
#15833=CARTESIAN_POINT('Origin',(10.4000004470348,30.0000004470348,0.));
#15834=CARTESIAN_POINT('',(1.94332762539276E-22,30.0000004461617,0.));
#15835=CARTESIAN_POINT('Origin',(-4.57966997657877E-15,19.6,0.));
#15836=CARTESIAN_POINT('',(-4.44089209850063E-15,19.6,0.));
#15837=CARTESIAN_POINT('',(1.00000001490116,19.5999335398631,0.));
#15838=CARTESIAN_POINT('Origin',(1.00000001490116,19.5999335398631,0.));
#15839=CARTESIAN_POINT('',(1.00000001490116,19.0999335398631,0.));
#15840=CARTESIAN_POINT('Origin',(1.00000001490116,19.0999335398631,0.));
#15841=CARTESIAN_POINT('',(2.,19.0999335398631,0.));
#15842=CARTESIAN_POINT('Origin',(2.,19.0999335398631,0.));
#15843=CARTESIAN_POINT('',(2.,23.4443655002802,0.));
#15844=CARTESIAN_POINT('Origin',(2.,23.4443655002802,0.));
#15845=CARTESIAN_POINT('',(4.99436525854548,23.4443655002802,0.));
#15846=CARTESIAN_POINT('Origin',(4.99436525854548,23.4443655002802,0.));
#15847=CARTESIAN_POINT('',(9.34436532351742,19.100000204907,0.));
#15848=CARTESIAN_POINT('Origin',(9.34436532351742,19.100000204907,0.));
#15849=CARTESIAN_POINT('',(9.34436532351742,10.899999795093,0.));
#15850=CARTESIAN_POINT('Origin',(9.34436532351742,10.899999795093,0.));
#15851=CARTESIAN_POINT('',(4.99436525854548,6.55563494675468,0.));
#15852=CARTESIAN_POINT('Origin',(4.99436525854548,6.55563494675468,0.));
#15853=CARTESIAN_POINT('',(2.,6.55563494675468,0.));
#15854=CARTESIAN_POINT('Origin',(2.,6.55563494675468,0.));
#15855=CARTESIAN_POINT('',(2.,10.9000669071717,0.));
#15856=CARTESIAN_POINT('Origin',(2.,10.9000669071717,0.));
#15857=CARTESIAN_POINT('',(1.00000001490116,10.9000669071717,0.));
#15858=CARTESIAN_POINT('Origin',(1.00000001490116,10.9000669071717,0.));
#15859=CARTESIAN_POINT('',(1.00000001490116,10.4000669071717,0.));
#15860=CARTESIAN_POINT('Origin',(1.00000001490116,10.4000669071717,0.));
#15861=CARTESIAN_POINT('',(-4.44089209850063E-15,10.4000004470348,0.));
#15862=CARTESIAN_POINT('Origin',(15.0000002235174,15.0000002235174,0.));
#15863=CARTESIAN_POINT('',(11.5000002235174,15.0000002235174,0.));
#15864=CARTESIAN_POINT('Origin',(24.8000004321337,29.0000004321337,0.));
#15865=CARTESIAN_POINT('Origin',(24.8000004321337,5.20000001490116,0.));
#15866=CARTESIAN_POINT('Origin',(5.20000001490116,29.0000004321337,0.));
#15867=CARTESIAN_POINT('Origin',(5.20000001490116,1.00000001490116,0.));
#15868=CARTESIAN_POINT('Origin',(-4.44089209850063E-15,10.4000004470348,
0.));
#15869=CARTESIAN_POINT('Origin',(1.90515005865954E-22,30.0000004461617,
0.));
#15870=CARTESIAN_POINT('Origin',(19.5999335398631,29.0000004321337,0.));
#15871=CARTESIAN_POINT('',(19.5999335398631,29.0000004321337,0.));
#15872=CARTESIAN_POINT('Origin',(19.6,30.0000004470348,0.));
#15873=CARTESIAN_POINT('',(19.6,30.0000004470348,0.));
#15874=CARTESIAN_POINT('Origin',(30.0000004461617,30.0000004470348,0.));
#15875=CARTESIAN_POINT('',(0.,0.,0.));
#15876=CARTESIAN_POINT('Origin',(0.,0.,0.));
#15877=CARTESIAN_POINT('',(-2.,-2.44929359829471E-16,260.));
#15878=CARTESIAN_POINT('Origin',(0.,0.,260.));
#15879=CARTESIAN_POINT('',(-2.,-2.44929359829471E-16,0.));
#15880=CARTESIAN_POINT('',(-2.,-2.44929359829471E-16,0.));
#15881=CARTESIAN_POINT('Origin',(0.,0.,0.));
#15882=CARTESIAN_POINT('Origin',(-8.00000005960465,-5.89289348408399,0.));
#15883=CARTESIAN_POINT('',(-8.00000005960465,-3.1,0.));
#15884=CARTESIAN_POINT('',(-8.00000005960465,-5.89289348408399,0.));
#15885=CARTESIAN_POINT('',(-8.00000005960465,-3.1,0.));
#15886=CARTESIAN_POINT('',(-8.00000005960465,-3.1,260.));
#15887=CARTESIAN_POINT('',(-8.00000005960465,-3.1,0.));
#15888=CARTESIAN_POINT('',(-8.00000005960465,-5.89289348408399,260.));
#15889=CARTESIAN_POINT('',(-8.00000005960465,-3.1,260.));
#15890=CARTESIAN_POINT('',(-8.00000005960465,-5.89289348408399,0.));
#15891=CARTESIAN_POINT('Origin',(-7.50000005960464,-5.89289348408399,0.));
#15892=CARTESIAN_POINT('',(-7.14644665410769,-6.24644685977358,0.));
#15893=CARTESIAN_POINT('Origin',(-7.50000005960464,-5.89289348408399,0.));
#15894=CARTESIAN_POINT('',(-7.14644665410769,-6.24644685977358,260.));
#15895=CARTESIAN_POINT('Origin',(-7.50000005960464,-5.89289348408399,260.));
#15896=CARTESIAN_POINT('',(-7.14644665410769,-6.24644685977358,0.));
#15897=CARTESIAN_POINT('Origin',(-4.00000005960464,-3.1,0.));
#15898=CARTESIAN_POINT('',(-4.00000005960464,-3.1,0.));
#15899=CARTESIAN_POINT('',(-4.00000005960464,-3.1,0.));
#15900=CARTESIAN_POINT('',(-4.00000005960464,-3.1,260.));
#15901=CARTESIAN_POINT('',(-4.00000005960464,-3.1,260.));
#15902=CARTESIAN_POINT('',(-4.00000005960464,-3.1,0.));
#15903=CARTESIAN_POINT('Origin',(-4.00000005960464,3.1,0.));
#15904=CARTESIAN_POINT('',(-4.00000005960464,3.1,0.));
#15905=CARTESIAN_POINT('',(-4.00000005960464,3.1,0.));
#15906=CARTESIAN_POINT('',(-4.00000005960464,3.1,260.));
#15907=CARTESIAN_POINT('',(-4.00000005960464,3.1,260.));
#15908=CARTESIAN_POINT('',(-4.00000005960464,3.1,0.));
#15909=CARTESIAN_POINT('Origin',(-7.14644665410769,6.24644685977359,0.));
#15910=CARTESIAN_POINT('',(-7.14644665410769,6.24644685977359,0.));
#15911=CARTESIAN_POINT('',(-4.00000005960464,3.1,0.));
#15912=CARTESIAN_POINT('',(-7.14644665410769,6.24644685977359,260.));
#15913=CARTESIAN_POINT('',(-4.00000005960464,3.1,260.));
#15914=CARTESIAN_POINT('',(-7.14644665410769,6.24644685977359,0.));
#15915=CARTESIAN_POINT('Origin',(-7.50000005960464,5.892893484084,0.));
#15916=CARTESIAN_POINT('',(-8.00000005960464,5.892893484084,0.));
#15917=CARTESIAN_POINT('Origin',(-7.50000005960464,5.892893484084,0.));
#15918=CARTESIAN_POINT('',(-8.00000005960464,5.892893484084,260.));
#15919=CARTESIAN_POINT('Origin',(-7.50000005960464,5.892893484084,260.));
#15920=CARTESIAN_POINT('',(-8.00000005960464,5.892893484084,0.));
#15921=CARTESIAN_POINT('Origin',(-8.00000005960465,3.1,0.));
#15922=CARTESIAN_POINT('',(-8.00000005960465,3.1,0.));
#15923=CARTESIAN_POINT('',(-8.00000005960465,3.1,0.));
#15924=CARTESIAN_POINT('',(-8.00000005960465,3.1,260.));
#15925=CARTESIAN_POINT('',(-8.00000005960465,3.1,260.));
#15926=CARTESIAN_POINT('',(-8.00000005960465,3.1,0.));
#15927=CARTESIAN_POINT('Origin',(-10.,3.1,0.));
#15928=CARTESIAN_POINT('',(-10.,3.1,0.));
#15929=CARTESIAN_POINT('',(-8.00000005960465,3.1,0.));
#15930=CARTESIAN_POINT('',(-10.,3.1,260.));
#15931=CARTESIAN_POINT('',(-8.00000005960465,3.1,260.));
#15932=CARTESIAN_POINT('',(-10.,3.1,0.));
#15933=CARTESIAN_POINT('Origin',(-10.,9.,0.));
#15934=CARTESIAN_POINT('',(-10.,9.,0.));
#15935=CARTESIAN_POINT('',(-10.,9.,0.));
#15936=CARTESIAN_POINT('',(-10.,9.,260.));
#15937=CARTESIAN_POINT('',(-10.,9.,260.));
#15938=CARTESIAN_POINT('',(-10.,9.,0.));
#15939=CARTESIAN_POINT('Origin',(-9.,9.,0.));
#15940=CARTESIAN_POINT('',(-9.,10.,0.));
#15941=CARTESIAN_POINT('Origin',(-9.,9.,0.));
#15942=CARTESIAN_POINT('',(-9.,10.,260.));
#15943=CARTESIAN_POINT('Origin',(-9.,9.,260.));
#15944=CARTESIAN_POINT('',(-9.,10.,0.));
#15945=CARTESIAN_POINT('Origin',(-3.1,10.,0.));
#15946=CARTESIAN_POINT('',(-3.1,10.,0.));
#15947=CARTESIAN_POINT('',(-3.1,10.,0.));
#15948=CARTESIAN_POINT('',(-3.1,10.,260.));
#15949=CARTESIAN_POINT('',(-3.1,10.,260.));
#15950=CARTESIAN_POINT('',(-3.1,10.,0.));
#15951=CARTESIAN_POINT('Origin',(-3.1,8.00000005960464,0.));
#15952=CARTESIAN_POINT('',(-3.1,8.00000005960464,0.));
#15953=CARTESIAN_POINT('',(-3.1,8.00000005960464,0.));
#15954=CARTESIAN_POINT('',(-3.1,8.00000005960464,260.));
#15955=CARTESIAN_POINT('',(-3.1,8.00000005960464,260.));
#15956=CARTESIAN_POINT('',(-3.1,8.00000005960464,0.));
#15957=CARTESIAN_POINT('Origin',(-5.892893484084,8.00000005960465,0.));
#15958=CARTESIAN_POINT('',(-5.892893484084,8.00000005960465,0.));
#15959=CARTESIAN_POINT('',(-3.1,8.00000005960464,0.));
#15960=CARTESIAN_POINT('',(-5.892893484084,8.00000005960465,260.));
#15961=CARTESIAN_POINT('',(-3.1,8.00000005960464,260.));
#15962=CARTESIAN_POINT('',(-5.892893484084,8.00000005960465,0.));
#15963=CARTESIAN_POINT('Origin',(-5.892893484084,7.50000005960465,0.));
#15964=CARTESIAN_POINT('',(-6.24644685977359,7.14644665410769,0.));
#15965=CARTESIAN_POINT('Origin',(-5.892893484084,7.50000005960465,0.));
#15966=CARTESIAN_POINT('',(-6.24644685977359,7.14644665410769,260.));
#15967=CARTESIAN_POINT('Origin',(-5.892893484084,7.50000005960465,260.));
#15968=CARTESIAN_POINT('',(-6.24644685977359,7.14644665410769,0.));
#15969=CARTESIAN_POINT('Origin',(-3.1,4.00000005960464,0.));
#15970=CARTESIAN_POINT('',(-3.1,4.00000005960464,0.));
#15971=CARTESIAN_POINT('',(-3.1,4.00000005960464,0.));
#15972=CARTESIAN_POINT('',(-3.1,4.00000005960464,260.));
#15973=CARTESIAN_POINT('',(-3.1,4.00000005960464,260.));
#15974=CARTESIAN_POINT('',(-3.1,4.00000005960464,0.));
#15975=CARTESIAN_POINT('Origin',(3.1,4.00000005960464,0.));
#15976=CARTESIAN_POINT('',(3.1,4.00000005960464,0.));
#15977=CARTESIAN_POINT('',(3.1,4.00000005960464,0.));
#15978=CARTESIAN_POINT('',(3.1,4.00000005960464,260.));
#15979=CARTESIAN_POINT('',(3.1,4.00000005960464,260.));
#15980=CARTESIAN_POINT('',(3.1,4.00000005960464,0.));
#15981=CARTESIAN_POINT('Origin',(6.24644685977359,7.14644665410769,0.));
#15982=CARTESIAN_POINT('',(6.24644685977359,7.14644665410769,0.));
#15983=CARTESIAN_POINT('',(3.1,4.00000005960464,0.));
#15984=CARTESIAN_POINT('',(6.24644685977359,7.14644665410769,260.));
#15985=CARTESIAN_POINT('',(3.1,4.00000005960464,260.));
#15986=CARTESIAN_POINT('',(6.24644685977359,7.14644665410769,0.));
#15987=CARTESIAN_POINT('Origin',(5.892893484084,7.50000005960465,0.));
#15988=CARTESIAN_POINT('',(5.892893484084,8.00000005960464,0.));
#15989=CARTESIAN_POINT('Origin',(5.892893484084,7.50000005960465,0.));
#15990=CARTESIAN_POINT('',(5.892893484084,8.00000005960464,260.));
#15991=CARTESIAN_POINT('Origin',(5.892893484084,7.50000005960465,260.));
#15992=CARTESIAN_POINT('',(5.892893484084,8.00000005960464,0.));
#15993=CARTESIAN_POINT('Origin',(3.1,8.00000005960464,0.));
#15994=CARTESIAN_POINT('',(3.1,8.00000005960464,0.));
#15995=CARTESIAN_POINT('',(3.1,8.00000005960464,0.));
#15996=CARTESIAN_POINT('',(3.1,8.00000005960464,260.));
#15997=CARTESIAN_POINT('',(3.1,8.00000005960464,260.));
#15998=CARTESIAN_POINT('',(3.1,8.00000005960464,0.));
#15999=CARTESIAN_POINT('Origin',(3.1,10.,0.));
#16000=CARTESIAN_POINT('',(3.1,10.,0.));
#16001=CARTESIAN_POINT('',(3.1,8.00000005960464,0.));
#16002=CARTESIAN_POINT('',(3.1,10.,260.));
#16003=CARTESIAN_POINT('',(3.1,8.00000005960464,260.));
#16004=CARTESIAN_POINT('',(3.1,10.,0.));
#16005=CARTESIAN_POINT('Origin',(9.,10.,0.));
#16006=CARTESIAN_POINT('',(9.,10.,0.));
#16007=CARTESIAN_POINT('',(9.,10.,0.));
#16008=CARTESIAN_POINT('',(9.,10.,260.));
#16009=CARTESIAN_POINT('',(9.,10.,260.));
#16010=CARTESIAN_POINT('',(9.,10.,0.));
#16011=CARTESIAN_POINT('Origin',(9.,9.,0.));
#16012=CARTESIAN_POINT('',(10.,9.,0.));
#16013=CARTESIAN_POINT('Origin',(9.,9.,0.));
#16014=CARTESIAN_POINT('',(10.,9.,260.));
#16015=CARTESIAN_POINT('Origin',(9.,9.,260.));
#16016=CARTESIAN_POINT('',(10.,9.,0.));
#16017=CARTESIAN_POINT('Origin',(10.,3.1,0.));
#16018=CARTESIAN_POINT('',(10.,3.1,0.));
#16019=CARTESIAN_POINT('',(10.,3.1,0.));
#16020=CARTESIAN_POINT('',(10.,3.1,260.));
#16021=CARTESIAN_POINT('',(10.,3.1,260.));
#16022=CARTESIAN_POINT('',(10.,3.1,0.));
#16023=CARTESIAN_POINT('Origin',(8.00000005960465,3.1,0.));
#16024=CARTESIAN_POINT('',(8.00000005960465,3.1,0.));
#16025=CARTESIAN_POINT('',(8.00000005960465,3.1,0.));
#16026=CARTESIAN_POINT('',(8.00000005960465,3.1,260.));
#16027=CARTESIAN_POINT('',(8.00000005960465,3.1,260.));
#16028=CARTESIAN_POINT('',(8.00000005960465,3.1,0.));
#16029=CARTESIAN_POINT('Origin',(8.00000005960464,5.892893484084,0.));
#16030=CARTESIAN_POINT('',(8.00000005960464,5.892893484084,0.));
#16031=CARTESIAN_POINT('',(8.00000005960465,3.1,0.));
#16032=CARTESIAN_POINT('',(8.00000005960465,5.892893484084,260.));
#16033=CARTESIAN_POINT('',(8.00000005960465,3.1,260.));
#16034=CARTESIAN_POINT('',(8.00000005960464,5.892893484084,0.));
#16035=CARTESIAN_POINT('Origin',(7.50000005960464,5.892893484084,0.));
#16036=CARTESIAN_POINT('',(7.14644665410769,6.24644685977359,0.));
#16037=CARTESIAN_POINT('Origin',(7.50000005960464,5.892893484084,0.));
#16038=CARTESIAN_POINT('',(7.14644665410769,6.24644685977359,260.));
#16039=CARTESIAN_POINT('Origin',(7.50000005960464,5.892893484084,260.));
#16040=CARTESIAN_POINT('',(7.14644665410769,6.24644685977359,0.));
#16041=CARTESIAN_POINT('Origin',(4.00000005960464,3.1,0.));
#16042=CARTESIAN_POINT('',(4.00000005960464,3.1,0.));
#16043=CARTESIAN_POINT('',(4.00000005960464,3.1,0.));
#16044=CARTESIAN_POINT('',(4.00000005960464,3.1,260.));
#16045=CARTESIAN_POINT('',(4.00000005960464,3.1,260.));
#16046=CARTESIAN_POINT('',(4.00000005960464,3.1,0.));
#16047=CARTESIAN_POINT('Origin',(4.,-3.1,0.));
#16048=CARTESIAN_POINT('',(4.00000005960464,-3.1,0.));
#16049=CARTESIAN_POINT('',(4.,-3.1,0.));
#16050=CARTESIAN_POINT('',(4.00000005960464,-3.1,260.));
#16051=CARTESIAN_POINT('',(4.,-3.1,260.));
#16052=CARTESIAN_POINT('',(4.00000005960464,-3.1,0.));
#16053=CARTESIAN_POINT('Origin',(7.14644665410769,-6.24644685977359,0.));
#16054=CARTESIAN_POINT('',(7.14644665410769,-6.24644685977359,0.));
#16055=CARTESIAN_POINT('',(4.00000005960464,-3.1,0.));
#16056=CARTESIAN_POINT('',(7.14644665410769,-6.24644685977359,260.));
#16057=CARTESIAN_POINT('',(4.00000005960464,-3.1,260.));
#16058=CARTESIAN_POINT('',(7.14644665410769,-6.24644685977359,0.));
#16059=CARTESIAN_POINT('Origin',(7.50000005960464,-5.89289348408399,0.));
#16060=CARTESIAN_POINT('',(8.00000005960464,-5.892893484084,0.));
#16061=CARTESIAN_POINT('Origin',(7.50000005960464,-5.89289348408399,0.));
#16062=CARTESIAN_POINT('',(8.00000005960465,-5.892893484084,260.));
#16063=CARTESIAN_POINT('Origin',(7.50000005960464,-5.89289348408399,260.));
#16064=CARTESIAN_POINT('',(8.00000005960464,-5.892893484084,0.));
#16065=CARTESIAN_POINT('Origin',(8.00000005960465,-3.1,0.));
#16066=CARTESIAN_POINT('',(8.00000005960465,-3.1,0.));
#16067=CARTESIAN_POINT('',(8.00000005960465,-3.1,0.));
#16068=CARTESIAN_POINT('',(8.00000005960465,-3.1,260.));
#16069=CARTESIAN_POINT('',(8.00000005960465,-3.1,260.));
#16070=CARTESIAN_POINT('',(8.00000005960465,-3.1,0.));
#16071=CARTESIAN_POINT('Origin',(10.,-3.1,0.));
#16072=CARTESIAN_POINT('',(10.,-3.1,0.));
#16073=CARTESIAN_POINT('',(8.00000005960465,-3.1,0.));
#16074=CARTESIAN_POINT('',(10.,-3.1,260.));
#16075=CARTESIAN_POINT('',(8.00000005960465,-3.1,260.));
#16076=CARTESIAN_POINT('',(10.,-3.1,0.));
#16077=CARTESIAN_POINT('Origin',(10.,-9.,0.));
#16078=CARTESIAN_POINT('',(10.,-9.,0.));
#16079=CARTESIAN_POINT('',(10.,-9.,0.));
#16080=CARTESIAN_POINT('',(10.,-9.,260.));
#16081=CARTESIAN_POINT('',(10.,-9.,260.));
#16082=CARTESIAN_POINT('',(10.,-9.,0.));
#16083=CARTESIAN_POINT('Origin',(9.,-9.,0.));
#16084=CARTESIAN_POINT('',(9.,-10.,0.));
#16085=CARTESIAN_POINT('Origin',(9.,-9.,0.));
#16086=CARTESIAN_POINT('',(9.,-10.,260.));
#16087=CARTESIAN_POINT('Origin',(9.,-9.,260.));
#16088=CARTESIAN_POINT('',(9.,-10.,0.));
#16089=CARTESIAN_POINT('Origin',(3.1,-10.,0.));
#16090=CARTESIAN_POINT('',(3.1,-10.,0.));
#16091=CARTESIAN_POINT('',(3.1,-10.,0.));
#16092=CARTESIAN_POINT('',(3.1,-10.,260.));
#16093=CARTESIAN_POINT('',(3.1,-10.,260.));
#16094=CARTESIAN_POINT('',(3.1,-10.,0.));
#16095=CARTESIAN_POINT('Origin',(3.1,-8.00000005960464,0.));
#16096=CARTESIAN_POINT('',(3.1,-8.00000005960464,0.));
#16097=CARTESIAN_POINT('',(3.1,-8.00000005960464,0.));
#16098=CARTESIAN_POINT('',(3.1,-8.00000005960464,260.));
#16099=CARTESIAN_POINT('',(3.1,-8.00000005960464,260.));
#16100=CARTESIAN_POINT('',(3.1,-8.00000005960464,0.));
#16101=CARTESIAN_POINT('Origin',(5.892893484084,-8.00000005960464,0.));
#16102=CARTESIAN_POINT('',(5.892893484084,-8.00000005960464,0.));
#16103=CARTESIAN_POINT('',(3.1,-8.00000005960464,0.));
#16104=CARTESIAN_POINT('',(5.892893484084,-8.00000005960464,260.));
#16105=CARTESIAN_POINT('',(3.1,-8.00000005960464,260.));
#16106=CARTESIAN_POINT('',(5.892893484084,-8.00000005960464,0.));
#16107=CARTESIAN_POINT('Origin',(5.89289348408399,-7.50000005960464,0.));
#16108=CARTESIAN_POINT('',(6.24644685977359,-7.14644665410769,0.));
#16109=CARTESIAN_POINT('Origin',(5.89289348408399,-7.50000005960464,0.));
#16110=CARTESIAN_POINT('',(6.24644685977359,-7.14644665410769,260.));
#16111=CARTESIAN_POINT('Origin',(5.89289348408399,-7.50000005960464,260.));
#16112=CARTESIAN_POINT('',(6.24644685977359,-7.14644665410769,0.));
#16113=CARTESIAN_POINT('Origin',(3.1,-4.00000005960464,0.));
#16114=CARTESIAN_POINT('',(3.1,-4.00000005960464,0.));
#16115=CARTESIAN_POINT('',(3.1,-4.00000005960464,0.));
#16116=CARTESIAN_POINT('',(3.1,-4.00000005960464,260.));
#16117=CARTESIAN_POINT('',(3.1,-4.00000005960464,260.));
#16118=CARTESIAN_POINT('',(3.1,-4.00000005960464,0.));
#16119=CARTESIAN_POINT('Origin',(-3.1,-4.00000005960464,0.));
#16120=CARTESIAN_POINT('',(-3.1,-4.00000005960464,0.));
#16121=CARTESIAN_POINT('',(-3.1,-4.00000005960464,0.));
#16122=CARTESIAN_POINT('',(-3.1,-4.00000005960464,260.));
#16123=CARTESIAN_POINT('',(-3.1,-4.00000005960464,260.));
#16124=CARTESIAN_POINT('',(-3.1,-4.00000005960464,0.));
#16125=CARTESIAN_POINT('Origin',(-6.24644685977359,-7.14644665410769,0.));
#16126=CARTESIAN_POINT('',(-6.24644685977359,-7.14644665410769,0.));
#16127=CARTESIAN_POINT('',(-3.1,-4.00000005960464,0.));
#16128=CARTESIAN_POINT('',(-6.24644685977359,-7.14644665410769,260.));
#16129=CARTESIAN_POINT('',(-3.1,-4.00000005960464,260.));
#16130=CARTESIAN_POINT('',(-6.24644685977359,-7.14644665410769,0.));
#16131=CARTESIAN_POINT('Origin',(-5.892893484084,-7.50000005960465,0.));
#16132=CARTESIAN_POINT('',(-5.892893484084,-8.00000005960464,0.));
#16133=CARTESIAN_POINT('Origin',(-5.892893484084,-7.50000005960465,0.));
#16134=CARTESIAN_POINT('',(-5.892893484084,-8.00000005960464,260.));
#16135=CARTESIAN_POINT('Origin',(-5.892893484084,-7.50000005960465,260.));
#16136=CARTESIAN_POINT('',(-5.892893484084,-8.00000005960464,0.));
#16137=CARTESIAN_POINT('Origin',(-3.1,-8.00000005960464,0.));
#16138=CARTESIAN_POINT('',(-3.1,-8.00000005960464,0.));
#16139=CARTESIAN_POINT('',(-3.1,-8.00000005960464,0.));
#16140=CARTESIAN_POINT('',(-3.1,-8.00000005960464,260.));
#16141=CARTESIAN_POINT('',(-3.1,-8.00000005960464,260.));
#16142=CARTESIAN_POINT('',(-3.1,-8.00000005960464,0.));
#16143=CARTESIAN_POINT('Origin',(-3.1,-10.,0.));
#16144=CARTESIAN_POINT('',(-3.1,-10.,0.));
#16145=CARTESIAN_POINT('',(-3.1,-8.00000005960464,0.));
#16146=CARTESIAN_POINT('',(-3.1,-10.,260.));
#16147=CARTESIAN_POINT('',(-3.1,-8.00000005960464,260.));
#16148=CARTESIAN_POINT('',(-3.1,-10.,0.));
#16149=CARTESIAN_POINT('Origin',(-9.,-10.,0.));
#16150=CARTESIAN_POINT('',(-9.,-10.,0.));
#16151=CARTESIAN_POINT('',(-9.,-10.,0.));
#16152=CARTESIAN_POINT('',(-9.,-10.,260.));
#16153=CARTESIAN_POINT('',(-9.,-10.,260.));
#16154=CARTESIAN_POINT('',(-9.,-10.,0.));
#16155=CARTESIAN_POINT('Origin',(-9.,-9.,0.));
#16156=CARTESIAN_POINT('',(-10.,-9.,0.));
#16157=CARTESIAN_POINT('Origin',(-9.,-9.,0.));
#16158=CARTESIAN_POINT('',(-10.,-9.,260.));
#16159=CARTESIAN_POINT('Origin',(-9.,-9.,260.));
#16160=CARTESIAN_POINT('',(-10.,-9.,0.));
#16161=CARTESIAN_POINT('Origin',(-10.,-3.1,0.));
#16162=CARTESIAN_POINT('',(-10.,-3.1,0.));
#16163=CARTESIAN_POINT('',(-10.,-3.1,0.));
#16164=CARTESIAN_POINT('',(-10.,-3.1,260.));
#16165=CARTESIAN_POINT('',(-10.,-3.1,260.));
#16166=CARTESIAN_POINT('',(-10.,-3.1,0.));
#16167=CARTESIAN_POINT('Origin',(-8.00000005960465,-3.1,0.));
#16168=CARTESIAN_POINT('',(-8.00000005960465,-3.1,0.));
#16169=CARTESIAN_POINT('',(-8.00000005960465,-3.1,260.));
#16170=CARTESIAN_POINT('Origin',(0.,0.,260.));
#16171=CARTESIAN_POINT('Origin',(0.,0.,0.));
#16172=CARTESIAN_POINT('Origin',(0.,0.,112.474));
#16173=CARTESIAN_POINT('',(-2.5,11.,112.474));
#16174=CARTESIAN_POINT('Origin',(0.,11.,112.474));
#16175=CARTESIAN_POINT('',(-2.5,0.,112.474));
#16176=CARTESIAN_POINT('',(-2.5,0.,112.474));
#16177=CARTESIAN_POINT('Origin',(0.,0.,112.474));
#16178=CARTESIAN_POINT('Origin',(0.,11.,112.474));
#16179=CARTESIAN_POINT('Origin',(0.,0.,112.474));
#16180=CARTESIAN_POINT('Origin',(0.,0.,147.526));
#16181=CARTESIAN_POINT('',(-2.5,11.,147.526));
#16182=CARTESIAN_POINT('Origin',(0.,11.,147.526));
#16183=CARTESIAN_POINT('',(-2.5,0.,147.526));
#16184=CARTESIAN_POINT('',(-2.5,0.,147.526));
#16185=CARTESIAN_POINT('Origin',(0.,0.,147.526));
#16186=CARTESIAN_POINT('Origin',(0.,11.,147.526));
#16187=CARTESIAN_POINT('Origin',(0.,0.,147.526));
#16188=CARTESIAN_POINT('',(0.,0.,0.));
#16189=CARTESIAN_POINT('',(350.,-140.,-10.0000000000364));
#16190=CARTESIAN_POINT('',(349.999999999999,140.,-9.99999999999995));
#16191=CARTESIAN_POINT('',(339.999999999995,130.,-10.0000000000359));
#16192=CARTESIAN_POINT('',(329.999999999997,17.5259999999994,-10.0000000000354));
#16193=CARTESIAN_POINT('',(-340.,130.,-10.0000000000003));
#16194=CARTESIAN_POINT('',(329.999999999998,-17.5260000000005,-10.0000000000354));
#16195=CARTESIAN_POINT('',(0.,0.,0.));
#16196=CARTESIAN_POINT('',(-350.,-150.000000000873,1.00000000000001));
#16197=CARTESIAN_POINT('',(319.999999552965,-149.999999998355,1.00000000000001));
#16198=CARTESIAN_POINT('',(319.99999955132,119.999999555484,1.00000000000001));
#16199=CARTESIAN_POINT('',(-350.000000000873,119.999999552965,0.999999999999801));
#16200=CARTESIAN_POINT('',(-350.000000002519,119.999999552965,670.999999555484));
#16201=CARTESIAN_POINT('',(320.000004768372,-119.999999553839,701.000011921802));
#16202=CARTESIAN_POINT('',(-319.999999555484,24.9999995504464,670.999999553839));
#16203=CARTESIAN_POINT('',(-319.999995231629,-55.0000000025157,671.000011476412));
#16204=CARTESIAN_POINT('',(-349.99999600002,-120.005200595384,335.991406876676));
#16205=CARTESIAN_POINT('',(-319.999999553838,119.999999552294,0.999999999441002));
#16206=CARTESIAN_POINT('',(320.000013525875,-120.005200592865,335.991406876676));
#16207=CARTESIAN_POINT('',(349.999999998354,119.999999552294,0.999999999441207));
#16208=CARTESIAN_POINT('',(296.000005215406,-130.000001937151,-9.99999999999989));
#16209=CARTESIAN_POINT('',(246.000005215406,-130.000001937151,-10.));
#16210=CARTESIAN_POINT('',(-296.000005215406,-130.000001937151,-10.));
#16211=CARTESIAN_POINT('',(-246.000005215406,-130.000001937151,-10.));
#16212=UNCERTAINTY_MEASURE_WITH_UNIT(LENGTH_MEASURE(0.01),#16238,
'DISTANCE_ACCURACY_VALUE',
'Maximum model space distance between geometric entities at asserted c
onnectivities');
#16213=UNCERTAINTY_MEASURE_WITH_UNIT(LENGTH_MEASURE(0.01),#16238,
'DISTANCE_ACCURACY_VALUE',
'Maximum model space distance between geometric entities at asserted c
onnectivities');
#16214=UNCERTAINTY_MEASURE_WITH_UNIT(LENGTH_MEASURE(0.01),#16238,
'DISTANCE_ACCURACY_VALUE',
'Maximum model space distance between geometric entities at asserted c
onnectivities');
#16215=UNCERTAINTY_MEASURE_WITH_UNIT(LENGTH_MEASURE(0.01),#16238,
'DISTANCE_ACCURACY_VALUE',
'Maximum model space distance between geometric entities at asserted c
onnectivities');
#16216=UNCERTAINTY_MEASURE_WITH_UNIT(LENGTH_MEASURE(0.01),#16238,
'DISTANCE_ACCURACY_VALUE',
'Maximum model space distance between geometric entities at asserted c
onnectivities');
#16217=UNCERTAINTY_MEASURE_WITH_UNIT(LENGTH_MEASURE(0.01),#16238,
'DISTANCE_ACCURACY_VALUE',
'Maximum model space distance between geometric entities at asserted c
onnectivities');
#16218=UNCERTAINTY_MEASURE_WITH_UNIT(LENGTH_MEASURE(0.01),#16238,
'DISTANCE_ACCURACY_VALUE',
'Maximum model space distance between geometric entities at asserted c
onnectivities');
#16219=UNCERTAINTY_MEASURE_WITH_UNIT(LENGTH_MEASURE(0.01),#16238,
'DISTANCE_ACCURACY_VALUE',
'Maximum model space distance between geometric entities at asserted c
onnectivities');
#16220=UNCERTAINTY_MEASURE_WITH_UNIT(LENGTH_MEASURE(0.01),#16238,
'DISTANCE_ACCURACY_VALUE',
'Maximum model space distance between geometric entities at asserted c
onnectivities');
#16221=UNCERTAINTY_MEASURE_WITH_UNIT(LENGTH_MEASURE(0.01),#16238,
'DISTANCE_ACCURACY_VALUE',
'Maximum model space distance between geometric entities at asserted c
onnectivities');
#16222=UNCERTAINTY_MEASURE_WITH_UNIT(LENGTH_MEASURE(0.01),#16238,
'DISTANCE_ACCURACY_VALUE',
'Maximum model space distance between geometric entities at asserted c
onnectivities');
#16223=UNCERTAINTY_MEASURE_WITH_UNIT(LENGTH_MEASURE(0.01),#16238,
'DISTANCE_ACCURACY_VALUE',
'Maximum model space distance between geometric entities at asserted c
onnectivities');
#16224=UNCERTAINTY_MEASURE_WITH_UNIT(LENGTH_MEASURE(0.01),#16238,
'DISTANCE_ACCURACY_VALUE',
'Maximum model space distance between geometric entities at asserted c
onnectivities');
#16225=(
GEOMETRIC_REPRESENTATION_CONTEXT(3)
GLOBAL_UNCERTAINTY_ASSIGNED_CONTEXT((#16212))
GLOBAL_UNIT_ASSIGNED_CONTEXT((#16238,#16240,#16241))
REPRESENTATION_CONTEXT('','3D')
);
#16226=(
GEOMETRIC_REPRESENTATION_CONTEXT(3)
GLOBAL_UNCERTAINTY_ASSIGNED_CONTEXT((#16213))
GLOBAL_UNIT_ASSIGNED_CONTEXT((#16238,#16240,#16241))
REPRESENTATION_CONTEXT('','3D')
);
#16227=(
GEOMETRIC_REPRESENTATION_CONTEXT(3)
GLOBAL_UNCERTAINTY_ASSIGNED_CONTEXT((#16214))
GLOBAL_UNIT_ASSIGNED_CONTEXT((#16238,#16240,#16241))
REPRESENTATION_CONTEXT('','3D')
);
#16228=(
GEOMETRIC_REPRESENTATION_CONTEXT(3)
GLOBAL_UNCERTAINTY_ASSIGNED_CONTEXT((#16215))
GLOBAL_UNIT_ASSIGNED_CONTEXT((#16238,#16240,#16241))
REPRESENTATION_CONTEXT('','3D')
);
#16229=(
GEOMETRIC_REPRESENTATION_CONTEXT(3)
GLOBAL_UNCERTAINTY_ASSIGNED_CONTEXT((#16216))
GLOBAL_UNIT_ASSIGNED_CONTEXT((#16238,#16240,#16241))
REPRESENTATION_CONTEXT('','3D')
);
#16230=(
GEOMETRIC_REPRESENTATION_CONTEXT(3)
GLOBAL_UNCERTAINTY_ASSIGNED_CONTEXT((#16217))
GLOBAL_UNIT_ASSIGNED_CONTEXT((#16238,#16240,#16241))
REPRESENTATION_CONTEXT('','3D')
);
#16231=(
GEOMETRIC_REPRESENTATION_CONTEXT(3)
GLOBAL_UNCERTAINTY_ASSIGNED_CONTEXT((#16218))
GLOBAL_UNIT_ASSIGNED_CONTEXT((#16238,#16240,#16241))
REPRESENTATION_CONTEXT('','3D')
);
#16232=(
GEOMETRIC_REPRESENTATION_CONTEXT(3)
GLOBAL_UNCERTAINTY_ASSIGNED_CONTEXT((#16219))
GLOBAL_UNIT_ASSIGNED_CONTEXT((#16238,#16240,#16241))
REPRESENTATION_CONTEXT('','3D')
);
#16233=(
GEOMETRIC_REPRESENTATION_CONTEXT(3)
GLOBAL_UNCERTAINTY_ASSIGNED_CONTEXT((#16220))
GLOBAL_UNIT_ASSIGNED_CONTEXT((#16238,#16240,#16241))
REPRESENTATION_CONTEXT('','3D')
);
#16234=(
GEOMETRIC_REPRESENTATION_CONTEXT(3)
GLOBAL_UNCERTAINTY_ASSIGNED_CONTEXT((#16221))
GLOBAL_UNIT_ASSIGNED_CONTEXT((#16238,#16240,#16241))
REPRESENTATION_CONTEXT('','3D')
);
#16235=(
GEOMETRIC_REPRESENTATION_CONTEXT(3)
GLOBAL_UNCERTAINTY_ASSIGNED_CONTEXT((#16222))
GLOBAL_UNIT_ASSIGNED_CONTEXT((#16238,#16240,#16241))
REPRESENTATION_CONTEXT('','3D')
);
#16236=(
GEOMETRIC_REPRESENTATION_CONTEXT(3)
GLOBAL_UNCERTAINTY_ASSIGNED_CONTEXT((#16223))
GLOBAL_UNIT_ASSIGNED_CONTEXT((#16238,#16240,#16241))
REPRESENTATION_CONTEXT('','3D')
);
#16237=(
GEOMETRIC_REPRESENTATION_CONTEXT(3)
GLOBAL_UNCERTAINTY_ASSIGNED_CONTEXT((#16224))
GLOBAL_UNIT_ASSIGNED_CONTEXT((#16238,#16240,#16241))
REPRESENTATION_CONTEXT('','3D')
);
#16238=(
LENGTH_UNIT()
NAMED_UNIT(*)
SI_UNIT(.MILLI.,.METRE.)
);
#16239=(
LENGTH_UNIT()
NAMED_UNIT(*)
SI_UNIT($,.METRE.)
);
#16240=(
NAMED_UNIT(*)
PLANE_ANGLE_UNIT()
SI_UNIT($,.RADIAN.)
);
#16241=(
NAMED_UNIT(*)
SI_UNIT($,.STERADIAN.)
SOLID_ANGLE_UNIT()
);
#16242=SHAPE_DEFINITION_REPRESENTATION(#16254,#16292);
#16243=SHAPE_DEFINITION_REPRESENTATION(#16255,#16293);
#16244=SHAPE_DEFINITION_REPRESENTATION(#16256,#16294);
#16245=SHAPE_DEFINITION_REPRESENTATION(#16257,#16295);
#16246=SHAPE_DEFINITION_REPRESENTATION(#16258,#16296);
#16247=SHAPE_DEFINITION_REPRESENTATION(#16259,#16297);
#16248=SHAPE_DEFINITION_REPRESENTATION(#16260,#16298);
#16249=SHAPE_DEFINITION_REPRESENTATION(#16261,#16299);
#16250=SHAPE_DEFINITION_REPRESENTATION(#16262,#16300);
#16251=SHAPE_DEFINITION_REPRESENTATION(#16265,#16301);
#16252=SHAPE_DEFINITION_REPRESENTATION(#16266,#16302);
#16253=SHAPE_DEFINITION_REPRESENTATION(#16267,#16303);
#16254=PRODUCT_DEFINITION_SHAPE('',$,#16305);
#16255=PRODUCT_DEFINITION_SHAPE('',$,#16306);
#16256=PRODUCT_DEFINITION_SHAPE('',$,#16307);
#16257=PRODUCT_DEFINITION_SHAPE('',$,#16308);
#16258=PRODUCT_DEFINITION_SHAPE('',$,#16309);
#16259=PRODUCT_DEFINITION_SHAPE('',$,#16310);
#16260=PRODUCT_DEFINITION_SHAPE('',$,#16311);
#16261=PRODUCT_DEFINITION_SHAPE('',$,#16312);
#16262=PRODUCT_DEFINITION_SHAPE('',$,#16313);
#16263=PRODUCT_DEFINITION_SHAPE($,$,#91);
#16264=PRODUCT_DEFINITION_SHAPE($,$,#92);
#16265=PRODUCT_DEFINITION_SHAPE('',$,#16314);
#16266=PRODUCT_DEFINITION_SHAPE('',$,#16315);
#16267=PRODUCT_DEFINITION_SHAPE('',$,#16316);
#16268=PRODUCT_DEFINITION_SHAPE($,$,#93);
#16269=PRODUCT_DEFINITION_SHAPE($,$,#94);
#16270=PRODUCT_DEFINITION_SHAPE($,$,#95);
#16271=PRODUCT_DEFINITION_SHAPE($,$,#96);
#16272=PRODUCT_DEFINITION_SHAPE($,$,#97);
#16273=PRODUCT_DEFINITION_SHAPE($,$,#98);
#16274=PRODUCT_DEFINITION_SHAPE($,$,#99);
#16275=PRODUCT_DEFINITION_SHAPE($,$,#100);
#16276=PRODUCT_DEFINITION_SHAPE($,$,#101);
#16277=PRODUCT_DEFINITION_SHAPE($,$,#102);
#16278=PRODUCT_DEFINITION_SHAPE($,$,#103);
#16279=PRODUCT_DEFINITION_SHAPE($,$,#104);
#16280=PRODUCT_DEFINITION_SHAPE($,$,#105);
#16281=PRODUCT_DEFINITION_SHAPE($,$,#106);
#16282=PRODUCT_DEFINITION_SHAPE($,$,#107);
#16283=PRODUCT_DEFINITION_SHAPE($,$,#108);
#16284=PRODUCT_DEFINITION_SHAPE($,$,#109);
#16285=PRODUCT_DEFINITION_SHAPE($,$,#110);
#16286=PRODUCT_DEFINITION_SHAPE($,$,#111);
#16287=PRODUCT_DEFINITION_SHAPE($,$,#112);
#16288=PRODUCT_DEFINITION_SHAPE($,$,#113);
#16289=PRODUCT_DEFINITION_SHAPE($,$,#114);
#16290=PRODUCT_DEFINITION_SHAPE($,$,#115);
#16291=PRODUCT_DEFINITION_SHAPE($,$,#116);
#16292=SHAPE_REPRESENTATION('',(#10172,#10772,#10773,#10774,#10775,#10776,
#10777,#10778,#10779,#10780,#10781,#10782,#10783,#10784,#10785,#10786,#10787,
#10788),#16225);
#16293=SHAPE_REPRESENTATION('',(#10173,#10765,#10766,#10767,#10768,#10769,
#10770,#10771),#16226);
#16294=SHAPE_REPRESENTATION('',(#10174),#16227);
#16295=SHAPE_REPRESENTATION('',(#10181),#16228);
#16296=SHAPE_REPRESENTATION('',(#10259),#16229);
#16297=SHAPE_REPRESENTATION('',(#10337),#16230);
#16298=SHAPE_REPRESENTATION('',(#10421,#10507),#16231);
#16299=SHAPE_REPRESENTATION('',(#10422,#10508),#16232);
#16300=SHAPE_REPRESENTATION('',(#10423),#16233);
#16301=SHAPE_REPRESENTATION('',(#10509),#16234);
#16302=SHAPE_REPRESENTATION('',(#10593),#16235);
#16303=SHAPE_REPRESENTATION('',(#10677),#16236);
#16304=PRODUCT_DEFINITION_CONTEXT('part definition',#16342,'design');
#16305=PRODUCT_DEFINITION('Final Design Model','Final Design Model v4',
#16317,#16304);
#16306=PRODUCT_DEFINITION('Base 70cm x 30 cm','Base 70cm x 30 cm v1',#16318,
#16304);
#16307=PRODUCT_DEFINITION('Steel Sheet','Steel Sheet v1',#16319,#16304);
#16308=PRODUCT_DEFINITION('20 mm ROD 700 mm length',
'20 mm ROD 700 mm length v1',#16320,#16304);
#16309=PRODUCT_DEFINITION('20 mm ROD 660mm  length',
'20 mm ROD 660mm  length v1',#16321,#16304);
#16310=PRODUCT_DEFINITION('800 mm Rod','800 mm Rod v1',#16322,#16304);
#16311=PRODUCT_DEFINITION('240 mm rod','240 mm rod v1',#16323,#16304);
#16312=PRODUCT_DEFINITION('240 mm rod_1','240 mm rod v1',#16324,#16304);
#16313=PRODUCT_DEFINITION('30x30 sketch','30x30 sketch v1',#16325,#16304);
#16314=PRODUCT_DEFINITION('640mm Rod','640mm Rod v1',#16326,#16304);
#16315=PRODUCT_DEFINITION('KSHAPE+ROD','KSHAPE+ROD v1',#16327,#16304);
#16316=PRODUCT_DEFINITION('20 mm ROD 260mm length',
'20 mm ROD 260mm length v1',#16328,#16304);
#16317=PRODUCT_DEFINITION_FORMATION('',$,#16344);
#16318=PRODUCT_DEFINITION_FORMATION('',$,#16345);
#16319=PRODUCT_DEFINITION_FORMATION('',$,#16346);
#16320=PRODUCT_DEFINITION_FORMATION('',$,#16347);
#16321=PRODUCT_DEFINITION_FORMATION('',$,#16348);
#16322=PRODUCT_DEFINITION_FORMATION('',$,#16349);
#16323=PRODUCT_DEFINITION_FORMATION('',$,#16350);
#16324=PRODUCT_DEFINITION_FORMATION('',$,#16351);
#16325=PRODUCT_DEFINITION_FORMATION('',$,#16352);
#16326=PRODUCT_DEFINITION_FORMATION('',$,#16353);
#16327=PRODUCT_DEFINITION_FORMATION('',$,#16354);
#16328=PRODUCT_DEFINITION_FORMATION('',$,#16355);
#16329=PRODUCT_RELATED_PRODUCT_CATEGORY('Final Design Model v4',
'Final Design Model v4',(#16344));
#16330=PRODUCT_RELATED_PRODUCT_CATEGORY('Base 70cm x 30 cm v1',
'Base 70cm x 30 cm v1',(#16345));
#16331=PRODUCT_RELATED_PRODUCT_CATEGORY('Steel Sheet v1',
'Steel Sheet v1',(#16346));
#16332=PRODUCT_RELATED_PRODUCT_CATEGORY('20 mm ROD 700 mm length v1',
'20 mm ROD 700 mm length v1',(#16347));
#16333=PRODUCT_RELATED_PRODUCT_CATEGORY('20 mm ROD 660mm  length v1',
'20 mm ROD 660mm  length v1',(#16348));
#16334=PRODUCT_RELATED_PRODUCT_CATEGORY('800 mm Rod v1','800 mm Rod v1',
(#16349));
#16335=PRODUCT_RELATED_PRODUCT_CATEGORY('240 mm rod v1','240 mm rod v1',
(#16350));
#16336=PRODUCT_RELATED_PRODUCT_CATEGORY('240 mm rod v1','240 mm rod v1',
(#16351));
#16337=PRODUCT_RELATED_PRODUCT_CATEGORY('30x30 sketch v1',
'30x30 sketch v1',(#16352));
#16338=PRODUCT_RELATED_PRODUCT_CATEGORY('640mm Rod v1','640mm Rod v1',(#16353));
#16339=PRODUCT_RELATED_PRODUCT_CATEGORY('KSHAPE+ROD v1','KSHAPE+ROD v1',
(#16354));
#16340=PRODUCT_RELATED_PRODUCT_CATEGORY('20 mm ROD 260mm length v1',
'20 mm ROD 260mm length v1',(#16355));
#16341=APPLICATION_PROTOCOL_DEFINITION('international standard',
'automotive_design',2009,#16342);
#16342=APPLICATION_CONTEXT(
'Core Data for Automotive Mechanical Design Process');
#16343=PRODUCT_CONTEXT('part definition',#16342,'mechanical');
#16344=PRODUCT('Final Design Model','Final Design Model v4',$,(#16343));
#16345=PRODUCT('Base 70cm x 30 cm','Base 70cm x 30 cm v1',$,(#16343));
#16346=PRODUCT('Steel Sheet','Steel Sheet v1',$,(#16343));
#16347=PRODUCT('20 mm ROD 700 mm length','20 mm ROD 700 mm length v1',$,
(#16343));
#16348=PRODUCT('20 mm ROD 660mm  length','20 mm ROD 660mm  length v1',$,
(#16343));
#16349=PRODUCT('800 mm Rod','800 mm Rod v1',$,(#16343));
#16350=PRODUCT('240 mm rod','240 mm rod v1',$,(#16343));
#16351=PRODUCT('240 mm rod_1','240 mm rod v1',$,(#16343));
#16352=PRODUCT('30x30 sketch','30x30 sketch v1',$,(#16343));
#16353=PRODUCT('640mm Rod','640mm Rod v1',$,(#16343));
#16354=PRODUCT('KSHAPE+ROD','KSHAPE+ROD v1',$,(#16343));
#16355=PRODUCT('20 mm ROD 260mm length','20 mm ROD 260mm length v1',$,(#16343));
#16356=PRESENTATION_STYLE_ASSIGNMENT((#16359));
#16357=PRESENTATION_STYLE_ASSIGNMENT((#16360));
#16358=PRESENTATION_STYLE_ASSIGNMENT((#16361));
#16359=SURFACE_STYLE_USAGE(.BOTH.,#16362);
#16360=SURFACE_STYLE_USAGE(.BOTH.,#16363);
#16361=SURFACE_STYLE_USAGE(.BOTH.,#16364);
#16362=SURFACE_SIDE_STYLE('',(#16365));
#16363=SURFACE_SIDE_STYLE('',(#16366));
#16364=SURFACE_SIDE_STYLE('',(#16367));
#16365=SURFACE_STYLE_FILL_AREA(#16368);
#16366=SURFACE_STYLE_FILL_AREA(#16369);
#16367=SURFACE_STYLE_FILL_AREA(#16370);
#16368=FILL_AREA_STYLE('Steel - Satin',(#16371));
#16369=FILL_AREA_STYLE('Aluminum - Satin',(#16372));
#16370=FILL_AREA_STYLE('Aluminum - Satin',(#16373));
#16371=FILL_AREA_STYLE_COLOUR('Steel - Satin',#16374);
#16372=FILL_AREA_STYLE_COLOUR('Aluminum - Satin',#16375);
#16373=FILL_AREA_STYLE_COLOUR('Aluminum - Satin',#16376);
#16374=COLOUR_RGB('Steel - Satin',0.627450980392157,0.627450980392157,0.627450980392157);
#16375=COLOUR_RGB('Aluminum - Satin',0.96078431372549,0.96078431372549,
0.964705882352941);
#16376=COLOUR_RGB('Aluminum - Satin',0.96078431372549,0.96078431372549,
0.964705882352941);
ENDSEC;
END-ISO-10303-21;
