ISO-10303-21;
HEADER;
/* Generated by software containing ST-Developer
 * from STEP Tools, Inc. (www.steptools.com) 
 */

FILE_DESCRIPTION(
/* description */ (''),
/* implementation_level */ '2;1');

FILE_NAME(
/* name */ '640mm Rod v1.step',
/* time_stamp */ '2025-07-18T20:14:33+05:30',
/* author */ (''),
/* organization */ (''),
/* preprocessor_version */ 'ST-DEVELOPER v20.1',
/* originating_system */ 'Autodesk Translation Framework v14.10.0.0',
/* authorisation */ '');

FILE_SCHEMA (('AUTOMOTIVE_DESIGN { 1 0 10303 214 3 1 1 }'));
ENDSEC;

DATA;
#10=MECHANICAL_DESIGN_GEOMETRIC_PRESENTATION_REPRESENTATION('',(#13),#2680);
#11=SHAPE_REPRESENTATION_RELATIONSHIP('SRR','None',#2687,#12);
#12=ADVANCED_BREP_SHAPE_REPRESENTATION('',(#14),#2679);
#13=STYLED_ITEM('',(#2696),#14);
#14=MANIFOLD_SOLID_BREP('Body1',#1700);
#15=FACE_BOUND('',#189,.T.);
#16=FACE_BOUND('',#190,.T.);
#17=FACE_BOUND('',#191,.T.);
#18=FACE_BOUND('',#192,.T.);
#19=FACE_BOUND('',#193,.T.);
#20=FACE_BOUND('',#195,.T.);
#21=FACE_BOUND('',#196,.T.);
#22=FACE_BOUND('',#197,.T.);
#23=FACE_BOUND('',#198,.T.);
#24=FACE_BOUND('',#199,.T.);
#25=CIRCLE('',#1731,3.5);
#26=CIRCLE('',#1732,3.5);
#27=CYLINDRICAL_SURFACE('',#1730,3.5);
#28=FACE_OUTER_BOUND('',#109,.T.);
#29=FACE_OUTER_BOUND('',#110,.T.);
#30=FACE_OUTER_BOUND('',#111,.T.);
#31=FACE_OUTER_BOUND('',#112,.T.);
#32=FACE_OUTER_BOUND('',#113,.T.);
#33=FACE_OUTER_BOUND('',#114,.T.);
#34=FACE_OUTER_BOUND('',#115,.T.);
#35=FACE_OUTER_BOUND('',#116,.T.);
#36=FACE_OUTER_BOUND('',#117,.T.);
#37=FACE_OUTER_BOUND('',#118,.T.);
#38=FACE_OUTER_BOUND('',#119,.T.);
#39=FACE_OUTER_BOUND('',#120,.T.);
#40=FACE_OUTER_BOUND('',#121,.T.);
#41=FACE_OUTER_BOUND('',#122,.T.);
#42=FACE_OUTER_BOUND('',#123,.T.);
#43=FACE_OUTER_BOUND('',#124,.T.);
#44=FACE_OUTER_BOUND('',#125,.T.);
#45=FACE_OUTER_BOUND('',#126,.T.);
#46=FACE_OUTER_BOUND('',#127,.T.);
#47=FACE_OUTER_BOUND('',#128,.T.);
#48=FACE_OUTER_BOUND('',#129,.T.);
#49=FACE_OUTER_BOUND('',#130,.T.);
#50=FACE_OUTER_BOUND('',#131,.T.);
#51=FACE_OUTER_BOUND('',#132,.T.);
#52=FACE_OUTER_BOUND('',#133,.T.);
#53=FACE_OUTER_BOUND('',#134,.T.);
#54=FACE_OUTER_BOUND('',#135,.T.);
#55=FACE_OUTER_BOUND('',#136,.T.);
#56=FACE_OUTER_BOUND('',#137,.T.);
#57=FACE_OUTER_BOUND('',#138,.T.);
#58=FACE_OUTER_BOUND('',#139,.T.);
#59=FACE_OUTER_BOUND('',#140,.T.);
#60=FACE_OUTER_BOUND('',#141,.T.);
#61=FACE_OUTER_BOUND('',#142,.T.);
#62=FACE_OUTER_BOUND('',#143,.T.);
#63=FACE_OUTER_BOUND('',#144,.T.);
#64=FACE_OUTER_BOUND('',#145,.T.);
#65=FACE_OUTER_BOUND('',#146,.T.);
#66=FACE_OUTER_BOUND('',#147,.T.);
#67=FACE_OUTER_BOUND('',#148,.T.);
#68=FACE_OUTER_BOUND('',#149,.T.);
#69=FACE_OUTER_BOUND('',#150,.T.);
#70=FACE_OUTER_BOUND('',#151,.T.);
#71=FACE_OUTER_BOUND('',#152,.T.);
#72=FACE_OUTER_BOUND('',#153,.T.);
#73=FACE_OUTER_BOUND('',#154,.T.);
#74=FACE_OUTER_BOUND('',#155,.T.);
#75=FACE_OUTER_BOUND('',#156,.T.);
#76=FACE_OUTER_BOUND('',#157,.T.);
#77=FACE_OUTER_BOUND('',#158,.T.);
#78=FACE_OUTER_BOUND('',#159,.T.);
#79=FACE_OUTER_BOUND('',#160,.T.);
#80=FACE_OUTER_BOUND('',#161,.T.);
#81=FACE_OUTER_BOUND('',#162,.T.);
#82=FACE_OUTER_BOUND('',#163,.T.);
#83=FACE_OUTER_BOUND('',#164,.T.);
#84=FACE_OUTER_BOUND('',#165,.T.);
#85=FACE_OUTER_BOUND('',#166,.T.);
#86=FACE_OUTER_BOUND('',#167,.T.);
#87=FACE_OUTER_BOUND('',#168,.T.);
#88=FACE_OUTER_BOUND('',#169,.T.);
#89=FACE_OUTER_BOUND('',#170,.T.);
#90=FACE_OUTER_BOUND('',#171,.T.);
#91=FACE_OUTER_BOUND('',#172,.T.);
#92=FACE_OUTER_BOUND('',#173,.T.);
#93=FACE_OUTER_BOUND('',#174,.T.);
#94=FACE_OUTER_BOUND('',#175,.T.);
#95=FACE_OUTER_BOUND('',#176,.T.);
#96=FACE_OUTER_BOUND('',#177,.T.);
#97=FACE_OUTER_BOUND('',#178,.T.);
#98=FACE_OUTER_BOUND('',#179,.T.);
#99=FACE_OUTER_BOUND('',#180,.T.);
#100=FACE_OUTER_BOUND('',#181,.T.);
#101=FACE_OUTER_BOUND('',#182,.T.);
#102=FACE_OUTER_BOUND('',#183,.T.);
#103=FACE_OUTER_BOUND('',#184,.T.);
#104=FACE_OUTER_BOUND('',#185,.T.);
#105=FACE_OUTER_BOUND('',#186,.T.);
#106=FACE_OUTER_BOUND('',#187,.T.);
#107=FACE_OUTER_BOUND('',#188,.T.);
#108=FACE_OUTER_BOUND('',#194,.T.);
#109=EDGE_LOOP('',(#1065,#1066,#1067,#1068));
#110=EDGE_LOOP('',(#1069,#1070,#1071,#1072));
#111=EDGE_LOOP('',(#1073,#1074,#1075,#1076));
#112=EDGE_LOOP('',(#1077,#1078,#1079,#1080));
#113=EDGE_LOOP('',(#1081,#1082,#1083,#1084));
#114=EDGE_LOOP('',(#1085,#1086,#1087,#1088));
#115=EDGE_LOOP('',(#1089,#1090,#1091,#1092));
#116=EDGE_LOOP('',(#1093,#1094,#1095,#1096));
#117=EDGE_LOOP('',(#1097,#1098,#1099,#1100));
#118=EDGE_LOOP('',(#1101,#1102,#1103,#1104));
#119=EDGE_LOOP('',(#1105,#1106,#1107,#1108));
#120=EDGE_LOOP('',(#1109,#1110,#1111,#1112));
#121=EDGE_LOOP('',(#1113,#1114,#1115,#1116));
#122=EDGE_LOOP('',(#1117,#1118,#1119,#1120));
#123=EDGE_LOOP('',(#1121,#1122,#1123,#1124));
#124=EDGE_LOOP('',(#1125,#1126,#1127,#1128));
#125=EDGE_LOOP('',(#1129,#1130,#1131,#1132));
#126=EDGE_LOOP('',(#1133,#1134,#1135,#1136));
#127=EDGE_LOOP('',(#1137,#1138,#1139,#1140));
#128=EDGE_LOOP('',(#1141,#1142,#1143,#1144));
#129=EDGE_LOOP('',(#1145,#1146,#1147,#1148));
#130=EDGE_LOOP('',(#1149,#1150,#1151,#1152));
#131=EDGE_LOOP('',(#1153,#1154,#1155,#1156));
#132=EDGE_LOOP('',(#1157,#1158,#1159,#1160));
#133=EDGE_LOOP('',(#1161,#1162,#1163,#1164));
#134=EDGE_LOOP('',(#1165,#1166,#1167,#1168));
#135=EDGE_LOOP('',(#1169,#1170,#1171,#1172));
#136=EDGE_LOOP('',(#1173,#1174,#1175,#1176));
#137=EDGE_LOOP('',(#1177,#1178,#1179,#1180));
#138=EDGE_LOOP('',(#1181,#1182,#1183,#1184));
#139=EDGE_LOOP('',(#1185,#1186,#1187,#1188));
#140=EDGE_LOOP('',(#1189,#1190,#1191,#1192));
#141=EDGE_LOOP('',(#1193,#1194,#1195,#1196));
#142=EDGE_LOOP('',(#1197,#1198,#1199,#1200));
#143=EDGE_LOOP('',(#1201,#1202,#1203,#1204));
#144=EDGE_LOOP('',(#1205,#1206,#1207,#1208));
#145=EDGE_LOOP('',(#1209,#1210,#1211,#1212));
#146=EDGE_LOOP('',(#1213,#1214,#1215,#1216));
#147=EDGE_LOOP('',(#1217,#1218,#1219,#1220));
#148=EDGE_LOOP('',(#1221,#1222,#1223,#1224));
#149=EDGE_LOOP('',(#1225,#1226,#1227,#1228));
#150=EDGE_LOOP('',(#1229,#1230,#1231,#1232));
#151=EDGE_LOOP('',(#1233,#1234,#1235,#1236));
#152=EDGE_LOOP('',(#1237,#1238,#1239,#1240));
#153=EDGE_LOOP('',(#1241,#1242,#1243,#1244));
#154=EDGE_LOOP('',(#1245,#1246,#1247,#1248));
#155=EDGE_LOOP('',(#1249,#1250,#1251,#1252));
#156=EDGE_LOOP('',(#1253,#1254,#1255,#1256));
#157=EDGE_LOOP('',(#1257,#1258,#1259,#1260));
#158=EDGE_LOOP('',(#1261,#1262,#1263,#1264));
#159=EDGE_LOOP('',(#1265,#1266,#1267,#1268));
#160=EDGE_LOOP('',(#1269,#1270,#1271,#1272));
#161=EDGE_LOOP('',(#1273,#1274,#1275,#1276));
#162=EDGE_LOOP('',(#1277,#1278,#1279,#1280));
#163=EDGE_LOOP('',(#1281,#1282,#1283,#1284));
#164=EDGE_LOOP('',(#1285,#1286,#1287,#1288));
#165=EDGE_LOOP('',(#1289,#1290,#1291,#1292));
#166=EDGE_LOOP('',(#1293,#1294,#1295,#1296));
#167=EDGE_LOOP('',(#1297,#1298,#1299,#1300));
#168=EDGE_LOOP('',(#1301,#1302,#1303,#1304));
#169=EDGE_LOOP('',(#1305,#1306,#1307,#1308));
#170=EDGE_LOOP('',(#1309,#1310,#1311,#1312));
#171=EDGE_LOOP('',(#1313,#1314,#1315,#1316));
#172=EDGE_LOOP('',(#1317,#1318,#1319,#1320));
#173=EDGE_LOOP('',(#1321,#1322,#1323,#1324));
#174=EDGE_LOOP('',(#1325,#1326,#1327,#1328));
#175=EDGE_LOOP('',(#1329,#1330,#1331,#1332));
#176=EDGE_LOOP('',(#1333,#1334,#1335,#1336));
#177=EDGE_LOOP('',(#1337,#1338,#1339,#1340));
#178=EDGE_LOOP('',(#1341,#1342,#1343,#1344));
#179=EDGE_LOOP('',(#1345,#1346,#1347,#1348));
#180=EDGE_LOOP('',(#1349,#1350,#1351,#1352));
#181=EDGE_LOOP('',(#1353,#1354,#1355,#1356));
#182=EDGE_LOOP('',(#1357,#1358,#1359,#1360));
#183=EDGE_LOOP('',(#1361,#1362,#1363,#1364));
#184=EDGE_LOOP('',(#1365,#1366,#1367,#1368));
#185=EDGE_LOOP('',(#1369,#1370,#1371,#1372));
#186=EDGE_LOOP('',(#1373,#1374,#1375,#1376));
#187=EDGE_LOOP('',(#1377,#1378,#1379,#1380));
#188=EDGE_LOOP('',(#1381,#1382,#1383,#1384,#1385,#1386,#1387,#1388,#1389,
#1390,#1391,#1392,#1393,#1394,#1395,#1396,#1397,#1398,#1399,#1400,#1401,
#1402,#1403,#1404,#1405,#1406,#1407,#1408,#1409,#1410,#1411,#1412,#1413,
#1414,#1415,#1416,#1417,#1418,#1419,#1420,#1421,#1422,#1423,#1424,#1425,
#1426,#1427,#1428,#1429,#1430,#1431,#1432,#1433,#1434,#1435,#1436,#1437,
#1438,#1439,#1440,#1441,#1442));
#189=EDGE_LOOP('',(#1443));
#190=EDGE_LOOP('',(#1444,#1445,#1446,#1447));
#191=EDGE_LOOP('',(#1448,#1449,#1450,#1451));
#192=EDGE_LOOP('',(#1452,#1453,#1454,#1455));
#193=EDGE_LOOP('',(#1456,#1457,#1458,#1459));
#194=EDGE_LOOP('',(#1460,#1461,#1462,#1463,#1464,#1465,#1466,#1467,#1468,
#1469,#1470,#1471,#1472,#1473,#1474,#1475,#1476,#1477,#1478,#1479,#1480,
#1481,#1482,#1483,#1484,#1485,#1486,#1487,#1488,#1489,#1490,#1491,#1492,
#1493,#1494,#1495,#1496,#1497,#1498,#1499,#1500,#1501,#1502,#1503,#1504,
#1505,#1506,#1507,#1508,#1509,#1510,#1511,#1512,#1513,#1514,#1515,#1516,
#1517,#1518,#1519,#1520,#1521));
#195=EDGE_LOOP('',(#1522));
#196=EDGE_LOOP('',(#1523,#1524,#1525,#1526));
#197=EDGE_LOOP('',(#1527,#1528,#1529,#1530));
#198=EDGE_LOOP('',(#1531,#1532,#1533,#1534));
#199=EDGE_LOOP('',(#1535,#1536,#1537,#1538));
#200=LINE('',#2204,#435);
#201=LINE('',#2206,#436);
#202=LINE('',#2208,#437);
#203=LINE('',#2209,#438);
#204=LINE('',#2212,#439);
#205=LINE('',#2214,#440);
#206=LINE('',#2215,#441);
#207=LINE('',#2218,#442);
#208=LINE('',#2220,#443);
#209=LINE('',#2221,#444);
#210=LINE('',#2223,#445);
#211=LINE('',#2224,#446);
#212=LINE('',#2228,#447);
#213=LINE('',#2230,#448);
#214=LINE('',#2232,#449);
#215=LINE('',#2233,#450);
#216=LINE('',#2236,#451);
#217=LINE('',#2238,#452);
#218=LINE('',#2239,#453);
#219=LINE('',#2242,#454);
#220=LINE('',#2244,#455);
#221=LINE('',#2245,#456);
#222=LINE('',#2247,#457);
#223=LINE('',#2248,#458);
#224=LINE('',#2252,#459);
#225=LINE('',#2254,#460);
#226=LINE('',#2256,#461);
#227=LINE('',#2257,#462);
#228=LINE('',#2260,#463);
#229=LINE('',#2262,#464);
#230=LINE('',#2263,#465);
#231=LINE('',#2266,#466);
#232=LINE('',#2268,#467);
#233=LINE('',#2269,#468);
#234=LINE('',#2271,#469);
#235=LINE('',#2272,#470);
#236=LINE('',#2276,#471);
#237=LINE('',#2278,#472);
#238=LINE('',#2280,#473);
#239=LINE('',#2281,#474);
#240=LINE('',#2284,#475);
#241=LINE('',#2286,#476);
#242=LINE('',#2287,#477);
#243=LINE('',#2290,#478);
#244=LINE('',#2292,#479);
#245=LINE('',#2293,#480);
#246=LINE('',#2295,#481);
#247=LINE('',#2296,#482);
#248=LINE('',#2301,#483);
#249=LINE('',#2306,#484);
#250=LINE('',#2308,#485);
#251=LINE('',#2310,#486);
#252=LINE('',#2311,#487);
#253=LINE('',#2314,#488);
#254=LINE('',#2316,#489);
#255=LINE('',#2317,#490);
#256=LINE('',#2320,#491);
#257=LINE('',#2322,#492);
#258=LINE('',#2323,#493);
#259=LINE('',#2326,#494);
#260=LINE('',#2328,#495);
#261=LINE('',#2329,#496);
#262=LINE('',#2332,#497);
#263=LINE('',#2334,#498);
#264=LINE('',#2335,#499);
#265=LINE('',#2338,#500);
#266=LINE('',#2340,#501);
#267=LINE('',#2341,#502);
#268=LINE('',#2344,#503);
#269=LINE('',#2346,#504);
#270=LINE('',#2347,#505);
#271=LINE('',#2350,#506);
#272=LINE('',#2352,#507);
#273=LINE('',#2353,#508);
#274=LINE('',#2356,#509);
#275=LINE('',#2358,#510);
#276=LINE('',#2359,#511);
#277=LINE('',#2362,#512);
#278=LINE('',#2364,#513);
#279=LINE('',#2365,#514);
#280=LINE('',#2368,#515);
#281=LINE('',#2370,#516);
#282=LINE('',#2371,#517);
#283=LINE('',#2374,#518);
#284=LINE('',#2376,#519);
#285=LINE('',#2377,#520);
#286=LINE('',#2380,#521);
#287=LINE('',#2382,#522);
#288=LINE('',#2383,#523);
#289=LINE('',#2386,#524);
#290=LINE('',#2388,#525);
#291=LINE('',#2389,#526);
#292=LINE('',#2392,#527);
#293=LINE('',#2394,#528);
#294=LINE('',#2395,#529);
#295=LINE('',#2398,#530);
#296=LINE('',#2400,#531);
#297=LINE('',#2401,#532);
#298=LINE('',#2404,#533);
#299=LINE('',#2406,#534);
#300=LINE('',#2407,#535);
#301=LINE('',#2410,#536);
#302=LINE('',#2412,#537);
#303=LINE('',#2413,#538);
#304=LINE('',#2416,#539);
#305=LINE('',#2418,#540);
#306=LINE('',#2419,#541);
#307=LINE('',#2422,#542);
#308=LINE('',#2424,#543);
#309=LINE('',#2425,#544);
#310=LINE('',#2428,#545);
#311=LINE('',#2430,#546);
#312=LINE('',#2431,#547);
#313=LINE('',#2434,#548);
#314=LINE('',#2436,#549);
#315=LINE('',#2437,#550);
#316=LINE('',#2440,#551);
#317=LINE('',#2442,#552);
#318=LINE('',#2443,#553);
#319=LINE('',#2446,#554);
#320=LINE('',#2448,#555);
#321=LINE('',#2449,#556);
#322=LINE('',#2452,#557);
#323=LINE('',#2454,#558);
#324=LINE('',#2455,#559);
#325=LINE('',#2458,#560);
#326=LINE('',#2460,#561);
#327=LINE('',#2461,#562);
#328=LINE('',#2464,#563);
#329=LINE('',#2466,#564);
#330=LINE('',#2467,#565);
#331=LINE('',#2470,#566);
#332=LINE('',#2472,#567);
#333=LINE('',#2473,#568);
#334=LINE('',#2476,#569);
#335=LINE('',#2478,#570);
#336=LINE('',#2479,#571);
#337=LINE('',#2482,#572);
#338=LINE('',#2484,#573);
#339=LINE('',#2485,#574);
#340=LINE('',#2488,#575);
#341=LINE('',#2490,#576);
#342=LINE('',#2491,#577);
#343=LINE('',#2494,#578);
#344=LINE('',#2496,#579);
#345=LINE('',#2497,#580);
#346=LINE('',#2500,#581);
#347=LINE('',#2502,#582);
#348=LINE('',#2503,#583);
#349=LINE('',#2506,#584);
#350=LINE('',#2508,#585);
#351=LINE('',#2509,#586);
#352=LINE('',#2512,#587);
#353=LINE('',#2514,#588);
#354=LINE('',#2515,#589);
#355=LINE('',#2518,#590);
#356=LINE('',#2520,#591);
#357=LINE('',#2521,#592);
#358=LINE('',#2524,#593);
#359=LINE('',#2526,#594);
#360=LINE('',#2527,#595);
#361=LINE('',#2530,#596);
#362=LINE('',#2532,#597);
#363=LINE('',#2533,#598);
#364=LINE('',#2536,#599);
#365=LINE('',#2538,#600);
#366=LINE('',#2539,#601);
#367=LINE('',#2542,#602);
#368=LINE('',#2544,#603);
#369=LINE('',#2545,#604);
#370=LINE('',#2548,#605);
#371=LINE('',#2550,#606);
#372=LINE('',#2551,#607);
#373=LINE('',#2554,#608);
#374=LINE('',#2556,#609);
#375=LINE('',#2557,#610);
#376=LINE('',#2560,#611);
#377=LINE('',#2562,#612);
#378=LINE('',#2563,#613);
#379=LINE('',#2566,#614);
#380=LINE('',#2568,#615);
#381=LINE('',#2569,#616);
#382=LINE('',#2572,#617);
#383=LINE('',#2574,#618);
#384=LINE('',#2575,#619);
#385=LINE('',#2578,#620);
#386=LINE('',#2580,#621);
#387=LINE('',#2581,#622);
#388=LINE('',#2584,#623);
#389=LINE('',#2586,#624);
#390=LINE('',#2587,#625);
#391=LINE('',#2590,#626);
#392=LINE('',#2592,#627);
#393=LINE('',#2593,#628);
#394=LINE('',#2596,#629);
#395=LINE('',#2598,#630);
#396=LINE('',#2599,#631);
#397=LINE('',#2602,#632);
#398=LINE('',#2604,#633);
#399=LINE('',#2605,#634);
#400=LINE('',#2608,#635);
#401=LINE('',#2610,#636);
#402=LINE('',#2611,#637);
#403=LINE('',#2614,#638);
#404=LINE('',#2616,#639);
#405=LINE('',#2617,#640);
#406=LINE('',#2620,#641);
#407=LINE('',#2622,#642);
#408=LINE('',#2623,#643);
#409=LINE('',#2626,#644);
#410=LINE('',#2628,#645);
#411=LINE('',#2629,#646);
#412=LINE('',#2632,#647);
#413=LINE('',#2634,#648);
#414=LINE('',#2635,#649);
#415=LINE('',#2638,#650);
#416=LINE('',#2640,#651);
#417=LINE('',#2641,#652);
#418=LINE('',#2644,#653);
#419=LINE('',#2646,#654);
#420=LINE('',#2647,#655);
#421=LINE('',#2650,#656);
#422=LINE('',#2652,#657);
#423=LINE('',#2653,#658);
#424=LINE('',#2656,#659);
#425=LINE('',#2658,#660);
#426=LINE('',#2659,#661);
#427=LINE('',#2662,#662);
#428=LINE('',#2664,#663);
#429=LINE('',#2665,#664);
#430=LINE('',#2668,#665);
#431=LINE('',#2670,#666);
#432=LINE('',#2671,#667);
#433=LINE('',#2673,#668);
#434=LINE('',#2674,#669);
#435=VECTOR('',#1801,10.);
#436=VECTOR('',#1802,10.);
#437=VECTOR('',#1803,10.);
#438=VECTOR('',#1804,10.);
#439=VECTOR('',#1807,10.);
#440=VECTOR('',#1808,10.);
#441=VECTOR('',#1809,10.);
#442=VECTOR('',#1812,10.);
#443=VECTOR('',#1813,10.);
#444=VECTOR('',#1814,10.);
#445=VECTOR('',#1817,10.);
#446=VECTOR('',#1818,10.);
#447=VECTOR('',#1821,10.);
#448=VECTOR('',#1822,10.);
#449=VECTOR('',#1823,10.);
#450=VECTOR('',#1824,10.);
#451=VECTOR('',#1827,10.);
#452=VECTOR('',#1828,10.);
#453=VECTOR('',#1829,10.);
#454=VECTOR('',#1832,10.);
#455=VECTOR('',#1833,10.);
#456=VECTOR('',#1834,10.);
#457=VECTOR('',#1837,10.);
#458=VECTOR('',#1838,10.);
#459=VECTOR('',#1841,10.);
#460=VECTOR('',#1842,10.);
#461=VECTOR('',#1843,10.);
#462=VECTOR('',#1844,10.);
#463=VECTOR('',#1847,10.);
#464=VECTOR('',#1848,10.);
#465=VECTOR('',#1849,10.);
#466=VECTOR('',#1852,10.);
#467=VECTOR('',#1853,10.);
#468=VECTOR('',#1854,10.);
#469=VECTOR('',#1857,10.);
#470=VECTOR('',#1858,10.);
#471=VECTOR('',#1861,10.);
#472=VECTOR('',#1862,10.);
#473=VECTOR('',#1863,10.);
#474=VECTOR('',#1864,10.);
#475=VECTOR('',#1867,10.);
#476=VECTOR('',#1868,10.);
#477=VECTOR('',#1869,10.);
#478=VECTOR('',#1872,10.);
#479=VECTOR('',#1873,10.);
#480=VECTOR('',#1874,10.);
#481=VECTOR('',#1877,10.);
#482=VECTOR('',#1878,10.);
#483=VECTOR('',#1883,3.5);
#484=VECTOR('',#1888,10.);
#485=VECTOR('',#1889,10.);
#486=VECTOR('',#1890,10.);
#487=VECTOR('',#1891,10.);
#488=VECTOR('',#1894,10.);
#489=VECTOR('',#1895,10.);
#490=VECTOR('',#1896,10.);
#491=VECTOR('',#1899,10.);
#492=VECTOR('',#1900,10.);
#493=VECTOR('',#1901,10.);
#494=VECTOR('',#1904,10.);
#495=VECTOR('',#1905,10.);
#496=VECTOR('',#1906,10.);
#497=VECTOR('',#1909,10.);
#498=VECTOR('',#1910,10.);
#499=VECTOR('',#1911,10.);
#500=VECTOR('',#1914,10.);
#501=VECTOR('',#1915,10.);
#502=VECTOR('',#1916,10.);
#503=VECTOR('',#1919,10.);
#504=VECTOR('',#1920,10.);
#505=VECTOR('',#1921,10.);
#506=VECTOR('',#1924,10.);
#507=VECTOR('',#1925,10.);
#508=VECTOR('',#1926,10.);
#509=VECTOR('',#1929,10.);
#510=VECTOR('',#1930,10.);
#511=VECTOR('',#1931,10.);
#512=VECTOR('',#1934,10.);
#513=VECTOR('',#1935,10.);
#514=VECTOR('',#1936,10.);
#515=VECTOR('',#1939,10.);
#516=VECTOR('',#1940,10.);
#517=VECTOR('',#1941,10.);
#518=VECTOR('',#1944,10.);
#519=VECTOR('',#1945,10.);
#520=VECTOR('',#1946,10.);
#521=VECTOR('',#1949,10.);
#522=VECTOR('',#1950,10.);
#523=VECTOR('',#1951,10.);
#524=VECTOR('',#1954,10.);
#525=VECTOR('',#1955,10.);
#526=VECTOR('',#1956,10.);
#527=VECTOR('',#1959,10.);
#528=VECTOR('',#1960,10.);
#529=VECTOR('',#1961,10.);
#530=VECTOR('',#1964,10.);
#531=VECTOR('',#1965,10.);
#532=VECTOR('',#1966,10.);
#533=VECTOR('',#1969,10.);
#534=VECTOR('',#1970,10.);
#535=VECTOR('',#1971,10.);
#536=VECTOR('',#1974,10.);
#537=VECTOR('',#1975,10.);
#538=VECTOR('',#1976,10.);
#539=VECTOR('',#1979,10.);
#540=VECTOR('',#1980,10.);
#541=VECTOR('',#1981,10.);
#542=VECTOR('',#1984,10.);
#543=VECTOR('',#1985,10.);
#544=VECTOR('',#1986,10.);
#545=VECTOR('',#1989,10.);
#546=VECTOR('',#1990,10.);
#547=VECTOR('',#1991,10.);
#548=VECTOR('',#1994,10.);
#549=VECTOR('',#1995,10.);
#550=VECTOR('',#1996,10.);
#551=VECTOR('',#1999,10.);
#552=VECTOR('',#2000,10.);
#553=VECTOR('',#2001,10.);
#554=VECTOR('',#2004,10.);
#555=VECTOR('',#2005,10.);
#556=VECTOR('',#2006,10.);
#557=VECTOR('',#2009,10.);
#558=VECTOR('',#2010,10.);
#559=VECTOR('',#2011,10.);
#560=VECTOR('',#2014,10.);
#561=VECTOR('',#2015,10.);
#562=VECTOR('',#2016,10.);
#563=VECTOR('',#2019,10.);
#564=VECTOR('',#2020,10.);
#565=VECTOR('',#2021,10.);
#566=VECTOR('',#2024,10.);
#567=VECTOR('',#2025,10.);
#568=VECTOR('',#2026,10.);
#569=VECTOR('',#2029,10.);
#570=VECTOR('',#2030,10.);
#571=VECTOR('',#2031,10.);
#572=VECTOR('',#2034,10.);
#573=VECTOR('',#2035,10.);
#574=VECTOR('',#2036,10.);
#575=VECTOR('',#2039,10.);
#576=VECTOR('',#2040,10.);
#577=VECTOR('',#2041,10.);
#578=VECTOR('',#2044,10.);
#579=VECTOR('',#2045,10.);
#580=VECTOR('',#2046,10.);
#581=VECTOR('',#2049,10.);
#582=VECTOR('',#2050,10.);
#583=VECTOR('',#2051,10.);
#584=VECTOR('',#2054,10.);
#585=VECTOR('',#2055,10.);
#586=VECTOR('',#2056,10.);
#587=VECTOR('',#2059,10.);
#588=VECTOR('',#2060,10.);
#589=VECTOR('',#2061,10.);
#590=VECTOR('',#2064,10.);
#591=VECTOR('',#2065,10.);
#592=VECTOR('',#2066,10.);
#593=VECTOR('',#2069,10.);
#594=VECTOR('',#2070,10.);
#595=VECTOR('',#2071,10.);
#596=VECTOR('',#2074,10.);
#597=VECTOR('',#2075,10.);
#598=VECTOR('',#2076,10.);
#599=VECTOR('',#2079,10.);
#600=VECTOR('',#2080,10.);
#601=VECTOR('',#2081,10.);
#602=VECTOR('',#2084,10.);
#603=VECTOR('',#2085,10.);
#604=VECTOR('',#2086,10.);
#605=VECTOR('',#2089,10.);
#606=VECTOR('',#2090,10.);
#607=VECTOR('',#2091,10.);
#608=VECTOR('',#2094,10.);
#609=VECTOR('',#2095,10.);
#610=VECTOR('',#2096,10.);
#611=VECTOR('',#2099,10.);
#612=VECTOR('',#2100,10.);
#613=VECTOR('',#2101,10.);
#614=VECTOR('',#2104,10.);
#615=VECTOR('',#2105,10.);
#616=VECTOR('',#2106,10.);
#617=VECTOR('',#2109,10.);
#618=VECTOR('',#2110,10.);
#619=VECTOR('',#2111,10.);
#620=VECTOR('',#2114,10.);
#621=VECTOR('',#2115,10.);
#622=VECTOR('',#2116,10.);
#623=VECTOR('',#2119,10.);
#624=VECTOR('',#2120,10.);
#625=VECTOR('',#2121,10.);
#626=VECTOR('',#2124,10.);
#627=VECTOR('',#2125,10.);
#628=VECTOR('',#2126,10.);
#629=VECTOR('',#2129,10.);
#630=VECTOR('',#2130,10.);
#631=VECTOR('',#2131,10.);
#632=VECTOR('',#2134,10.);
#633=VECTOR('',#2135,10.);
#634=VECTOR('',#2136,10.);
#635=VECTOR('',#2139,10.);
#636=VECTOR('',#2140,10.);
#637=VECTOR('',#2141,10.);
#638=VECTOR('',#2144,10.);
#639=VECTOR('',#2145,10.);
#640=VECTOR('',#2146,10.);
#641=VECTOR('',#2149,10.);
#642=VECTOR('',#2150,10.);
#643=VECTOR('',#2151,10.);
#644=VECTOR('',#2154,10.);
#645=VECTOR('',#2155,10.);
#646=VECTOR('',#2156,10.);
#647=VECTOR('',#2159,10.);
#648=VECTOR('',#2160,10.);
#649=VECTOR('',#2161,10.);
#650=VECTOR('',#2164,10.);
#651=VECTOR('',#2165,10.);
#652=VECTOR('',#2166,10.);
#653=VECTOR('',#2169,10.);
#654=VECTOR('',#2170,10.);
#655=VECTOR('',#2171,10.);
#656=VECTOR('',#2174,10.);
#657=VECTOR('',#2175,10.);
#658=VECTOR('',#2176,10.);
#659=VECTOR('',#2179,10.);
#660=VECTOR('',#2180,10.);
#661=VECTOR('',#2181,10.);
#662=VECTOR('',#2184,10.);
#663=VECTOR('',#2185,10.);
#664=VECTOR('',#2186,10.);
#665=VECTOR('',#2189,10.);
#666=VECTOR('',#2190,10.);
#667=VECTOR('',#2191,10.);
#668=VECTOR('',#2194,10.);
#669=VECTOR('',#2195,10.);
#670=VERTEX_POINT('',#2202);
#671=VERTEX_POINT('',#2203);
#672=VERTEX_POINT('',#2205);
#673=VERTEX_POINT('',#2207);
#674=VERTEX_POINT('',#2211);
#675=VERTEX_POINT('',#2213);
#676=VERTEX_POINT('',#2217);
#677=VERTEX_POINT('',#2219);
#678=VERTEX_POINT('',#2226);
#679=VERTEX_POINT('',#2227);
#680=VERTEX_POINT('',#2229);
#681=VERTEX_POINT('',#2231);
#682=VERTEX_POINT('',#2235);
#683=VERTEX_POINT('',#2237);
#684=VERTEX_POINT('',#2241);
#685=VERTEX_POINT('',#2243);
#686=VERTEX_POINT('',#2250);
#687=VERTEX_POINT('',#2251);
#688=VERTEX_POINT('',#2253);
#689=VERTEX_POINT('',#2255);
#690=VERTEX_POINT('',#2259);
#691=VERTEX_POINT('',#2261);
#692=VERTEX_POINT('',#2265);
#693=VERTEX_POINT('',#2267);
#694=VERTEX_POINT('',#2274);
#695=VERTEX_POINT('',#2275);
#696=VERTEX_POINT('',#2277);
#697=VERTEX_POINT('',#2279);
#698=VERTEX_POINT('',#2283);
#699=VERTEX_POINT('',#2285);
#700=VERTEX_POINT('',#2289);
#701=VERTEX_POINT('',#2291);
#702=VERTEX_POINT('',#2298);
#703=VERTEX_POINT('',#2300);
#704=VERTEX_POINT('',#2304);
#705=VERTEX_POINT('',#2305);
#706=VERTEX_POINT('',#2307);
#707=VERTEX_POINT('',#2309);
#708=VERTEX_POINT('',#2313);
#709=VERTEX_POINT('',#2315);
#710=VERTEX_POINT('',#2319);
#711=VERTEX_POINT('',#2321);
#712=VERTEX_POINT('',#2325);
#713=VERTEX_POINT('',#2327);
#714=VERTEX_POINT('',#2331);
#715=VERTEX_POINT('',#2333);
#716=VERTEX_POINT('',#2337);
#717=VERTEX_POINT('',#2339);
#718=VERTEX_POINT('',#2343);
#719=VERTEX_POINT('',#2345);
#720=VERTEX_POINT('',#2349);
#721=VERTEX_POINT('',#2351);
#722=VERTEX_POINT('',#2355);
#723=VERTEX_POINT('',#2357);
#724=VERTEX_POINT('',#2361);
#725=VERTEX_POINT('',#2363);
#726=VERTEX_POINT('',#2367);
#727=VERTEX_POINT('',#2369);
#728=VERTEX_POINT('',#2373);
#729=VERTEX_POINT('',#2375);
#730=VERTEX_POINT('',#2379);
#731=VERTEX_POINT('',#2381);
#732=VERTEX_POINT('',#2385);
#733=VERTEX_POINT('',#2387);
#734=VERTEX_POINT('',#2391);
#735=VERTEX_POINT('',#2393);
#736=VERTEX_POINT('',#2397);
#737=VERTEX_POINT('',#2399);
#738=VERTEX_POINT('',#2403);
#739=VERTEX_POINT('',#2405);
#740=VERTEX_POINT('',#2409);
#741=VERTEX_POINT('',#2411);
#742=VERTEX_POINT('',#2415);
#743=VERTEX_POINT('',#2417);
#744=VERTEX_POINT('',#2421);
#745=VERTEX_POINT('',#2423);
#746=VERTEX_POINT('',#2427);
#747=VERTEX_POINT('',#2429);
#748=VERTEX_POINT('',#2433);
#749=VERTEX_POINT('',#2435);
#750=VERTEX_POINT('',#2439);
#751=VERTEX_POINT('',#2441);
#752=VERTEX_POINT('',#2445);
#753=VERTEX_POINT('',#2447);
#754=VERTEX_POINT('',#2451);
#755=VERTEX_POINT('',#2453);
#756=VERTEX_POINT('',#2457);
#757=VERTEX_POINT('',#2459);
#758=VERTEX_POINT('',#2463);
#759=VERTEX_POINT('',#2465);
#760=VERTEX_POINT('',#2469);
#761=VERTEX_POINT('',#2471);
#762=VERTEX_POINT('',#2475);
#763=VERTEX_POINT('',#2477);
#764=VERTEX_POINT('',#2481);
#765=VERTEX_POINT('',#2483);
#766=VERTEX_POINT('',#2487);
#767=VERTEX_POINT('',#2489);
#768=VERTEX_POINT('',#2493);
#769=VERTEX_POINT('',#2495);
#770=VERTEX_POINT('',#2499);
#771=VERTEX_POINT('',#2501);
#772=VERTEX_POINT('',#2505);
#773=VERTEX_POINT('',#2507);
#774=VERTEX_POINT('',#2511);
#775=VERTEX_POINT('',#2513);
#776=VERTEX_POINT('',#2517);
#777=VERTEX_POINT('',#2519);
#778=VERTEX_POINT('',#2523);
#779=VERTEX_POINT('',#2525);
#780=VERTEX_POINT('',#2529);
#781=VERTEX_POINT('',#2531);
#782=VERTEX_POINT('',#2535);
#783=VERTEX_POINT('',#2537);
#784=VERTEX_POINT('',#2541);
#785=VERTEX_POINT('',#2543);
#786=VERTEX_POINT('',#2547);
#787=VERTEX_POINT('',#2549);
#788=VERTEX_POINT('',#2553);
#789=VERTEX_POINT('',#2555);
#790=VERTEX_POINT('',#2559);
#791=VERTEX_POINT('',#2561);
#792=VERTEX_POINT('',#2565);
#793=VERTEX_POINT('',#2567);
#794=VERTEX_POINT('',#2571);
#795=VERTEX_POINT('',#2573);
#796=VERTEX_POINT('',#2577);
#797=VERTEX_POINT('',#2579);
#798=VERTEX_POINT('',#2583);
#799=VERTEX_POINT('',#2585);
#800=VERTEX_POINT('',#2589);
#801=VERTEX_POINT('',#2591);
#802=VERTEX_POINT('',#2595);
#803=VERTEX_POINT('',#2597);
#804=VERTEX_POINT('',#2601);
#805=VERTEX_POINT('',#2603);
#806=VERTEX_POINT('',#2607);
#807=VERTEX_POINT('',#2609);
#808=VERTEX_POINT('',#2613);
#809=VERTEX_POINT('',#2615);
#810=VERTEX_POINT('',#2619);
#811=VERTEX_POINT('',#2621);
#812=VERTEX_POINT('',#2625);
#813=VERTEX_POINT('',#2627);
#814=VERTEX_POINT('',#2631);
#815=VERTEX_POINT('',#2633);
#816=VERTEX_POINT('',#2637);
#817=VERTEX_POINT('',#2639);
#818=VERTEX_POINT('',#2643);
#819=VERTEX_POINT('',#2645);
#820=VERTEX_POINT('',#2649);
#821=VERTEX_POINT('',#2651);
#822=VERTEX_POINT('',#2655);
#823=VERTEX_POINT('',#2657);
#824=VERTEX_POINT('',#2661);
#825=VERTEX_POINT('',#2663);
#826=VERTEX_POINT('',#2667);
#827=VERTEX_POINT('',#2669);
#828=EDGE_CURVE('',#670,#671,#200,.T.);
#829=EDGE_CURVE('',#671,#672,#201,.T.);
#830=EDGE_CURVE('',#673,#672,#202,.T.);
#831=EDGE_CURVE('',#670,#673,#203,.T.);
#832=EDGE_CURVE('',#674,#670,#204,.T.);
#833=EDGE_CURVE('',#675,#673,#205,.T.);
#834=EDGE_CURVE('',#674,#675,#206,.T.);
#835=EDGE_CURVE('',#676,#674,#207,.T.);
#836=EDGE_CURVE('',#677,#675,#208,.T.);
#837=EDGE_CURVE('',#676,#677,#209,.T.);
#838=EDGE_CURVE('',#671,#676,#210,.T.);
#839=EDGE_CURVE('',#672,#677,#211,.T.);
#840=EDGE_CURVE('',#678,#679,#212,.T.);
#841=EDGE_CURVE('',#679,#680,#213,.T.);
#842=EDGE_CURVE('',#681,#680,#214,.T.);
#843=EDGE_CURVE('',#678,#681,#215,.T.);
#844=EDGE_CURVE('',#682,#678,#216,.T.);
#845=EDGE_CURVE('',#683,#681,#217,.T.);
#846=EDGE_CURVE('',#682,#683,#218,.T.);
#847=EDGE_CURVE('',#684,#682,#219,.T.);
#848=EDGE_CURVE('',#685,#683,#220,.T.);
#849=EDGE_CURVE('',#684,#685,#221,.T.);
#850=EDGE_CURVE('',#679,#684,#222,.T.);
#851=EDGE_CURVE('',#680,#685,#223,.T.);
#852=EDGE_CURVE('',#686,#687,#224,.T.);
#853=EDGE_CURVE('',#687,#688,#225,.T.);
#854=EDGE_CURVE('',#689,#688,#226,.T.);
#855=EDGE_CURVE('',#686,#689,#227,.T.);
#856=EDGE_CURVE('',#690,#686,#228,.T.);
#857=EDGE_CURVE('',#691,#689,#229,.T.);
#858=EDGE_CURVE('',#690,#691,#230,.T.);
#859=EDGE_CURVE('',#692,#690,#231,.T.);
#860=EDGE_CURVE('',#693,#691,#232,.T.);
#861=EDGE_CURVE('',#692,#693,#233,.T.);
#862=EDGE_CURVE('',#687,#692,#234,.T.);
#863=EDGE_CURVE('',#688,#693,#235,.T.);
#864=EDGE_CURVE('',#694,#695,#236,.T.);
#865=EDGE_CURVE('',#695,#696,#237,.T.);
#866=EDGE_CURVE('',#697,#696,#238,.T.);
#867=EDGE_CURVE('',#694,#697,#239,.T.);
#868=EDGE_CURVE('',#698,#694,#240,.T.);
#869=EDGE_CURVE('',#699,#697,#241,.T.);
#870=EDGE_CURVE('',#698,#699,#242,.T.);
#871=EDGE_CURVE('',#700,#698,#243,.T.);
#872=EDGE_CURVE('',#701,#699,#244,.T.);
#873=EDGE_CURVE('',#700,#701,#245,.T.);
#874=EDGE_CURVE('',#695,#700,#246,.T.);
#875=EDGE_CURVE('',#696,#701,#247,.T.);
#876=EDGE_CURVE('',#702,#702,#25,.T.);
#877=EDGE_CURVE('',#702,#703,#248,.T.);
#878=EDGE_CURVE('',#703,#703,#26,.T.);
#879=EDGE_CURVE('',#704,#705,#249,.T.);
#880=EDGE_CURVE('',#704,#706,#250,.T.);
#881=EDGE_CURVE('',#707,#706,#251,.T.);
#882=EDGE_CURVE('',#705,#707,#252,.T.);
#883=EDGE_CURVE('',#705,#708,#253,.T.);
#884=EDGE_CURVE('',#709,#707,#254,.T.);
#885=EDGE_CURVE('',#708,#709,#255,.T.);
#886=EDGE_CURVE('',#708,#710,#256,.T.);
#887=EDGE_CURVE('',#711,#709,#257,.T.);
#888=EDGE_CURVE('',#710,#711,#258,.T.);
#889=EDGE_CURVE('',#710,#712,#259,.T.);
#890=EDGE_CURVE('',#713,#711,#260,.T.);
#891=EDGE_CURVE('',#712,#713,#261,.T.);
#892=EDGE_CURVE('',#714,#712,#262,.T.);
#893=EDGE_CURVE('',#715,#713,#263,.T.);
#894=EDGE_CURVE('',#714,#715,#264,.T.);
#895=EDGE_CURVE('',#714,#716,#265,.T.);
#896=EDGE_CURVE('',#717,#715,#266,.T.);
#897=EDGE_CURVE('',#716,#717,#267,.T.);
#898=EDGE_CURVE('',#718,#716,#268,.T.);
#899=EDGE_CURVE('',#719,#717,#269,.T.);
#900=EDGE_CURVE('',#718,#719,#270,.T.);
#901=EDGE_CURVE('',#720,#718,#271,.T.);
#902=EDGE_CURVE('',#721,#719,#272,.T.);
#903=EDGE_CURVE('',#720,#721,#273,.T.);
#904=EDGE_CURVE('',#722,#720,#274,.T.);
#905=EDGE_CURVE('',#723,#721,#275,.T.);
#906=EDGE_CURVE('',#722,#723,#276,.T.);
#907=EDGE_CURVE('',#724,#722,#277,.T.);
#908=EDGE_CURVE('',#725,#723,#278,.T.);
#909=EDGE_CURVE('',#724,#725,#279,.T.);
#910=EDGE_CURVE('',#726,#724,#280,.T.);
#911=EDGE_CURVE('',#727,#725,#281,.T.);
#912=EDGE_CURVE('',#726,#727,#282,.T.);
#913=EDGE_CURVE('',#728,#726,#283,.T.);
#914=EDGE_CURVE('',#729,#727,#284,.T.);
#915=EDGE_CURVE('',#728,#729,#285,.T.);
#916=EDGE_CURVE('',#730,#728,#286,.T.);
#917=EDGE_CURVE('',#731,#729,#287,.T.);
#918=EDGE_CURVE('',#730,#731,#288,.T.);
#919=EDGE_CURVE('',#732,#730,#289,.T.);
#920=EDGE_CURVE('',#733,#731,#290,.T.);
#921=EDGE_CURVE('',#732,#733,#291,.T.);
#922=EDGE_CURVE('',#732,#734,#292,.T.);
#923=EDGE_CURVE('',#735,#733,#293,.T.);
#924=EDGE_CURVE('',#734,#735,#294,.T.);
#925=EDGE_CURVE('',#734,#736,#295,.T.);
#926=EDGE_CURVE('',#737,#735,#296,.T.);
#927=EDGE_CURVE('',#736,#737,#297,.T.);
#928=EDGE_CURVE('',#736,#738,#298,.T.);
#929=EDGE_CURVE('',#739,#737,#299,.T.);
#930=EDGE_CURVE('',#738,#739,#300,.T.);
#931=EDGE_CURVE('',#738,#740,#301,.T.);
#932=EDGE_CURVE('',#741,#739,#302,.T.);
#933=EDGE_CURVE('',#740,#741,#303,.T.);
#934=EDGE_CURVE('',#740,#742,#304,.T.);
#935=EDGE_CURVE('',#743,#741,#305,.T.);
#936=EDGE_CURVE('',#742,#743,#306,.T.);
#937=EDGE_CURVE('',#744,#742,#307,.T.);
#938=EDGE_CURVE('',#745,#743,#308,.T.);
#939=EDGE_CURVE('',#744,#745,#309,.T.);
#940=EDGE_CURVE('',#744,#746,#310,.T.);
#941=EDGE_CURVE('',#747,#745,#311,.T.);
#942=EDGE_CURVE('',#746,#747,#312,.T.);
#943=EDGE_CURVE('',#748,#746,#313,.T.);
#944=EDGE_CURVE('',#749,#747,#314,.T.);
#945=EDGE_CURVE('',#748,#749,#315,.T.);
#946=EDGE_CURVE('',#750,#748,#316,.T.);
#947=EDGE_CURVE('',#751,#749,#317,.T.);
#948=EDGE_CURVE('',#750,#751,#318,.T.);
#949=EDGE_CURVE('',#752,#750,#319,.T.);
#950=EDGE_CURVE('',#753,#751,#320,.T.);
#951=EDGE_CURVE('',#752,#753,#321,.T.);
#952=EDGE_CURVE('',#754,#752,#322,.T.);
#953=EDGE_CURVE('',#755,#753,#323,.T.);
#954=EDGE_CURVE('',#754,#755,#324,.T.);
#955=EDGE_CURVE('',#756,#754,#325,.T.);
#956=EDGE_CURVE('',#757,#755,#326,.T.);
#957=EDGE_CURVE('',#756,#757,#327,.T.);
#958=EDGE_CURVE('',#758,#756,#328,.T.);
#959=EDGE_CURVE('',#759,#757,#329,.T.);
#960=EDGE_CURVE('',#758,#759,#330,.T.);
#961=EDGE_CURVE('',#760,#758,#331,.T.);
#962=EDGE_CURVE('',#761,#759,#332,.T.);
#963=EDGE_CURVE('',#760,#761,#333,.T.);
#964=EDGE_CURVE('',#762,#760,#334,.T.);
#965=EDGE_CURVE('',#763,#761,#335,.T.);
#966=EDGE_CURVE('',#762,#763,#336,.T.);
#967=EDGE_CURVE('',#762,#764,#337,.T.);
#968=EDGE_CURVE('',#765,#763,#338,.T.);
#969=EDGE_CURVE('',#764,#765,#339,.T.);
#970=EDGE_CURVE('',#764,#766,#340,.T.);
#971=EDGE_CURVE('',#767,#765,#341,.T.);
#972=EDGE_CURVE('',#766,#767,#342,.T.);
#973=EDGE_CURVE('',#766,#768,#343,.T.);
#974=EDGE_CURVE('',#769,#767,#344,.T.);
#975=EDGE_CURVE('',#768,#769,#345,.T.);
#976=EDGE_CURVE('',#768,#770,#346,.T.);
#977=EDGE_CURVE('',#771,#769,#347,.T.);
#978=EDGE_CURVE('',#770,#771,#348,.T.);
#979=EDGE_CURVE('',#770,#772,#349,.T.);
#980=EDGE_CURVE('',#773,#771,#350,.T.);
#981=EDGE_CURVE('',#772,#773,#351,.T.);
#982=EDGE_CURVE('',#774,#772,#352,.T.);
#983=EDGE_CURVE('',#775,#773,#353,.T.);
#984=EDGE_CURVE('',#774,#775,#354,.T.);
#985=EDGE_CURVE('',#774,#776,#355,.T.);
#986=EDGE_CURVE('',#777,#775,#356,.T.);
#987=EDGE_CURVE('',#776,#777,#357,.T.);
#988=EDGE_CURVE('',#778,#776,#358,.T.);
#989=EDGE_CURVE('',#779,#777,#359,.T.);
#990=EDGE_CURVE('',#778,#779,#360,.T.);
#991=EDGE_CURVE('',#780,#778,#361,.T.);
#992=EDGE_CURVE('',#781,#779,#362,.T.);
#993=EDGE_CURVE('',#780,#781,#363,.T.);
#994=EDGE_CURVE('',#782,#780,#364,.T.);
#995=EDGE_CURVE('',#783,#781,#365,.T.);
#996=EDGE_CURVE('',#782,#783,#366,.T.);
#997=EDGE_CURVE('',#784,#782,#367,.T.);
#998=EDGE_CURVE('',#785,#783,#368,.T.);
#999=EDGE_CURVE('',#784,#785,#369,.T.);
#1000=EDGE_CURVE('',#784,#786,#370,.T.);
#1001=EDGE_CURVE('',#787,#785,#371,.T.);
#1002=EDGE_CURVE('',#786,#787,#372,.T.);
#1003=EDGE_CURVE('',#786,#788,#373,.T.);
#1004=EDGE_CURVE('',#789,#787,#374,.T.);
#1005=EDGE_CURVE('',#788,#789,#375,.T.);
#1006=EDGE_CURVE('',#790,#788,#376,.T.);
#1007=EDGE_CURVE('',#791,#789,#377,.T.);
#1008=EDGE_CURVE('',#790,#791,#378,.T.);
#1009=EDGE_CURVE('',#790,#792,#379,.T.);
#1010=EDGE_CURVE('',#793,#791,#380,.T.);
#1011=EDGE_CURVE('',#792,#793,#381,.T.);
#1012=EDGE_CURVE('',#792,#794,#382,.T.);
#1013=EDGE_CURVE('',#795,#793,#383,.T.);
#1014=EDGE_CURVE('',#794,#795,#384,.T.);
#1015=EDGE_CURVE('',#794,#796,#385,.T.);
#1016=EDGE_CURVE('',#797,#795,#386,.T.);
#1017=EDGE_CURVE('',#796,#797,#387,.T.);
#1018=EDGE_CURVE('',#796,#798,#388,.T.);
#1019=EDGE_CURVE('',#799,#797,#389,.T.);
#1020=EDGE_CURVE('',#798,#799,#390,.T.);
#1021=EDGE_CURVE('',#798,#800,#391,.T.);
#1022=EDGE_CURVE('',#801,#799,#392,.T.);
#1023=EDGE_CURVE('',#800,#801,#393,.T.);
#1024=EDGE_CURVE('',#800,#802,#394,.T.);
#1025=EDGE_CURVE('',#803,#801,#395,.T.);
#1026=EDGE_CURVE('',#802,#803,#396,.T.);
#1027=EDGE_CURVE('',#804,#802,#397,.T.);
#1028=EDGE_CURVE('',#805,#803,#398,.T.);
#1029=EDGE_CURVE('',#804,#805,#399,.T.);
#1030=EDGE_CURVE('',#806,#804,#400,.T.);
#1031=EDGE_CURVE('',#807,#805,#401,.T.);
#1032=EDGE_CURVE('',#806,#807,#402,.T.);
#1033=EDGE_CURVE('',#808,#806,#403,.T.);
#1034=EDGE_CURVE('',#809,#807,#404,.T.);
#1035=EDGE_CURVE('',#808,#809,#405,.T.);
#1036=EDGE_CURVE('',#808,#810,#406,.T.);
#1037=EDGE_CURVE('',#811,#809,#407,.T.);
#1038=EDGE_CURVE('',#810,#811,#408,.T.);
#1039=EDGE_CURVE('',#812,#810,#409,.T.);
#1040=EDGE_CURVE('',#813,#811,#410,.T.);
#1041=EDGE_CURVE('',#812,#813,#411,.T.);
#1042=EDGE_CURVE('',#814,#812,#412,.T.);
#1043=EDGE_CURVE('',#815,#813,#413,.T.);
#1044=EDGE_CURVE('',#814,#815,#414,.T.);
#1045=EDGE_CURVE('',#816,#814,#415,.T.);
#1046=EDGE_CURVE('',#817,#815,#416,.T.);
#1047=EDGE_CURVE('',#816,#817,#417,.T.);
#1048=EDGE_CURVE('',#818,#816,#418,.T.);
#1049=EDGE_CURVE('',#819,#817,#419,.T.);
#1050=EDGE_CURVE('',#818,#819,#420,.T.);
#1051=EDGE_CURVE('',#820,#818,#421,.T.);
#1052=EDGE_CURVE('',#821,#819,#422,.T.);
#1053=EDGE_CURVE('',#820,#821,#423,.T.);
#1054=EDGE_CURVE('',#822,#820,#424,.T.);
#1055=EDGE_CURVE('',#823,#821,#425,.T.);
#1056=EDGE_CURVE('',#822,#823,#426,.T.);
#1057=EDGE_CURVE('',#824,#822,#427,.T.);
#1058=EDGE_CURVE('',#825,#823,#428,.T.);
#1059=EDGE_CURVE('',#824,#825,#429,.T.);
#1060=EDGE_CURVE('',#826,#824,#430,.T.);
#1061=EDGE_CURVE('',#827,#825,#431,.T.);
#1062=EDGE_CURVE('',#826,#827,#432,.T.);
#1063=EDGE_CURVE('',#826,#704,#433,.T.);
#1064=EDGE_CURVE('',#706,#827,#434,.T.);
#1065=ORIENTED_EDGE('',*,*,#828,.T.);
#1066=ORIENTED_EDGE('',*,*,#829,.T.);
#1067=ORIENTED_EDGE('',*,*,#830,.F.);
#1068=ORIENTED_EDGE('',*,*,#831,.F.);
#1069=ORIENTED_EDGE('',*,*,#832,.T.);
#1070=ORIENTED_EDGE('',*,*,#831,.T.);
#1071=ORIENTED_EDGE('',*,*,#833,.F.);
#1072=ORIENTED_EDGE('',*,*,#834,.F.);
#1073=ORIENTED_EDGE('',*,*,#835,.T.);
#1074=ORIENTED_EDGE('',*,*,#834,.T.);
#1075=ORIENTED_EDGE('',*,*,#836,.F.);
#1076=ORIENTED_EDGE('',*,*,#837,.F.);
#1077=ORIENTED_EDGE('',*,*,#838,.T.);
#1078=ORIENTED_EDGE('',*,*,#837,.T.);
#1079=ORIENTED_EDGE('',*,*,#839,.F.);
#1080=ORIENTED_EDGE('',*,*,#829,.F.);
#1081=ORIENTED_EDGE('',*,*,#840,.T.);
#1082=ORIENTED_EDGE('',*,*,#841,.T.);
#1083=ORIENTED_EDGE('',*,*,#842,.F.);
#1084=ORIENTED_EDGE('',*,*,#843,.F.);
#1085=ORIENTED_EDGE('',*,*,#844,.T.);
#1086=ORIENTED_EDGE('',*,*,#843,.T.);
#1087=ORIENTED_EDGE('',*,*,#845,.F.);
#1088=ORIENTED_EDGE('',*,*,#846,.F.);
#1089=ORIENTED_EDGE('',*,*,#847,.T.);
#1090=ORIENTED_EDGE('',*,*,#846,.T.);
#1091=ORIENTED_EDGE('',*,*,#848,.F.);
#1092=ORIENTED_EDGE('',*,*,#849,.F.);
#1093=ORIENTED_EDGE('',*,*,#850,.T.);
#1094=ORIENTED_EDGE('',*,*,#849,.T.);
#1095=ORIENTED_EDGE('',*,*,#851,.F.);
#1096=ORIENTED_EDGE('',*,*,#841,.F.);
#1097=ORIENTED_EDGE('',*,*,#852,.T.);
#1098=ORIENTED_EDGE('',*,*,#853,.T.);
#1099=ORIENTED_EDGE('',*,*,#854,.F.);
#1100=ORIENTED_EDGE('',*,*,#855,.F.);
#1101=ORIENTED_EDGE('',*,*,#856,.T.);
#1102=ORIENTED_EDGE('',*,*,#855,.T.);
#1103=ORIENTED_EDGE('',*,*,#857,.F.);
#1104=ORIENTED_EDGE('',*,*,#858,.F.);
#1105=ORIENTED_EDGE('',*,*,#859,.T.);
#1106=ORIENTED_EDGE('',*,*,#858,.T.);
#1107=ORIENTED_EDGE('',*,*,#860,.F.);
#1108=ORIENTED_EDGE('',*,*,#861,.F.);
#1109=ORIENTED_EDGE('',*,*,#862,.T.);
#1110=ORIENTED_EDGE('',*,*,#861,.T.);
#1111=ORIENTED_EDGE('',*,*,#863,.F.);
#1112=ORIENTED_EDGE('',*,*,#853,.F.);
#1113=ORIENTED_EDGE('',*,*,#864,.T.);
#1114=ORIENTED_EDGE('',*,*,#865,.T.);
#1115=ORIENTED_EDGE('',*,*,#866,.F.);
#1116=ORIENTED_EDGE('',*,*,#867,.F.);
#1117=ORIENTED_EDGE('',*,*,#868,.T.);
#1118=ORIENTED_EDGE('',*,*,#867,.T.);
#1119=ORIENTED_EDGE('',*,*,#869,.F.);
#1120=ORIENTED_EDGE('',*,*,#870,.F.);
#1121=ORIENTED_EDGE('',*,*,#871,.T.);
#1122=ORIENTED_EDGE('',*,*,#870,.T.);
#1123=ORIENTED_EDGE('',*,*,#872,.F.);
#1124=ORIENTED_EDGE('',*,*,#873,.F.);
#1125=ORIENTED_EDGE('',*,*,#874,.T.);
#1126=ORIENTED_EDGE('',*,*,#873,.T.);
#1127=ORIENTED_EDGE('',*,*,#875,.F.);
#1128=ORIENTED_EDGE('',*,*,#865,.F.);
#1129=ORIENTED_EDGE('',*,*,#876,.F.);
#1130=ORIENTED_EDGE('',*,*,#877,.T.);
#1131=ORIENTED_EDGE('',*,*,#878,.T.);
#1132=ORIENTED_EDGE('',*,*,#877,.F.);
#1133=ORIENTED_EDGE('',*,*,#879,.F.);
#1134=ORIENTED_EDGE('',*,*,#880,.T.);
#1135=ORIENTED_EDGE('',*,*,#881,.F.);
#1136=ORIENTED_EDGE('',*,*,#882,.F.);
#1137=ORIENTED_EDGE('',*,*,#883,.F.);
#1138=ORIENTED_EDGE('',*,*,#882,.T.);
#1139=ORIENTED_EDGE('',*,*,#884,.F.);
#1140=ORIENTED_EDGE('',*,*,#885,.F.);
#1141=ORIENTED_EDGE('',*,*,#886,.F.);
#1142=ORIENTED_EDGE('',*,*,#885,.T.);
#1143=ORIENTED_EDGE('',*,*,#887,.F.);
#1144=ORIENTED_EDGE('',*,*,#888,.F.);
#1145=ORIENTED_EDGE('',*,*,#889,.F.);
#1146=ORIENTED_EDGE('',*,*,#888,.T.);
#1147=ORIENTED_EDGE('',*,*,#890,.F.);
#1148=ORIENTED_EDGE('',*,*,#891,.F.);
#1149=ORIENTED_EDGE('',*,*,#892,.T.);
#1150=ORIENTED_EDGE('',*,*,#891,.T.);
#1151=ORIENTED_EDGE('',*,*,#893,.F.);
#1152=ORIENTED_EDGE('',*,*,#894,.F.);
#1153=ORIENTED_EDGE('',*,*,#895,.F.);
#1154=ORIENTED_EDGE('',*,*,#894,.T.);
#1155=ORIENTED_EDGE('',*,*,#896,.F.);
#1156=ORIENTED_EDGE('',*,*,#897,.F.);
#1157=ORIENTED_EDGE('',*,*,#898,.T.);
#1158=ORIENTED_EDGE('',*,*,#897,.T.);
#1159=ORIENTED_EDGE('',*,*,#899,.F.);
#1160=ORIENTED_EDGE('',*,*,#900,.F.);
#1161=ORIENTED_EDGE('',*,*,#901,.T.);
#1162=ORIENTED_EDGE('',*,*,#900,.T.);
#1163=ORIENTED_EDGE('',*,*,#902,.F.);
#1164=ORIENTED_EDGE('',*,*,#903,.F.);
#1165=ORIENTED_EDGE('',*,*,#904,.T.);
#1166=ORIENTED_EDGE('',*,*,#903,.T.);
#1167=ORIENTED_EDGE('',*,*,#905,.F.);
#1168=ORIENTED_EDGE('',*,*,#906,.F.);
#1169=ORIENTED_EDGE('',*,*,#907,.T.);
#1170=ORIENTED_EDGE('',*,*,#906,.T.);
#1171=ORIENTED_EDGE('',*,*,#908,.F.);
#1172=ORIENTED_EDGE('',*,*,#909,.F.);
#1173=ORIENTED_EDGE('',*,*,#910,.T.);
#1174=ORIENTED_EDGE('',*,*,#909,.T.);
#1175=ORIENTED_EDGE('',*,*,#911,.F.);
#1176=ORIENTED_EDGE('',*,*,#912,.F.);
#1177=ORIENTED_EDGE('',*,*,#913,.T.);
#1178=ORIENTED_EDGE('',*,*,#912,.T.);
#1179=ORIENTED_EDGE('',*,*,#914,.F.);
#1180=ORIENTED_EDGE('',*,*,#915,.F.);
#1181=ORIENTED_EDGE('',*,*,#916,.T.);
#1182=ORIENTED_EDGE('',*,*,#915,.T.);
#1183=ORIENTED_EDGE('',*,*,#917,.F.);
#1184=ORIENTED_EDGE('',*,*,#918,.F.);
#1185=ORIENTED_EDGE('',*,*,#919,.T.);
#1186=ORIENTED_EDGE('',*,*,#918,.T.);
#1187=ORIENTED_EDGE('',*,*,#920,.F.);
#1188=ORIENTED_EDGE('',*,*,#921,.F.);
#1189=ORIENTED_EDGE('',*,*,#922,.F.);
#1190=ORIENTED_EDGE('',*,*,#921,.T.);
#1191=ORIENTED_EDGE('',*,*,#923,.F.);
#1192=ORIENTED_EDGE('',*,*,#924,.F.);
#1193=ORIENTED_EDGE('',*,*,#925,.F.);
#1194=ORIENTED_EDGE('',*,*,#924,.T.);
#1195=ORIENTED_EDGE('',*,*,#926,.F.);
#1196=ORIENTED_EDGE('',*,*,#927,.F.);
#1197=ORIENTED_EDGE('',*,*,#928,.F.);
#1198=ORIENTED_EDGE('',*,*,#927,.T.);
#1199=ORIENTED_EDGE('',*,*,#929,.F.);
#1200=ORIENTED_EDGE('',*,*,#930,.F.);
#1201=ORIENTED_EDGE('',*,*,#931,.F.);
#1202=ORIENTED_EDGE('',*,*,#930,.T.);
#1203=ORIENTED_EDGE('',*,*,#932,.F.);
#1204=ORIENTED_EDGE('',*,*,#933,.F.);
#1205=ORIENTED_EDGE('',*,*,#934,.F.);
#1206=ORIENTED_EDGE('',*,*,#933,.T.);
#1207=ORIENTED_EDGE('',*,*,#935,.F.);
#1208=ORIENTED_EDGE('',*,*,#936,.F.);
#1209=ORIENTED_EDGE('',*,*,#937,.T.);
#1210=ORIENTED_EDGE('',*,*,#936,.T.);
#1211=ORIENTED_EDGE('',*,*,#938,.F.);
#1212=ORIENTED_EDGE('',*,*,#939,.F.);
#1213=ORIENTED_EDGE('',*,*,#940,.F.);
#1214=ORIENTED_EDGE('',*,*,#939,.T.);
#1215=ORIENTED_EDGE('',*,*,#941,.F.);
#1216=ORIENTED_EDGE('',*,*,#942,.F.);
#1217=ORIENTED_EDGE('',*,*,#943,.T.);
#1218=ORIENTED_EDGE('',*,*,#942,.T.);
#1219=ORIENTED_EDGE('',*,*,#944,.F.);
#1220=ORIENTED_EDGE('',*,*,#945,.F.);
#1221=ORIENTED_EDGE('',*,*,#946,.T.);
#1222=ORIENTED_EDGE('',*,*,#945,.T.);
#1223=ORIENTED_EDGE('',*,*,#947,.F.);
#1224=ORIENTED_EDGE('',*,*,#948,.F.);
#1225=ORIENTED_EDGE('',*,*,#949,.T.);
#1226=ORIENTED_EDGE('',*,*,#948,.T.);
#1227=ORIENTED_EDGE('',*,*,#950,.F.);
#1228=ORIENTED_EDGE('',*,*,#951,.F.);
#1229=ORIENTED_EDGE('',*,*,#952,.T.);
#1230=ORIENTED_EDGE('',*,*,#951,.T.);
#1231=ORIENTED_EDGE('',*,*,#953,.F.);
#1232=ORIENTED_EDGE('',*,*,#954,.F.);
#1233=ORIENTED_EDGE('',*,*,#955,.T.);
#1234=ORIENTED_EDGE('',*,*,#954,.T.);
#1235=ORIENTED_EDGE('',*,*,#956,.F.);
#1236=ORIENTED_EDGE('',*,*,#957,.F.);
#1237=ORIENTED_EDGE('',*,*,#958,.T.);
#1238=ORIENTED_EDGE('',*,*,#957,.T.);
#1239=ORIENTED_EDGE('',*,*,#959,.F.);
#1240=ORIENTED_EDGE('',*,*,#960,.F.);
#1241=ORIENTED_EDGE('',*,*,#961,.T.);
#1242=ORIENTED_EDGE('',*,*,#960,.T.);
#1243=ORIENTED_EDGE('',*,*,#962,.F.);
#1244=ORIENTED_EDGE('',*,*,#963,.F.);
#1245=ORIENTED_EDGE('',*,*,#964,.T.);
#1246=ORIENTED_EDGE('',*,*,#963,.T.);
#1247=ORIENTED_EDGE('',*,*,#965,.F.);
#1248=ORIENTED_EDGE('',*,*,#966,.F.);
#1249=ORIENTED_EDGE('',*,*,#967,.F.);
#1250=ORIENTED_EDGE('',*,*,#966,.T.);
#1251=ORIENTED_EDGE('',*,*,#968,.F.);
#1252=ORIENTED_EDGE('',*,*,#969,.F.);
#1253=ORIENTED_EDGE('',*,*,#970,.F.);
#1254=ORIENTED_EDGE('',*,*,#969,.T.);
#1255=ORIENTED_EDGE('',*,*,#971,.F.);
#1256=ORIENTED_EDGE('',*,*,#972,.F.);
#1257=ORIENTED_EDGE('',*,*,#973,.F.);
#1258=ORIENTED_EDGE('',*,*,#972,.T.);
#1259=ORIENTED_EDGE('',*,*,#974,.F.);
#1260=ORIENTED_EDGE('',*,*,#975,.F.);
#1261=ORIENTED_EDGE('',*,*,#976,.F.);
#1262=ORIENTED_EDGE('',*,*,#975,.T.);
#1263=ORIENTED_EDGE('',*,*,#977,.F.);
#1264=ORIENTED_EDGE('',*,*,#978,.F.);
#1265=ORIENTED_EDGE('',*,*,#979,.F.);
#1266=ORIENTED_EDGE('',*,*,#978,.T.);
#1267=ORIENTED_EDGE('',*,*,#980,.F.);
#1268=ORIENTED_EDGE('',*,*,#981,.F.);
#1269=ORIENTED_EDGE('',*,*,#982,.T.);
#1270=ORIENTED_EDGE('',*,*,#981,.T.);
#1271=ORIENTED_EDGE('',*,*,#983,.F.);
#1272=ORIENTED_EDGE('',*,*,#984,.F.);
#1273=ORIENTED_EDGE('',*,*,#985,.F.);
#1274=ORIENTED_EDGE('',*,*,#984,.T.);
#1275=ORIENTED_EDGE('',*,*,#986,.F.);
#1276=ORIENTED_EDGE('',*,*,#987,.F.);
#1277=ORIENTED_EDGE('',*,*,#988,.T.);
#1278=ORIENTED_EDGE('',*,*,#987,.T.);
#1279=ORIENTED_EDGE('',*,*,#989,.F.);
#1280=ORIENTED_EDGE('',*,*,#990,.F.);
#1281=ORIENTED_EDGE('',*,*,#991,.T.);
#1282=ORIENTED_EDGE('',*,*,#990,.T.);
#1283=ORIENTED_EDGE('',*,*,#992,.F.);
#1284=ORIENTED_EDGE('',*,*,#993,.F.);
#1285=ORIENTED_EDGE('',*,*,#994,.T.);
#1286=ORIENTED_EDGE('',*,*,#993,.T.);
#1287=ORIENTED_EDGE('',*,*,#995,.F.);
#1288=ORIENTED_EDGE('',*,*,#996,.F.);
#1289=ORIENTED_EDGE('',*,*,#997,.T.);
#1290=ORIENTED_EDGE('',*,*,#996,.T.);
#1291=ORIENTED_EDGE('',*,*,#998,.F.);
#1292=ORIENTED_EDGE('',*,*,#999,.F.);
#1293=ORIENTED_EDGE('',*,*,#1000,.F.);
#1294=ORIENTED_EDGE('',*,*,#999,.T.);
#1295=ORIENTED_EDGE('',*,*,#1001,.F.);
#1296=ORIENTED_EDGE('',*,*,#1002,.F.);
#1297=ORIENTED_EDGE('',*,*,#1003,.F.);
#1298=ORIENTED_EDGE('',*,*,#1002,.T.);
#1299=ORIENTED_EDGE('',*,*,#1004,.F.);
#1300=ORIENTED_EDGE('',*,*,#1005,.F.);
#1301=ORIENTED_EDGE('',*,*,#1006,.T.);
#1302=ORIENTED_EDGE('',*,*,#1005,.T.);
#1303=ORIENTED_EDGE('',*,*,#1007,.F.);
#1304=ORIENTED_EDGE('',*,*,#1008,.F.);
#1305=ORIENTED_EDGE('',*,*,#1009,.F.);
#1306=ORIENTED_EDGE('',*,*,#1008,.T.);
#1307=ORIENTED_EDGE('',*,*,#1010,.F.);
#1308=ORIENTED_EDGE('',*,*,#1011,.F.);
#1309=ORIENTED_EDGE('',*,*,#1012,.F.);
#1310=ORIENTED_EDGE('',*,*,#1011,.T.);
#1311=ORIENTED_EDGE('',*,*,#1013,.F.);
#1312=ORIENTED_EDGE('',*,*,#1014,.F.);
#1313=ORIENTED_EDGE('',*,*,#1015,.F.);
#1314=ORIENTED_EDGE('',*,*,#1014,.T.);
#1315=ORIENTED_EDGE('',*,*,#1016,.F.);
#1316=ORIENTED_EDGE('',*,*,#1017,.F.);
#1317=ORIENTED_EDGE('',*,*,#1018,.F.);
#1318=ORIENTED_EDGE('',*,*,#1017,.T.);
#1319=ORIENTED_EDGE('',*,*,#1019,.F.);
#1320=ORIENTED_EDGE('',*,*,#1020,.F.);
#1321=ORIENTED_EDGE('',*,*,#1021,.F.);
#1322=ORIENTED_EDGE('',*,*,#1020,.T.);
#1323=ORIENTED_EDGE('',*,*,#1022,.F.);
#1324=ORIENTED_EDGE('',*,*,#1023,.F.);
#1325=ORIENTED_EDGE('',*,*,#1024,.F.);
#1326=ORIENTED_EDGE('',*,*,#1023,.T.);
#1327=ORIENTED_EDGE('',*,*,#1025,.F.);
#1328=ORIENTED_EDGE('',*,*,#1026,.F.);
#1329=ORIENTED_EDGE('',*,*,#1027,.T.);
#1330=ORIENTED_EDGE('',*,*,#1026,.T.);
#1331=ORIENTED_EDGE('',*,*,#1028,.F.);
#1332=ORIENTED_EDGE('',*,*,#1029,.F.);
#1333=ORIENTED_EDGE('',*,*,#1030,.T.);
#1334=ORIENTED_EDGE('',*,*,#1029,.T.);
#1335=ORIENTED_EDGE('',*,*,#1031,.F.);
#1336=ORIENTED_EDGE('',*,*,#1032,.F.);
#1337=ORIENTED_EDGE('',*,*,#1033,.T.);
#1338=ORIENTED_EDGE('',*,*,#1032,.T.);
#1339=ORIENTED_EDGE('',*,*,#1034,.F.);
#1340=ORIENTED_EDGE('',*,*,#1035,.F.);
#1341=ORIENTED_EDGE('',*,*,#1036,.F.);
#1342=ORIENTED_EDGE('',*,*,#1035,.T.);
#1343=ORIENTED_EDGE('',*,*,#1037,.F.);
#1344=ORIENTED_EDGE('',*,*,#1038,.F.);
#1345=ORIENTED_EDGE('',*,*,#1039,.T.);
#1346=ORIENTED_EDGE('',*,*,#1038,.T.);
#1347=ORIENTED_EDGE('',*,*,#1040,.F.);
#1348=ORIENTED_EDGE('',*,*,#1041,.F.);
#1349=ORIENTED_EDGE('',*,*,#1042,.T.);
#1350=ORIENTED_EDGE('',*,*,#1041,.T.);
#1351=ORIENTED_EDGE('',*,*,#1043,.F.);
#1352=ORIENTED_EDGE('',*,*,#1044,.F.);
#1353=ORIENTED_EDGE('',*,*,#1045,.T.);
#1354=ORIENTED_EDGE('',*,*,#1044,.T.);
#1355=ORIENTED_EDGE('',*,*,#1046,.F.);
#1356=ORIENTED_EDGE('',*,*,#1047,.F.);
#1357=ORIENTED_EDGE('',*,*,#1048,.T.);
#1358=ORIENTED_EDGE('',*,*,#1047,.T.);
#1359=ORIENTED_EDGE('',*,*,#1049,.F.);
#1360=ORIENTED_EDGE('',*,*,#1050,.F.);
#1361=ORIENTED_EDGE('',*,*,#1051,.T.);
#1362=ORIENTED_EDGE('',*,*,#1050,.T.);
#1363=ORIENTED_EDGE('',*,*,#1052,.F.);
#1364=ORIENTED_EDGE('',*,*,#1053,.F.);
#1365=ORIENTED_EDGE('',*,*,#1054,.T.);
#1366=ORIENTED_EDGE('',*,*,#1053,.T.);
#1367=ORIENTED_EDGE('',*,*,#1055,.F.);
#1368=ORIENTED_EDGE('',*,*,#1056,.F.);
#1369=ORIENTED_EDGE('',*,*,#1057,.T.);
#1370=ORIENTED_EDGE('',*,*,#1056,.T.);
#1371=ORIENTED_EDGE('',*,*,#1058,.F.);
#1372=ORIENTED_EDGE('',*,*,#1059,.F.);
#1373=ORIENTED_EDGE('',*,*,#1060,.T.);
#1374=ORIENTED_EDGE('',*,*,#1059,.T.);
#1375=ORIENTED_EDGE('',*,*,#1061,.F.);
#1376=ORIENTED_EDGE('',*,*,#1062,.F.);
#1377=ORIENTED_EDGE('',*,*,#1063,.F.);
#1378=ORIENTED_EDGE('',*,*,#1062,.T.);
#1379=ORIENTED_EDGE('',*,*,#1064,.F.);
#1380=ORIENTED_EDGE('',*,*,#880,.F.);
#1381=ORIENTED_EDGE('',*,*,#1064,.T.);
#1382=ORIENTED_EDGE('',*,*,#1061,.T.);
#1383=ORIENTED_EDGE('',*,*,#1058,.T.);
#1384=ORIENTED_EDGE('',*,*,#1055,.T.);
#1385=ORIENTED_EDGE('',*,*,#1052,.T.);
#1386=ORIENTED_EDGE('',*,*,#1049,.T.);
#1387=ORIENTED_EDGE('',*,*,#1046,.T.);
#1388=ORIENTED_EDGE('',*,*,#1043,.T.);
#1389=ORIENTED_EDGE('',*,*,#1040,.T.);
#1390=ORIENTED_EDGE('',*,*,#1037,.T.);
#1391=ORIENTED_EDGE('',*,*,#1034,.T.);
#1392=ORIENTED_EDGE('',*,*,#1031,.T.);
#1393=ORIENTED_EDGE('',*,*,#1028,.T.);
#1394=ORIENTED_EDGE('',*,*,#1025,.T.);
#1395=ORIENTED_EDGE('',*,*,#1022,.T.);
#1396=ORIENTED_EDGE('',*,*,#1019,.T.);
#1397=ORIENTED_EDGE('',*,*,#1016,.T.);
#1398=ORIENTED_EDGE('',*,*,#1013,.T.);
#1399=ORIENTED_EDGE('',*,*,#1010,.T.);
#1400=ORIENTED_EDGE('',*,*,#1007,.T.);
#1401=ORIENTED_EDGE('',*,*,#1004,.T.);
#1402=ORIENTED_EDGE('',*,*,#1001,.T.);
#1403=ORIENTED_EDGE('',*,*,#998,.T.);
#1404=ORIENTED_EDGE('',*,*,#995,.T.);
#1405=ORIENTED_EDGE('',*,*,#992,.T.);
#1406=ORIENTED_EDGE('',*,*,#989,.T.);
#1407=ORIENTED_EDGE('',*,*,#986,.T.);
#1408=ORIENTED_EDGE('',*,*,#983,.T.);
#1409=ORIENTED_EDGE('',*,*,#980,.T.);
#1410=ORIENTED_EDGE('',*,*,#977,.T.);
#1411=ORIENTED_EDGE('',*,*,#974,.T.);
#1412=ORIENTED_EDGE('',*,*,#971,.T.);
#1413=ORIENTED_EDGE('',*,*,#968,.T.);
#1414=ORIENTED_EDGE('',*,*,#965,.T.);
#1415=ORIENTED_EDGE('',*,*,#962,.T.);
#1416=ORIENTED_EDGE('',*,*,#959,.T.);
#1417=ORIENTED_EDGE('',*,*,#956,.T.);
#1418=ORIENTED_EDGE('',*,*,#953,.T.);
#1419=ORIENTED_EDGE('',*,*,#950,.T.);
#1420=ORIENTED_EDGE('',*,*,#947,.T.);
#1421=ORIENTED_EDGE('',*,*,#944,.T.);
#1422=ORIENTED_EDGE('',*,*,#941,.T.);
#1423=ORIENTED_EDGE('',*,*,#938,.T.);
#1424=ORIENTED_EDGE('',*,*,#935,.T.);
#1425=ORIENTED_EDGE('',*,*,#932,.T.);
#1426=ORIENTED_EDGE('',*,*,#929,.T.);
#1427=ORIENTED_EDGE('',*,*,#926,.T.);
#1428=ORIENTED_EDGE('',*,*,#923,.T.);
#1429=ORIENTED_EDGE('',*,*,#920,.T.);
#1430=ORIENTED_EDGE('',*,*,#917,.T.);
#1431=ORIENTED_EDGE('',*,*,#914,.T.);
#1432=ORIENTED_EDGE('',*,*,#911,.T.);
#1433=ORIENTED_EDGE('',*,*,#908,.T.);
#1434=ORIENTED_EDGE('',*,*,#905,.T.);
#1435=ORIENTED_EDGE('',*,*,#902,.T.);
#1436=ORIENTED_EDGE('',*,*,#899,.T.);
#1437=ORIENTED_EDGE('',*,*,#896,.T.);
#1438=ORIENTED_EDGE('',*,*,#893,.T.);
#1439=ORIENTED_EDGE('',*,*,#890,.T.);
#1440=ORIENTED_EDGE('',*,*,#887,.T.);
#1441=ORIENTED_EDGE('',*,*,#884,.T.);
#1442=ORIENTED_EDGE('',*,*,#881,.T.);
#1443=ORIENTED_EDGE('',*,*,#876,.T.);
#1444=ORIENTED_EDGE('',*,*,#875,.T.);
#1445=ORIENTED_EDGE('',*,*,#872,.T.);
#1446=ORIENTED_EDGE('',*,*,#869,.T.);
#1447=ORIENTED_EDGE('',*,*,#866,.T.);
#1448=ORIENTED_EDGE('',*,*,#863,.T.);
#1449=ORIENTED_EDGE('',*,*,#860,.T.);
#1450=ORIENTED_EDGE('',*,*,#857,.T.);
#1451=ORIENTED_EDGE('',*,*,#854,.T.);
#1452=ORIENTED_EDGE('',*,*,#851,.T.);
#1453=ORIENTED_EDGE('',*,*,#848,.T.);
#1454=ORIENTED_EDGE('',*,*,#845,.T.);
#1455=ORIENTED_EDGE('',*,*,#842,.T.);
#1456=ORIENTED_EDGE('',*,*,#839,.T.);
#1457=ORIENTED_EDGE('',*,*,#836,.T.);
#1458=ORIENTED_EDGE('',*,*,#833,.T.);
#1459=ORIENTED_EDGE('',*,*,#830,.T.);
#1460=ORIENTED_EDGE('',*,*,#1063,.T.);
#1461=ORIENTED_EDGE('',*,*,#879,.T.);
#1462=ORIENTED_EDGE('',*,*,#883,.T.);
#1463=ORIENTED_EDGE('',*,*,#886,.T.);
#1464=ORIENTED_EDGE('',*,*,#889,.T.);
#1465=ORIENTED_EDGE('',*,*,#892,.F.);
#1466=ORIENTED_EDGE('',*,*,#895,.T.);
#1467=ORIENTED_EDGE('',*,*,#898,.F.);
#1468=ORIENTED_EDGE('',*,*,#901,.F.);
#1469=ORIENTED_EDGE('',*,*,#904,.F.);
#1470=ORIENTED_EDGE('',*,*,#907,.F.);
#1471=ORIENTED_EDGE('',*,*,#910,.F.);
#1472=ORIENTED_EDGE('',*,*,#913,.F.);
#1473=ORIENTED_EDGE('',*,*,#916,.F.);
#1474=ORIENTED_EDGE('',*,*,#919,.F.);
#1475=ORIENTED_EDGE('',*,*,#922,.T.);
#1476=ORIENTED_EDGE('',*,*,#925,.T.);
#1477=ORIENTED_EDGE('',*,*,#928,.T.);
#1478=ORIENTED_EDGE('',*,*,#931,.T.);
#1479=ORIENTED_EDGE('',*,*,#934,.T.);
#1480=ORIENTED_EDGE('',*,*,#937,.F.);
#1481=ORIENTED_EDGE('',*,*,#940,.T.);
#1482=ORIENTED_EDGE('',*,*,#943,.F.);
#1483=ORIENTED_EDGE('',*,*,#946,.F.);
#1484=ORIENTED_EDGE('',*,*,#949,.F.);
#1485=ORIENTED_EDGE('',*,*,#952,.F.);
#1486=ORIENTED_EDGE('',*,*,#955,.F.);
#1487=ORIENTED_EDGE('',*,*,#958,.F.);
#1488=ORIENTED_EDGE('',*,*,#961,.F.);
#1489=ORIENTED_EDGE('',*,*,#964,.F.);
#1490=ORIENTED_EDGE('',*,*,#967,.T.);
#1491=ORIENTED_EDGE('',*,*,#970,.T.);
#1492=ORIENTED_EDGE('',*,*,#973,.T.);
#1493=ORIENTED_EDGE('',*,*,#976,.T.);
#1494=ORIENTED_EDGE('',*,*,#979,.T.);
#1495=ORIENTED_EDGE('',*,*,#982,.F.);
#1496=ORIENTED_EDGE('',*,*,#985,.T.);
#1497=ORIENTED_EDGE('',*,*,#988,.F.);
#1498=ORIENTED_EDGE('',*,*,#991,.F.);
#1499=ORIENTED_EDGE('',*,*,#994,.F.);
#1500=ORIENTED_EDGE('',*,*,#997,.F.);
#1501=ORIENTED_EDGE('',*,*,#1000,.T.);
#1502=ORIENTED_EDGE('',*,*,#1003,.T.);
#1503=ORIENTED_EDGE('',*,*,#1006,.F.);
#1504=ORIENTED_EDGE('',*,*,#1009,.T.);
#1505=ORIENTED_EDGE('',*,*,#1012,.T.);
#1506=ORIENTED_EDGE('',*,*,#1015,.T.);
#1507=ORIENTED_EDGE('',*,*,#1018,.T.);
#1508=ORIENTED_EDGE('',*,*,#1021,.T.);
#1509=ORIENTED_EDGE('',*,*,#1024,.T.);
#1510=ORIENTED_EDGE('',*,*,#1027,.F.);
#1511=ORIENTED_EDGE('',*,*,#1030,.F.);
#1512=ORIENTED_EDGE('',*,*,#1033,.F.);
#1513=ORIENTED_EDGE('',*,*,#1036,.T.);
#1514=ORIENTED_EDGE('',*,*,#1039,.F.);
#1515=ORIENTED_EDGE('',*,*,#1042,.F.);
#1516=ORIENTED_EDGE('',*,*,#1045,.F.);
#1517=ORIENTED_EDGE('',*,*,#1048,.F.);
#1518=ORIENTED_EDGE('',*,*,#1051,.F.);
#1519=ORIENTED_EDGE('',*,*,#1054,.F.);
#1520=ORIENTED_EDGE('',*,*,#1057,.F.);
#1521=ORIENTED_EDGE('',*,*,#1060,.F.);
#1522=ORIENTED_EDGE('',*,*,#878,.F.);
#1523=ORIENTED_EDGE('',*,*,#874,.F.);
#1524=ORIENTED_EDGE('',*,*,#864,.F.);
#1525=ORIENTED_EDGE('',*,*,#868,.F.);
#1526=ORIENTED_EDGE('',*,*,#871,.F.);
#1527=ORIENTED_EDGE('',*,*,#862,.F.);
#1528=ORIENTED_EDGE('',*,*,#852,.F.);
#1529=ORIENTED_EDGE('',*,*,#856,.F.);
#1530=ORIENTED_EDGE('',*,*,#859,.F.);
#1531=ORIENTED_EDGE('',*,*,#850,.F.);
#1532=ORIENTED_EDGE('',*,*,#840,.F.);
#1533=ORIENTED_EDGE('',*,*,#844,.F.);
#1534=ORIENTED_EDGE('',*,*,#847,.F.);
#1535=ORIENTED_EDGE('',*,*,#838,.F.);
#1536=ORIENTED_EDGE('',*,*,#828,.F.);
#1537=ORIENTED_EDGE('',*,*,#832,.F.);
#1538=ORIENTED_EDGE('',*,*,#835,.F.);
#1539=PLANE('',#1714);
#1540=PLANE('',#1715);
#1541=PLANE('',#1716);
#1542=PLANE('',#1717);
#1543=PLANE('',#1718);
#1544=PLANE('',#1719);
#1545=PLANE('',#1720);
#1546=PLANE('',#1721);
#1547=PLANE('',#1722);
#1548=PLANE('',#1723);
#1549=PLANE('',#1724);
#1550=PLANE('',#1725);
#1551=PLANE('',#1726);
#1552=PLANE('',#1727);
#1553=PLANE('',#1728);
#1554=PLANE('',#1729);
#1555=PLANE('',#1733);
#1556=PLANE('',#1734);
#1557=PLANE('',#1735);
#1558=PLANE('',#1736);
#1559=PLANE('',#1737);
#1560=PLANE('',#1738);
#1561=PLANE('',#1739);
#1562=PLANE('',#1740);
#1563=PLANE('',#1741);
#1564=PLANE('',#1742);
#1565=PLANE('',#1743);
#1566=PLANE('',#1744);
#1567=PLANE('',#1745);
#1568=PLANE('',#1746);
#1569=PLANE('',#1747);
#1570=PLANE('',#1748);
#1571=PLANE('',#1749);
#1572=PLANE('',#1750);
#1573=PLANE('',#1751);
#1574=PLANE('',#1752);
#1575=PLANE('',#1753);
#1576=PLANE('',#1754);
#1577=PLANE('',#1755);
#1578=PLANE('',#1756);
#1579=PLANE('',#1757);
#1580=PLANE('',#1758);
#1581=PLANE('',#1759);
#1582=PLANE('',#1760);
#1583=PLANE('',#1761);
#1584=PLANE('',#1762);
#1585=PLANE('',#1763);
#1586=PLANE('',#1764);
#1587=PLANE('',#1765);
#1588=PLANE('',#1766);
#1589=PLANE('',#1767);
#1590=PLANE('',#1768);
#1591=PLANE('',#1769);
#1592=PLANE('',#1770);
#1593=PLANE('',#1771);
#1594=PLANE('',#1772);
#1595=PLANE('',#1773);
#1596=PLANE('',#1774);
#1597=PLANE('',#1775);
#1598=PLANE('',#1776);
#1599=PLANE('',#1777);
#1600=PLANE('',#1778);
#1601=PLANE('',#1779);
#1602=PLANE('',#1780);
#1603=PLANE('',#1781);
#1604=PLANE('',#1782);
#1605=PLANE('',#1783);
#1606=PLANE('',#1784);
#1607=PLANE('',#1785);
#1608=PLANE('',#1786);
#1609=PLANE('',#1787);
#1610=PLANE('',#1788);
#1611=PLANE('',#1789);
#1612=PLANE('',#1790);
#1613=PLANE('',#1791);
#1614=PLANE('',#1792);
#1615=PLANE('',#1793);
#1616=PLANE('',#1794);
#1617=PLANE('',#1795);
#1618=PLANE('',#1796);
#1619=ADVANCED_FACE('',(#28),#1539,.T.);
#1620=ADVANCED_FACE('',(#29),#1540,.T.);
#1621=ADVANCED_FACE('',(#30),#1541,.T.);
#1622=ADVANCED_FACE('',(#31),#1542,.T.);
#1623=ADVANCED_FACE('',(#32),#1543,.T.);
#1624=ADVANCED_FACE('',(#33),#1544,.T.);
#1625=ADVANCED_FACE('',(#34),#1545,.T.);
#1626=ADVANCED_FACE('',(#35),#1546,.T.);
#1627=ADVANCED_FACE('',(#36),#1547,.T.);
#1628=ADVANCED_FACE('',(#37),#1548,.T.);
#1629=ADVANCED_FACE('',(#38),#1549,.T.);
#1630=ADVANCED_FACE('',(#39),#1550,.T.);
#1631=ADVANCED_FACE('',(#40),#1551,.T.);
#1632=ADVANCED_FACE('',(#41),#1552,.T.);
#1633=ADVANCED_FACE('',(#42),#1553,.T.);
#1634=ADVANCED_FACE('',(#43),#1554,.T.);
#1635=ADVANCED_FACE('',(#44),#27,.F.);
#1636=ADVANCED_FACE('',(#45),#1555,.T.);
#1637=ADVANCED_FACE('',(#46),#1556,.T.);
#1638=ADVANCED_FACE('',(#47),#1557,.T.);
#1639=ADVANCED_FACE('',(#48),#1558,.T.);
#1640=ADVANCED_FACE('',(#49),#1559,.T.);
#1641=ADVANCED_FACE('',(#50),#1560,.T.);
#1642=ADVANCED_FACE('',(#51),#1561,.T.);
#1643=ADVANCED_FACE('',(#52),#1562,.T.);
#1644=ADVANCED_FACE('',(#53),#1563,.T.);
#1645=ADVANCED_FACE('',(#54),#1564,.T.);
#1646=ADVANCED_FACE('',(#55),#1565,.T.);
#1647=ADVANCED_FACE('',(#56),#1566,.T.);
#1648=ADVANCED_FACE('',(#57),#1567,.T.);
#1649=ADVANCED_FACE('',(#58),#1568,.T.);
#1650=ADVANCED_FACE('',(#59),#1569,.T.);
#1651=ADVANCED_FACE('',(#60),#1570,.T.);
#1652=ADVANCED_FACE('',(#61),#1571,.T.);
#1653=ADVANCED_FACE('',(#62),#1572,.T.);
#1654=ADVANCED_FACE('',(#63),#1573,.T.);
#1655=ADVANCED_FACE('',(#64),#1574,.T.);
#1656=ADVANCED_FACE('',(#65),#1575,.T.);
#1657=ADVANCED_FACE('',(#66),#1576,.T.);
#1658=ADVANCED_FACE('',(#67),#1577,.T.);
#1659=ADVANCED_FACE('',(#68),#1578,.T.);
#1660=ADVANCED_FACE('',(#69),#1579,.T.);
#1661=ADVANCED_FACE('',(#70),#1580,.T.);
#1662=ADVANCED_FACE('',(#71),#1581,.T.);
#1663=ADVANCED_FACE('',(#72),#1582,.T.);
#1664=ADVANCED_FACE('',(#73),#1583,.T.);
#1665=ADVANCED_FACE('',(#74),#1584,.T.);
#1666=ADVANCED_FACE('',(#75),#1585,.T.);
#1667=ADVANCED_FACE('',(#76),#1586,.T.);
#1668=ADVANCED_FACE('',(#77),#1587,.T.);
#1669=ADVANCED_FACE('',(#78),#1588,.T.);
#1670=ADVANCED_FACE('',(#79),#1589,.T.);
#1671=ADVANCED_FACE('',(#80),#1590,.T.);
#1672=ADVANCED_FACE('',(#81),#1591,.T.);
#1673=ADVANCED_FACE('',(#82),#1592,.T.);
#1674=ADVANCED_FACE('',(#83),#1593,.T.);
#1675=ADVANCED_FACE('',(#84),#1594,.T.);
#1676=ADVANCED_FACE('',(#85),#1595,.T.);
#1677=ADVANCED_FACE('',(#86),#1596,.T.);
#1678=ADVANCED_FACE('',(#87),#1597,.T.);
#1679=ADVANCED_FACE('',(#88),#1598,.T.);
#1680=ADVANCED_FACE('',(#89),#1599,.T.);
#1681=ADVANCED_FACE('',(#90),#1600,.T.);
#1682=ADVANCED_FACE('',(#91),#1601,.T.);
#1683=ADVANCED_FACE('',(#92),#1602,.T.);
#1684=ADVANCED_FACE('',(#93),#1603,.T.);
#1685=ADVANCED_FACE('',(#94),#1604,.T.);
#1686=ADVANCED_FACE('',(#95),#1605,.T.);
#1687=ADVANCED_FACE('',(#96),#1606,.T.);
#1688=ADVANCED_FACE('',(#97),#1607,.T.);
#1689=ADVANCED_FACE('',(#98),#1608,.T.);
#1690=ADVANCED_FACE('',(#99),#1609,.T.);
#1691=ADVANCED_FACE('',(#100),#1610,.T.);
#1692=ADVANCED_FACE('',(#101),#1611,.T.);
#1693=ADVANCED_FACE('',(#102),#1612,.T.);
#1694=ADVANCED_FACE('',(#103),#1613,.T.);
#1695=ADVANCED_FACE('',(#104),#1614,.T.);
#1696=ADVANCED_FACE('',(#105),#1615,.T.);
#1697=ADVANCED_FACE('',(#106),#1616,.T.);
#1698=ADVANCED_FACE('',(#107,#15,#16,#17,#18,#19),#1617,.T.);
#1699=ADVANCED_FACE('',(#108,#20,#21,#22,#23,#24),#1618,.F.);
#1700=CLOSED_SHELL('',(#1619,#1620,#1621,#1622,#1623,#1624,#1625,#1626,
#1627,#1628,#1629,#1630,#1631,#1632,#1633,#1634,#1635,#1636,#1637,#1638,
#1639,#1640,#1641,#1642,#1643,#1644,#1645,#1646,#1647,#1648,#1649,#1650,
#1651,#1652,#1653,#1654,#1655,#1656,#1657,#1658,#1659,#1660,#1661,#1662,
#1663,#1664,#1665,#1666,#1667,#1668,#1669,#1670,#1671,#1672,#1673,#1674,
#1675,#1676,#1677,#1678,#1679,#1680,#1681,#1682,#1683,#1684,#1685,#1686,
#1687,#1688,#1689,#1690,#1691,#1692,#1693,#1694,#1695,#1696,#1697,#1698,
#1699));
#1701=DERIVED_UNIT_ELEMENT(#1703,1.);
#1702=DERIVED_UNIT_ELEMENT(#2682,-3.);
#1703=(
MASS_UNIT()
NAMED_UNIT(*)
SI_UNIT(.KILO.,.GRAM.)
);
#1704=DERIVED_UNIT((#1701,#1702));
#1705=MEASURE_REPRESENTATION_ITEM('density measure',
POSITIVE_RATIO_MEASURE(2700.),#1704);
#1706=PROPERTY_DEFINITION_REPRESENTATION(#1711,#1708);
#1707=PROPERTY_DEFINITION_REPRESENTATION(#1712,#1709);
#1708=REPRESENTATION('material name',(#1710),#2679);
#1709=REPRESENTATION('density',(#1705),#2679);
#1710=DESCRIPTIVE_REPRESENTATION_ITEM('Aluminum 6061(1)',
'Aluminum 6061(1)');
#1711=PROPERTY_DEFINITION('material property','material name',#2689);
#1712=PROPERTY_DEFINITION('material property','density of part',#2689);
#1713=AXIS2_PLACEMENT_3D('',#2200,#1797,#1798);
#1714=AXIS2_PLACEMENT_3D('',#2201,#1799,#1800);
#1715=AXIS2_PLACEMENT_3D('',#2210,#1805,#1806);
#1716=AXIS2_PLACEMENT_3D('',#2216,#1810,#1811);
#1717=AXIS2_PLACEMENT_3D('',#2222,#1815,#1816);
#1718=AXIS2_PLACEMENT_3D('',#2225,#1819,#1820);
#1719=AXIS2_PLACEMENT_3D('',#2234,#1825,#1826);
#1720=AXIS2_PLACEMENT_3D('',#2240,#1830,#1831);
#1721=AXIS2_PLACEMENT_3D('',#2246,#1835,#1836);
#1722=AXIS2_PLACEMENT_3D('',#2249,#1839,#1840);
#1723=AXIS2_PLACEMENT_3D('',#2258,#1845,#1846);
#1724=AXIS2_PLACEMENT_3D('',#2264,#1850,#1851);
#1725=AXIS2_PLACEMENT_3D('',#2270,#1855,#1856);
#1726=AXIS2_PLACEMENT_3D('',#2273,#1859,#1860);
#1727=AXIS2_PLACEMENT_3D('',#2282,#1865,#1866);
#1728=AXIS2_PLACEMENT_3D('',#2288,#1870,#1871);
#1729=AXIS2_PLACEMENT_3D('',#2294,#1875,#1876);
#1730=AXIS2_PLACEMENT_3D('',#2297,#1879,#1880);
#1731=AXIS2_PLACEMENT_3D('',#2299,#1881,#1882);
#1732=AXIS2_PLACEMENT_3D('',#2302,#1884,#1885);
#1733=AXIS2_PLACEMENT_3D('',#2303,#1886,#1887);
#1734=AXIS2_PLACEMENT_3D('',#2312,#1892,#1893);
#1735=AXIS2_PLACEMENT_3D('',#2318,#1897,#1898);
#1736=AXIS2_PLACEMENT_3D('',#2324,#1902,#1903);
#1737=AXIS2_PLACEMENT_3D('',#2330,#1907,#1908);
#1738=AXIS2_PLACEMENT_3D('',#2336,#1912,#1913);
#1739=AXIS2_PLACEMENT_3D('',#2342,#1917,#1918);
#1740=AXIS2_PLACEMENT_3D('',#2348,#1922,#1923);
#1741=AXIS2_PLACEMENT_3D('',#2354,#1927,#1928);
#1742=AXIS2_PLACEMENT_3D('',#2360,#1932,#1933);
#1743=AXIS2_PLACEMENT_3D('',#2366,#1937,#1938);
#1744=AXIS2_PLACEMENT_3D('',#2372,#1942,#1943);
#1745=AXIS2_PLACEMENT_3D('',#2378,#1947,#1948);
#1746=AXIS2_PLACEMENT_3D('',#2384,#1952,#1953);
#1747=AXIS2_PLACEMENT_3D('',#2390,#1957,#1958);
#1748=AXIS2_PLACEMENT_3D('',#2396,#1962,#1963);
#1749=AXIS2_PLACEMENT_3D('',#2402,#1967,#1968);
#1750=AXIS2_PLACEMENT_3D('',#2408,#1972,#1973);
#1751=AXIS2_PLACEMENT_3D('',#2414,#1977,#1978);
#1752=AXIS2_PLACEMENT_3D('',#2420,#1982,#1983);
#1753=AXIS2_PLACEMENT_3D('',#2426,#1987,#1988);
#1754=AXIS2_PLACEMENT_3D('',#2432,#1992,#1993);
#1755=AXIS2_PLACEMENT_3D('',#2438,#1997,#1998);
#1756=AXIS2_PLACEMENT_3D('',#2444,#2002,#2003);
#1757=AXIS2_PLACEMENT_3D('',#2450,#2007,#2008);
#1758=AXIS2_PLACEMENT_3D('',#2456,#2012,#2013);
#1759=AXIS2_PLACEMENT_3D('',#2462,#2017,#2018);
#1760=AXIS2_PLACEMENT_3D('',#2468,#2022,#2023);
#1761=AXIS2_PLACEMENT_3D('',#2474,#2027,#2028);
#1762=AXIS2_PLACEMENT_3D('',#2480,#2032,#2033);
#1763=AXIS2_PLACEMENT_3D('',#2486,#2037,#2038);
#1764=AXIS2_PLACEMENT_3D('',#2492,#2042,#2043);
#1765=AXIS2_PLACEMENT_3D('',#2498,#2047,#2048);
#1766=AXIS2_PLACEMENT_3D('',#2504,#2052,#2053);
#1767=AXIS2_PLACEMENT_3D('',#2510,#2057,#2058);
#1768=AXIS2_PLACEMENT_3D('',#2516,#2062,#2063);
#1769=AXIS2_PLACEMENT_3D('',#2522,#2067,#2068);
#1770=AXIS2_PLACEMENT_3D('',#2528,#2072,#2073);
#1771=AXIS2_PLACEMENT_3D('',#2534,#2077,#2078);
#1772=AXIS2_PLACEMENT_3D('',#2540,#2082,#2083);
#1773=AXIS2_PLACEMENT_3D('',#2546,#2087,#2088);
#1774=AXIS2_PLACEMENT_3D('',#2552,#2092,#2093);
#1775=AXIS2_PLACEMENT_3D('',#2558,#2097,#2098);
#1776=AXIS2_PLACEMENT_3D('',#2564,#2102,#2103);
#1777=AXIS2_PLACEMENT_3D('',#2570,#2107,#2108);
#1778=AXIS2_PLACEMENT_3D('',#2576,#2112,#2113);
#1779=AXIS2_PLACEMENT_3D('',#2582,#2117,#2118);
#1780=AXIS2_PLACEMENT_3D('',#2588,#2122,#2123);
#1781=AXIS2_PLACEMENT_3D('',#2594,#2127,#2128);
#1782=AXIS2_PLACEMENT_3D('',#2600,#2132,#2133);
#1783=AXIS2_PLACEMENT_3D('',#2606,#2137,#2138);
#1784=AXIS2_PLACEMENT_3D('',#2612,#2142,#2143);
#1785=AXIS2_PLACEMENT_3D('',#2618,#2147,#2148);
#1786=AXIS2_PLACEMENT_3D('',#2624,#2152,#2153);
#1787=AXIS2_PLACEMENT_3D('',#2630,#2157,#2158);
#1788=AXIS2_PLACEMENT_3D('',#2636,#2162,#2163);
#1789=AXIS2_PLACEMENT_3D('',#2642,#2167,#2168);
#1790=AXIS2_PLACEMENT_3D('',#2648,#2172,#2173);
#1791=AXIS2_PLACEMENT_3D('',#2654,#2177,#2178);
#1792=AXIS2_PLACEMENT_3D('',#2660,#2182,#2183);
#1793=AXIS2_PLACEMENT_3D('',#2666,#2187,#2188);
#1794=AXIS2_PLACEMENT_3D('',#2672,#2192,#2193);
#1795=AXIS2_PLACEMENT_3D('',#2675,#2196,#2197);
#1796=AXIS2_PLACEMENT_3D('',#2676,#2198,#2199);
#1797=DIRECTION('axis',(0.,0.,1.));
#1798=DIRECTION('refdir',(1.,0.,0.));
#1799=DIRECTION('center_axis',(-1.,0.,0.));
#1800=DIRECTION('ref_axis',(0.,-1.,0.));
#1801=DIRECTION('',(0.,-1.,0.));
#1802=DIRECTION('',(0.,0.,1.));
#1803=DIRECTION('',(0.,-1.,0.));
#1804=DIRECTION('',(0.,0.,1.));
#1805=DIRECTION('center_axis',(0.,-1.,0.));
#1806=DIRECTION('ref_axis',(1.,0.,0.));
#1807=DIRECTION('',(1.,0.,0.));
#1808=DIRECTION('',(1.,0.,0.));
#1809=DIRECTION('',(0.,0.,1.));
#1810=DIRECTION('center_axis',(1.,0.,0.));
#1811=DIRECTION('ref_axis',(0.,1.,0.));
#1812=DIRECTION('',(0.,1.,0.));
#1813=DIRECTION('',(0.,1.,0.));
#1814=DIRECTION('',(0.,0.,1.));
#1815=DIRECTION('center_axis',(0.,1.,0.));
#1816=DIRECTION('ref_axis',(-1.,0.,0.));
#1817=DIRECTION('',(-1.,0.,0.));
#1818=DIRECTION('',(-1.,0.,0.));
#1819=DIRECTION('center_axis',(1.,0.,0.));
#1820=DIRECTION('ref_axis',(0.,1.,0.));
#1821=DIRECTION('',(0.,1.,0.));
#1822=DIRECTION('',(0.,0.,1.));
#1823=DIRECTION('',(0.,1.,0.));
#1824=DIRECTION('',(0.,0.,1.));
#1825=DIRECTION('center_axis',(0.,1.,0.));
#1826=DIRECTION('ref_axis',(-1.,0.,0.));
#1827=DIRECTION('',(-1.,0.,0.));
#1828=DIRECTION('',(-1.,0.,0.));
#1829=DIRECTION('',(0.,0.,1.));
#1830=DIRECTION('center_axis',(-1.,0.,0.));
#1831=DIRECTION('ref_axis',(0.,-1.,0.));
#1832=DIRECTION('',(0.,-1.,0.));
#1833=DIRECTION('',(0.,-1.,0.));
#1834=DIRECTION('',(0.,0.,1.));
#1835=DIRECTION('center_axis',(0.,-1.,0.));
#1836=DIRECTION('ref_axis',(1.,0.,0.));
#1837=DIRECTION('',(1.,0.,0.));
#1838=DIRECTION('',(1.,0.,0.));
#1839=DIRECTION('center_axis',(0.,-1.,0.));
#1840=DIRECTION('ref_axis',(1.,0.,0.));
#1841=DIRECTION('',(1.,0.,0.));
#1842=DIRECTION('',(0.,0.,1.));
#1843=DIRECTION('',(1.,0.,0.));
#1844=DIRECTION('',(0.,0.,1.));
#1845=DIRECTION('center_axis',(1.,0.,0.));
#1846=DIRECTION('ref_axis',(0.,1.,0.));
#1847=DIRECTION('',(0.,1.,0.));
#1848=DIRECTION('',(0.,1.,0.));
#1849=DIRECTION('',(0.,0.,1.));
#1850=DIRECTION('center_axis',(0.,1.,0.));
#1851=DIRECTION('ref_axis',(-1.,0.,0.));
#1852=DIRECTION('',(-1.,0.,0.));
#1853=DIRECTION('',(-1.,0.,0.));
#1854=DIRECTION('',(0.,0.,1.));
#1855=DIRECTION('center_axis',(-1.,0.,0.));
#1856=DIRECTION('ref_axis',(0.,-1.,0.));
#1857=DIRECTION('',(0.,-1.,0.));
#1858=DIRECTION('',(0.,-1.,0.));
#1859=DIRECTION('center_axis',(1.,0.,0.));
#1860=DIRECTION('ref_axis',(0.,1.,0.));
#1861=DIRECTION('',(0.,1.,0.));
#1862=DIRECTION('',(0.,0.,1.));
#1863=DIRECTION('',(0.,1.,0.));
#1864=DIRECTION('',(0.,0.,1.));
#1865=DIRECTION('center_axis',(0.,1.,0.));
#1866=DIRECTION('ref_axis',(-1.,0.,0.));
#1867=DIRECTION('',(-1.,0.,0.));
#1868=DIRECTION('',(-1.,0.,0.));
#1869=DIRECTION('',(0.,0.,1.));
#1870=DIRECTION('center_axis',(-1.,0.,0.));
#1871=DIRECTION('ref_axis',(0.,-1.,0.));
#1872=DIRECTION('',(0.,-1.,0.));
#1873=DIRECTION('',(0.,-1.,0.));
#1874=DIRECTION('',(0.,0.,1.));
#1875=DIRECTION('center_axis',(0.,-1.,0.));
#1876=DIRECTION('ref_axis',(1.,0.,0.));
#1877=DIRECTION('',(1.,0.,0.));
#1878=DIRECTION('',(1.,0.,0.));
#1879=DIRECTION('center_axis',(0.,0.,1.));
#1880=DIRECTION('ref_axis',(1.,0.,0.));
#1881=DIRECTION('center_axis',(0.,0.,-1.));
#1882=DIRECTION('ref_axis',(1.,0.,0.));
#1883=DIRECTION('',(0.,0.,-1.));
#1884=DIRECTION('center_axis',(0.,0.,-1.));
#1885=DIRECTION('ref_axis',(1.,0.,0.));
#1886=DIRECTION('center_axis',(0.,1.,0.));
#1887=DIRECTION('ref_axis',(-1.,0.,0.));
#1888=DIRECTION('',(1.,0.,0.));
#1889=DIRECTION('',(0.,0.,1.));
#1890=DIRECTION('',(-1.,0.,0.));
#1891=DIRECTION('',(0.,0.,1.));
#1892=DIRECTION('center_axis',(1.,0.,0.));
#1893=DIRECTION('ref_axis',(0.,1.,0.));
#1894=DIRECTION('',(0.,-1.,0.));
#1895=DIRECTION('',(0.,1.,0.));
#1896=DIRECTION('',(0.,0.,1.));
#1897=DIRECTION('center_axis',(0.,-1.,0.));
#1898=DIRECTION('ref_axis',(1.,0.,0.));
#1899=DIRECTION('',(-1.,0.,0.));
#1900=DIRECTION('',(1.,0.,0.));
#1901=DIRECTION('',(0.,0.,1.));
#1902=DIRECTION('center_axis',(0.999999997791525,-6.64601357655929E-5,0.));
#1903=DIRECTION('ref_axis',(6.64601357655929E-5,0.999999997791525,0.));
#1904=DIRECTION('',(-6.64601357655929E-5,-0.999999997791525,0.));
#1905=DIRECTION('',(6.64601357655929E-5,0.999999997791525,0.));
#1906=DIRECTION('',(0.,0.,1.));
#1907=DIRECTION('center_axis',(2.1350442781253E-16,-1.,0.));
#1908=DIRECTION('ref_axis',(1.,2.1350442781253E-16,0.));
#1909=DIRECTION('',(1.,2.1350442781253E-16,0.));
#1910=DIRECTION('',(1.,2.1350442781253E-16,0.));
#1911=DIRECTION('',(0.,0.,1.));
#1912=DIRECTION('center_axis',(-1.,-4.2700885562506E-16,0.));
#1913=DIRECTION('ref_axis',(4.2700885562506E-16,-1.,0.));
#1914=DIRECTION('',(-4.2700885562506E-16,1.,0.));
#1915=DIRECTION('',(4.2700885562506E-16,-1.,0.));
#1916=DIRECTION('',(0.,0.,1.));
#1917=DIRECTION('center_axis',(-6.64601357633723E-5,0.999999997791525,0.));
#1918=DIRECTION('ref_axis',(-0.999999997791525,-6.64601357633723E-5,0.));
#1919=DIRECTION('',(-0.999999997791525,-6.64601357633723E-5,0.));
#1920=DIRECTION('',(-0.999999997791525,-6.64601357633723E-5,0.));
#1921=DIRECTION('',(0.,0.,1.));
#1922=DIRECTION('center_axis',(-1.,0.,0.));
#1923=DIRECTION('ref_axis',(0.,-1.,0.));
#1924=DIRECTION('',(0.,-1.,0.));
#1925=DIRECTION('',(0.,-1.,0.));
#1926=DIRECTION('',(0.,0.,1.));
#1927=DIRECTION('center_axis',(0.,1.,0.));
#1928=DIRECTION('ref_axis',(-1.,0.,0.));
#1929=DIRECTION('',(-1.,0.,0.));
#1930=DIRECTION('',(-1.,0.,0.));
#1931=DIRECTION('',(0.,0.,1.));
#1932=DIRECTION('center_axis',(1.,0.,0.));
#1933=DIRECTION('ref_axis',(0.,1.,0.));
#1934=DIRECTION('',(0.,1.,0.));
#1935=DIRECTION('',(0.,1.,0.));
#1936=DIRECTION('',(0.,0.,1.));
#1937=DIRECTION('center_axis',(0.,1.,0.));
#1938=DIRECTION('ref_axis',(-1.,0.,0.));
#1939=DIRECTION('',(-1.,0.,0.));
#1940=DIRECTION('',(-1.,0.,0.));
#1941=DIRECTION('',(0.,0.,1.));
#1942=DIRECTION('center_axis',(-0.70664832442394,0.707564940898599,0.));
#1943=DIRECTION('ref_axis',(-0.707564940898599,-0.70664832442394,0.));
#1944=DIRECTION('',(-0.707564940898599,-0.70664832442394,0.));
#1945=DIRECTION('',(-0.707564940898599,-0.70664832442394,0.));
#1946=DIRECTION('',(0.,0.,1.));
#1947=DIRECTION('center_axis',(-1.,0.,0.));
#1948=DIRECTION('ref_axis',(0.,-1.,0.));
#1949=DIRECTION('',(0.,-1.,0.));
#1950=DIRECTION('',(0.,-1.,0.));
#1951=DIRECTION('',(0.,0.,1.));
#1952=DIRECTION('center_axis',(-0.706648360828098,-0.707564904541599,0.));
#1953=DIRECTION('ref_axis',(0.707564904541599,-0.706648360828098,0.));
#1954=DIRECTION('',(0.707564904541599,-0.706648360828098,0.));
#1955=DIRECTION('',(0.707564904541599,-0.706648360828098,0.));
#1956=DIRECTION('',(0.,0.,1.));
#1957=DIRECTION('center_axis',(0.,-1.,0.));
#1958=DIRECTION('ref_axis',(1.,0.,0.));
#1959=DIRECTION('',(-1.,0.,0.));
#1960=DIRECTION('',(1.,0.,0.));
#1961=DIRECTION('',(0.,0.,1.));
#1962=DIRECTION('center_axis',(1.,0.,0.));
#1963=DIRECTION('ref_axis',(0.,1.,0.));
#1964=DIRECTION('',(0.,-1.,0.));
#1965=DIRECTION('',(0.,1.,0.));
#1966=DIRECTION('',(0.,0.,1.));
#1967=DIRECTION('center_axis',(0.,-1.,0.));
#1968=DIRECTION('ref_axis',(1.,0.,0.));
#1969=DIRECTION('',(-1.,0.,0.));
#1970=DIRECTION('',(1.,0.,0.));
#1971=DIRECTION('',(0.,0.,1.));
#1972=DIRECTION('center_axis',(-1.,0.,0.));
#1973=DIRECTION('ref_axis',(0.,-1.,0.));
#1974=DIRECTION('',(0.,1.,0.));
#1975=DIRECTION('',(0.,-1.,0.));
#1976=DIRECTION('',(0.,0.,1.));
#1977=DIRECTION('center_axis',(-6.64601357633723E-5,-0.999999997791525,
0.));
#1978=DIRECTION('ref_axis',(0.999999997791525,-6.64601357633723E-5,0.));
#1979=DIRECTION('',(-0.999999997791525,6.64601357633723E-5,0.));
#1980=DIRECTION('',(0.999999997791525,-6.64601357633723E-5,0.));
#1981=DIRECTION('',(0.,0.,1.));
#1982=DIRECTION('center_axis',(-1.,4.2700885562506E-16,0.));
#1983=DIRECTION('ref_axis',(-4.2700885562506E-16,-1.,0.));
#1984=DIRECTION('',(-4.2700885562506E-16,-1.,0.));
#1985=DIRECTION('',(-4.2700885562506E-16,-1.,0.));
#1986=DIRECTION('',(0.,0.,1.));
#1987=DIRECTION('center_axis',(4.2700885562506E-16,1.,0.));
#1988=DIRECTION('ref_axis',(-1.,4.2700885562506E-16,0.));
#1989=DIRECTION('',(1.,-4.2700885562506E-16,0.));
#1990=DIRECTION('',(-1.,4.2700885562506E-16,0.));
#1991=DIRECTION('',(0.,0.,1.));
#1992=DIRECTION('center_axis',(0.999999997791525,6.64601357655931E-5,0.));
#1993=DIRECTION('ref_axis',(-6.64601357655931E-5,0.999999997791525,0.));
#1994=DIRECTION('',(-6.64601357655931E-5,0.999999997791525,0.));
#1995=DIRECTION('',(-6.64601357655931E-5,0.999999997791525,0.));
#1996=DIRECTION('',(0.,0.,1.));
#1997=DIRECTION('center_axis',(0.,1.,0.));
#1998=DIRECTION('ref_axis',(-1.,0.,0.));
#1999=DIRECTION('',(-1.,0.,0.));
#2000=DIRECTION('',(-1.,0.,0.));
#2001=DIRECTION('',(0.,0.,1.));
#2002=DIRECTION('center_axis',(1.,0.,0.));
#2003=DIRECTION('ref_axis',(0.,1.,0.));
#2004=DIRECTION('',(0.,1.,0.));
#2005=DIRECTION('',(0.,1.,0.));
#2006=DIRECTION('',(0.,0.,1.));
#2007=DIRECTION('center_axis',(0.,-1.,0.));
#2008=DIRECTION('ref_axis',(1.,0.,0.));
#2009=DIRECTION('',(1.,0.,0.));
#2010=DIRECTION('',(1.,0.,0.));
#2011=DIRECTION('',(0.,0.,1.));
#2012=DIRECTION('center_axis',(1.,0.,0.));
#2013=DIRECTION('ref_axis',(0.,1.,0.));
#2014=DIRECTION('',(0.,1.,0.));
#2015=DIRECTION('',(0.,1.,0.));
#2016=DIRECTION('',(0.,0.,1.));
#2017=DIRECTION('center_axis',(0.706648360823207,0.707564904546484,0.));
#2018=DIRECTION('ref_axis',(-0.707564904546484,0.706648360823207,0.));
#2019=DIRECTION('',(-0.707564904546484,0.706648360823207,0.));
#2020=DIRECTION('',(-0.707564904546484,0.706648360823207,0.));
#2021=DIRECTION('',(0.,0.,1.));
#2022=DIRECTION('center_axis',(0.,1.,0.));
#2023=DIRECTION('ref_axis',(-1.,0.,0.));
#2024=DIRECTION('',(-1.,0.,0.));
#2025=DIRECTION('',(-1.,0.,0.));
#2026=DIRECTION('',(0.,0.,1.));
#2027=DIRECTION('center_axis',(-0.707106838593454,0.707106723779637,0.));
#2028=DIRECTION('ref_axis',(-0.707106723779637,-0.707106838593454,0.));
#2029=DIRECTION('',(-0.707106723779637,-0.707106838593454,0.));
#2030=DIRECTION('',(-0.707106723779637,-0.707106838593454,0.));
#2031=DIRECTION('',(0.,0.,1.));
#2032=DIRECTION('center_axis',(-1.,0.,0.));
#2033=DIRECTION('ref_axis',(0.,-1.,0.));
#2034=DIRECTION('',(0.,1.,0.));
#2035=DIRECTION('',(0.,-1.,0.));
#2036=DIRECTION('',(0.,0.,1.));
#2037=DIRECTION('center_axis',(0.,-1.,0.));
#2038=DIRECTION('ref_axis',(1.,0.,0.));
#2039=DIRECTION('',(-1.,0.,0.));
#2040=DIRECTION('',(1.,0.,0.));
#2041=DIRECTION('',(0.,0.,1.));
#2042=DIRECTION('center_axis',(-1.,0.,0.));
#2043=DIRECTION('ref_axis',(0.,-1.,0.));
#2044=DIRECTION('',(0.,1.,0.));
#2045=DIRECTION('',(0.,-1.,0.));
#2046=DIRECTION('',(0.,0.,1.));
#2047=DIRECTION('center_axis',(0.,1.,0.));
#2048=DIRECTION('ref_axis',(-1.,0.,0.));
#2049=DIRECTION('',(1.,0.,0.));
#2050=DIRECTION('',(-1.,0.,0.));
#2051=DIRECTION('',(0.,0.,1.));
#2052=DIRECTION('center_axis',(-0.999999997791525,6.64601357655931E-5,0.));
#2053=DIRECTION('ref_axis',(-6.64601357655931E-5,-0.999999997791525,0.));
#2054=DIRECTION('',(6.64601357655931E-5,0.999999997791525,0.));
#2055=DIRECTION('',(-6.64601357655931E-5,-0.999999997791525,0.));
#2056=DIRECTION('',(0.,0.,1.));
#2057=DIRECTION('center_axis',(-4.2700885562506E-16,1.,0.));
#2058=DIRECTION('ref_axis',(-1.,-4.2700885562506E-16,0.));
#2059=DIRECTION('',(-1.,-4.2700885562506E-16,0.));
#2060=DIRECTION('',(-1.,-4.2700885562506E-16,0.));
#2061=DIRECTION('',(0.,0.,1.));
#2062=DIRECTION('center_axis',(1.,4.2700885562506E-16,0.));
#2063=DIRECTION('ref_axis',(-4.2700885562506E-16,1.,0.));
#2064=DIRECTION('',(4.2700885562506E-16,-1.,0.));
#2065=DIRECTION('',(-4.2700885562506E-16,1.,0.));
#2066=DIRECTION('',(0.,0.,1.));
#2067=DIRECTION('center_axis',(6.64601357633723E-5,-0.999999997791525,0.));
#2068=DIRECTION('ref_axis',(0.999999997791525,6.64601357633723E-5,0.));
#2069=DIRECTION('',(0.999999997791525,6.64601357633723E-5,0.));
#2070=DIRECTION('',(0.999999997791525,6.64601357633723E-5,0.));
#2071=DIRECTION('',(0.,0.,1.));
#2072=DIRECTION('center_axis',(1.,0.,0.));
#2073=DIRECTION('ref_axis',(0.,1.,0.));
#2074=DIRECTION('',(0.,1.,0.));
#2075=DIRECTION('',(0.,1.,0.));
#2076=DIRECTION('',(0.,0.,1.));
#2077=DIRECTION('center_axis',(0.,-1.,0.));
#2078=DIRECTION('ref_axis',(1.,0.,0.));
#2079=DIRECTION('',(1.,0.,0.));
#2080=DIRECTION('',(1.,0.,0.));
#2081=DIRECTION('',(0.,0.,1.));
#2082=DIRECTION('center_axis',(-1.,0.,0.));
#2083=DIRECTION('ref_axis',(0.,-1.,0.));
#2084=DIRECTION('',(0.,-1.,0.));
#2085=DIRECTION('',(0.,-1.,0.));
#2086=DIRECTION('',(0.,0.,1.));
#2087=DIRECTION('center_axis',(0.,-1.,0.));
#2088=DIRECTION('ref_axis',(1.,0.,0.));
#2089=DIRECTION('',(-1.,0.,0.));
#2090=DIRECTION('',(1.,0.,0.));
#2091=DIRECTION('',(0.,0.,1.));
#2092=DIRECTION('center_axis',(0.70710683864059,-0.707106723732501,0.));
#2093=DIRECTION('ref_axis',(0.707106723732501,0.70710683864059,0.));
#2094=DIRECTION('',(-0.707106723732501,-0.70710683864059,0.));
#2095=DIRECTION('',(0.707106723732501,0.70710683864059,0.));
#2096=DIRECTION('',(0.,0.,1.));
#2097=DIRECTION('center_axis',(1.,0.,0.));
#2098=DIRECTION('ref_axis',(0.,1.,0.));
#2099=DIRECTION('',(0.,1.,0.));
#2100=DIRECTION('',(0.,1.,0.));
#2101=DIRECTION('',(0.,0.,1.));
#2102=DIRECTION('center_axis',(0.707106802259972,0.707106760113123,0.));
#2103=DIRECTION('ref_axis',(-0.707106760113123,0.707106802259972,0.));
#2104=DIRECTION('',(0.707106760113123,-0.707106802259972,0.));
#2105=DIRECTION('',(-0.707106760113123,0.707106802259972,0.));
#2106=DIRECTION('',(0.,0.,1.));
#2107=DIRECTION('center_axis',(0.,1.,0.));
#2108=DIRECTION('ref_axis',(-1.,0.,0.));
#2109=DIRECTION('',(1.,0.,0.));
#2110=DIRECTION('',(-1.,0.,0.));
#2111=DIRECTION('',(0.,0.,1.));
#2112=DIRECTION('center_axis',(-1.,0.,0.));
#2113=DIRECTION('ref_axis',(0.,-1.,0.));
#2114=DIRECTION('',(0.,1.,0.));
#2115=DIRECTION('',(0.,-1.,0.));
#2116=DIRECTION('',(0.,0.,1.));
#2117=DIRECTION('center_axis',(0.,1.,0.));
#2118=DIRECTION('ref_axis',(-1.,0.,0.));
#2119=DIRECTION('',(1.,0.,0.));
#2120=DIRECTION('',(-1.,0.,0.));
#2121=DIRECTION('',(0.,0.,1.));
#2122=DIRECTION('center_axis',(1.,0.,0.));
#2123=DIRECTION('ref_axis',(0.,1.,0.));
#2124=DIRECTION('',(0.,-1.,0.));
#2125=DIRECTION('',(0.,1.,0.));
#2126=DIRECTION('',(0.,0.,1.));
#2127=DIRECTION('center_axis',(6.64601357633723E-5,0.999999997791525,0.));
#2128=DIRECTION('ref_axis',(-0.999999997791525,6.64601357633723E-5,0.));
#2129=DIRECTION('',(0.999999997791525,-6.64601357633723E-5,0.));
#2130=DIRECTION('',(-0.999999997791525,6.64601357633723E-5,0.));
#2131=DIRECTION('',(0.,0.,1.));
#2132=DIRECTION('center_axis',(1.,-2.98150832036024E-8,0.));
#2133=DIRECTION('ref_axis',(2.98150832036024E-8,1.,0.));
#2134=DIRECTION('',(2.98150832036024E-8,1.,0.));
#2135=DIRECTION('',(2.98150832036024E-8,1.,0.));
#2136=DIRECTION('',(0.,0.,1.));
#2137=DIRECTION('center_axis',(2.9802320611338E-8,1.,0.));
#2138=DIRECTION('ref_axis',(-1.,2.9802320611338E-8,0.));
#2139=DIRECTION('',(-1.,2.9802320611338E-8,0.));
#2140=DIRECTION('',(-1.,2.9802320611338E-8,0.));
#2141=DIRECTION('',(0.,0.,1.));
#2142=DIRECTION('center_axis',(1.,-4.2700885562506E-16,0.));
#2143=DIRECTION('ref_axis',(4.2700885562506E-16,1.,0.));
#2144=DIRECTION('',(4.2700885562506E-16,1.,0.));
#2145=DIRECTION('',(4.2700885562506E-16,1.,0.));
#2146=DIRECTION('',(0.,0.,1.));
#2147=DIRECTION('center_axis',(-2.1350442781253E-16,-1.,0.));
#2148=DIRECTION('ref_axis',(1.,-2.1350442781253E-16,0.));
#2149=DIRECTION('',(-1.,2.1350442781253E-16,0.));
#2150=DIRECTION('',(1.,-2.1350442781253E-16,0.));
#2151=DIRECTION('',(0.,0.,1.));
#2152=DIRECTION('center_axis',(-0.999999997791525,-6.64601357655929E-5,
0.));
#2153=DIRECTION('ref_axis',(6.64601357655929E-5,-0.999999997791525,0.));
#2154=DIRECTION('',(6.64601357655929E-5,-0.999999997791525,0.));
#2155=DIRECTION('',(6.64601357655929E-5,-0.999999997791525,0.));
#2156=DIRECTION('',(0.,0.,1.));
#2157=DIRECTION('center_axis',(0.,-1.,0.));
#2158=DIRECTION('ref_axis',(1.,0.,0.));
#2159=DIRECTION('',(1.,0.,0.));
#2160=DIRECTION('',(1.,0.,0.));
#2161=DIRECTION('',(0.,0.,1.));
#2162=DIRECTION('center_axis',(-1.,0.,0.));
#2163=DIRECTION('ref_axis',(0.,-1.,0.));
#2164=DIRECTION('',(0.,-1.,0.));
#2165=DIRECTION('',(0.,-1.,0.));
#2166=DIRECTION('',(0.,0.,1.));
#2167=DIRECTION('center_axis',(0.,1.,0.));
#2168=DIRECTION('ref_axis',(-1.,0.,0.));
#2169=DIRECTION('',(-1.,0.,0.));
#2170=DIRECTION('',(-1.,0.,0.));
#2171=DIRECTION('',(0.,0.,1.));
#2172=DIRECTION('center_axis',(-1.,0.,0.));
#2173=DIRECTION('ref_axis',(0.,-1.,0.));
#2174=DIRECTION('',(0.,-1.,0.));
#2175=DIRECTION('',(0.,-1.,0.));
#2176=DIRECTION('',(0.,0.,1.));
#2177=DIRECTION('center_axis',(-0.707106802259972,-0.707106760113123,0.));
#2178=DIRECTION('ref_axis',(0.707106760113123,-0.707106802259972,0.));
#2179=DIRECTION('',(0.707106760113123,-0.707106802259972,0.));
#2180=DIRECTION('',(0.707106760113123,-0.707106802259972,0.));
#2181=DIRECTION('',(0.,0.,1.));
#2182=DIRECTION('center_axis',(0.,-1.,0.));
#2183=DIRECTION('ref_axis',(1.,0.,0.));
#2184=DIRECTION('',(1.,0.,0.));
#2185=DIRECTION('',(1.,0.,0.));
#2186=DIRECTION('',(0.,0.,1.));
#2187=DIRECTION('center_axis',(0.707106825890387,-0.707106736482705,0.));
#2188=DIRECTION('ref_axis',(0.707106736482705,0.707106825890387,0.));
#2189=DIRECTION('',(0.707106736482705,0.707106825890387,0.));
#2190=DIRECTION('',(0.707106736482705,0.707106825890387,0.));
#2191=DIRECTION('',(0.,0.,1.));
#2192=DIRECTION('center_axis',(1.,0.,0.));
#2193=DIRECTION('ref_axis',(0.,1.,0.));
#2194=DIRECTION('',(0.,-1.,0.));
#2195=DIRECTION('',(0.,1.,0.));
#2196=DIRECTION('center_axis',(0.,0.,1.));
#2197=DIRECTION('ref_axis',(1.,0.,0.));
#2198=DIRECTION('center_axis',(0.,0.,1.));
#2199=DIRECTION('ref_axis',(1.,0.,0.));
#2200=CARTESIAN_POINT('',(0.,0.,0.));
#2201=CARTESIAN_POINT('Origin',(5.20000001490116,5.20000001490116,0.));
#2202=CARTESIAN_POINT('',(5.20000001490116,5.20000001490116,0.));
#2203=CARTESIAN_POINT('',(5.20000001490116,1.00000001490116,0.));
#2204=CARTESIAN_POINT('',(5.20000001490116,1.00000001490116,0.));
#2205=CARTESIAN_POINT('',(5.20000001490116,1.00000001490116,640.));
#2206=CARTESIAN_POINT('',(5.20000001490116,1.00000001490116,0.));
#2207=CARTESIAN_POINT('',(5.20000001490116,5.20000001490116,640.));
#2208=CARTESIAN_POINT('',(5.20000001490116,1.00000001490116,640.));
#2209=CARTESIAN_POINT('',(5.20000001490116,5.20000001490116,0.));
#2210=CARTESIAN_POINT('Origin',(1.00000001490116,5.20000001490116,0.));
#2211=CARTESIAN_POINT('',(1.00000001490116,5.20000001490116,0.));
#2212=CARTESIAN_POINT('',(5.20000001490116,5.20000001490116,0.));
#2213=CARTESIAN_POINT('',(1.00000001490116,5.20000001490116,640.));
#2214=CARTESIAN_POINT('',(5.20000001490116,5.20000001490116,640.));
#2215=CARTESIAN_POINT('',(1.00000001490116,5.20000001490116,0.));
#2216=CARTESIAN_POINT('Origin',(1.00000001490116,1.00000001490116,0.));
#2217=CARTESIAN_POINT('',(1.00000001490116,1.00000001490116,0.));
#2218=CARTESIAN_POINT('',(1.00000001490116,5.20000001490116,0.));
#2219=CARTESIAN_POINT('',(1.00000001490116,1.00000001490116,640.));
#2220=CARTESIAN_POINT('',(1.00000001490116,5.20000001490116,640.));
#2221=CARTESIAN_POINT('',(1.00000001490116,1.00000001490116,0.));
#2222=CARTESIAN_POINT('Origin',(5.20000001490116,1.00000001490116,0.));
#2223=CARTESIAN_POINT('',(1.00000001490116,1.00000001490116,0.));
#2224=CARTESIAN_POINT('',(1.00000001490116,1.00000001490116,640.));
#2225=CARTESIAN_POINT('Origin',(24.8000004321337,1.00000001490116,0.));
#2226=CARTESIAN_POINT('',(24.8000004321337,1.00000001490116,0.));
#2227=CARTESIAN_POINT('',(24.8000004321337,5.20000001490116,0.));
#2228=CARTESIAN_POINT('',(24.8000004321337,1.00000001490116,0.));
#2229=CARTESIAN_POINT('',(24.8000004321337,5.20000001490116,640.));
#2230=CARTESIAN_POINT('',(24.8000004321337,5.20000001490116,0.));
#2231=CARTESIAN_POINT('',(24.8000004321337,1.00000001490116,640.));
#2232=CARTESIAN_POINT('',(24.8000004321337,1.00000001490116,640.));
#2233=CARTESIAN_POINT('',(24.8000004321337,1.00000001490116,0.));
#2234=CARTESIAN_POINT('Origin',(29.0000004321337,1.00000001490116,0.));
#2235=CARTESIAN_POINT('',(29.0000004321337,1.00000001490116,0.));
#2236=CARTESIAN_POINT('',(29.0000004321337,1.00000001490116,0.));
#2237=CARTESIAN_POINT('',(29.0000004321337,1.00000001490116,640.));
#2238=CARTESIAN_POINT('',(29.0000004321337,1.00000001490116,640.));
#2239=CARTESIAN_POINT('',(29.0000004321337,1.00000001490116,0.));
#2240=CARTESIAN_POINT('Origin',(29.0000004321337,5.20000001490116,0.));
#2241=CARTESIAN_POINT('',(29.0000004321337,5.20000001490116,0.));
#2242=CARTESIAN_POINT('',(29.0000004321337,5.20000001490116,0.));
#2243=CARTESIAN_POINT('',(29.0000004321337,5.20000001490116,640.));
#2244=CARTESIAN_POINT('',(29.0000004321337,5.20000001490116,640.));
#2245=CARTESIAN_POINT('',(29.0000004321337,5.20000001490116,0.));
#2246=CARTESIAN_POINT('Origin',(24.8000004321337,5.20000001490116,0.));
#2247=CARTESIAN_POINT('',(24.8000004321337,5.20000001490116,0.));
#2248=CARTESIAN_POINT('',(24.8000004321337,5.20000001490116,640.));
#2249=CARTESIAN_POINT('Origin',(1.00000001490116,29.0000004321337,0.));
#2250=CARTESIAN_POINT('',(1.00000001490116,29.0000004321337,0.));
#2251=CARTESIAN_POINT('',(5.20000001490116,29.0000004321337,0.));
#2252=CARTESIAN_POINT('',(1.00000001490116,29.0000004321337,0.));
#2253=CARTESIAN_POINT('',(5.20000001490116,29.0000004321337,640.));
#2254=CARTESIAN_POINT('',(5.20000001490116,29.0000004321337,0.));
#2255=CARTESIAN_POINT('',(1.00000001490116,29.0000004321337,640.));
#2256=CARTESIAN_POINT('',(1.00000001490116,29.0000004321337,640.));
#2257=CARTESIAN_POINT('',(1.00000001490116,29.0000004321337,0.));
#2258=CARTESIAN_POINT('Origin',(1.00000001490116,24.8000004321337,0.));
#2259=CARTESIAN_POINT('',(1.00000001490116,24.8000004321337,0.));
#2260=CARTESIAN_POINT('',(1.00000001490116,24.8000004321337,0.));
#2261=CARTESIAN_POINT('',(1.00000001490116,24.8000004321337,640.));
#2262=CARTESIAN_POINT('',(1.00000001490116,24.8000004321337,640.));
#2263=CARTESIAN_POINT('',(1.00000001490116,24.8000004321337,0.));
#2264=CARTESIAN_POINT('Origin',(5.20000001490116,24.8000004321337,0.));
#2265=CARTESIAN_POINT('',(5.20000001490116,24.8000004321337,0.));
#2266=CARTESIAN_POINT('',(5.20000001490116,24.8000004321337,0.));
#2267=CARTESIAN_POINT('',(5.20000001490116,24.8000004321337,640.));
#2268=CARTESIAN_POINT('',(5.20000001490116,24.8000004321337,640.));
#2269=CARTESIAN_POINT('',(5.20000001490116,24.8000004321337,0.));
#2270=CARTESIAN_POINT('Origin',(5.20000001490116,29.0000004321337,0.));
#2271=CARTESIAN_POINT('',(5.20000001490116,29.0000004321337,0.));
#2272=CARTESIAN_POINT('',(5.20000001490116,29.0000004321337,640.));
#2273=CARTESIAN_POINT('Origin',(24.8000004321337,24.8000004321337,0.));
#2274=CARTESIAN_POINT('',(24.8000004321337,24.8000004321337,0.));
#2275=CARTESIAN_POINT('',(24.8000004321337,29.0000004321337,0.));
#2276=CARTESIAN_POINT('',(24.8000004321337,29.0000004321337,0.));
#2277=CARTESIAN_POINT('',(24.8000004321337,29.0000004321337,640.));
#2278=CARTESIAN_POINT('',(24.8000004321337,29.0000004321337,0.));
#2279=CARTESIAN_POINT('',(24.8000004321337,24.8000004321337,640.));
#2280=CARTESIAN_POINT('',(24.8000004321337,29.0000004321337,640.));
#2281=CARTESIAN_POINT('',(24.8000004321337,24.8000004321337,0.));
#2282=CARTESIAN_POINT('Origin',(29.0000004321337,24.8000004321337,0.));
#2283=CARTESIAN_POINT('',(29.0000004321337,24.8000004321337,0.));
#2284=CARTESIAN_POINT('',(24.8000004321337,24.8000004321337,0.));
#2285=CARTESIAN_POINT('',(29.0000004321337,24.8000004321337,640.));
#2286=CARTESIAN_POINT('',(24.8000004321337,24.8000004321337,640.));
#2287=CARTESIAN_POINT('',(29.0000004321337,24.8000004321337,0.));
#2288=CARTESIAN_POINT('Origin',(29.0000004321337,29.0000004321337,0.));
#2289=CARTESIAN_POINT('',(29.0000004321337,29.0000004321337,0.));
#2290=CARTESIAN_POINT('',(29.0000004321337,24.8000004321337,0.));
#2291=CARTESIAN_POINT('',(29.0000004321337,29.0000004321337,640.));
#2292=CARTESIAN_POINT('',(29.0000004321337,24.8000004321337,640.));
#2293=CARTESIAN_POINT('',(29.0000004321337,29.0000004321337,0.));
#2294=CARTESIAN_POINT('Origin',(24.8000004321337,29.0000004321337,0.));
#2295=CARTESIAN_POINT('',(29.0000004321337,29.0000004321337,0.));
#2296=CARTESIAN_POINT('',(29.0000004321337,29.0000004321337,640.));
#2297=CARTESIAN_POINT('Origin',(15.0000002235174,15.0000002235174,0.));
#2298=CARTESIAN_POINT('',(11.5000002235174,15.0000002235174,640.));
#2299=CARTESIAN_POINT('Origin',(15.0000002235174,15.0000002235174,640.));
#2300=CARTESIAN_POINT('',(11.5000002235174,15.0000002235174,0.));
#2301=CARTESIAN_POINT('',(11.5000002235174,15.0000002235174,0.));
#2302=CARTESIAN_POINT('Origin',(15.0000002235174,15.0000002235174,0.));
#2303=CARTESIAN_POINT('Origin',(10.9000669071717,2.,0.));
#2304=CARTESIAN_POINT('',(6.55000022351742,2.,0.));
#2305=CARTESIAN_POINT('',(10.9000669071717,2.,0.));
#2306=CARTESIAN_POINT('',(6.55000022351742,2.,0.));
#2307=CARTESIAN_POINT('',(6.55000022351742,2.,640.));
#2308=CARTESIAN_POINT('',(6.55000022351742,2.,0.));
#2309=CARTESIAN_POINT('',(10.9000669071717,2.,640.));
#2310=CARTESIAN_POINT('',(6.55000022351742,2.,640.));
#2311=CARTESIAN_POINT('',(10.9000669071717,2.,0.));
#2312=CARTESIAN_POINT('Origin',(10.9000669071717,1.00000001490116,0.));
#2313=CARTESIAN_POINT('',(10.9000669071717,1.00000001490116,0.));
#2314=CARTESIAN_POINT('',(10.9000669071717,2.,0.));
#2315=CARTESIAN_POINT('',(10.9000669071717,1.00000001490116,640.));
#2316=CARTESIAN_POINT('',(10.9000669071717,2.,640.));
#2317=CARTESIAN_POINT('',(10.9000669071717,1.00000001490116,0.));
#2318=CARTESIAN_POINT('Origin',(10.4000669071717,1.00000001490116,0.));
#2319=CARTESIAN_POINT('',(10.4000669071717,1.00000001490116,0.));
#2320=CARTESIAN_POINT('',(10.9000669071717,1.00000001490116,0.));
#2321=CARTESIAN_POINT('',(10.4000669071717,1.00000001490116,640.));
#2322=CARTESIAN_POINT('',(10.9000669071717,1.00000001490116,640.));
#2323=CARTESIAN_POINT('',(10.4000669071717,1.00000001490116,0.));
#2324=CARTESIAN_POINT('Origin',(10.4000004470348,-2.08166817117217E-15,
0.));
#2325=CARTESIAN_POINT('',(10.4000004470348,-2.22044604925031E-15,0.));
#2326=CARTESIAN_POINT('',(10.4000669071717,1.00000001490116,0.));
#2327=CARTESIAN_POINT('',(10.4000004470348,-2.22044604925031E-15,640.));
#2328=CARTESIAN_POINT('',(10.4000669071717,1.00000001490116,640.));
#2329=CARTESIAN_POINT('',(10.4000004470348,-2.22044604925031E-15,0.));
#2330=CARTESIAN_POINT('Origin',(8.73114913702143E-10,-4.44089219375813E-15,
0.));
#2331=CARTESIAN_POINT('',(8.73114913702173E-10,-4.44089221221062E-15,0.));
#2332=CARTESIAN_POINT('',(4.4703483581543E-7,-4.44089209850063E-15,0.));
#2333=CARTESIAN_POINT('',(8.73114913702011E-10,-4.44089209850063E-15,640.));
#2334=CARTESIAN_POINT('',(4.4703483581543E-7,-4.44089209850063E-15,640.));
#2335=CARTESIAN_POINT('',(8.73114913702173E-10,-4.44089221221062E-15,0.));
#2336=CARTESIAN_POINT('Origin',(-4.44089209850063E-15,10.4000004470348,
0.));
#2337=CARTESIAN_POINT('',(-4.44089209850063E-15,10.4000004470348,0.));
#2338=CARTESIAN_POINT('',(0.,4.47034833594984E-7,0.));
#2339=CARTESIAN_POINT('',(-4.44089209850063E-15,10.4000004470348,640.));
#2340=CARTESIAN_POINT('',(0.,4.47034833594984E-7,640.));
#2341=CARTESIAN_POINT('',(-4.44089209850063E-15,10.4000004470348,0.));
#2342=CARTESIAN_POINT('Origin',(1.00000001490116,10.4000669071717,0.));
#2343=CARTESIAN_POINT('',(1.00000001490116,10.4000669071717,0.));
#2344=CARTESIAN_POINT('',(1.00000001490116,10.4000669071717,0.));
#2345=CARTESIAN_POINT('',(1.00000001490116,10.4000669071717,640.));
#2346=CARTESIAN_POINT('',(1.00000001490116,10.4000669071717,640.));
#2347=CARTESIAN_POINT('',(1.00000001490116,10.4000669071717,0.));
#2348=CARTESIAN_POINT('Origin',(1.00000001490116,10.9000669071717,0.));
#2349=CARTESIAN_POINT('',(1.00000001490116,10.9000669071717,0.));
#2350=CARTESIAN_POINT('',(1.00000001490116,10.9000669071717,0.));
#2351=CARTESIAN_POINT('',(1.00000001490116,10.9000669071717,640.));
#2352=CARTESIAN_POINT('',(1.00000001490116,10.9000669071717,640.));
#2353=CARTESIAN_POINT('',(1.00000001490116,10.9000669071717,0.));
#2354=CARTESIAN_POINT('Origin',(2.,10.9000669071717,0.));
#2355=CARTESIAN_POINT('',(2.,10.9000669071717,0.));
#2356=CARTESIAN_POINT('',(2.,10.9000669071717,0.));
#2357=CARTESIAN_POINT('',(2.,10.9000669071717,640.));
#2358=CARTESIAN_POINT('',(2.,10.9000669071717,640.));
#2359=CARTESIAN_POINT('',(2.,10.9000669071717,0.));
#2360=CARTESIAN_POINT('Origin',(2.,6.55563494675468,0.));
#2361=CARTESIAN_POINT('',(2.,6.55563494675468,0.));
#2362=CARTESIAN_POINT('',(2.,6.55563494675468,0.));
#2363=CARTESIAN_POINT('',(2.,6.55563494675468,640.));
#2364=CARTESIAN_POINT('',(2.,6.55563494675468,640.));
#2365=CARTESIAN_POINT('',(2.,6.55563494675468,0.));
#2366=CARTESIAN_POINT('Origin',(4.99436525854548,6.55563494675468,0.));
#2367=CARTESIAN_POINT('',(4.99436525854548,6.55563494675468,0.));
#2368=CARTESIAN_POINT('',(4.99436525854548,6.55563494675468,0.));
#2369=CARTESIAN_POINT('',(4.99436525854548,6.55563494675468,640.));
#2370=CARTESIAN_POINT('',(4.99436525854548,6.55563494675468,640.));
#2371=CARTESIAN_POINT('',(4.99436525854548,6.55563494675468,0.));
#2372=CARTESIAN_POINT('Origin',(9.34436532351742,10.899999795093,0.));
#2373=CARTESIAN_POINT('',(9.34436532351742,10.899999795093,0.));
#2374=CARTESIAN_POINT('',(9.34436532351742,10.899999795093,0.));
#2375=CARTESIAN_POINT('',(9.34436532351742,10.899999795093,640.));
#2376=CARTESIAN_POINT('',(9.34436532351742,10.899999795093,640.));
#2377=CARTESIAN_POINT('',(9.34436532351742,10.899999795093,0.));
#2378=CARTESIAN_POINT('Origin',(9.34436532351742,19.100000204907,0.));
#2379=CARTESIAN_POINT('',(9.34436532351742,19.100000204907,0.));
#2380=CARTESIAN_POINT('',(9.34436532351742,19.100000204907,0.));
#2381=CARTESIAN_POINT('',(9.34436532351742,19.100000204907,640.));
#2382=CARTESIAN_POINT('',(9.34436532351742,19.100000204907,640.));
#2383=CARTESIAN_POINT('',(9.34436532351742,19.100000204907,0.));
#2384=CARTESIAN_POINT('Origin',(4.99436525854548,23.4443655002802,0.));
#2385=CARTESIAN_POINT('',(4.99436525854548,23.4443655002802,0.));
#2386=CARTESIAN_POINT('',(4.99436525854548,23.4443655002802,0.));
#2387=CARTESIAN_POINT('',(4.99436525854548,23.4443655002802,640.));
#2388=CARTESIAN_POINT('',(4.99436525854548,23.4443655002802,640.));
#2389=CARTESIAN_POINT('',(4.99436525854548,23.4443655002802,0.));
#2390=CARTESIAN_POINT('Origin',(2.,23.4443655002802,0.));
#2391=CARTESIAN_POINT('',(2.,23.4443655002802,0.));
#2392=CARTESIAN_POINT('',(4.99436525854548,23.4443655002802,0.));
#2393=CARTESIAN_POINT('',(2.,23.4443655002802,640.));
#2394=CARTESIAN_POINT('',(4.99436525854548,23.4443655002802,640.));
#2395=CARTESIAN_POINT('',(2.,23.4443655002802,0.));
#2396=CARTESIAN_POINT('Origin',(2.,19.0999335398631,0.));
#2397=CARTESIAN_POINT('',(2.,19.0999335398631,0.));
#2398=CARTESIAN_POINT('',(2.,23.4443655002802,0.));
#2399=CARTESIAN_POINT('',(2.,19.0999335398631,640.));
#2400=CARTESIAN_POINT('',(2.,23.4443655002802,640.));
#2401=CARTESIAN_POINT('',(2.,19.0999335398631,0.));
#2402=CARTESIAN_POINT('Origin',(1.00000001490116,19.0999335398631,0.));
#2403=CARTESIAN_POINT('',(1.00000001490116,19.0999335398631,0.));
#2404=CARTESIAN_POINT('',(2.,19.0999335398631,0.));
#2405=CARTESIAN_POINT('',(1.00000001490116,19.0999335398631,640.));
#2406=CARTESIAN_POINT('',(2.,19.0999335398631,640.));
#2407=CARTESIAN_POINT('',(1.00000001490116,19.0999335398631,0.));
#2408=CARTESIAN_POINT('Origin',(1.00000001490116,19.5999335398631,0.));
#2409=CARTESIAN_POINT('',(1.00000001490116,19.5999335398631,0.));
#2410=CARTESIAN_POINT('',(1.00000001490116,19.0999335398631,0.));
#2411=CARTESIAN_POINT('',(1.00000001490116,19.5999335398631,640.));
#2412=CARTESIAN_POINT('',(1.00000001490116,19.0999335398631,640.));
#2413=CARTESIAN_POINT('',(1.00000001490116,19.5999335398631,0.));
#2414=CARTESIAN_POINT('Origin',(-4.57966997657877E-15,19.6,0.));
#2415=CARTESIAN_POINT('',(-4.44089209850063E-15,19.6,0.));
#2416=CARTESIAN_POINT('',(1.00000001490116,19.5999335398631,0.));
#2417=CARTESIAN_POINT('',(-4.44089209850063E-15,19.6,640.));
#2418=CARTESIAN_POINT('',(1.00000001490116,19.5999335398631,640.));
#2419=CARTESIAN_POINT('',(-4.44089209850063E-15,19.6,0.));
#2420=CARTESIAN_POINT('Origin',(1.90515005865954E-22,30.0000004461617,0.));
#2421=CARTESIAN_POINT('',(1.94332762539276E-22,30.0000004461617,0.));
#2422=CARTESIAN_POINT('',(0.,30.,0.));
#2423=CARTESIAN_POINT('',(0.,30.0000004461617,640.));
#2424=CARTESIAN_POINT('',(0.,30.,640.));
#2425=CARTESIAN_POINT('',(1.94332762539276E-22,30.0000004461617,0.));
#2426=CARTESIAN_POINT('Origin',(10.4000004470348,30.0000004470348,0.));
#2427=CARTESIAN_POINT('',(10.4000004470348,30.0000004470348,0.));
#2428=CARTESIAN_POINT('',(4.4703483581543E-7,30.0000004470348,0.));
#2429=CARTESIAN_POINT('',(10.4000004470348,30.0000004470348,640.));
#2430=CARTESIAN_POINT('',(4.4703483581543E-7,30.0000004470348,640.));
#2431=CARTESIAN_POINT('',(10.4000004470348,30.0000004470348,0.));
#2432=CARTESIAN_POINT('Origin',(10.4000669071717,29.0000004321337,0.));
#2433=CARTESIAN_POINT('',(10.4000669071717,29.0000004321337,0.));
#2434=CARTESIAN_POINT('',(10.4000669071717,29.0000004321337,0.));
#2435=CARTESIAN_POINT('',(10.4000669071717,29.0000004321337,640.));
#2436=CARTESIAN_POINT('',(10.4000669071717,29.0000004321337,640.));
#2437=CARTESIAN_POINT('',(10.4000669071717,29.0000004321337,0.));
#2438=CARTESIAN_POINT('Origin',(10.9000669071717,29.0000004321337,0.));
#2439=CARTESIAN_POINT('',(10.9000669071717,29.0000004321337,0.));
#2440=CARTESIAN_POINT('',(10.9000669071717,29.0000004321337,0.));
#2441=CARTESIAN_POINT('',(10.9000669071717,29.0000004321337,640.));
#2442=CARTESIAN_POINT('',(10.9000669071717,29.0000004321337,640.));
#2443=CARTESIAN_POINT('',(10.9000669071717,29.0000004321337,0.));
#2444=CARTESIAN_POINT('Origin',(10.9000669071717,28.0000004470348,0.));
#2445=CARTESIAN_POINT('',(10.9000669071717,28.0000004470348,0.));
#2446=CARTESIAN_POINT('',(10.9000669071717,28.0000004470348,0.));
#2447=CARTESIAN_POINT('',(10.9000669071717,28.0000004470348,640.));
#2448=CARTESIAN_POINT('',(10.9000669071717,28.0000004470348,640.));
#2449=CARTESIAN_POINT('',(10.9000669071717,28.0000004470348,0.));
#2450=CARTESIAN_POINT('Origin',(6.55000022351742,28.0000004470348,0.));
#2451=CARTESIAN_POINT('',(6.55000022351742,28.0000004470348,0.));
#2452=CARTESIAN_POINT('',(6.55000022351742,28.0000004470348,0.));
#2453=CARTESIAN_POINT('',(6.55000022351742,28.0000004470348,640.));
#2454=CARTESIAN_POINT('',(6.55000022351742,28.0000004470348,640.));
#2455=CARTESIAN_POINT('',(6.55000022351742,28.0000004470348,0.));
#2456=CARTESIAN_POINT('Origin',(6.55000022351742,25.000000372529,0.));
#2457=CARTESIAN_POINT('',(6.55000022351742,25.000000372529,0.));
#2458=CARTESIAN_POINT('',(6.55000022351742,25.000000372529,0.));
#2459=CARTESIAN_POINT('',(6.55000022351742,25.000000372529,640.));
#2460=CARTESIAN_POINT('',(6.55000022351742,25.000000372529,640.));
#2461=CARTESIAN_POINT('',(6.55000022351742,25.000000372529,0.));
#2462=CARTESIAN_POINT('Origin',(10.9000002421278,20.6556351235174,0.));
#2463=CARTESIAN_POINT('',(10.9000002421278,20.6556351235174,0.));
#2464=CARTESIAN_POINT('',(10.9000002421278,20.6556351235174,0.));
#2465=CARTESIAN_POINT('',(10.9000002421278,20.6556351235174,640.));
#2466=CARTESIAN_POINT('',(10.9000002421278,20.6556351235174,640.));
#2467=CARTESIAN_POINT('',(10.9000002421278,20.6556351235174,0.));
#2468=CARTESIAN_POINT('Origin',(19.0999999141664,20.6556351235174,0.));
#2469=CARTESIAN_POINT('',(19.0999999141664,20.6556351235174,0.));
#2470=CARTESIAN_POINT('',(19.0999999141664,20.6556351235174,0.));
#2471=CARTESIAN_POINT('',(19.0999999141664,20.6556351235174,640.));
#2472=CARTESIAN_POINT('',(19.0999999141664,20.6556351235174,640.));
#2473=CARTESIAN_POINT('',(19.0999999141664,20.6556351235174,0.));
#2474=CARTESIAN_POINT('Origin',(23.4500002235174,25.0056361391835,0.));
#2475=CARTESIAN_POINT('',(23.4500002235174,25.0056361391835,0.));
#2476=CARTESIAN_POINT('',(23.4500002235174,25.0056361391835,0.));
#2477=CARTESIAN_POINT('',(23.4500002235174,25.0056361391835,640.));
#2478=CARTESIAN_POINT('',(23.4500002235174,25.0056361391835,640.));
#2479=CARTESIAN_POINT('',(23.4500002235174,25.0056361391835,0.));
#2480=CARTESIAN_POINT('Origin',(23.4500002235174,28.0000004470348,0.));
#2481=CARTESIAN_POINT('',(23.4500002235174,28.0000004470348,0.));
#2482=CARTESIAN_POINT('',(23.4500002235174,25.0056361391835,0.));
#2483=CARTESIAN_POINT('',(23.4500002235174,28.0000004470348,640.));
#2484=CARTESIAN_POINT('',(23.4500002235174,25.0056361391835,640.));
#2485=CARTESIAN_POINT('',(23.4500002235174,28.0000004470348,0.));
#2486=CARTESIAN_POINT('Origin',(19.0999335398631,28.0000004470348,0.));
#2487=CARTESIAN_POINT('',(19.0999335398631,28.0000004470348,0.));
#2488=CARTESIAN_POINT('',(23.4500002235174,28.0000004470348,0.));
#2489=CARTESIAN_POINT('',(19.0999335398631,28.0000004470348,640.));
#2490=CARTESIAN_POINT('',(23.4500002235174,28.0000004470348,640.));
#2491=CARTESIAN_POINT('',(19.0999335398631,28.0000004470348,0.));
#2492=CARTESIAN_POINT('Origin',(19.0999335398631,29.0000004321337,0.));
#2493=CARTESIAN_POINT('',(19.0999335398631,29.0000004321337,0.));
#2494=CARTESIAN_POINT('',(19.0999335398631,28.0000004470348,0.));
#2495=CARTESIAN_POINT('',(19.0999335398631,29.0000004321337,640.));
#2496=CARTESIAN_POINT('',(19.0999335398631,28.0000004470348,640.));
#2497=CARTESIAN_POINT('',(19.0999335398631,29.0000004321337,0.));
#2498=CARTESIAN_POINT('Origin',(19.5999335398631,29.0000004321337,0.));
#2499=CARTESIAN_POINT('',(19.5999335398631,29.0000004321337,0.));
#2500=CARTESIAN_POINT('',(19.0999335398631,29.0000004321337,0.));
#2501=CARTESIAN_POINT('',(19.5999335398631,29.0000004321337,640.));
#2502=CARTESIAN_POINT('',(19.0999335398631,29.0000004321337,640.));
#2503=CARTESIAN_POINT('',(19.5999335398631,29.0000004321337,0.));
#2504=CARTESIAN_POINT('Origin',(19.6,30.0000004470348,0.));
#2505=CARTESIAN_POINT('',(19.6,30.0000004470348,0.));
#2506=CARTESIAN_POINT('',(19.5999335398631,29.0000004321337,0.));
#2507=CARTESIAN_POINT('',(19.6,30.0000004470348,640.));
#2508=CARTESIAN_POINT('',(19.5999335398631,29.0000004321337,640.));
#2509=CARTESIAN_POINT('',(19.6,30.0000004470348,0.));
#2510=CARTESIAN_POINT('Origin',(30.0000004461617,30.0000004470348,0.));
#2511=CARTESIAN_POINT('',(30.0000004461617,30.0000004470348,0.));
#2512=CARTESIAN_POINT('',(30.,30.0000004470348,0.));
#2513=CARTESIAN_POINT('',(30.0000004461617,30.0000004470348,640.));
#2514=CARTESIAN_POINT('',(30.,30.0000004470348,640.));
#2515=CARTESIAN_POINT('',(30.0000004461617,30.0000004470348,0.));
#2516=CARTESIAN_POINT('Origin',(30.0000004470348,19.6,0.));
#2517=CARTESIAN_POINT('',(30.0000004470348,19.6,0.));
#2518=CARTESIAN_POINT('',(30.0000004470348,30.,0.));
#2519=CARTESIAN_POINT('',(30.0000004470348,19.6,640.));
#2520=CARTESIAN_POINT('',(30.0000004470348,30.,640.));
#2521=CARTESIAN_POINT('',(30.0000004470348,19.6,0.));
#2522=CARTESIAN_POINT('Origin',(29.0000004321337,19.5999335398631,0.));
#2523=CARTESIAN_POINT('',(29.0000004321337,19.5999335398631,0.));
#2524=CARTESIAN_POINT('',(29.0000004321337,19.5999335398631,0.));
#2525=CARTESIAN_POINT('',(29.0000004321337,19.5999335398631,640.));
#2526=CARTESIAN_POINT('',(29.0000004321337,19.5999335398631,640.));
#2527=CARTESIAN_POINT('',(29.0000004321337,19.5999335398631,0.));
#2528=CARTESIAN_POINT('Origin',(29.0000004321337,19.0999335398631,0.));
#2529=CARTESIAN_POINT('',(29.0000004321337,19.0999335398631,0.));
#2530=CARTESIAN_POINT('',(29.0000004321337,19.0999335398631,0.));
#2531=CARTESIAN_POINT('',(29.0000004321337,19.0999335398631,640.));
#2532=CARTESIAN_POINT('',(29.0000004321337,19.0999335398631,640.));
#2533=CARTESIAN_POINT('',(29.0000004321337,19.0999335398631,0.));
#2534=CARTESIAN_POINT('Origin',(28.0000004470348,19.0999335398631,0.));
#2535=CARTESIAN_POINT('',(28.0000004470348,19.0999335398631,0.));
#2536=CARTESIAN_POINT('',(28.0000004470348,19.0999335398631,0.));
#2537=CARTESIAN_POINT('',(28.0000004470348,19.0999335398631,640.));
#2538=CARTESIAN_POINT('',(28.0000004470348,19.0999335398631,640.));
#2539=CARTESIAN_POINT('',(28.0000004470348,19.0999335398631,0.));
#2540=CARTESIAN_POINT('Origin',(28.0000004470348,23.4443655002802,0.));
#2541=CARTESIAN_POINT('',(28.0000004470348,23.4443655002802,0.));
#2542=CARTESIAN_POINT('',(28.0000004470348,23.4443655002802,0.));
#2543=CARTESIAN_POINT('',(28.0000004470348,23.4443655002802,640.));
#2544=CARTESIAN_POINT('',(28.0000004470348,23.4443655002802,640.));
#2545=CARTESIAN_POINT('',(28.0000004470348,23.4443655002802,0.));
#2546=CARTESIAN_POINT('Origin',(24.9999994221708,23.4443655002802,0.));
#2547=CARTESIAN_POINT('',(24.9999994221708,23.4443655002802,0.));
#2548=CARTESIAN_POINT('',(25.0056351884894,23.4443655002802,0.));
#2549=CARTESIAN_POINT('',(24.9999994221708,23.4443655002802,640.));
#2550=CARTESIAN_POINT('',(25.0056351884894,23.4443655002802,640.));
#2551=CARTESIAN_POINT('',(24.9999994221708,23.4443655002802,0.));
#2552=CARTESIAN_POINT('Origin',(20.6556351235174,19.1000004956476,0.));
#2553=CARTESIAN_POINT('',(20.6556351235174,19.1000004956476,0.));
#2554=CARTESIAN_POINT('',(24.9999994221708,23.4443655002802,0.));
#2555=CARTESIAN_POINT('',(20.6556351235174,19.1000004956476,640.));
#2556=CARTESIAN_POINT('',(24.9999994221708,23.4443655002802,640.));
#2557=CARTESIAN_POINT('',(20.6556351235174,19.1000004956476,0.));
#2558=CARTESIAN_POINT('Origin',(20.6556351235174,10.8999995043524,0.));
#2559=CARTESIAN_POINT('',(20.6556351235174,10.8999995043524,0.));
#2560=CARTESIAN_POINT('',(20.6556351235174,10.8999995043524,0.));
#2561=CARTESIAN_POINT('',(20.6556351235174,10.8999995043524,640.));
#2562=CARTESIAN_POINT('',(20.6556351235174,10.8999995043524,640.));
#2563=CARTESIAN_POINT('',(20.6556351235174,10.8999995043524,0.));
#2564=CARTESIAN_POINT('Origin',(24.9999994221708,6.55563494675468,0.));
#2565=CARTESIAN_POINT('',(24.9999994221708,6.55563494675468,0.));
#2566=CARTESIAN_POINT('',(20.6556351235174,10.8999995043524,0.));
#2567=CARTESIAN_POINT('',(24.9999994221708,6.55563494675468,640.));
#2568=CARTESIAN_POINT('',(20.6556351235174,10.8999995043524,640.));
#2569=CARTESIAN_POINT('',(24.9999994221708,6.55563494675468,0.));
#2570=CARTESIAN_POINT('Origin',(28.0000004470348,6.55563494675468,0.));
#2571=CARTESIAN_POINT('',(28.0000004470348,6.55563494675468,0.));
#2572=CARTESIAN_POINT('',(25.0056351884894,6.55563494675468,0.));
#2573=CARTESIAN_POINT('',(28.0000004470348,6.55563494675468,640.));
#2574=CARTESIAN_POINT('',(25.0056351884894,6.55563494675468,640.));
#2575=CARTESIAN_POINT('',(28.0000004470348,6.55563494675468,0.));
#2576=CARTESIAN_POINT('Origin',(28.0000004470348,10.9000669071717,0.));
#2577=CARTESIAN_POINT('',(28.0000004470348,10.9000669071717,0.));
#2578=CARTESIAN_POINT('',(28.0000004470348,6.55000022351742,0.));
#2579=CARTESIAN_POINT('',(28.0000004470348,10.9000669071717,640.));
#2580=CARTESIAN_POINT('',(28.0000004470348,6.55000022351742,640.));
#2581=CARTESIAN_POINT('',(28.0000004470348,10.9000669071717,0.));
#2582=CARTESIAN_POINT('Origin',(29.0000004321337,10.9000669071717,0.));
#2583=CARTESIAN_POINT('',(29.0000004321337,10.9000669071717,0.));
#2584=CARTESIAN_POINT('',(28.0000004470348,10.9000669071717,0.));
#2585=CARTESIAN_POINT('',(29.0000004321337,10.9000669071717,640.));
#2586=CARTESIAN_POINT('',(28.0000004470348,10.9000669071717,640.));
#2587=CARTESIAN_POINT('',(29.0000004321337,10.9000669071717,0.));
#2588=CARTESIAN_POINT('Origin',(29.0000004321337,10.4000669071717,0.));
#2589=CARTESIAN_POINT('',(29.0000004321337,10.4000669071717,0.));
#2590=CARTESIAN_POINT('',(29.0000004321337,10.9000669071717,0.));
#2591=CARTESIAN_POINT('',(29.0000004321337,10.4000669071717,640.));
#2592=CARTESIAN_POINT('',(29.0000004321337,10.9000669071717,640.));
#2593=CARTESIAN_POINT('',(29.0000004321337,10.4000669071717,0.));
#2594=CARTESIAN_POINT('Origin',(29.5000003099452,10.4000336771119,0.));
#2595=CARTESIAN_POINT('',(29.5000003099452,10.4000336771119,0.));
#2596=CARTESIAN_POINT('',(29.0000004321337,10.4000669071717,0.));
#2597=CARTESIAN_POINT('',(29.5000003099452,10.4000336771119,640.));
#2598=CARTESIAN_POINT('',(29.0000004321337,10.4000669071717,640.));
#2599=CARTESIAN_POINT('',(29.5000003099452,10.4000336771119,0.));
#2600=CARTESIAN_POINT('Origin',(29.5000003099442,10.4000000149012,0.));
#2601=CARTESIAN_POINT('',(29.5000003099442,10.4000000149012,0.));
#2602=CARTESIAN_POINT('',(29.5000003099442,10.4000000149012,0.));
#2603=CARTESIAN_POINT('',(29.5000003099442,10.4000000149012,640.));
#2604=CARTESIAN_POINT('',(29.5000003099442,10.4000000149012,640.));
#2605=CARTESIAN_POINT('',(29.5000003099442,10.4000000149012,0.));
#2606=CARTESIAN_POINT('Origin',(30.0000004470348,10.4,0.));
#2607=CARTESIAN_POINT('',(30.0000004470348,10.4000000008731,0.));
#2608=CARTESIAN_POINT('',(30.0000003099442,10.4,0.));
#2609=CARTESIAN_POINT('',(30.0000004470348,10.4000000008731,640.));
#2610=CARTESIAN_POINT('',(30.0000003099442,10.4,640.));
#2611=CARTESIAN_POINT('',(30.0000004470348,10.4000000008731,0.));
#2612=CARTESIAN_POINT('Origin',(30.0000004470348,8.73110477146655E-10,0.));
#2613=CARTESIAN_POINT('',(30.0000004470348,8.73110477146641E-10,0.));
#2614=CARTESIAN_POINT('',(30.0000004470348,4.47034833594984E-7,0.));
#2615=CARTESIAN_POINT('',(30.0000004470348,8.73110472809913E-10,640.));
#2616=CARTESIAN_POINT('',(30.0000004470348,4.47034833594984E-7,640.));
#2617=CARTESIAN_POINT('',(30.0000004470348,8.73110477146641E-10,0.));
#2618=CARTESIAN_POINT('Origin',(19.6,-2.22044604925031E-15,0.));
#2619=CARTESIAN_POINT('',(19.6,-2.22044604925031E-15,0.));
#2620=CARTESIAN_POINT('',(30.,-4.44089209850063E-15,0.));
#2621=CARTESIAN_POINT('',(19.6,-2.22044604925031E-15,640.));
#2622=CARTESIAN_POINT('',(30.,-4.44089209850063E-15,640.));
#2623=CARTESIAN_POINT('',(19.6,-2.22044604925031E-15,0.));
#2624=CARTESIAN_POINT('Origin',(19.5999335398631,1.00000001490116,0.));
#2625=CARTESIAN_POINT('',(19.5999335398631,1.00000001490116,0.));
#2626=CARTESIAN_POINT('',(19.5999335398631,1.00000001490116,0.));
#2627=CARTESIAN_POINT('',(19.5999335398631,1.00000001490116,640.));
#2628=CARTESIAN_POINT('',(19.5999335398631,1.00000001490116,640.));
#2629=CARTESIAN_POINT('',(19.5999335398631,1.00000001490116,0.));
#2630=CARTESIAN_POINT('Origin',(19.0999335398631,1.00000001490116,0.));
#2631=CARTESIAN_POINT('',(19.0999335398631,1.00000001490116,0.));
#2632=CARTESIAN_POINT('',(19.0999335398631,1.00000001490116,0.));
#2633=CARTESIAN_POINT('',(19.0999335398631,1.00000001490116,640.));
#2634=CARTESIAN_POINT('',(19.0999335398631,1.00000001490116,640.));
#2635=CARTESIAN_POINT('',(19.0999335398631,1.00000001490116,0.));
#2636=CARTESIAN_POINT('Origin',(19.0999335398631,2.,0.));
#2637=CARTESIAN_POINT('',(19.0999335398631,2.,0.));
#2638=CARTESIAN_POINT('',(19.0999335398631,2.,0.));
#2639=CARTESIAN_POINT('',(19.0999335398631,2.,640.));
#2640=CARTESIAN_POINT('',(19.0999335398631,2.,640.));
#2641=CARTESIAN_POINT('',(19.0999335398631,2.,0.));
#2642=CARTESIAN_POINT('Origin',(23.4500002235174,2.,0.));
#2643=CARTESIAN_POINT('',(23.4500002235174,2.,0.));
#2644=CARTESIAN_POINT('',(23.4500002235174,2.,0.));
#2645=CARTESIAN_POINT('',(23.4500002235174,2.,640.));
#2646=CARTESIAN_POINT('',(23.4500002235174,2.,640.));
#2647=CARTESIAN_POINT('',(23.4500002235174,2.,0.));
#2648=CARTESIAN_POINT('Origin',(23.4500002235174,4.99436430785137,0.));
#2649=CARTESIAN_POINT('',(23.4500002235174,4.99436430785137,0.));
#2650=CARTESIAN_POINT('',(23.4500002235174,4.99436430785137,0.));
#2651=CARTESIAN_POINT('',(23.4500002235174,4.99436430785137,640.));
#2652=CARTESIAN_POINT('',(23.4500002235174,4.99436430785137,640.));
#2653=CARTESIAN_POINT('',(23.4500002235174,4.99436430785137,0.));
#2654=CARTESIAN_POINT('Origin',(19.0999999141664,9.34436487648258,0.));
#2655=CARTESIAN_POINT('',(19.0999999141664,9.34436487648258,0.));
#2656=CARTESIAN_POINT('',(19.0999999141664,9.34436487648258,0.));
#2657=CARTESIAN_POINT('',(19.0999999141664,9.34436487648258,640.));
#2658=CARTESIAN_POINT('',(19.0999999141664,9.34436487648258,640.));
#2659=CARTESIAN_POINT('',(19.0999999141664,9.34436487648258,0.));
#2660=CARTESIAN_POINT('Origin',(10.9000002421278,9.34436487648258,0.));
#2661=CARTESIAN_POINT('',(10.9000002421278,9.34436487648258,0.));
#2662=CARTESIAN_POINT('',(10.9000002421278,9.34436487648258,0.));
#2663=CARTESIAN_POINT('',(10.9000002421278,9.34436487648258,640.));
#2664=CARTESIAN_POINT('',(10.9000002421278,9.34436487648258,640.));
#2665=CARTESIAN_POINT('',(10.9000002421278,9.34436487648258,0.));
#2666=CARTESIAN_POINT('Origin',(6.55000022351742,4.99436430785137,0.));
#2667=CARTESIAN_POINT('',(6.55000022351742,4.99436430785137,0.));
#2668=CARTESIAN_POINT('',(6.55000022351742,4.99436430785137,0.));
#2669=CARTESIAN_POINT('',(6.55000022351742,4.99436430785137,640.));
#2670=CARTESIAN_POINT('',(6.55000022351742,4.99436430785137,640.));
#2671=CARTESIAN_POINT('',(6.55000022351742,4.99436430785137,0.));
#2672=CARTESIAN_POINT('Origin',(6.55000022351742,2.,0.));
#2673=CARTESIAN_POINT('',(6.55000022351742,4.99436430785137,0.));
#2674=CARTESIAN_POINT('',(6.55000022351742,4.99436430785137,640.));
#2675=CARTESIAN_POINT('Origin',(15.0000002235174,15.0000002235174,640.));
#2676=CARTESIAN_POINT('Origin',(15.0000002235174,15.0000002235174,0.));
#2677=UNCERTAINTY_MEASURE_WITH_UNIT(LENGTH_MEASURE(0.01),#2681,
'DISTANCE_ACCURACY_VALUE',
'Maximum model space distance between geometric entities at asserted c
onnectivities');
#2678=UNCERTAINTY_MEASURE_WITH_UNIT(LENGTH_MEASURE(0.01),#2681,
'DISTANCE_ACCURACY_VALUE',
'Maximum model space distance between geometric entities at asserted c
onnectivities');
#2679=(
GEOMETRIC_REPRESENTATION_CONTEXT(3)
GLOBAL_UNCERTAINTY_ASSIGNED_CONTEXT((#2677))
GLOBAL_UNIT_ASSIGNED_CONTEXT((#2681,#2683,#2684))
REPRESENTATION_CONTEXT('','3D')
);
#2680=(
GEOMETRIC_REPRESENTATION_CONTEXT(3)
GLOBAL_UNCERTAINTY_ASSIGNED_CONTEXT((#2678))
GLOBAL_UNIT_ASSIGNED_CONTEXT((#2681,#2683,#2684))
REPRESENTATION_CONTEXT('','3D')
);
#2681=(
LENGTH_UNIT()
NAMED_UNIT(*)
SI_UNIT(.MILLI.,.METRE.)
);
#2682=(
LENGTH_UNIT()
NAMED_UNIT(*)
SI_UNIT($,.METRE.)
);
#2683=(
NAMED_UNIT(*)
PLANE_ANGLE_UNIT()
SI_UNIT($,.RADIAN.)
);
#2684=(
NAMED_UNIT(*)
SI_UNIT($,.STERADIAN.)
SOLID_ANGLE_UNIT()
);
#2685=SHAPE_DEFINITION_REPRESENTATION(#2686,#2687);
#2686=PRODUCT_DEFINITION_SHAPE('',$,#2689);
#2687=SHAPE_REPRESENTATION('',(#1713),#2679);
#2688=PRODUCT_DEFINITION_CONTEXT('part definition',#2693,'design');
#2689=PRODUCT_DEFINITION('640mm Rod','640mm Rod v1',#2690,#2688);
#2690=PRODUCT_DEFINITION_FORMATION('',$,#2695);
#2691=PRODUCT_RELATED_PRODUCT_CATEGORY('640mm Rod v1','640mm Rod v1',(#2695));
#2692=APPLICATION_PROTOCOL_DEFINITION('international standard',
'automotive_design',2009,#2693);
#2693=APPLICATION_CONTEXT(
'Core Data for Automotive Mechanical Design Process');
#2694=PRODUCT_CONTEXT('part definition',#2693,'mechanical');
#2695=PRODUCT('640mm Rod','640mm Rod v1',$,(#2694));
#2696=PRESENTATION_STYLE_ASSIGNMENT((#2697));
#2697=SURFACE_STYLE_USAGE(.BOTH.,#2698);
#2698=SURFACE_SIDE_STYLE('',(#2699));
#2699=SURFACE_STYLE_FILL_AREA(#2700);
#2700=FILL_AREA_STYLE('Aluminum - Satin',(#2701));
#2701=FILL_AREA_STYLE_COLOUR('Aluminum - Satin',#2702);
#2702=COLOUR_RGB('Aluminum - Satin',0.96078431372549,0.96078431372549,0.964705882352941);
ENDSEC;
END-ISO-10303-21;
