ISO-10303-21;
HEADER;
/* Generated by software containing ST-Developer
 * from STEP Tools, Inc. (www.steptools.com) 
 */

FILE_DESCRIPTION(
/* description */ (''),
/* implementation_level */ '2;1');

FILE_NAME(
/* name */ 'Base 70cm x 30 cm v1.step',
/* time_stamp */ '2025-07-18T20:15:19+05:30',
/* author */ (''),
/* organization */ (''),
/* preprocessor_version */ 'ST-DEVELOPER v20.1',
/* originating_system */ 'Autodesk Translation Framework v14.10.0.0',
/* authorisation */ '');

FILE_SCHEMA (('AUTOMOTIVE_DESIGN { 1 0 10303 214 3 1 1 }'));
ENDSEC;

DATA;
#10=MECHANICAL_DESIGN_GEOMETRIC_PRESENTATION_REPRESENTATION('',(#176,#177,
#178,#179,#180,#181),#5408);
#11=ITEM_DEFINED_TRANSFORMATION($,$,#3302,#3553);
#12=ITEM_DEFINED_TRANSFORMATION($,$,#3309,#3554);
#13=ITEM_DEFINED_TRANSFORMATION($,$,#3309,#3555);
#14=ITEM_DEFINED_TRANSFORMATION($,$,#3387,#3556);
#15=ITEM_DEFINED_TRANSFORMATION($,$,#3475,#3557);
#16=ITEM_DEFINED_TRANSFORMATION($,$,#3387,#3558);
#17=ITEM_DEFINED_TRANSFORMATION($,$,#3475,#3559);
#18=(
REPRESENTATION_RELATIONSHIP($,$,#5431,#5430)
REPRESENTATION_RELATIONSHIP_WITH_TRANSFORMATION(#11)
SHAPE_REPRESENTATION_RELATIONSHIP()
);
#19=(
REPRESENTATION_RELATIONSHIP($,$,#5432,#5430)
REPRESENTATION_RELATIONSHIP_WITH_TRANSFORMATION(#12)
SHAPE_REPRESENTATION_RELATIONSHIP()
);
#20=(
REPRESENTATION_RELATIONSHIP($,$,#5432,#5430)
REPRESENTATION_RELATIONSHIP_WITH_TRANSFORMATION(#13)
SHAPE_REPRESENTATION_RELATIONSHIP()
);
#21=(
REPRESENTATION_RELATIONSHIP($,$,#5433,#5430)
REPRESENTATION_RELATIONSHIP_WITH_TRANSFORMATION(#14)
SHAPE_REPRESENTATION_RELATIONSHIP()
);
#22=(
REPRESENTATION_RELATIONSHIP($,$,#5434,#5430)
REPRESENTATION_RELATIONSHIP_WITH_TRANSFORMATION(#15)
SHAPE_REPRESENTATION_RELATIONSHIP()
);
#23=(
REPRESENTATION_RELATIONSHIP($,$,#5433,#5430)
REPRESENTATION_RELATIONSHIP_WITH_TRANSFORMATION(#16)
SHAPE_REPRESENTATION_RELATIONSHIP()
);
#24=(
REPRESENTATION_RELATIONSHIP($,$,#5434,#5430)
REPRESENTATION_RELATIONSHIP_WITH_TRANSFORMATION(#17)
SHAPE_REPRESENTATION_RELATIONSHIP()
);
#25=CONTEXT_DEPENDENT_SHAPE_REPRESENTATION(#18,#5423);
#26=CONTEXT_DEPENDENT_SHAPE_REPRESENTATION(#19,#5424);
#27=CONTEXT_DEPENDENT_SHAPE_REPRESENTATION(#20,#5425);
#28=CONTEXT_DEPENDENT_SHAPE_REPRESENTATION(#21,#5426);
#29=CONTEXT_DEPENDENT_SHAPE_REPRESENTATION(#22,#5427);
#30=CONTEXT_DEPENDENT_SHAPE_REPRESENTATION(#23,#5428);
#31=CONTEXT_DEPENDENT_SHAPE_REPRESENTATION(#24,#5429);
#32=NEXT_ASSEMBLY_USAGE_OCCURRENCE('Steel Sheet v1:1',
'Steel Sheet v1:1','Steel Sheet v1:1',#5436,#5437,'Steel Sheet v1:1');
#33=NEXT_ASSEMBLY_USAGE_OCCURRENCE('20 mm ROD 700 mm length v1:1',
'20 mm ROD 700 mm length v1:1','20 mm ROD 700 mm length v1:1',#5436,#5438,
'20 mm ROD 700 mm length v1:1');
#34=NEXT_ASSEMBLY_USAGE_OCCURRENCE('20 mm ROD 700 mm length v1:2',
'20 mm ROD 700 mm length v1:2','20 mm ROD 700 mm length v1:2',#5436,#5438,
'20 mm ROD 700 mm length v1:2');
#35=NEXT_ASSEMBLY_USAGE_OCCURRENCE('20 mm ROD 260mm length v1:1',
'20 mm ROD 260mm length v1:1','20 mm ROD 260mm length v1:1',#5436,#5439,
'20 mm ROD 260mm length v1:1');
#36=NEXT_ASSEMBLY_USAGE_OCCURRENCE('20 mm ROD 660mm  length v1:1',
'20 mm ROD 660mm  length v1:1','20 mm ROD 660mm  length v1:1',#5436,#5440,
'20 mm ROD 660mm  length v1:1');
#37=NEXT_ASSEMBLY_USAGE_OCCURRENCE('20 mm ROD 260mm length v1:2',
'20 mm ROD 260mm length v1:2','20 mm ROD 260mm length v1:2',#5436,#5439,
'20 mm ROD 260mm length v1:2');
#38=NEXT_ASSEMBLY_USAGE_OCCURRENCE('20 mm ROD 660mm  length v1:2',
'20 mm ROD 660mm  length v1:2','20 mm ROD 660mm  length v1:2',#5436,#5440,
'20 mm ROD 660mm  length v1:2');
#39=FACE_BOUND('',#409,.T.);
#40=FACE_BOUND('',#411,.T.);
#41=FACE_BOUND('',#462,.T.);
#42=FACE_BOUND('',#464,.T.);
#43=FACE_BOUND('',#521,.T.);
#44=FACE_BOUND('',#523,.T.);
#45=CIRCLE('',#3311,2.);
#46=CIRCLE('',#3312,2.);
#47=CIRCLE('',#3315,0.500000000000002);
#48=CIRCLE('',#3316,0.500000000000002);
#49=CIRCLE('',#3321,0.5);
#50=CIRCLE('',#3322,0.5);
#51=CIRCLE('',#3327,1.);
#52=CIRCLE('',#3328,1.);
#53=CIRCLE('',#3333,0.5);
#54=CIRCLE('',#3334,0.5);
#55=CIRCLE('',#3339,0.499999999999999);
#56=CIRCLE('',#3340,0.499999999999999);
#57=CIRCLE('',#3345,1.);
#58=CIRCLE('',#3346,1.);
#59=CIRCLE('',#3351,0.5);
#60=CIRCLE('',#3352,0.5);
#61=CIRCLE('',#3357,0.500000000000002);
#62=CIRCLE('',#3358,0.500000000000002);
#63=CIRCLE('',#3363,1.);
#64=CIRCLE('',#3364,1.);
#65=CIRCLE('',#3369,0.500000000000002);
#66=CIRCLE('',#3370,0.500000000000002);
#67=CIRCLE('',#3375,0.499999999999999);
#68=CIRCLE('',#3376,0.499999999999999);
#69=CIRCLE('',#3381,1.);
#70=CIRCLE('',#3382,1.);
#71=CIRCLE('',#3389,2.);
#72=CIRCLE('',#3390,2.);
#73=CIRCLE('',#3393,0.500000000000002);
#74=CIRCLE('',#3394,0.500000000000002);
#75=CIRCLE('',#3399,0.5);
#76=CIRCLE('',#3400,0.5);
#77=CIRCLE('',#3405,1.);
#78=CIRCLE('',#3406,1.);
#79=CIRCLE('',#3411,0.5);
#80=CIRCLE('',#3412,0.5);
#81=CIRCLE('',#3417,0.499999999999999);
#82=CIRCLE('',#3418,0.499999999999999);
#83=CIRCLE('',#3423,1.);
#84=CIRCLE('',#3424,1.);
#85=CIRCLE('',#3429,0.5);
#86=CIRCLE('',#3430,0.5);
#87=CIRCLE('',#3435,0.500000000000002);
#88=CIRCLE('',#3436,0.500000000000002);
#89=CIRCLE('',#3441,1.);
#90=CIRCLE('',#3442,1.);
#91=CIRCLE('',#3447,0.500000000000002);
#92=CIRCLE('',#3448,0.500000000000002);
#93=CIRCLE('',#3453,0.499999999999999);
#94=CIRCLE('',#3454,0.499999999999999);
#95=CIRCLE('',#3459,1.);
#96=CIRCLE('',#3460,1.);
#97=CIRCLE('',#3466,2.5);
#98=CIRCLE('',#3467,2.5);
#99=CIRCLE('',#3471,2.5);
#100=CIRCLE('',#3472,2.5);
#101=CIRCLE('',#3477,2.);
#102=CIRCLE('',#3478,2.);
#103=CIRCLE('',#3481,0.500000000000002);
#104=CIRCLE('',#3482,0.500000000000002);
#105=CIRCLE('',#3487,0.5);
#106=CIRCLE('',#3488,0.5);
#107=CIRCLE('',#3493,1.);
#108=CIRCLE('',#3494,1.);
#109=CIRCLE('',#3499,0.5);
#110=CIRCLE('',#3500,0.5);
#111=CIRCLE('',#3505,0.499999999999999);
#112=CIRCLE('',#3506,0.499999999999999);
#113=CIRCLE('',#3511,1.);
#114=CIRCLE('',#3512,1.);
#115=CIRCLE('',#3517,0.5);
#116=CIRCLE('',#3518,0.5);
#117=CIRCLE('',#3523,0.500000000000002);
#118=CIRCLE('',#3524,0.500000000000002);
#119=CIRCLE('',#3529,1.);
#120=CIRCLE('',#3530,1.);
#121=CIRCLE('',#3535,0.500000000000002);
#122=CIRCLE('',#3536,0.500000000000002);
#123=CIRCLE('',#3541,0.499999999999999);
#124=CIRCLE('',#3542,0.499999999999999);
#125=CIRCLE('',#3547,1.);
#126=CIRCLE('',#3548,1.);
#127=CYLINDRICAL_SURFACE('',#3310,2.);
#128=CYLINDRICAL_SURFACE('',#3314,0.500000000000002);
#129=CYLINDRICAL_SURFACE('',#3320,0.5);
#130=CYLINDRICAL_SURFACE('',#3326,1.);
#131=CYLINDRICAL_SURFACE('',#3332,0.5);
#132=CYLINDRICAL_SURFACE('',#3338,0.499999999999999);
#133=CYLINDRICAL_SURFACE('',#3344,1.);
#134=CYLINDRICAL_SURFACE('',#3350,0.5);
#135=CYLINDRICAL_SURFACE('',#3356,0.500000000000002);
#136=CYLINDRICAL_SURFACE('',#3362,1.);
#137=CYLINDRICAL_SURFACE('',#3368,0.500000000000002);
#138=CYLINDRICAL_SURFACE('',#3374,0.499999999999999);
#139=CYLINDRICAL_SURFACE('',#3380,1.);
#140=CYLINDRICAL_SURFACE('',#3388,2.);
#141=CYLINDRICAL_SURFACE('',#3392,0.500000000000002);
#142=CYLINDRICAL_SURFACE('',#3398,0.5);
#143=CYLINDRICAL_SURFACE('',#3404,1.);
#144=CYLINDRICAL_SURFACE('',#3410,0.5);
#145=CYLINDRICAL_SURFACE('',#3416,0.499999999999999);
#146=CYLINDRICAL_SURFACE('',#3422,1.);
#147=CYLINDRICAL_SURFACE('',#3428,0.5);
#148=CYLINDRICAL_SURFACE('',#3434,0.500000000000002);
#149=CYLINDRICAL_SURFACE('',#3440,1.);
#150=CYLINDRICAL_SURFACE('',#3446,0.500000000000002);
#151=CYLINDRICAL_SURFACE('',#3452,0.499999999999999);
#152=CYLINDRICAL_SURFACE('',#3458,1.);
#153=CYLINDRICAL_SURFACE('',#3465,2.5);
#154=CYLINDRICAL_SURFACE('',#3470,2.5);
#155=CYLINDRICAL_SURFACE('',#3476,2.);
#156=CYLINDRICAL_SURFACE('',#3480,0.500000000000002);
#157=CYLINDRICAL_SURFACE('',#3486,0.5);
#158=CYLINDRICAL_SURFACE('',#3492,1.);
#159=CYLINDRICAL_SURFACE('',#3498,0.5);
#160=CYLINDRICAL_SURFACE('',#3504,0.499999999999999);
#161=CYLINDRICAL_SURFACE('',#3510,1.);
#162=CYLINDRICAL_SURFACE('',#3516,0.5);
#163=CYLINDRICAL_SURFACE('',#3522,0.500000000000002);
#164=CYLINDRICAL_SURFACE('',#3528,1.);
#165=CYLINDRICAL_SURFACE('',#3534,0.500000000000002);
#166=CYLINDRICAL_SURFACE('',#3540,0.499999999999999);
#167=CYLINDRICAL_SURFACE('',#3546,1.);
#168=SHAPE_REPRESENTATION_RELATIONSHIP('SRR','None',#5431,#172);
#169=SHAPE_REPRESENTATION_RELATIONSHIP('SRR','None',#5432,#173);
#170=SHAPE_REPRESENTATION_RELATIONSHIP('SRR','None',#5433,#174);
#171=SHAPE_REPRESENTATION_RELATIONSHIP('SRR','None',#5434,#175);
#172=ADVANCED_BREP_SHAPE_REPRESENTATION('',(#182),#5404);
#173=ADVANCED_BREP_SHAPE_REPRESENTATION('',(#183),#5405);
#174=ADVANCED_BREP_SHAPE_REPRESENTATION('',(#184,#185,#186),#5406);
#175=ADVANCED_BREP_SHAPE_REPRESENTATION('',(#187),#5407);
#176=STYLED_ITEM('',(#5459),#182);
#177=STYLED_ITEM('',(#5460),#183);
#178=STYLED_ITEM('',(#5460),#184);
#179=STYLED_ITEM('',(#5460),#185);
#180=STYLED_ITEM('',(#5460),#186);
#181=STYLED_ITEM('',(#5460),#187);
#182=MANIFOLD_SOLID_BREP('Body1',#3250);
#183=MANIFOLD_SOLID_BREP('Body1',#3251);
#184=MANIFOLD_SOLID_BREP('Body1',#3252);
#185=MANIFOLD_SOLID_BREP('Body2',#3253);
#186=MANIFOLD_SOLID_BREP('Body3',#3254);
#187=MANIFOLD_SOLID_BREP('Body1',#3255);
#188=FACE_OUTER_BOUND('',#353,.T.);
#189=FACE_OUTER_BOUND('',#354,.T.);
#190=FACE_OUTER_BOUND('',#355,.T.);
#191=FACE_OUTER_BOUND('',#356,.T.);
#192=FACE_OUTER_BOUND('',#357,.T.);
#193=FACE_OUTER_BOUND('',#358,.T.);
#194=FACE_OUTER_BOUND('',#359,.T.);
#195=FACE_OUTER_BOUND('',#360,.T.);
#196=FACE_OUTER_BOUND('',#361,.T.);
#197=FACE_OUTER_BOUND('',#362,.T.);
#198=FACE_OUTER_BOUND('',#363,.T.);
#199=FACE_OUTER_BOUND('',#364,.T.);
#200=FACE_OUTER_BOUND('',#365,.T.);
#201=FACE_OUTER_BOUND('',#366,.T.);
#202=FACE_OUTER_BOUND('',#367,.T.);
#203=FACE_OUTER_BOUND('',#368,.T.);
#204=FACE_OUTER_BOUND('',#369,.T.);
#205=FACE_OUTER_BOUND('',#370,.T.);
#206=FACE_OUTER_BOUND('',#371,.T.);
#207=FACE_OUTER_BOUND('',#372,.T.);
#208=FACE_OUTER_BOUND('',#373,.T.);
#209=FACE_OUTER_BOUND('',#374,.T.);
#210=FACE_OUTER_BOUND('',#375,.T.);
#211=FACE_OUTER_BOUND('',#376,.T.);
#212=FACE_OUTER_BOUND('',#377,.T.);
#213=FACE_OUTER_BOUND('',#378,.T.);
#214=FACE_OUTER_BOUND('',#379,.T.);
#215=FACE_OUTER_BOUND('',#380,.T.);
#216=FACE_OUTER_BOUND('',#381,.T.);
#217=FACE_OUTER_BOUND('',#382,.T.);
#218=FACE_OUTER_BOUND('',#383,.T.);
#219=FACE_OUTER_BOUND('',#384,.T.);
#220=FACE_OUTER_BOUND('',#385,.T.);
#221=FACE_OUTER_BOUND('',#386,.T.);
#222=FACE_OUTER_BOUND('',#387,.T.);
#223=FACE_OUTER_BOUND('',#388,.T.);
#224=FACE_OUTER_BOUND('',#389,.T.);
#225=FACE_OUTER_BOUND('',#390,.T.);
#226=FACE_OUTER_BOUND('',#391,.T.);
#227=FACE_OUTER_BOUND('',#392,.T.);
#228=FACE_OUTER_BOUND('',#393,.T.);
#229=FACE_OUTER_BOUND('',#394,.T.);
#230=FACE_OUTER_BOUND('',#395,.T.);
#231=FACE_OUTER_BOUND('',#396,.T.);
#232=FACE_OUTER_BOUND('',#397,.T.);
#233=FACE_OUTER_BOUND('',#398,.T.);
#234=FACE_OUTER_BOUND('',#399,.T.);
#235=FACE_OUTER_BOUND('',#400,.T.);
#236=FACE_OUTER_BOUND('',#401,.T.);
#237=FACE_OUTER_BOUND('',#402,.T.);
#238=FACE_OUTER_BOUND('',#403,.T.);
#239=FACE_OUTER_BOUND('',#404,.T.);
#240=FACE_OUTER_BOUND('',#405,.T.);
#241=FACE_OUTER_BOUND('',#406,.T.);
#242=FACE_OUTER_BOUND('',#407,.T.);
#243=FACE_OUTER_BOUND('',#408,.T.);
#244=FACE_OUTER_BOUND('',#410,.T.);
#245=FACE_OUTER_BOUND('',#412,.T.);
#246=FACE_OUTER_BOUND('',#413,.T.);
#247=FACE_OUTER_BOUND('',#414,.T.);
#248=FACE_OUTER_BOUND('',#415,.T.);
#249=FACE_OUTER_BOUND('',#416,.T.);
#250=FACE_OUTER_BOUND('',#417,.T.);
#251=FACE_OUTER_BOUND('',#418,.T.);
#252=FACE_OUTER_BOUND('',#419,.T.);
#253=FACE_OUTER_BOUND('',#420,.T.);
#254=FACE_OUTER_BOUND('',#421,.T.);
#255=FACE_OUTER_BOUND('',#422,.T.);
#256=FACE_OUTER_BOUND('',#423,.T.);
#257=FACE_OUTER_BOUND('',#424,.T.);
#258=FACE_OUTER_BOUND('',#425,.T.);
#259=FACE_OUTER_BOUND('',#426,.T.);
#260=FACE_OUTER_BOUND('',#427,.T.);
#261=FACE_OUTER_BOUND('',#428,.T.);
#262=FACE_OUTER_BOUND('',#429,.T.);
#263=FACE_OUTER_BOUND('',#430,.T.);
#264=FACE_OUTER_BOUND('',#431,.T.);
#265=FACE_OUTER_BOUND('',#432,.T.);
#266=FACE_OUTER_BOUND('',#433,.T.);
#267=FACE_OUTER_BOUND('',#434,.T.);
#268=FACE_OUTER_BOUND('',#435,.T.);
#269=FACE_OUTER_BOUND('',#436,.T.);
#270=FACE_OUTER_BOUND('',#437,.T.);
#271=FACE_OUTER_BOUND('',#438,.T.);
#272=FACE_OUTER_BOUND('',#439,.T.);
#273=FACE_OUTER_BOUND('',#440,.T.);
#274=FACE_OUTER_BOUND('',#441,.T.);
#275=FACE_OUTER_BOUND('',#442,.T.);
#276=FACE_OUTER_BOUND('',#443,.T.);
#277=FACE_OUTER_BOUND('',#444,.T.);
#278=FACE_OUTER_BOUND('',#445,.T.);
#279=FACE_OUTER_BOUND('',#446,.T.);
#280=FACE_OUTER_BOUND('',#447,.T.);
#281=FACE_OUTER_BOUND('',#448,.T.);
#282=FACE_OUTER_BOUND('',#449,.T.);
#283=FACE_OUTER_BOUND('',#450,.T.);
#284=FACE_OUTER_BOUND('',#451,.T.);
#285=FACE_OUTER_BOUND('',#452,.T.);
#286=FACE_OUTER_BOUND('',#453,.T.);
#287=FACE_OUTER_BOUND('',#454,.T.);
#288=FACE_OUTER_BOUND('',#455,.T.);
#289=FACE_OUTER_BOUND('',#456,.T.);
#290=FACE_OUTER_BOUND('',#457,.T.);
#291=FACE_OUTER_BOUND('',#458,.T.);
#292=FACE_OUTER_BOUND('',#459,.T.);
#293=FACE_OUTER_BOUND('',#460,.T.);
#294=FACE_OUTER_BOUND('',#461,.T.);
#295=FACE_OUTER_BOUND('',#463,.T.);
#296=FACE_OUTER_BOUND('',#465,.T.);
#297=FACE_OUTER_BOUND('',#466,.T.);
#298=FACE_OUTER_BOUND('',#467,.T.);
#299=FACE_OUTER_BOUND('',#468,.T.);
#300=FACE_OUTER_BOUND('',#469,.T.);
#301=FACE_OUTER_BOUND('',#470,.T.);
#302=FACE_OUTER_BOUND('',#471,.T.);
#303=FACE_OUTER_BOUND('',#472,.T.);
#304=FACE_OUTER_BOUND('',#473,.T.);
#305=FACE_OUTER_BOUND('',#474,.T.);
#306=FACE_OUTER_BOUND('',#475,.T.);
#307=FACE_OUTER_BOUND('',#476,.T.);
#308=FACE_OUTER_BOUND('',#477,.T.);
#309=FACE_OUTER_BOUND('',#478,.T.);
#310=FACE_OUTER_BOUND('',#479,.T.);
#311=FACE_OUTER_BOUND('',#480,.T.);
#312=FACE_OUTER_BOUND('',#481,.T.);
#313=FACE_OUTER_BOUND('',#482,.T.);
#314=FACE_OUTER_BOUND('',#483,.T.);
#315=FACE_OUTER_BOUND('',#484,.T.);
#316=FACE_OUTER_BOUND('',#485,.T.);
#317=FACE_OUTER_BOUND('',#486,.T.);
#318=FACE_OUTER_BOUND('',#487,.T.);
#319=FACE_OUTER_BOUND('',#488,.T.);
#320=FACE_OUTER_BOUND('',#489,.T.);
#321=FACE_OUTER_BOUND('',#490,.T.);
#322=FACE_OUTER_BOUND('',#491,.T.);
#323=FACE_OUTER_BOUND('',#492,.T.);
#324=FACE_OUTER_BOUND('',#493,.T.);
#325=FACE_OUTER_BOUND('',#494,.T.);
#326=FACE_OUTER_BOUND('',#495,.T.);
#327=FACE_OUTER_BOUND('',#496,.T.);
#328=FACE_OUTER_BOUND('',#497,.T.);
#329=FACE_OUTER_BOUND('',#498,.T.);
#330=FACE_OUTER_BOUND('',#499,.T.);
#331=FACE_OUTER_BOUND('',#500,.T.);
#332=FACE_OUTER_BOUND('',#501,.T.);
#333=FACE_OUTER_BOUND('',#502,.T.);
#334=FACE_OUTER_BOUND('',#503,.T.);
#335=FACE_OUTER_BOUND('',#504,.T.);
#336=FACE_OUTER_BOUND('',#505,.T.);
#337=FACE_OUTER_BOUND('',#506,.T.);
#338=FACE_OUTER_BOUND('',#507,.T.);
#339=FACE_OUTER_BOUND('',#508,.T.);
#340=FACE_OUTER_BOUND('',#509,.T.);
#341=FACE_OUTER_BOUND('',#510,.T.);
#342=FACE_OUTER_BOUND('',#511,.T.);
#343=FACE_OUTER_BOUND('',#512,.T.);
#344=FACE_OUTER_BOUND('',#513,.T.);
#345=FACE_OUTER_BOUND('',#514,.T.);
#346=FACE_OUTER_BOUND('',#515,.T.);
#347=FACE_OUTER_BOUND('',#516,.T.);
#348=FACE_OUTER_BOUND('',#517,.T.);
#349=FACE_OUTER_BOUND('',#518,.T.);
#350=FACE_OUTER_BOUND('',#519,.T.);
#351=FACE_OUTER_BOUND('',#520,.T.);
#352=FACE_OUTER_BOUND('',#522,.T.);
#353=EDGE_LOOP('',(#2043,#2044,#2045,#2046));
#354=EDGE_LOOP('',(#2047,#2048,#2049,#2050));
#355=EDGE_LOOP('',(#2051,#2052,#2053,#2054));
#356=EDGE_LOOP('',(#2055,#2056,#2057,#2058));
#357=EDGE_LOOP('',(#2059,#2060,#2061,#2062));
#358=EDGE_LOOP('',(#2063,#2064,#2065,#2066));
#359=EDGE_LOOP('',(#2067,#2068,#2069,#2070));
#360=EDGE_LOOP('',(#2071,#2072,#2073,#2074));
#361=EDGE_LOOP('',(#2075,#2076,#2077,#2078));
#362=EDGE_LOOP('',(#2079,#2080,#2081,#2082));
#363=EDGE_LOOP('',(#2083,#2084,#2085,#2086));
#364=EDGE_LOOP('',(#2087,#2088,#2089,#2090));
#365=EDGE_LOOP('',(#2091,#2092,#2093,#2094));
#366=EDGE_LOOP('',(#2095,#2096,#2097,#2098));
#367=EDGE_LOOP('',(#2099,#2100,#2101,#2102));
#368=EDGE_LOOP('',(#2103,#2104,#2105,#2106));
#369=EDGE_LOOP('',(#2107,#2108,#2109,#2110));
#370=EDGE_LOOP('',(#2111,#2112,#2113,#2114));
#371=EDGE_LOOP('',(#2115,#2116,#2117,#2118));
#372=EDGE_LOOP('',(#2119,#2120,#2121,#2122));
#373=EDGE_LOOP('',(#2123,#2124,#2125,#2126));
#374=EDGE_LOOP('',(#2127,#2128,#2129,#2130));
#375=EDGE_LOOP('',(#2131,#2132,#2133,#2134));
#376=EDGE_LOOP('',(#2135,#2136,#2137,#2138));
#377=EDGE_LOOP('',(#2139,#2140,#2141,#2142));
#378=EDGE_LOOP('',(#2143,#2144,#2145,#2146));
#379=EDGE_LOOP('',(#2147,#2148,#2149,#2150));
#380=EDGE_LOOP('',(#2151,#2152,#2153,#2154));
#381=EDGE_LOOP('',(#2155,#2156,#2157,#2158));
#382=EDGE_LOOP('',(#2159,#2160,#2161,#2162));
#383=EDGE_LOOP('',(#2163,#2164,#2165,#2166));
#384=EDGE_LOOP('',(#2167,#2168,#2169,#2170));
#385=EDGE_LOOP('',(#2171,#2172,#2173,#2174));
#386=EDGE_LOOP('',(#2175,#2176,#2177,#2178));
#387=EDGE_LOOP('',(#2179,#2180,#2181,#2182));
#388=EDGE_LOOP('',(#2183,#2184,#2185,#2186));
#389=EDGE_LOOP('',(#2187,#2188,#2189,#2190));
#390=EDGE_LOOP('',(#2191,#2192,#2193,#2194));
#391=EDGE_LOOP('',(#2195,#2196,#2197,#2198));
#392=EDGE_LOOP('',(#2199,#2200,#2201,#2202));
#393=EDGE_LOOP('',(#2203,#2204,#2205,#2206));
#394=EDGE_LOOP('',(#2207,#2208,#2209,#2210));
#395=EDGE_LOOP('',(#2211,#2212,#2213,#2214));
#396=EDGE_LOOP('',(#2215,#2216,#2217,#2218));
#397=EDGE_LOOP('',(#2219,#2220,#2221,#2222));
#398=EDGE_LOOP('',(#2223,#2224,#2225,#2226));
#399=EDGE_LOOP('',(#2227,#2228,#2229,#2230));
#400=EDGE_LOOP('',(#2231,#2232,#2233,#2234));
#401=EDGE_LOOP('',(#2235,#2236,#2237,#2238));
#402=EDGE_LOOP('',(#2239,#2240,#2241,#2242));
#403=EDGE_LOOP('',(#2243,#2244,#2245,#2246));
#404=EDGE_LOOP('',(#2247,#2248,#2249,#2250));
#405=EDGE_LOOP('',(#2251,#2252,#2253,#2254));
#406=EDGE_LOOP('',(#2255,#2256,#2257,#2258));
#407=EDGE_LOOP('',(#2259,#2260,#2261,#2262));
#408=EDGE_LOOP('',(#2263,#2264,#2265,#2266,#2267,#2268,#2269,#2270,#2271,
#2272,#2273,#2274,#2275,#2276,#2277,#2278,#2279,#2280,#2281,#2282,#2283,
#2284,#2285,#2286,#2287,#2288,#2289,#2290,#2291,#2292,#2293,#2294,#2295,
#2296,#2297,#2298,#2299,#2300,#2301,#2302,#2303,#2304,#2305,#2306,#2307,
#2308,#2309,#2310));
#409=EDGE_LOOP('',(#2311));
#410=EDGE_LOOP('',(#2312,#2313,#2314,#2315,#2316,#2317,#2318,#2319,#2320,
#2321,#2322,#2323,#2324,#2325,#2326,#2327,#2328,#2329,#2330,#2331,#2332,
#2333,#2334,#2335,#2336,#2337,#2338,#2339,#2340,#2341,#2342,#2343,#2344,
#2345,#2346,#2347,#2348,#2349,#2350,#2351,#2352,#2353,#2354,#2355,#2356,
#2357,#2358,#2359));
#411=EDGE_LOOP('',(#2360));
#412=EDGE_LOOP('',(#2361,#2362,#2363,#2364));
#413=EDGE_LOOP('',(#2365,#2366,#2367,#2368));
#414=EDGE_LOOP('',(#2369,#2370,#2371,#2372));
#415=EDGE_LOOP('',(#2373,#2374,#2375,#2376));
#416=EDGE_LOOP('',(#2377,#2378,#2379,#2380));
#417=EDGE_LOOP('',(#2381,#2382,#2383,#2384));
#418=EDGE_LOOP('',(#2385,#2386,#2387,#2388));
#419=EDGE_LOOP('',(#2389,#2390,#2391,#2392));
#420=EDGE_LOOP('',(#2393,#2394,#2395,#2396));
#421=EDGE_LOOP('',(#2397,#2398,#2399,#2400));
#422=EDGE_LOOP('',(#2401,#2402,#2403,#2404));
#423=EDGE_LOOP('',(#2405,#2406,#2407,#2408));
#424=EDGE_LOOP('',(#2409,#2410,#2411,#2412));
#425=EDGE_LOOP('',(#2413,#2414,#2415,#2416));
#426=EDGE_LOOP('',(#2417,#2418,#2419,#2420));
#427=EDGE_LOOP('',(#2421,#2422,#2423,#2424));
#428=EDGE_LOOP('',(#2425,#2426,#2427,#2428));
#429=EDGE_LOOP('',(#2429,#2430,#2431,#2432));
#430=EDGE_LOOP('',(#2433,#2434,#2435,#2436));
#431=EDGE_LOOP('',(#2437,#2438,#2439,#2440));
#432=EDGE_LOOP('',(#2441,#2442,#2443,#2444));
#433=EDGE_LOOP('',(#2445,#2446,#2447,#2448));
#434=EDGE_LOOP('',(#2449,#2450,#2451,#2452));
#435=EDGE_LOOP('',(#2453,#2454,#2455,#2456));
#436=EDGE_LOOP('',(#2457,#2458,#2459,#2460));
#437=EDGE_LOOP('',(#2461,#2462,#2463,#2464));
#438=EDGE_LOOP('',(#2465,#2466,#2467,#2468));
#439=EDGE_LOOP('',(#2469,#2470,#2471,#2472));
#440=EDGE_LOOP('',(#2473,#2474,#2475,#2476));
#441=EDGE_LOOP('',(#2477,#2478,#2479,#2480));
#442=EDGE_LOOP('',(#2481,#2482,#2483,#2484));
#443=EDGE_LOOP('',(#2485,#2486,#2487,#2488));
#444=EDGE_LOOP('',(#2489,#2490,#2491,#2492));
#445=EDGE_LOOP('',(#2493,#2494,#2495,#2496));
#446=EDGE_LOOP('',(#2497,#2498,#2499,#2500));
#447=EDGE_LOOP('',(#2501,#2502,#2503,#2504));
#448=EDGE_LOOP('',(#2505,#2506,#2507,#2508));
#449=EDGE_LOOP('',(#2509,#2510,#2511,#2512));
#450=EDGE_LOOP('',(#2513,#2514,#2515,#2516));
#451=EDGE_LOOP('',(#2517,#2518,#2519,#2520));
#452=EDGE_LOOP('',(#2521,#2522,#2523,#2524));
#453=EDGE_LOOP('',(#2525,#2526,#2527,#2528));
#454=EDGE_LOOP('',(#2529,#2530,#2531,#2532));
#455=EDGE_LOOP('',(#2533,#2534,#2535,#2536));
#456=EDGE_LOOP('',(#2537,#2538,#2539,#2540));
#457=EDGE_LOOP('',(#2541,#2542,#2543,#2544));
#458=EDGE_LOOP('',(#2545,#2546,#2547,#2548));
#459=EDGE_LOOP('',(#2549,#2550,#2551,#2552));
#460=EDGE_LOOP('',(#2553,#2554,#2555,#2556));
#461=EDGE_LOOP('',(#2557,#2558,#2559,#2560,#2561,#2562,#2563,#2564,#2565,
#2566,#2567,#2568,#2569,#2570,#2571,#2572,#2573,#2574,#2575,#2576,#2577,
#2578,#2579,#2580,#2581,#2582,#2583,#2584,#2585,#2586,#2587,#2588,#2589,
#2590,#2591,#2592,#2593,#2594,#2595,#2596,#2597,#2598,#2599,#2600,#2601,
#2602,#2603,#2604));
#462=EDGE_LOOP('',(#2605));
#463=EDGE_LOOP('',(#2606,#2607,#2608,#2609,#2610,#2611,#2612,#2613,#2614,
#2615,#2616,#2617,#2618,#2619,#2620,#2621,#2622,#2623,#2624,#2625,#2626,
#2627,#2628,#2629,#2630,#2631,#2632,#2633,#2634,#2635,#2636,#2637,#2638,
#2639,#2640,#2641,#2642,#2643,#2644,#2645,#2646,#2647,#2648,#2649,#2650,
#2651,#2652,#2653));
#464=EDGE_LOOP('',(#2654));
#465=EDGE_LOOP('',(#2655,#2656,#2657,#2658));
#466=EDGE_LOOP('',(#2659));
#467=EDGE_LOOP('',(#2660));
#468=EDGE_LOOP('',(#2661,#2662,#2663,#2664));
#469=EDGE_LOOP('',(#2665));
#470=EDGE_LOOP('',(#2666));
#471=EDGE_LOOP('',(#2667,#2668,#2669,#2670));
#472=EDGE_LOOP('',(#2671,#2672,#2673,#2674));
#473=EDGE_LOOP('',(#2675,#2676,#2677,#2678));
#474=EDGE_LOOP('',(#2679,#2680,#2681,#2682));
#475=EDGE_LOOP('',(#2683,#2684,#2685,#2686));
#476=EDGE_LOOP('',(#2687,#2688,#2689,#2690));
#477=EDGE_LOOP('',(#2691,#2692,#2693,#2694));
#478=EDGE_LOOP('',(#2695,#2696,#2697,#2698));
#479=EDGE_LOOP('',(#2699,#2700,#2701,#2702));
#480=EDGE_LOOP('',(#2703,#2704,#2705,#2706));
#481=EDGE_LOOP('',(#2707,#2708,#2709,#2710));
#482=EDGE_LOOP('',(#2711,#2712,#2713,#2714));
#483=EDGE_LOOP('',(#2715,#2716,#2717,#2718));
#484=EDGE_LOOP('',(#2719,#2720,#2721,#2722));
#485=EDGE_LOOP('',(#2723,#2724,#2725,#2726));
#486=EDGE_LOOP('',(#2727,#2728,#2729,#2730));
#487=EDGE_LOOP('',(#2731,#2732,#2733,#2734));
#488=EDGE_LOOP('',(#2735,#2736,#2737,#2738));
#489=EDGE_LOOP('',(#2739,#2740,#2741,#2742));
#490=EDGE_LOOP('',(#2743,#2744,#2745,#2746));
#491=EDGE_LOOP('',(#2747,#2748,#2749,#2750));
#492=EDGE_LOOP('',(#2751,#2752,#2753,#2754));
#493=EDGE_LOOP('',(#2755,#2756,#2757,#2758));
#494=EDGE_LOOP('',(#2759,#2760,#2761,#2762));
#495=EDGE_LOOP('',(#2763,#2764,#2765,#2766));
#496=EDGE_LOOP('',(#2767,#2768,#2769,#2770));
#497=EDGE_LOOP('',(#2771,#2772,#2773,#2774));
#498=EDGE_LOOP('',(#2775,#2776,#2777,#2778));
#499=EDGE_LOOP('',(#2779,#2780,#2781,#2782));
#500=EDGE_LOOP('',(#2783,#2784,#2785,#2786));
#501=EDGE_LOOP('',(#2787,#2788,#2789,#2790));
#502=EDGE_LOOP('',(#2791,#2792,#2793,#2794));
#503=EDGE_LOOP('',(#2795,#2796,#2797,#2798));
#504=EDGE_LOOP('',(#2799,#2800,#2801,#2802));
#505=EDGE_LOOP('',(#2803,#2804,#2805,#2806));
#506=EDGE_LOOP('',(#2807,#2808,#2809,#2810));
#507=EDGE_LOOP('',(#2811,#2812,#2813,#2814));
#508=EDGE_LOOP('',(#2815,#2816,#2817,#2818));
#509=EDGE_LOOP('',(#2819,#2820,#2821,#2822));
#510=EDGE_LOOP('',(#2823,#2824,#2825,#2826));
#511=EDGE_LOOP('',(#2827,#2828,#2829,#2830));
#512=EDGE_LOOP('',(#2831,#2832,#2833,#2834));
#513=EDGE_LOOP('',(#2835,#2836,#2837,#2838));
#514=EDGE_LOOP('',(#2839,#2840,#2841,#2842));
#515=EDGE_LOOP('',(#2843,#2844,#2845,#2846));
#516=EDGE_LOOP('',(#2847,#2848,#2849,#2850));
#517=EDGE_LOOP('',(#2851,#2852,#2853,#2854));
#518=EDGE_LOOP('',(#2855,#2856,#2857,#2858));
#519=EDGE_LOOP('',(#2859,#2860,#2861,#2862));
#520=EDGE_LOOP('',(#2863,#2864,#2865,#2866,#2867,#2868,#2869,#2870,#2871,
#2872,#2873,#2874,#2875,#2876,#2877,#2878,#2879,#2880,#2881,#2882,#2883,
#2884,#2885,#2886,#2887,#2888,#2889,#2890,#2891,#2892,#2893,#2894,#2895,
#2896,#2897,#2898,#2899,#2900,#2901,#2902,#2903,#2904,#2905,#2906,#2907,
#2908,#2909,#2910));
#521=EDGE_LOOP('',(#2911));
#522=EDGE_LOOP('',(#2912,#2913,#2914,#2915,#2916,#2917,#2918,#2919,#2920,
#2921,#2922,#2923,#2924,#2925,#2926,#2927,#2928,#2929,#2930,#2931,#2932,
#2933,#2934,#2935,#2936,#2937,#2938,#2939,#2940,#2941,#2942,#2943,#2944,
#2945,#2946,#2947,#2948,#2949,#2950,#2951,#2952,#2953,#2954,#2955,#2956,
#2957,#2958,#2959));
#523=EDGE_LOOP('',(#2960));
#524=LINE('',#4460,#901);
#525=LINE('',#4462,#902);
#526=LINE('',#4464,#903);
#527=LINE('',#4465,#904);
#528=LINE('',#4468,#905);
#529=LINE('',#4470,#906);
#530=LINE('',#4471,#907);
#531=LINE('',#4474,#908);
#532=LINE('',#4476,#909);
#533=LINE('',#4477,#910);
#534=LINE('',#4479,#911);
#535=LINE('',#4480,#912);
#536=LINE('',#4488,#913);
#537=LINE('',#4493,#914);
#538=LINE('',#4495,#915);
#539=LINE('',#4497,#916);
#540=LINE('',#4498,#917);
#541=LINE('',#4504,#918);
#542=LINE('',#4507,#919);
#543=LINE('',#4509,#920);
#544=LINE('',#4510,#921);
#545=LINE('',#4513,#922);
#546=LINE('',#4515,#923);
#547=LINE('',#4516,#924);
#548=LINE('',#4519,#925);
#549=LINE('',#4521,#926);
#550=LINE('',#4522,#927);
#551=LINE('',#4528,#928);
#552=LINE('',#4531,#929);
#553=LINE('',#4533,#930);
#554=LINE('',#4534,#931);
#555=LINE('',#4537,#932);
#556=LINE('',#4539,#933);
#557=LINE('',#4540,#934);
#558=LINE('',#4543,#935);
#559=LINE('',#4545,#936);
#560=LINE('',#4546,#937);
#561=LINE('',#4552,#938);
#562=LINE('',#4555,#939);
#563=LINE('',#4557,#940);
#564=LINE('',#4558,#941);
#565=LINE('',#4561,#942);
#566=LINE('',#4563,#943);
#567=LINE('',#4564,#944);
#568=LINE('',#4567,#945);
#569=LINE('',#4569,#946);
#570=LINE('',#4570,#947);
#571=LINE('',#4576,#948);
#572=LINE('',#4579,#949);
#573=LINE('',#4581,#950);
#574=LINE('',#4582,#951);
#575=LINE('',#4585,#952);
#576=LINE('',#4587,#953);
#577=LINE('',#4588,#954);
#578=LINE('',#4591,#955);
#579=LINE('',#4593,#956);
#580=LINE('',#4594,#957);
#581=LINE('',#4600,#958);
#582=LINE('',#4603,#959);
#583=LINE('',#4605,#960);
#584=LINE('',#4606,#961);
#585=LINE('',#4609,#962);
#586=LINE('',#4611,#963);
#587=LINE('',#4612,#964);
#588=LINE('',#4615,#965);
#589=LINE('',#4617,#966);
#590=LINE('',#4618,#967);
#591=LINE('',#4624,#968);
#592=LINE('',#4627,#969);
#593=LINE('',#4629,#970);
#594=LINE('',#4630,#971);
#595=LINE('',#4633,#972);
#596=LINE('',#4635,#973);
#597=LINE('',#4636,#974);
#598=LINE('',#4639,#975);
#599=LINE('',#4641,#976);
#600=LINE('',#4642,#977);
#601=LINE('',#4648,#978);
#602=LINE('',#4651,#979);
#603=LINE('',#4653,#980);
#604=LINE('',#4654,#981);
#605=LINE('',#4657,#982);
#606=LINE('',#4659,#983);
#607=LINE('',#4660,#984);
#608=LINE('',#4663,#985);
#609=LINE('',#4665,#986);
#610=LINE('',#4666,#987);
#611=LINE('',#4672,#988);
#612=LINE('',#4675,#989);
#613=LINE('',#4677,#990);
#614=LINE('',#4678,#991);
#615=LINE('',#4681,#992);
#616=LINE('',#4683,#993);
#617=LINE('',#4684,#994);
#618=LINE('',#4687,#995);
#619=LINE('',#4689,#996);
#620=LINE('',#4690,#997);
#621=LINE('',#4696,#998);
#622=LINE('',#4699,#999);
#623=LINE('',#4701,#1000);
#624=LINE('',#4702,#1001);
#625=LINE('',#4705,#1002);
#626=LINE('',#4707,#1003);
#627=LINE('',#4708,#1004);
#628=LINE('',#4711,#1005);
#629=LINE('',#4713,#1006);
#630=LINE('',#4714,#1007);
#631=LINE('',#4720,#1008);
#632=LINE('',#4723,#1009);
#633=LINE('',#4725,#1010);
#634=LINE('',#4726,#1011);
#635=LINE('',#4729,#1012);
#636=LINE('',#4731,#1013);
#637=LINE('',#4732,#1014);
#638=LINE('',#4735,#1015);
#639=LINE('',#4737,#1016);
#640=LINE('',#4738,#1017);
#641=LINE('',#4744,#1018);
#642=LINE('',#4747,#1019);
#643=LINE('',#4749,#1020);
#644=LINE('',#4750,#1021);
#645=LINE('',#4753,#1022);
#646=LINE('',#4755,#1023);
#647=LINE('',#4756,#1024);
#648=LINE('',#4759,#1025);
#649=LINE('',#4761,#1026);
#650=LINE('',#4762,#1027);
#651=LINE('',#4768,#1028);
#652=LINE('',#4771,#1029);
#653=LINE('',#4773,#1030);
#654=LINE('',#4774,#1031);
#655=LINE('',#4776,#1032);
#656=LINE('',#4777,#1033);
#657=LINE('',#4785,#1034);
#658=LINE('',#4790,#1035);
#659=LINE('',#4792,#1036);
#660=LINE('',#4794,#1037);
#661=LINE('',#4795,#1038);
#662=LINE('',#4801,#1039);
#663=LINE('',#4804,#1040);
#664=LINE('',#4806,#1041);
#665=LINE('',#4807,#1042);
#666=LINE('',#4810,#1043);
#667=LINE('',#4812,#1044);
#668=LINE('',#4813,#1045);
#669=LINE('',#4816,#1046);
#670=LINE('',#4818,#1047);
#671=LINE('',#4819,#1048);
#672=LINE('',#4825,#1049);
#673=LINE('',#4828,#1050);
#674=LINE('',#4830,#1051);
#675=LINE('',#4831,#1052);
#676=LINE('',#4834,#1053);
#677=LINE('',#4836,#1054);
#678=LINE('',#4837,#1055);
#679=LINE('',#4840,#1056);
#680=LINE('',#4842,#1057);
#681=LINE('',#4843,#1058);
#682=LINE('',#4849,#1059);
#683=LINE('',#4852,#1060);
#684=LINE('',#4854,#1061);
#685=LINE('',#4855,#1062);
#686=LINE('',#4858,#1063);
#687=LINE('',#4860,#1064);
#688=LINE('',#4861,#1065);
#689=LINE('',#4864,#1066);
#690=LINE('',#4866,#1067);
#691=LINE('',#4867,#1068);
#692=LINE('',#4873,#1069);
#693=LINE('',#4876,#1070);
#694=LINE('',#4878,#1071);
#695=LINE('',#4879,#1072);
#696=LINE('',#4882,#1073);
#697=LINE('',#4884,#1074);
#698=LINE('',#4885,#1075);
#699=LINE('',#4888,#1076);
#700=LINE('',#4890,#1077);
#701=LINE('',#4891,#1078);
#702=LINE('',#4897,#1079);
#703=LINE('',#4900,#1080);
#704=LINE('',#4902,#1081);
#705=LINE('',#4903,#1082);
#706=LINE('',#4906,#1083);
#707=LINE('',#4908,#1084);
#708=LINE('',#4909,#1085);
#709=LINE('',#4912,#1086);
#710=LINE('',#4914,#1087);
#711=LINE('',#4915,#1088);
#712=LINE('',#4921,#1089);
#713=LINE('',#4924,#1090);
#714=LINE('',#4926,#1091);
#715=LINE('',#4927,#1092);
#716=LINE('',#4930,#1093);
#717=LINE('',#4932,#1094);
#718=LINE('',#4933,#1095);
#719=LINE('',#4936,#1096);
#720=LINE('',#4938,#1097);
#721=LINE('',#4939,#1098);
#722=LINE('',#4945,#1099);
#723=LINE('',#4948,#1100);
#724=LINE('',#4950,#1101);
#725=LINE('',#4951,#1102);
#726=LINE('',#4954,#1103);
#727=LINE('',#4956,#1104);
#728=LINE('',#4957,#1105);
#729=LINE('',#4960,#1106);
#730=LINE('',#4962,#1107);
#731=LINE('',#4963,#1108);
#732=LINE('',#4969,#1109);
#733=LINE('',#4972,#1110);
#734=LINE('',#4974,#1111);
#735=LINE('',#4975,#1112);
#736=LINE('',#4978,#1113);
#737=LINE('',#4980,#1114);
#738=LINE('',#4981,#1115);
#739=LINE('',#4984,#1116);
#740=LINE('',#4986,#1117);
#741=LINE('',#4987,#1118);
#742=LINE('',#4993,#1119);
#743=LINE('',#4996,#1120);
#744=LINE('',#4998,#1121);
#745=LINE('',#4999,#1122);
#746=LINE('',#5002,#1123);
#747=LINE('',#5004,#1124);
#748=LINE('',#5005,#1125);
#749=LINE('',#5008,#1126);
#750=LINE('',#5010,#1127);
#751=LINE('',#5011,#1128);
#752=LINE('',#5017,#1129);
#753=LINE('',#5020,#1130);
#754=LINE('',#5022,#1131);
#755=LINE('',#5023,#1132);
#756=LINE('',#5026,#1133);
#757=LINE('',#5028,#1134);
#758=LINE('',#5029,#1135);
#759=LINE('',#5032,#1136);
#760=LINE('',#5034,#1137);
#761=LINE('',#5035,#1138);
#762=LINE('',#5041,#1139);
#763=LINE('',#5044,#1140);
#764=LINE('',#5046,#1141);
#765=LINE('',#5047,#1142);
#766=LINE('',#5050,#1143);
#767=LINE('',#5052,#1144);
#768=LINE('',#5053,#1145);
#769=LINE('',#5056,#1146);
#770=LINE('',#5058,#1147);
#771=LINE('',#5059,#1148);
#772=LINE('',#5065,#1149);
#773=LINE('',#5068,#1150);
#774=LINE('',#5070,#1151);
#775=LINE('',#5071,#1152);
#776=LINE('',#5073,#1153);
#777=LINE('',#5074,#1154);
#778=LINE('',#5081,#1155);
#779=LINE('',#5089,#1156);
#780=LINE('',#5098,#1157);
#781=LINE('',#5103,#1158);
#782=LINE('',#5105,#1159);
#783=LINE('',#5107,#1160);
#784=LINE('',#5108,#1161);
#785=LINE('',#5114,#1162);
#786=LINE('',#5117,#1163);
#787=LINE('',#5119,#1164);
#788=LINE('',#5120,#1165);
#789=LINE('',#5123,#1166);
#790=LINE('',#5125,#1167);
#791=LINE('',#5126,#1168);
#792=LINE('',#5129,#1169);
#793=LINE('',#5131,#1170);
#794=LINE('',#5132,#1171);
#795=LINE('',#5138,#1172);
#796=LINE('',#5141,#1173);
#797=LINE('',#5143,#1174);
#798=LINE('',#5144,#1175);
#799=LINE('',#5147,#1176);
#800=LINE('',#5149,#1177);
#801=LINE('',#5150,#1178);
#802=LINE('',#5153,#1179);
#803=LINE('',#5155,#1180);
#804=LINE('',#5156,#1181);
#805=LINE('',#5162,#1182);
#806=LINE('',#5165,#1183);
#807=LINE('',#5167,#1184);
#808=LINE('',#5168,#1185);
#809=LINE('',#5171,#1186);
#810=LINE('',#5173,#1187);
#811=LINE('',#5174,#1188);
#812=LINE('',#5177,#1189);
#813=LINE('',#5179,#1190);
#814=LINE('',#5180,#1191);
#815=LINE('',#5186,#1192);
#816=LINE('',#5189,#1193);
#817=LINE('',#5191,#1194);
#818=LINE('',#5192,#1195);
#819=LINE('',#5195,#1196);
#820=LINE('',#5197,#1197);
#821=LINE('',#5198,#1198);
#822=LINE('',#5201,#1199);
#823=LINE('',#5203,#1200);
#824=LINE('',#5204,#1201);
#825=LINE('',#5210,#1202);
#826=LINE('',#5213,#1203);
#827=LINE('',#5215,#1204);
#828=LINE('',#5216,#1205);
#829=LINE('',#5219,#1206);
#830=LINE('',#5221,#1207);
#831=LINE('',#5222,#1208);
#832=LINE('',#5225,#1209);
#833=LINE('',#5227,#1210);
#834=LINE('',#5228,#1211);
#835=LINE('',#5234,#1212);
#836=LINE('',#5237,#1213);
#837=LINE('',#5239,#1214);
#838=LINE('',#5240,#1215);
#839=LINE('',#5243,#1216);
#840=LINE('',#5245,#1217);
#841=LINE('',#5246,#1218);
#842=LINE('',#5249,#1219);
#843=LINE('',#5251,#1220);
#844=LINE('',#5252,#1221);
#845=LINE('',#5258,#1222);
#846=LINE('',#5261,#1223);
#847=LINE('',#5263,#1224);
#848=LINE('',#5264,#1225);
#849=LINE('',#5267,#1226);
#850=LINE('',#5269,#1227);
#851=LINE('',#5270,#1228);
#852=LINE('',#5273,#1229);
#853=LINE('',#5275,#1230);
#854=LINE('',#5276,#1231);
#855=LINE('',#5282,#1232);
#856=LINE('',#5285,#1233);
#857=LINE('',#5287,#1234);
#858=LINE('',#5288,#1235);
#859=LINE('',#5291,#1236);
#860=LINE('',#5293,#1237);
#861=LINE('',#5294,#1238);
#862=LINE('',#5297,#1239);
#863=LINE('',#5299,#1240);
#864=LINE('',#5300,#1241);
#865=LINE('',#5306,#1242);
#866=LINE('',#5309,#1243);
#867=LINE('',#5311,#1244);
#868=LINE('',#5312,#1245);
#869=LINE('',#5315,#1246);
#870=LINE('',#5317,#1247);
#871=LINE('',#5318,#1248);
#872=LINE('',#5321,#1249);
#873=LINE('',#5323,#1250);
#874=LINE('',#5324,#1251);
#875=LINE('',#5330,#1252);
#876=LINE('',#5333,#1253);
#877=LINE('',#5335,#1254);
#878=LINE('',#5336,#1255);
#879=LINE('',#5339,#1256);
#880=LINE('',#5341,#1257);
#881=LINE('',#5342,#1258);
#882=LINE('',#5345,#1259);
#883=LINE('',#5347,#1260);
#884=LINE('',#5348,#1261);
#885=LINE('',#5354,#1262);
#886=LINE('',#5357,#1263);
#887=LINE('',#5359,#1264);
#888=LINE('',#5360,#1265);
#889=LINE('',#5363,#1266);
#890=LINE('',#5365,#1267);
#891=LINE('',#5366,#1268);
#892=LINE('',#5369,#1269);
#893=LINE('',#5371,#1270);
#894=LINE('',#5372,#1271);
#895=LINE('',#5378,#1272);
#896=LINE('',#5381,#1273);
#897=LINE('',#5383,#1274);
#898=LINE('',#5384,#1275);
#899=LINE('',#5386,#1276);
#900=LINE('',#5387,#1277);
#901=VECTOR('',#3566,10.);
#902=VECTOR('',#3567,10.);
#903=VECTOR('',#3568,10.);
#904=VECTOR('',#3569,10.);
#905=VECTOR('',#3572,10.);
#906=VECTOR('',#3573,10.);
#907=VECTOR('',#3574,10.);
#908=VECTOR('',#3577,10.);
#909=VECTOR('',#3578,10.);
#910=VECTOR('',#3579,10.);
#911=VECTOR('',#3582,10.);
#912=VECTOR('',#3583,10.);
#913=VECTOR('',#3594,2.);
#914=VECTOR('',#3599,10.);
#915=VECTOR('',#3600,10.);
#916=VECTOR('',#3601,10.);
#917=VECTOR('',#3602,10.);
#918=VECTOR('',#3609,10.);
#919=VECTOR('',#3612,10.);
#920=VECTOR('',#3613,10.);
#921=VECTOR('',#3614,10.);
#922=VECTOR('',#3617,10.);
#923=VECTOR('',#3618,10.);
#924=VECTOR('',#3619,10.);
#925=VECTOR('',#3622,10.);
#926=VECTOR('',#3623,10.);
#927=VECTOR('',#3624,10.);
#928=VECTOR('',#3631,10.);
#929=VECTOR('',#3634,10.);
#930=VECTOR('',#3635,10.);
#931=VECTOR('',#3636,10.);
#932=VECTOR('',#3639,10.);
#933=VECTOR('',#3640,10.);
#934=VECTOR('',#3641,10.);
#935=VECTOR('',#3644,10.);
#936=VECTOR('',#3645,10.);
#937=VECTOR('',#3646,10.);
#938=VECTOR('',#3653,10.);
#939=VECTOR('',#3656,10.);
#940=VECTOR('',#3657,10.);
#941=VECTOR('',#3658,10.);
#942=VECTOR('',#3661,10.);
#943=VECTOR('',#3662,10.);
#944=VECTOR('',#3663,10.);
#945=VECTOR('',#3666,10.);
#946=VECTOR('',#3667,10.);
#947=VECTOR('',#3668,10.);
#948=VECTOR('',#3675,10.);
#949=VECTOR('',#3678,10.);
#950=VECTOR('',#3679,10.);
#951=VECTOR('',#3680,10.);
#952=VECTOR('',#3683,10.);
#953=VECTOR('',#3684,10.);
#954=VECTOR('',#3685,10.);
#955=VECTOR('',#3688,10.);
#956=VECTOR('',#3689,10.);
#957=VECTOR('',#3690,10.);
#958=VECTOR('',#3697,10.);
#959=VECTOR('',#3700,10.);
#960=VECTOR('',#3701,10.);
#961=VECTOR('',#3702,10.);
#962=VECTOR('',#3705,10.);
#963=VECTOR('',#3706,10.);
#964=VECTOR('',#3707,10.);
#965=VECTOR('',#3710,10.);
#966=VECTOR('',#3711,10.);
#967=VECTOR('',#3712,10.);
#968=VECTOR('',#3719,10.);
#969=VECTOR('',#3722,10.);
#970=VECTOR('',#3723,10.);
#971=VECTOR('',#3724,10.);
#972=VECTOR('',#3727,10.);
#973=VECTOR('',#3728,10.);
#974=VECTOR('',#3729,10.);
#975=VECTOR('',#3732,10.);
#976=VECTOR('',#3733,10.);
#977=VECTOR('',#3734,10.);
#978=VECTOR('',#3741,10.);
#979=VECTOR('',#3744,10.);
#980=VECTOR('',#3745,10.);
#981=VECTOR('',#3746,10.);
#982=VECTOR('',#3749,10.);
#983=VECTOR('',#3750,10.);
#984=VECTOR('',#3751,10.);
#985=VECTOR('',#3754,10.);
#986=VECTOR('',#3755,10.);
#987=VECTOR('',#3756,10.);
#988=VECTOR('',#3763,10.);
#989=VECTOR('',#3766,10.);
#990=VECTOR('',#3767,10.);
#991=VECTOR('',#3768,10.);
#992=VECTOR('',#3771,10.);
#993=VECTOR('',#3772,10.);
#994=VECTOR('',#3773,10.);
#995=VECTOR('',#3776,10.);
#996=VECTOR('',#3777,10.);
#997=VECTOR('',#3778,10.);
#998=VECTOR('',#3785,10.);
#999=VECTOR('',#3788,10.);
#1000=VECTOR('',#3789,10.);
#1001=VECTOR('',#3790,10.);
#1002=VECTOR('',#3793,10.);
#1003=VECTOR('',#3794,10.);
#1004=VECTOR('',#3795,10.);
#1005=VECTOR('',#3798,10.);
#1006=VECTOR('',#3799,10.);
#1007=VECTOR('',#3800,10.);
#1008=VECTOR('',#3807,10.);
#1009=VECTOR('',#3810,10.);
#1010=VECTOR('',#3811,10.);
#1011=VECTOR('',#3812,10.);
#1012=VECTOR('',#3815,10.);
#1013=VECTOR('',#3816,10.);
#1014=VECTOR('',#3817,10.);
#1015=VECTOR('',#3820,10.);
#1016=VECTOR('',#3821,10.);
#1017=VECTOR('',#3822,10.);
#1018=VECTOR('',#3829,10.);
#1019=VECTOR('',#3832,10.);
#1020=VECTOR('',#3833,10.);
#1021=VECTOR('',#3834,10.);
#1022=VECTOR('',#3837,10.);
#1023=VECTOR('',#3838,10.);
#1024=VECTOR('',#3839,10.);
#1025=VECTOR('',#3842,10.);
#1026=VECTOR('',#3843,10.);
#1027=VECTOR('',#3844,10.);
#1028=VECTOR('',#3851,10.);
#1029=VECTOR('',#3854,10.);
#1030=VECTOR('',#3855,10.);
#1031=VECTOR('',#3856,10.);
#1032=VECTOR('',#3859,10.);
#1033=VECTOR('',#3860,10.);
#1034=VECTOR('',#3871,2.);
#1035=VECTOR('',#3876,10.);
#1036=VECTOR('',#3877,10.);
#1037=VECTOR('',#3878,10.);
#1038=VECTOR('',#3879,10.);
#1039=VECTOR('',#3886,10.);
#1040=VECTOR('',#3889,10.);
#1041=VECTOR('',#3890,10.);
#1042=VECTOR('',#3891,10.);
#1043=VECTOR('',#3894,10.);
#1044=VECTOR('',#3895,10.);
#1045=VECTOR('',#3896,10.);
#1046=VECTOR('',#3899,10.);
#1047=VECTOR('',#3900,10.);
#1048=VECTOR('',#3901,10.);
#1049=VECTOR('',#3908,10.);
#1050=VECTOR('',#3911,10.);
#1051=VECTOR('',#3912,10.);
#1052=VECTOR('',#3913,10.);
#1053=VECTOR('',#3916,10.);
#1054=VECTOR('',#3917,10.);
#1055=VECTOR('',#3918,10.);
#1056=VECTOR('',#3921,10.);
#1057=VECTOR('',#3922,10.);
#1058=VECTOR('',#3923,10.);
#1059=VECTOR('',#3930,10.);
#1060=VECTOR('',#3933,10.);
#1061=VECTOR('',#3934,10.);
#1062=VECTOR('',#3935,10.);
#1063=VECTOR('',#3938,10.);
#1064=VECTOR('',#3939,10.);
#1065=VECTOR('',#3940,10.);
#1066=VECTOR('',#3943,10.);
#1067=VECTOR('',#3944,10.);
#1068=VECTOR('',#3945,10.);
#1069=VECTOR('',#3952,10.);
#1070=VECTOR('',#3955,10.);
#1071=VECTOR('',#3956,10.);
#1072=VECTOR('',#3957,10.);
#1073=VECTOR('',#3960,10.);
#1074=VECTOR('',#3961,10.);
#1075=VECTOR('',#3962,10.);
#1076=VECTOR('',#3965,10.);
#1077=VECTOR('',#3966,10.);
#1078=VECTOR('',#3967,10.);
#1079=VECTOR('',#3974,10.);
#1080=VECTOR('',#3977,10.);
#1081=VECTOR('',#3978,10.);
#1082=VECTOR('',#3979,10.);
#1083=VECTOR('',#3982,10.);
#1084=VECTOR('',#3983,10.);
#1085=VECTOR('',#3984,10.);
#1086=VECTOR('',#3987,10.);
#1087=VECTOR('',#3988,10.);
#1088=VECTOR('',#3989,10.);
#1089=VECTOR('',#3996,10.);
#1090=VECTOR('',#3999,10.);
#1091=VECTOR('',#4000,10.);
#1092=VECTOR('',#4001,10.);
#1093=VECTOR('',#4004,10.);
#1094=VECTOR('',#4005,10.);
#1095=VECTOR('',#4006,10.);
#1096=VECTOR('',#4009,10.);
#1097=VECTOR('',#4010,10.);
#1098=VECTOR('',#4011,10.);
#1099=VECTOR('',#4018,10.);
#1100=VECTOR('',#4021,10.);
#1101=VECTOR('',#4022,10.);
#1102=VECTOR('',#4023,10.);
#1103=VECTOR('',#4026,10.);
#1104=VECTOR('',#4027,10.);
#1105=VECTOR('',#4028,10.);
#1106=VECTOR('',#4031,10.);
#1107=VECTOR('',#4032,10.);
#1108=VECTOR('',#4033,10.);
#1109=VECTOR('',#4040,10.);
#1110=VECTOR('',#4043,10.);
#1111=VECTOR('',#4044,10.);
#1112=VECTOR('',#4045,10.);
#1113=VECTOR('',#4048,10.);
#1114=VECTOR('',#4049,10.);
#1115=VECTOR('',#4050,10.);
#1116=VECTOR('',#4053,10.);
#1117=VECTOR('',#4054,10.);
#1118=VECTOR('',#4055,10.);
#1119=VECTOR('',#4062,10.);
#1120=VECTOR('',#4065,10.);
#1121=VECTOR('',#4066,10.);
#1122=VECTOR('',#4067,10.);
#1123=VECTOR('',#4070,10.);
#1124=VECTOR('',#4071,10.);
#1125=VECTOR('',#4072,10.);
#1126=VECTOR('',#4075,10.);
#1127=VECTOR('',#4076,10.);
#1128=VECTOR('',#4077,10.);
#1129=VECTOR('',#4084,10.);
#1130=VECTOR('',#4087,10.);
#1131=VECTOR('',#4088,10.);
#1132=VECTOR('',#4089,10.);
#1133=VECTOR('',#4092,10.);
#1134=VECTOR('',#4093,10.);
#1135=VECTOR('',#4094,10.);
#1136=VECTOR('',#4097,10.);
#1137=VECTOR('',#4098,10.);
#1138=VECTOR('',#4099,10.);
#1139=VECTOR('',#4106,10.);
#1140=VECTOR('',#4109,10.);
#1141=VECTOR('',#4110,10.);
#1142=VECTOR('',#4111,10.);
#1143=VECTOR('',#4114,10.);
#1144=VECTOR('',#4115,10.);
#1145=VECTOR('',#4116,10.);
#1146=VECTOR('',#4119,10.);
#1147=VECTOR('',#4120,10.);
#1148=VECTOR('',#4121,10.);
#1149=VECTOR('',#4128,10.);
#1150=VECTOR('',#4131,10.);
#1151=VECTOR('',#4132,10.);
#1152=VECTOR('',#4133,10.);
#1153=VECTOR('',#4136,10.);
#1154=VECTOR('',#4137,10.);
#1155=VECTOR('',#4146,2.5);
#1156=VECTOR('',#4157,2.5);
#1157=VECTOR('',#4170,2.);
#1158=VECTOR('',#4175,10.);
#1159=VECTOR('',#4176,10.);
#1160=VECTOR('',#4177,10.);
#1161=VECTOR('',#4178,10.);
#1162=VECTOR('',#4185,10.);
#1163=VECTOR('',#4188,10.);
#1164=VECTOR('',#4189,10.);
#1165=VECTOR('',#4190,10.);
#1166=VECTOR('',#4193,10.);
#1167=VECTOR('',#4194,10.);
#1168=VECTOR('',#4195,10.);
#1169=VECTOR('',#4198,10.);
#1170=VECTOR('',#4199,10.);
#1171=VECTOR('',#4200,10.);
#1172=VECTOR('',#4207,10.);
#1173=VECTOR('',#4210,10.);
#1174=VECTOR('',#4211,10.);
#1175=VECTOR('',#4212,10.);
#1176=VECTOR('',#4215,10.);
#1177=VECTOR('',#4216,10.);
#1178=VECTOR('',#4217,10.);
#1179=VECTOR('',#4220,10.);
#1180=VECTOR('',#4221,10.);
#1181=VECTOR('',#4222,10.);
#1182=VECTOR('',#4229,10.);
#1183=VECTOR('',#4232,10.);
#1184=VECTOR('',#4233,10.);
#1185=VECTOR('',#4234,10.);
#1186=VECTOR('',#4237,10.);
#1187=VECTOR('',#4238,10.);
#1188=VECTOR('',#4239,10.);
#1189=VECTOR('',#4242,10.);
#1190=VECTOR('',#4243,10.);
#1191=VECTOR('',#4244,10.);
#1192=VECTOR('',#4251,10.);
#1193=VECTOR('',#4254,10.);
#1194=VECTOR('',#4255,10.);
#1195=VECTOR('',#4256,10.);
#1196=VECTOR('',#4259,10.);
#1197=VECTOR('',#4260,10.);
#1198=VECTOR('',#4261,10.);
#1199=VECTOR('',#4264,10.);
#1200=VECTOR('',#4265,10.);
#1201=VECTOR('',#4266,10.);
#1202=VECTOR('',#4273,10.);
#1203=VECTOR('',#4276,10.);
#1204=VECTOR('',#4277,10.);
#1205=VECTOR('',#4278,10.);
#1206=VECTOR('',#4281,10.);
#1207=VECTOR('',#4282,10.);
#1208=VECTOR('',#4283,10.);
#1209=VECTOR('',#4286,10.);
#1210=VECTOR('',#4287,10.);
#1211=VECTOR('',#4288,10.);
#1212=VECTOR('',#4295,10.);
#1213=VECTOR('',#4298,10.);
#1214=VECTOR('',#4299,10.);
#1215=VECTOR('',#4300,10.);
#1216=VECTOR('',#4303,10.);
#1217=VECTOR('',#4304,10.);
#1218=VECTOR('',#4305,10.);
#1219=VECTOR('',#4308,10.);
#1220=VECTOR('',#4309,10.);
#1221=VECTOR('',#4310,10.);
#1222=VECTOR('',#4317,10.);
#1223=VECTOR('',#4320,10.);
#1224=VECTOR('',#4321,10.);
#1225=VECTOR('',#4322,10.);
#1226=VECTOR('',#4325,10.);
#1227=VECTOR('',#4326,10.);
#1228=VECTOR('',#4327,10.);
#1229=VECTOR('',#4330,10.);
#1230=VECTOR('',#4331,10.);
#1231=VECTOR('',#4332,10.);
#1232=VECTOR('',#4339,10.);
#1233=VECTOR('',#4342,10.);
#1234=VECTOR('',#4343,10.);
#1235=VECTOR('',#4344,10.);
#1236=VECTOR('',#4347,10.);
#1237=VECTOR('',#4348,10.);
#1238=VECTOR('',#4349,10.);
#1239=VECTOR('',#4352,10.);
#1240=VECTOR('',#4353,10.);
#1241=VECTOR('',#4354,10.);
#1242=VECTOR('',#4361,10.);
#1243=VECTOR('',#4364,10.);
#1244=VECTOR('',#4365,10.);
#1245=VECTOR('',#4366,10.);
#1246=VECTOR('',#4369,10.);
#1247=VECTOR('',#4370,10.);
#1248=VECTOR('',#4371,10.);
#1249=VECTOR('',#4374,10.);
#1250=VECTOR('',#4375,10.);
#1251=VECTOR('',#4376,10.);
#1252=VECTOR('',#4383,10.);
#1253=VECTOR('',#4386,10.);
#1254=VECTOR('',#4387,10.);
#1255=VECTOR('',#4388,10.);
#1256=VECTOR('',#4391,10.);
#1257=VECTOR('',#4392,10.);
#1258=VECTOR('',#4393,10.);
#1259=VECTOR('',#4396,10.);
#1260=VECTOR('',#4397,10.);
#1261=VECTOR('',#4398,10.);
#1262=VECTOR('',#4405,10.);
#1263=VECTOR('',#4408,10.);
#1264=VECTOR('',#4409,10.);
#1265=VECTOR('',#4410,10.);
#1266=VECTOR('',#4413,10.);
#1267=VECTOR('',#4414,10.);
#1268=VECTOR('',#4415,10.);
#1269=VECTOR('',#4418,10.);
#1270=VECTOR('',#4419,10.);
#1271=VECTOR('',#4420,10.);
#1272=VECTOR('',#4427,10.);
#1273=VECTOR('',#4430,10.);
#1274=VECTOR('',#4431,10.);
#1275=VECTOR('',#4432,10.);
#1276=VECTOR('',#4435,10.);
#1277=VECTOR('',#4436,10.);
#1278=VERTEX_POINT('',#4458);
#1279=VERTEX_POINT('',#4459);
#1280=VERTEX_POINT('',#4461);
#1281=VERTEX_POINT('',#4463);
#1282=VERTEX_POINT('',#4467);
#1283=VERTEX_POINT('',#4469);
#1284=VERTEX_POINT('',#4473);
#1285=VERTEX_POINT('',#4475);
#1286=VERTEX_POINT('',#4485);
#1287=VERTEX_POINT('',#4487);
#1288=VERTEX_POINT('',#4491);
#1289=VERTEX_POINT('',#4492);
#1290=VERTEX_POINT('',#4494);
#1291=VERTEX_POINT('',#4496);
#1292=VERTEX_POINT('',#4500);
#1293=VERTEX_POINT('',#4502);
#1294=VERTEX_POINT('',#4506);
#1295=VERTEX_POINT('',#4508);
#1296=VERTEX_POINT('',#4512);
#1297=VERTEX_POINT('',#4514);
#1298=VERTEX_POINT('',#4518);
#1299=VERTEX_POINT('',#4520);
#1300=VERTEX_POINT('',#4524);
#1301=VERTEX_POINT('',#4526);
#1302=VERTEX_POINT('',#4530);
#1303=VERTEX_POINT('',#4532);
#1304=VERTEX_POINT('',#4536);
#1305=VERTEX_POINT('',#4538);
#1306=VERTEX_POINT('',#4542);
#1307=VERTEX_POINT('',#4544);
#1308=VERTEX_POINT('',#4548);
#1309=VERTEX_POINT('',#4550);
#1310=VERTEX_POINT('',#4554);
#1311=VERTEX_POINT('',#4556);
#1312=VERTEX_POINT('',#4560);
#1313=VERTEX_POINT('',#4562);
#1314=VERTEX_POINT('',#4566);
#1315=VERTEX_POINT('',#4568);
#1316=VERTEX_POINT('',#4572);
#1317=VERTEX_POINT('',#4574);
#1318=VERTEX_POINT('',#4578);
#1319=VERTEX_POINT('',#4580);
#1320=VERTEX_POINT('',#4584);
#1321=VERTEX_POINT('',#4586);
#1322=VERTEX_POINT('',#4590);
#1323=VERTEX_POINT('',#4592);
#1324=VERTEX_POINT('',#4596);
#1325=VERTEX_POINT('',#4598);
#1326=VERTEX_POINT('',#4602);
#1327=VERTEX_POINT('',#4604);
#1328=VERTEX_POINT('',#4608);
#1329=VERTEX_POINT('',#4610);
#1330=VERTEX_POINT('',#4614);
#1331=VERTEX_POINT('',#4616);
#1332=VERTEX_POINT('',#4620);
#1333=VERTEX_POINT('',#4622);
#1334=VERTEX_POINT('',#4626);
#1335=VERTEX_POINT('',#4628);
#1336=VERTEX_POINT('',#4632);
#1337=VERTEX_POINT('',#4634);
#1338=VERTEX_POINT('',#4638);
#1339=VERTEX_POINT('',#4640);
#1340=VERTEX_POINT('',#4644);
#1341=VERTEX_POINT('',#4646);
#1342=VERTEX_POINT('',#4650);
#1343=VERTEX_POINT('',#4652);
#1344=VERTEX_POINT('',#4656);
#1345=VERTEX_POINT('',#4658);
#1346=VERTEX_POINT('',#4662);
#1347=VERTEX_POINT('',#4664);
#1348=VERTEX_POINT('',#4668);
#1349=VERTEX_POINT('',#4670);
#1350=VERTEX_POINT('',#4674);
#1351=VERTEX_POINT('',#4676);
#1352=VERTEX_POINT('',#4680);
#1353=VERTEX_POINT('',#4682);
#1354=VERTEX_POINT('',#4686);
#1355=VERTEX_POINT('',#4688);
#1356=VERTEX_POINT('',#4692);
#1357=VERTEX_POINT('',#4694);
#1358=VERTEX_POINT('',#4698);
#1359=VERTEX_POINT('',#4700);
#1360=VERTEX_POINT('',#4704);
#1361=VERTEX_POINT('',#4706);
#1362=VERTEX_POINT('',#4710);
#1363=VERTEX_POINT('',#4712);
#1364=VERTEX_POINT('',#4716);
#1365=VERTEX_POINT('',#4718);
#1366=VERTEX_POINT('',#4722);
#1367=VERTEX_POINT('',#4724);
#1368=VERTEX_POINT('',#4728);
#1369=VERTEX_POINT('',#4730);
#1370=VERTEX_POINT('',#4734);
#1371=VERTEX_POINT('',#4736);
#1372=VERTEX_POINT('',#4740);
#1373=VERTEX_POINT('',#4742);
#1374=VERTEX_POINT('',#4746);
#1375=VERTEX_POINT('',#4748);
#1376=VERTEX_POINT('',#4752);
#1377=VERTEX_POINT('',#4754);
#1378=VERTEX_POINT('',#4758);
#1379=VERTEX_POINT('',#4760);
#1380=VERTEX_POINT('',#4764);
#1381=VERTEX_POINT('',#4766);
#1382=VERTEX_POINT('',#4770);
#1383=VERTEX_POINT('',#4772);
#1384=VERTEX_POINT('',#4782);
#1385=VERTEX_POINT('',#4784);
#1386=VERTEX_POINT('',#4788);
#1387=VERTEX_POINT('',#4789);
#1388=VERTEX_POINT('',#4791);
#1389=VERTEX_POINT('',#4793);
#1390=VERTEX_POINT('',#4797);
#1391=VERTEX_POINT('',#4799);
#1392=VERTEX_POINT('',#4803);
#1393=VERTEX_POINT('',#4805);
#1394=VERTEX_POINT('',#4809);
#1395=VERTEX_POINT('',#4811);
#1396=VERTEX_POINT('',#4815);
#1397=VERTEX_POINT('',#4817);
#1398=VERTEX_POINT('',#4821);
#1399=VERTEX_POINT('',#4823);
#1400=VERTEX_POINT('',#4827);
#1401=VERTEX_POINT('',#4829);
#1402=VERTEX_POINT('',#4833);
#1403=VERTEX_POINT('',#4835);
#1404=VERTEX_POINT('',#4839);
#1405=VERTEX_POINT('',#4841);
#1406=VERTEX_POINT('',#4845);
#1407=VERTEX_POINT('',#4847);
#1408=VERTEX_POINT('',#4851);
#1409=VERTEX_POINT('',#4853);
#1410=VERTEX_POINT('',#4857);
#1411=VERTEX_POINT('',#4859);
#1412=VERTEX_POINT('',#4863);
#1413=VERTEX_POINT('',#4865);
#1414=VERTEX_POINT('',#4869);
#1415=VERTEX_POINT('',#4871);
#1416=VERTEX_POINT('',#4875);
#1417=VERTEX_POINT('',#4877);
#1418=VERTEX_POINT('',#4881);
#1419=VERTEX_POINT('',#4883);
#1420=VERTEX_POINT('',#4887);
#1421=VERTEX_POINT('',#4889);
#1422=VERTEX_POINT('',#4893);
#1423=VERTEX_POINT('',#4895);
#1424=VERTEX_POINT('',#4899);
#1425=VERTEX_POINT('',#4901);
#1426=VERTEX_POINT('',#4905);
#1427=VERTEX_POINT('',#4907);
#1428=VERTEX_POINT('',#4911);
#1429=VERTEX_POINT('',#4913);
#1430=VERTEX_POINT('',#4917);
#1431=VERTEX_POINT('',#4919);
#1432=VERTEX_POINT('',#4923);
#1433=VERTEX_POINT('',#4925);
#1434=VERTEX_POINT('',#4929);
#1435=VERTEX_POINT('',#4931);
#1436=VERTEX_POINT('',#4935);
#1437=VERTEX_POINT('',#4937);
#1438=VERTEX_POINT('',#4941);
#1439=VERTEX_POINT('',#4943);
#1440=VERTEX_POINT('',#4947);
#1441=VERTEX_POINT('',#4949);
#1442=VERTEX_POINT('',#4953);
#1443=VERTEX_POINT('',#4955);
#1444=VERTEX_POINT('',#4959);
#1445=VERTEX_POINT('',#4961);
#1446=VERTEX_POINT('',#4965);
#1447=VERTEX_POINT('',#4967);
#1448=VERTEX_POINT('',#4971);
#1449=VERTEX_POINT('',#4973);
#1450=VERTEX_POINT('',#4977);
#1451=VERTEX_POINT('',#4979);
#1452=VERTEX_POINT('',#4983);
#1453=VERTEX_POINT('',#4985);
#1454=VERTEX_POINT('',#4989);
#1455=VERTEX_POINT('',#4991);
#1456=VERTEX_POINT('',#4995);
#1457=VERTEX_POINT('',#4997);
#1458=VERTEX_POINT('',#5001);
#1459=VERTEX_POINT('',#5003);
#1460=VERTEX_POINT('',#5007);
#1461=VERTEX_POINT('',#5009);
#1462=VERTEX_POINT('',#5013);
#1463=VERTEX_POINT('',#5015);
#1464=VERTEX_POINT('',#5019);
#1465=VERTEX_POINT('',#5021);
#1466=VERTEX_POINT('',#5025);
#1467=VERTEX_POINT('',#5027);
#1468=VERTEX_POINT('',#5031);
#1469=VERTEX_POINT('',#5033);
#1470=VERTEX_POINT('',#5037);
#1471=VERTEX_POINT('',#5039);
#1472=VERTEX_POINT('',#5043);
#1473=VERTEX_POINT('',#5045);
#1474=VERTEX_POINT('',#5049);
#1475=VERTEX_POINT('',#5051);
#1476=VERTEX_POINT('',#5055);
#1477=VERTEX_POINT('',#5057);
#1478=VERTEX_POINT('',#5061);
#1479=VERTEX_POINT('',#5063);
#1480=VERTEX_POINT('',#5067);
#1481=VERTEX_POINT('',#5069);
#1482=VERTEX_POINT('',#5078);
#1483=VERTEX_POINT('',#5080);
#1484=VERTEX_POINT('',#5086);
#1485=VERTEX_POINT('',#5088);
#1486=VERTEX_POINT('',#5095);
#1487=VERTEX_POINT('',#5097);
#1488=VERTEX_POINT('',#5101);
#1489=VERTEX_POINT('',#5102);
#1490=VERTEX_POINT('',#5104);
#1491=VERTEX_POINT('',#5106);
#1492=VERTEX_POINT('',#5110);
#1493=VERTEX_POINT('',#5112);
#1494=VERTEX_POINT('',#5116);
#1495=VERTEX_POINT('',#5118);
#1496=VERTEX_POINT('',#5122);
#1497=VERTEX_POINT('',#5124);
#1498=VERTEX_POINT('',#5128);
#1499=VERTEX_POINT('',#5130);
#1500=VERTEX_POINT('',#5134);
#1501=VERTEX_POINT('',#5136);
#1502=VERTEX_POINT('',#5140);
#1503=VERTEX_POINT('',#5142);
#1504=VERTEX_POINT('',#5146);
#1505=VERTEX_POINT('',#5148);
#1506=VERTEX_POINT('',#5152);
#1507=VERTEX_POINT('',#5154);
#1508=VERTEX_POINT('',#5158);
#1509=VERTEX_POINT('',#5160);
#1510=VERTEX_POINT('',#5164);
#1511=VERTEX_POINT('',#5166);
#1512=VERTEX_POINT('',#5170);
#1513=VERTEX_POINT('',#5172);
#1514=VERTEX_POINT('',#5176);
#1515=VERTEX_POINT('',#5178);
#1516=VERTEX_POINT('',#5182);
#1517=VERTEX_POINT('',#5184);
#1518=VERTEX_POINT('',#5188);
#1519=VERTEX_POINT('',#5190);
#1520=VERTEX_POINT('',#5194);
#1521=VERTEX_POINT('',#5196);
#1522=VERTEX_POINT('',#5200);
#1523=VERTEX_POINT('',#5202);
#1524=VERTEX_POINT('',#5206);
#1525=VERTEX_POINT('',#5208);
#1526=VERTEX_POINT('',#5212);
#1527=VERTEX_POINT('',#5214);
#1528=VERTEX_POINT('',#5218);
#1529=VERTEX_POINT('',#5220);
#1530=VERTEX_POINT('',#5224);
#1531=VERTEX_POINT('',#5226);
#1532=VERTEX_POINT('',#5230);
#1533=VERTEX_POINT('',#5232);
#1534=VERTEX_POINT('',#5236);
#1535=VERTEX_POINT('',#5238);
#1536=VERTEX_POINT('',#5242);
#1537=VERTEX_POINT('',#5244);
#1538=VERTEX_POINT('',#5248);
#1539=VERTEX_POINT('',#5250);
#1540=VERTEX_POINT('',#5254);
#1541=VERTEX_POINT('',#5256);
#1542=VERTEX_POINT('',#5260);
#1543=VERTEX_POINT('',#5262);
#1544=VERTEX_POINT('',#5266);
#1545=VERTEX_POINT('',#5268);
#1546=VERTEX_POINT('',#5272);
#1547=VERTEX_POINT('',#5274);
#1548=VERTEX_POINT('',#5278);
#1549=VERTEX_POINT('',#5280);
#1550=VERTEX_POINT('',#5284);
#1551=VERTEX_POINT('',#5286);
#1552=VERTEX_POINT('',#5290);
#1553=VERTEX_POINT('',#5292);
#1554=VERTEX_POINT('',#5296);
#1555=VERTEX_POINT('',#5298);
#1556=VERTEX_POINT('',#5302);
#1557=VERTEX_POINT('',#5304);
#1558=VERTEX_POINT('',#5308);
#1559=VERTEX_POINT('',#5310);
#1560=VERTEX_POINT('',#5314);
#1561=VERTEX_POINT('',#5316);
#1562=VERTEX_POINT('',#5320);
#1563=VERTEX_POINT('',#5322);
#1564=VERTEX_POINT('',#5326);
#1565=VERTEX_POINT('',#5328);
#1566=VERTEX_POINT('',#5332);
#1567=VERTEX_POINT('',#5334);
#1568=VERTEX_POINT('',#5338);
#1569=VERTEX_POINT('',#5340);
#1570=VERTEX_POINT('',#5344);
#1571=VERTEX_POINT('',#5346);
#1572=VERTEX_POINT('',#5350);
#1573=VERTEX_POINT('',#5352);
#1574=VERTEX_POINT('',#5356);
#1575=VERTEX_POINT('',#5358);
#1576=VERTEX_POINT('',#5362);
#1577=VERTEX_POINT('',#5364);
#1578=VERTEX_POINT('',#5368);
#1579=VERTEX_POINT('',#5370);
#1580=VERTEX_POINT('',#5374);
#1581=VERTEX_POINT('',#5376);
#1582=VERTEX_POINT('',#5380);
#1583=VERTEX_POINT('',#5382);
#1584=EDGE_CURVE('',#1278,#1279,#524,.T.);
#1585=EDGE_CURVE('',#1278,#1280,#525,.T.);
#1586=EDGE_CURVE('',#1281,#1280,#526,.T.);
#1587=EDGE_CURVE('',#1279,#1281,#527,.T.);
#1588=EDGE_CURVE('',#1279,#1282,#528,.T.);
#1589=EDGE_CURVE('',#1283,#1281,#529,.T.);
#1590=EDGE_CURVE('',#1282,#1283,#530,.T.);
#1591=EDGE_CURVE('',#1282,#1284,#531,.T.);
#1592=EDGE_CURVE('',#1285,#1283,#532,.T.);
#1593=EDGE_CURVE('',#1284,#1285,#533,.T.);
#1594=EDGE_CURVE('',#1284,#1278,#534,.T.);
#1595=EDGE_CURVE('',#1280,#1285,#535,.T.);
#1596=EDGE_CURVE('',#1286,#1286,#45,.T.);
#1597=EDGE_CURVE('',#1286,#1287,#536,.T.);
#1598=EDGE_CURVE('',#1287,#1287,#46,.T.);
#1599=EDGE_CURVE('',#1288,#1289,#537,.T.);
#1600=EDGE_CURVE('',#1288,#1290,#538,.T.);
#1601=EDGE_CURVE('',#1291,#1290,#539,.T.);
#1602=EDGE_CURVE('',#1289,#1291,#540,.T.);
#1603=EDGE_CURVE('',#1289,#1292,#47,.T.);
#1604=EDGE_CURVE('',#1293,#1291,#48,.T.);
#1605=EDGE_CURVE('',#1292,#1293,#541,.T.);
#1606=EDGE_CURVE('',#1294,#1292,#542,.T.);
#1607=EDGE_CURVE('',#1295,#1293,#543,.T.);
#1608=EDGE_CURVE('',#1294,#1295,#544,.T.);
#1609=EDGE_CURVE('',#1296,#1294,#545,.T.);
#1610=EDGE_CURVE('',#1297,#1295,#546,.T.);
#1611=EDGE_CURVE('',#1296,#1297,#547,.T.);
#1612=EDGE_CURVE('',#1296,#1298,#548,.T.);
#1613=EDGE_CURVE('',#1299,#1297,#549,.T.);
#1614=EDGE_CURVE('',#1298,#1299,#550,.T.);
#1615=EDGE_CURVE('',#1298,#1300,#49,.T.);
#1616=EDGE_CURVE('',#1301,#1299,#50,.T.);
#1617=EDGE_CURVE('',#1300,#1301,#551,.T.);
#1618=EDGE_CURVE('',#1302,#1300,#552,.T.);
#1619=EDGE_CURVE('',#1303,#1301,#553,.T.);
#1620=EDGE_CURVE('',#1302,#1303,#554,.T.);
#1621=EDGE_CURVE('',#1302,#1304,#555,.T.);
#1622=EDGE_CURVE('',#1305,#1303,#556,.T.);
#1623=EDGE_CURVE('',#1304,#1305,#557,.T.);
#1624=EDGE_CURVE('',#1306,#1304,#558,.T.);
#1625=EDGE_CURVE('',#1307,#1305,#559,.T.);
#1626=EDGE_CURVE('',#1306,#1307,#560,.T.);
#1627=EDGE_CURVE('',#1308,#1306,#51,.T.);
#1628=EDGE_CURVE('',#1309,#1307,#52,.T.);
#1629=EDGE_CURVE('',#1308,#1309,#561,.T.);
#1630=EDGE_CURVE('',#1310,#1308,#562,.T.);
#1631=EDGE_CURVE('',#1311,#1309,#563,.T.);
#1632=EDGE_CURVE('',#1310,#1311,#564,.T.);
#1633=EDGE_CURVE('',#1312,#1310,#565,.T.);
#1634=EDGE_CURVE('',#1313,#1311,#566,.T.);
#1635=EDGE_CURVE('',#1312,#1313,#567,.T.);
#1636=EDGE_CURVE('',#1312,#1314,#568,.T.);
#1637=EDGE_CURVE('',#1315,#1313,#569,.T.);
#1638=EDGE_CURVE('',#1314,#1315,#570,.T.);
#1639=EDGE_CURVE('',#1314,#1316,#53,.T.);
#1640=EDGE_CURVE('',#1317,#1315,#54,.T.);
#1641=EDGE_CURVE('',#1316,#1317,#571,.T.);
#1642=EDGE_CURVE('',#1318,#1316,#572,.T.);
#1643=EDGE_CURVE('',#1319,#1317,#573,.T.);
#1644=EDGE_CURVE('',#1318,#1319,#574,.T.);
#1645=EDGE_CURVE('',#1320,#1318,#575,.T.);
#1646=EDGE_CURVE('',#1321,#1319,#576,.T.);
#1647=EDGE_CURVE('',#1320,#1321,#577,.T.);
#1648=EDGE_CURVE('',#1320,#1322,#578,.T.);
#1649=EDGE_CURVE('',#1323,#1321,#579,.T.);
#1650=EDGE_CURVE('',#1322,#1323,#580,.T.);
#1651=EDGE_CURVE('',#1322,#1324,#55,.T.);
#1652=EDGE_CURVE('',#1325,#1323,#56,.T.);
#1653=EDGE_CURVE('',#1324,#1325,#581,.T.);
#1654=EDGE_CURVE('',#1326,#1324,#582,.T.);
#1655=EDGE_CURVE('',#1327,#1325,#583,.T.);
#1656=EDGE_CURVE('',#1326,#1327,#584,.T.);
#1657=EDGE_CURVE('',#1326,#1328,#585,.T.);
#1658=EDGE_CURVE('',#1329,#1327,#586,.T.);
#1659=EDGE_CURVE('',#1328,#1329,#587,.T.);
#1660=EDGE_CURVE('',#1330,#1328,#588,.T.);
#1661=EDGE_CURVE('',#1331,#1329,#589,.T.);
#1662=EDGE_CURVE('',#1330,#1331,#590,.T.);
#1663=EDGE_CURVE('',#1332,#1330,#57,.T.);
#1664=EDGE_CURVE('',#1333,#1331,#58,.T.);
#1665=EDGE_CURVE('',#1332,#1333,#591,.T.);
#1666=EDGE_CURVE('',#1334,#1332,#592,.T.);
#1667=EDGE_CURVE('',#1335,#1333,#593,.T.);
#1668=EDGE_CURVE('',#1334,#1335,#594,.T.);
#1669=EDGE_CURVE('',#1336,#1334,#595,.T.);
#1670=EDGE_CURVE('',#1337,#1335,#596,.T.);
#1671=EDGE_CURVE('',#1336,#1337,#597,.T.);
#1672=EDGE_CURVE('',#1336,#1338,#598,.T.);
#1673=EDGE_CURVE('',#1339,#1337,#599,.T.);
#1674=EDGE_CURVE('',#1338,#1339,#600,.T.);
#1675=EDGE_CURVE('',#1338,#1340,#59,.T.);
#1676=EDGE_CURVE('',#1341,#1339,#60,.T.);
#1677=EDGE_CURVE('',#1340,#1341,#601,.T.);
#1678=EDGE_CURVE('',#1342,#1340,#602,.T.);
#1679=EDGE_CURVE('',#1343,#1341,#603,.T.);
#1680=EDGE_CURVE('',#1342,#1343,#604,.T.);
#1681=EDGE_CURVE('',#1344,#1342,#605,.T.);
#1682=EDGE_CURVE('',#1345,#1343,#606,.T.);
#1683=EDGE_CURVE('',#1344,#1345,#607,.T.);
#1684=EDGE_CURVE('',#1344,#1346,#608,.T.);
#1685=EDGE_CURVE('',#1347,#1345,#609,.T.);
#1686=EDGE_CURVE('',#1346,#1347,#610,.T.);
#1687=EDGE_CURVE('',#1346,#1348,#61,.T.);
#1688=EDGE_CURVE('',#1349,#1347,#62,.T.);
#1689=EDGE_CURVE('',#1348,#1349,#611,.T.);
#1690=EDGE_CURVE('',#1350,#1348,#612,.T.);
#1691=EDGE_CURVE('',#1351,#1349,#613,.T.);
#1692=EDGE_CURVE('',#1350,#1351,#614,.T.);
#1693=EDGE_CURVE('',#1350,#1352,#615,.T.);
#1694=EDGE_CURVE('',#1353,#1351,#616,.T.);
#1695=EDGE_CURVE('',#1352,#1353,#617,.T.);
#1696=EDGE_CURVE('',#1354,#1352,#618,.T.);
#1697=EDGE_CURVE('',#1355,#1353,#619,.T.);
#1698=EDGE_CURVE('',#1354,#1355,#620,.T.);
#1699=EDGE_CURVE('',#1356,#1354,#63,.T.);
#1700=EDGE_CURVE('',#1357,#1355,#64,.T.);
#1701=EDGE_CURVE('',#1356,#1357,#621,.T.);
#1702=EDGE_CURVE('',#1358,#1356,#622,.T.);
#1703=EDGE_CURVE('',#1359,#1357,#623,.T.);
#1704=EDGE_CURVE('',#1358,#1359,#624,.T.);
#1705=EDGE_CURVE('',#1360,#1358,#625,.T.);
#1706=EDGE_CURVE('',#1361,#1359,#626,.T.);
#1707=EDGE_CURVE('',#1360,#1361,#627,.T.);
#1708=EDGE_CURVE('',#1360,#1362,#628,.T.);
#1709=EDGE_CURVE('',#1363,#1361,#629,.T.);
#1710=EDGE_CURVE('',#1362,#1363,#630,.T.);
#1711=EDGE_CURVE('',#1362,#1364,#65,.T.);
#1712=EDGE_CURVE('',#1365,#1363,#66,.T.);
#1713=EDGE_CURVE('',#1364,#1365,#631,.T.);
#1714=EDGE_CURVE('',#1366,#1364,#632,.T.);
#1715=EDGE_CURVE('',#1367,#1365,#633,.T.);
#1716=EDGE_CURVE('',#1366,#1367,#634,.T.);
#1717=EDGE_CURVE('',#1368,#1366,#635,.T.);
#1718=EDGE_CURVE('',#1369,#1367,#636,.T.);
#1719=EDGE_CURVE('',#1368,#1369,#637,.T.);
#1720=EDGE_CURVE('',#1368,#1370,#638,.T.);
#1721=EDGE_CURVE('',#1371,#1369,#639,.T.);
#1722=EDGE_CURVE('',#1370,#1371,#640,.T.);
#1723=EDGE_CURVE('',#1370,#1372,#67,.T.);
#1724=EDGE_CURVE('',#1373,#1371,#68,.T.);
#1725=EDGE_CURVE('',#1372,#1373,#641,.T.);
#1726=EDGE_CURVE('',#1374,#1372,#642,.T.);
#1727=EDGE_CURVE('',#1375,#1373,#643,.T.);
#1728=EDGE_CURVE('',#1374,#1375,#644,.T.);
#1729=EDGE_CURVE('',#1374,#1376,#645,.T.);
#1730=EDGE_CURVE('',#1377,#1375,#646,.T.);
#1731=EDGE_CURVE('',#1376,#1377,#647,.T.);
#1732=EDGE_CURVE('',#1378,#1376,#648,.T.);
#1733=EDGE_CURVE('',#1379,#1377,#649,.T.);
#1734=EDGE_CURVE('',#1378,#1379,#650,.T.);
#1735=EDGE_CURVE('',#1380,#1378,#69,.T.);
#1736=EDGE_CURVE('',#1381,#1379,#70,.T.);
#1737=EDGE_CURVE('',#1380,#1381,#651,.T.);
#1738=EDGE_CURVE('',#1382,#1380,#652,.T.);
#1739=EDGE_CURVE('',#1383,#1381,#653,.T.);
#1740=EDGE_CURVE('',#1382,#1383,#654,.T.);
#1741=EDGE_CURVE('',#1288,#1382,#655,.T.);
#1742=EDGE_CURVE('',#1290,#1383,#656,.T.);
#1743=EDGE_CURVE('',#1384,#1384,#71,.T.);
#1744=EDGE_CURVE('',#1384,#1385,#657,.T.);
#1745=EDGE_CURVE('',#1385,#1385,#72,.T.);
#1746=EDGE_CURVE('',#1386,#1387,#658,.T.);
#1747=EDGE_CURVE('',#1386,#1388,#659,.T.);
#1748=EDGE_CURVE('',#1389,#1388,#660,.T.);
#1749=EDGE_CURVE('',#1387,#1389,#661,.T.);
#1750=EDGE_CURVE('',#1387,#1390,#73,.T.);
#1751=EDGE_CURVE('',#1391,#1389,#74,.T.);
#1752=EDGE_CURVE('',#1390,#1391,#662,.T.);
#1753=EDGE_CURVE('',#1392,#1390,#663,.T.);
#1754=EDGE_CURVE('',#1393,#1391,#664,.T.);
#1755=EDGE_CURVE('',#1392,#1393,#665,.T.);
#1756=EDGE_CURVE('',#1394,#1392,#666,.T.);
#1757=EDGE_CURVE('',#1395,#1393,#667,.T.);
#1758=EDGE_CURVE('',#1394,#1395,#668,.T.);
#1759=EDGE_CURVE('',#1394,#1396,#669,.T.);
#1760=EDGE_CURVE('',#1397,#1395,#670,.T.);
#1761=EDGE_CURVE('',#1396,#1397,#671,.T.);
#1762=EDGE_CURVE('',#1396,#1398,#75,.T.);
#1763=EDGE_CURVE('',#1399,#1397,#76,.T.);
#1764=EDGE_CURVE('',#1398,#1399,#672,.T.);
#1765=EDGE_CURVE('',#1400,#1398,#673,.T.);
#1766=EDGE_CURVE('',#1401,#1399,#674,.T.);
#1767=EDGE_CURVE('',#1400,#1401,#675,.T.);
#1768=EDGE_CURVE('',#1400,#1402,#676,.T.);
#1769=EDGE_CURVE('',#1403,#1401,#677,.T.);
#1770=EDGE_CURVE('',#1402,#1403,#678,.T.);
#1771=EDGE_CURVE('',#1404,#1402,#679,.T.);
#1772=EDGE_CURVE('',#1405,#1403,#680,.T.);
#1773=EDGE_CURVE('',#1404,#1405,#681,.T.);
#1774=EDGE_CURVE('',#1406,#1404,#77,.T.);
#1775=EDGE_CURVE('',#1407,#1405,#78,.T.);
#1776=EDGE_CURVE('',#1406,#1407,#682,.T.);
#1777=EDGE_CURVE('',#1408,#1406,#683,.T.);
#1778=EDGE_CURVE('',#1409,#1407,#684,.T.);
#1779=EDGE_CURVE('',#1408,#1409,#685,.T.);
#1780=EDGE_CURVE('',#1410,#1408,#686,.T.);
#1781=EDGE_CURVE('',#1411,#1409,#687,.T.);
#1782=EDGE_CURVE('',#1410,#1411,#688,.T.);
#1783=EDGE_CURVE('',#1410,#1412,#689,.T.);
#1784=EDGE_CURVE('',#1413,#1411,#690,.T.);
#1785=EDGE_CURVE('',#1412,#1413,#691,.T.);
#1786=EDGE_CURVE('',#1412,#1414,#79,.T.);
#1787=EDGE_CURVE('',#1415,#1413,#80,.T.);
#1788=EDGE_CURVE('',#1414,#1415,#692,.T.);
#1789=EDGE_CURVE('',#1416,#1414,#693,.T.);
#1790=EDGE_CURVE('',#1417,#1415,#694,.T.);
#1791=EDGE_CURVE('',#1416,#1417,#695,.T.);
#1792=EDGE_CURVE('',#1418,#1416,#696,.T.);
#1793=EDGE_CURVE('',#1419,#1417,#697,.T.);
#1794=EDGE_CURVE('',#1418,#1419,#698,.T.);
#1795=EDGE_CURVE('',#1418,#1420,#699,.T.);
#1796=EDGE_CURVE('',#1421,#1419,#700,.T.);
#1797=EDGE_CURVE('',#1420,#1421,#701,.T.);
#1798=EDGE_CURVE('',#1420,#1422,#81,.T.);
#1799=EDGE_CURVE('',#1423,#1421,#82,.T.);
#1800=EDGE_CURVE('',#1422,#1423,#702,.T.);
#1801=EDGE_CURVE('',#1424,#1422,#703,.T.);
#1802=EDGE_CURVE('',#1425,#1423,#704,.T.);
#1803=EDGE_CURVE('',#1424,#1425,#705,.T.);
#1804=EDGE_CURVE('',#1424,#1426,#706,.T.);
#1805=EDGE_CURVE('',#1427,#1425,#707,.T.);
#1806=EDGE_CURVE('',#1426,#1427,#708,.T.);
#1807=EDGE_CURVE('',#1428,#1426,#709,.T.);
#1808=EDGE_CURVE('',#1429,#1427,#710,.T.);
#1809=EDGE_CURVE('',#1428,#1429,#711,.T.);
#1810=EDGE_CURVE('',#1430,#1428,#83,.T.);
#1811=EDGE_CURVE('',#1431,#1429,#84,.T.);
#1812=EDGE_CURVE('',#1430,#1431,#712,.T.);
#1813=EDGE_CURVE('',#1432,#1430,#713,.T.);
#1814=EDGE_CURVE('',#1433,#1431,#714,.T.);
#1815=EDGE_CURVE('',#1432,#1433,#715,.T.);
#1816=EDGE_CURVE('',#1434,#1432,#716,.T.);
#1817=EDGE_CURVE('',#1435,#1433,#717,.T.);
#1818=EDGE_CURVE('',#1434,#1435,#718,.T.);
#1819=EDGE_CURVE('',#1434,#1436,#719,.T.);
#1820=EDGE_CURVE('',#1437,#1435,#720,.T.);
#1821=EDGE_CURVE('',#1436,#1437,#721,.T.);
#1822=EDGE_CURVE('',#1436,#1438,#85,.T.);
#1823=EDGE_CURVE('',#1439,#1437,#86,.T.);
#1824=EDGE_CURVE('',#1438,#1439,#722,.T.);
#1825=EDGE_CURVE('',#1440,#1438,#723,.T.);
#1826=EDGE_CURVE('',#1441,#1439,#724,.T.);
#1827=EDGE_CURVE('',#1440,#1441,#725,.T.);
#1828=EDGE_CURVE('',#1442,#1440,#726,.T.);
#1829=EDGE_CURVE('',#1443,#1441,#727,.T.);
#1830=EDGE_CURVE('',#1442,#1443,#728,.T.);
#1831=EDGE_CURVE('',#1442,#1444,#729,.T.);
#1832=EDGE_CURVE('',#1445,#1443,#730,.T.);
#1833=EDGE_CURVE('',#1444,#1445,#731,.T.);
#1834=EDGE_CURVE('',#1444,#1446,#87,.T.);
#1835=EDGE_CURVE('',#1447,#1445,#88,.T.);
#1836=EDGE_CURVE('',#1446,#1447,#732,.T.);
#1837=EDGE_CURVE('',#1448,#1446,#733,.T.);
#1838=EDGE_CURVE('',#1449,#1447,#734,.T.);
#1839=EDGE_CURVE('',#1448,#1449,#735,.T.);
#1840=EDGE_CURVE('',#1448,#1450,#736,.T.);
#1841=EDGE_CURVE('',#1451,#1449,#737,.T.);
#1842=EDGE_CURVE('',#1450,#1451,#738,.T.);
#1843=EDGE_CURVE('',#1452,#1450,#739,.T.);
#1844=EDGE_CURVE('',#1453,#1451,#740,.T.);
#1845=EDGE_CURVE('',#1452,#1453,#741,.T.);
#1846=EDGE_CURVE('',#1454,#1452,#89,.T.);
#1847=EDGE_CURVE('',#1455,#1453,#90,.T.);
#1848=EDGE_CURVE('',#1454,#1455,#742,.T.);
#1849=EDGE_CURVE('',#1456,#1454,#743,.T.);
#1850=EDGE_CURVE('',#1457,#1455,#744,.T.);
#1851=EDGE_CURVE('',#1456,#1457,#745,.T.);
#1852=EDGE_CURVE('',#1458,#1456,#746,.T.);
#1853=EDGE_CURVE('',#1459,#1457,#747,.T.);
#1854=EDGE_CURVE('',#1458,#1459,#748,.T.);
#1855=EDGE_CURVE('',#1458,#1460,#749,.T.);
#1856=EDGE_CURVE('',#1461,#1459,#750,.T.);
#1857=EDGE_CURVE('',#1460,#1461,#751,.T.);
#1858=EDGE_CURVE('',#1460,#1462,#91,.T.);
#1859=EDGE_CURVE('',#1463,#1461,#92,.T.);
#1860=EDGE_CURVE('',#1462,#1463,#752,.T.);
#1861=EDGE_CURVE('',#1464,#1462,#753,.T.);
#1862=EDGE_CURVE('',#1465,#1463,#754,.T.);
#1863=EDGE_CURVE('',#1464,#1465,#755,.T.);
#1864=EDGE_CURVE('',#1466,#1464,#756,.T.);
#1865=EDGE_CURVE('',#1467,#1465,#757,.T.);
#1866=EDGE_CURVE('',#1466,#1467,#758,.T.);
#1867=EDGE_CURVE('',#1466,#1468,#759,.T.);
#1868=EDGE_CURVE('',#1469,#1467,#760,.T.);
#1869=EDGE_CURVE('',#1468,#1469,#761,.T.);
#1870=EDGE_CURVE('',#1468,#1470,#93,.T.);
#1871=EDGE_CURVE('',#1471,#1469,#94,.T.);
#1872=EDGE_CURVE('',#1470,#1471,#762,.T.);
#1873=EDGE_CURVE('',#1472,#1470,#763,.T.);
#1874=EDGE_CURVE('',#1473,#1471,#764,.T.);
#1875=EDGE_CURVE('',#1472,#1473,#765,.T.);
#1876=EDGE_CURVE('',#1472,#1474,#766,.T.);
#1877=EDGE_CURVE('',#1475,#1473,#767,.T.);
#1878=EDGE_CURVE('',#1474,#1475,#768,.T.);
#1879=EDGE_CURVE('',#1476,#1474,#769,.T.);
#1880=EDGE_CURVE('',#1477,#1475,#770,.T.);
#1881=EDGE_CURVE('',#1476,#1477,#771,.T.);
#1882=EDGE_CURVE('',#1478,#1476,#95,.T.);
#1883=EDGE_CURVE('',#1479,#1477,#96,.T.);
#1884=EDGE_CURVE('',#1478,#1479,#772,.T.);
#1885=EDGE_CURVE('',#1480,#1478,#773,.T.);
#1886=EDGE_CURVE('',#1481,#1479,#774,.T.);
#1887=EDGE_CURVE('',#1480,#1481,#775,.T.);
#1888=EDGE_CURVE('',#1386,#1480,#776,.T.);
#1889=EDGE_CURVE('',#1388,#1481,#777,.T.);
#1890=EDGE_CURVE('',#1482,#1482,#97,.T.);
#1891=EDGE_CURVE('',#1482,#1483,#778,.T.);
#1892=EDGE_CURVE('',#1483,#1483,#98,.T.);
#1893=EDGE_CURVE('',#1484,#1484,#99,.T.);
#1894=EDGE_CURVE('',#1484,#1485,#779,.T.);
#1895=EDGE_CURVE('',#1485,#1485,#100,.T.);
#1896=EDGE_CURVE('',#1486,#1486,#101,.T.);
#1897=EDGE_CURVE('',#1486,#1487,#780,.T.);
#1898=EDGE_CURVE('',#1487,#1487,#102,.T.);
#1899=EDGE_CURVE('',#1488,#1489,#781,.T.);
#1900=EDGE_CURVE('',#1488,#1490,#782,.T.);
#1901=EDGE_CURVE('',#1491,#1490,#783,.T.);
#1902=EDGE_CURVE('',#1489,#1491,#784,.T.);
#1903=EDGE_CURVE('',#1489,#1492,#103,.T.);
#1904=EDGE_CURVE('',#1493,#1491,#104,.T.);
#1905=EDGE_CURVE('',#1492,#1493,#785,.T.);
#1906=EDGE_CURVE('',#1494,#1492,#786,.T.);
#1907=EDGE_CURVE('',#1495,#1493,#787,.T.);
#1908=EDGE_CURVE('',#1494,#1495,#788,.T.);
#1909=EDGE_CURVE('',#1496,#1494,#789,.T.);
#1910=EDGE_CURVE('',#1497,#1495,#790,.T.);
#1911=EDGE_CURVE('',#1496,#1497,#791,.T.);
#1912=EDGE_CURVE('',#1496,#1498,#792,.T.);
#1913=EDGE_CURVE('',#1499,#1497,#793,.T.);
#1914=EDGE_CURVE('',#1498,#1499,#794,.T.);
#1915=EDGE_CURVE('',#1498,#1500,#105,.T.);
#1916=EDGE_CURVE('',#1501,#1499,#106,.T.);
#1917=EDGE_CURVE('',#1500,#1501,#795,.T.);
#1918=EDGE_CURVE('',#1502,#1500,#796,.T.);
#1919=EDGE_CURVE('',#1503,#1501,#797,.T.);
#1920=EDGE_CURVE('',#1502,#1503,#798,.T.);
#1921=EDGE_CURVE('',#1502,#1504,#799,.T.);
#1922=EDGE_CURVE('',#1505,#1503,#800,.T.);
#1923=EDGE_CURVE('',#1504,#1505,#801,.T.);
#1924=EDGE_CURVE('',#1506,#1504,#802,.T.);
#1925=EDGE_CURVE('',#1507,#1505,#803,.T.);
#1926=EDGE_CURVE('',#1506,#1507,#804,.T.);
#1927=EDGE_CURVE('',#1508,#1506,#107,.T.);
#1928=EDGE_CURVE('',#1509,#1507,#108,.T.);
#1929=EDGE_CURVE('',#1508,#1509,#805,.T.);
#1930=EDGE_CURVE('',#1510,#1508,#806,.T.);
#1931=EDGE_CURVE('',#1511,#1509,#807,.T.);
#1932=EDGE_CURVE('',#1510,#1511,#808,.T.);
#1933=EDGE_CURVE('',#1512,#1510,#809,.T.);
#1934=EDGE_CURVE('',#1513,#1511,#810,.T.);
#1935=EDGE_CURVE('',#1512,#1513,#811,.T.);
#1936=EDGE_CURVE('',#1512,#1514,#812,.T.);
#1937=EDGE_CURVE('',#1515,#1513,#813,.T.);
#1938=EDGE_CURVE('',#1514,#1515,#814,.T.);
#1939=EDGE_CURVE('',#1514,#1516,#109,.T.);
#1940=EDGE_CURVE('',#1517,#1515,#110,.T.);
#1941=EDGE_CURVE('',#1516,#1517,#815,.T.);
#1942=EDGE_CURVE('',#1518,#1516,#816,.T.);
#1943=EDGE_CURVE('',#1519,#1517,#817,.T.);
#1944=EDGE_CURVE('',#1518,#1519,#818,.T.);
#1945=EDGE_CURVE('',#1520,#1518,#819,.T.);
#1946=EDGE_CURVE('',#1521,#1519,#820,.T.);
#1947=EDGE_CURVE('',#1520,#1521,#821,.T.);
#1948=EDGE_CURVE('',#1520,#1522,#822,.T.);
#1949=EDGE_CURVE('',#1523,#1521,#823,.T.);
#1950=EDGE_CURVE('',#1522,#1523,#824,.T.);
#1951=EDGE_CURVE('',#1522,#1524,#111,.T.);
#1952=EDGE_CURVE('',#1525,#1523,#112,.T.);
#1953=EDGE_CURVE('',#1524,#1525,#825,.T.);
#1954=EDGE_CURVE('',#1526,#1524,#826,.T.);
#1955=EDGE_CURVE('',#1527,#1525,#827,.T.);
#1956=EDGE_CURVE('',#1526,#1527,#828,.T.);
#1957=EDGE_CURVE('',#1526,#1528,#829,.T.);
#1958=EDGE_CURVE('',#1529,#1527,#830,.T.);
#1959=EDGE_CURVE('',#1528,#1529,#831,.T.);
#1960=EDGE_CURVE('',#1530,#1528,#832,.T.);
#1961=EDGE_CURVE('',#1531,#1529,#833,.T.);
#1962=EDGE_CURVE('',#1530,#1531,#834,.T.);
#1963=EDGE_CURVE('',#1532,#1530,#113,.T.);
#1964=EDGE_CURVE('',#1533,#1531,#114,.T.);
#1965=EDGE_CURVE('',#1532,#1533,#835,.T.);
#1966=EDGE_CURVE('',#1534,#1532,#836,.T.);
#1967=EDGE_CURVE('',#1535,#1533,#837,.T.);
#1968=EDGE_CURVE('',#1534,#1535,#838,.T.);
#1969=EDGE_CURVE('',#1536,#1534,#839,.T.);
#1970=EDGE_CURVE('',#1537,#1535,#840,.T.);
#1971=EDGE_CURVE('',#1536,#1537,#841,.T.);
#1972=EDGE_CURVE('',#1536,#1538,#842,.T.);
#1973=EDGE_CURVE('',#1539,#1537,#843,.T.);
#1974=EDGE_CURVE('',#1538,#1539,#844,.T.);
#1975=EDGE_CURVE('',#1538,#1540,#115,.T.);
#1976=EDGE_CURVE('',#1541,#1539,#116,.T.);
#1977=EDGE_CURVE('',#1540,#1541,#845,.T.);
#1978=EDGE_CURVE('',#1542,#1540,#846,.T.);
#1979=EDGE_CURVE('',#1543,#1541,#847,.T.);
#1980=EDGE_CURVE('',#1542,#1543,#848,.T.);
#1981=EDGE_CURVE('',#1544,#1542,#849,.T.);
#1982=EDGE_CURVE('',#1545,#1543,#850,.T.);
#1983=EDGE_CURVE('',#1544,#1545,#851,.T.);
#1984=EDGE_CURVE('',#1544,#1546,#852,.T.);
#1985=EDGE_CURVE('',#1547,#1545,#853,.T.);
#1986=EDGE_CURVE('',#1546,#1547,#854,.T.);
#1987=EDGE_CURVE('',#1546,#1548,#117,.T.);
#1988=EDGE_CURVE('',#1549,#1547,#118,.T.);
#1989=EDGE_CURVE('',#1548,#1549,#855,.T.);
#1990=EDGE_CURVE('',#1550,#1548,#856,.T.);
#1991=EDGE_CURVE('',#1551,#1549,#857,.T.);
#1992=EDGE_CURVE('',#1550,#1551,#858,.T.);
#1993=EDGE_CURVE('',#1550,#1552,#859,.T.);
#1994=EDGE_CURVE('',#1553,#1551,#860,.T.);
#1995=EDGE_CURVE('',#1552,#1553,#861,.T.);
#1996=EDGE_CURVE('',#1554,#1552,#862,.T.);
#1997=EDGE_CURVE('',#1555,#1553,#863,.T.);
#1998=EDGE_CURVE('',#1554,#1555,#864,.T.);
#1999=EDGE_CURVE('',#1556,#1554,#119,.T.);
#2000=EDGE_CURVE('',#1557,#1555,#120,.T.);
#2001=EDGE_CURVE('',#1556,#1557,#865,.T.);
#2002=EDGE_CURVE('',#1558,#1556,#866,.T.);
#2003=EDGE_CURVE('',#1559,#1557,#867,.T.);
#2004=EDGE_CURVE('',#1558,#1559,#868,.T.);
#2005=EDGE_CURVE('',#1560,#1558,#869,.T.);
#2006=EDGE_CURVE('',#1561,#1559,#870,.T.);
#2007=EDGE_CURVE('',#1560,#1561,#871,.T.);
#2008=EDGE_CURVE('',#1560,#1562,#872,.T.);
#2009=EDGE_CURVE('',#1563,#1561,#873,.T.);
#2010=EDGE_CURVE('',#1562,#1563,#874,.T.);
#2011=EDGE_CURVE('',#1562,#1564,#121,.T.);
#2012=EDGE_CURVE('',#1565,#1563,#122,.T.);
#2013=EDGE_CURVE('',#1564,#1565,#875,.T.);
#2014=EDGE_CURVE('',#1566,#1564,#876,.T.);
#2015=EDGE_CURVE('',#1567,#1565,#877,.T.);
#2016=EDGE_CURVE('',#1566,#1567,#878,.T.);
#2017=EDGE_CURVE('',#1568,#1566,#879,.T.);
#2018=EDGE_CURVE('',#1569,#1567,#880,.T.);
#2019=EDGE_CURVE('',#1568,#1569,#881,.T.);
#2020=EDGE_CURVE('',#1568,#1570,#882,.T.);
#2021=EDGE_CURVE('',#1571,#1569,#883,.T.);
#2022=EDGE_CURVE('',#1570,#1571,#884,.T.);
#2023=EDGE_CURVE('',#1570,#1572,#123,.T.);
#2024=EDGE_CURVE('',#1573,#1571,#124,.T.);
#2025=EDGE_CURVE('',#1572,#1573,#885,.T.);
#2026=EDGE_CURVE('',#1574,#1572,#886,.T.);
#2027=EDGE_CURVE('',#1575,#1573,#887,.T.);
#2028=EDGE_CURVE('',#1574,#1575,#888,.T.);
#2029=EDGE_CURVE('',#1574,#1576,#889,.T.);
#2030=EDGE_CURVE('',#1577,#1575,#890,.T.);
#2031=EDGE_CURVE('',#1576,#1577,#891,.T.);
#2032=EDGE_CURVE('',#1578,#1576,#892,.T.);
#2033=EDGE_CURVE('',#1579,#1577,#893,.T.);
#2034=EDGE_CURVE('',#1578,#1579,#894,.T.);
#2035=EDGE_CURVE('',#1580,#1578,#125,.T.);
#2036=EDGE_CURVE('',#1581,#1579,#126,.T.);
#2037=EDGE_CURVE('',#1580,#1581,#895,.T.);
#2038=EDGE_CURVE('',#1582,#1580,#896,.T.);
#2039=EDGE_CURVE('',#1583,#1581,#897,.T.);
#2040=EDGE_CURVE('',#1582,#1583,#898,.T.);
#2041=EDGE_CURVE('',#1488,#1582,#899,.T.);
#2042=EDGE_CURVE('',#1490,#1583,#900,.T.);
#2043=ORIENTED_EDGE('',*,*,#1584,.F.);
#2044=ORIENTED_EDGE('',*,*,#1585,.T.);
#2045=ORIENTED_EDGE('',*,*,#1586,.F.);
#2046=ORIENTED_EDGE('',*,*,#1587,.F.);
#2047=ORIENTED_EDGE('',*,*,#1588,.F.);
#2048=ORIENTED_EDGE('',*,*,#1587,.T.);
#2049=ORIENTED_EDGE('',*,*,#1589,.F.);
#2050=ORIENTED_EDGE('',*,*,#1590,.F.);
#2051=ORIENTED_EDGE('',*,*,#1591,.F.);
#2052=ORIENTED_EDGE('',*,*,#1590,.T.);
#2053=ORIENTED_EDGE('',*,*,#1592,.F.);
#2054=ORIENTED_EDGE('',*,*,#1593,.F.);
#2055=ORIENTED_EDGE('',*,*,#1594,.F.);
#2056=ORIENTED_EDGE('',*,*,#1593,.T.);
#2057=ORIENTED_EDGE('',*,*,#1595,.F.);
#2058=ORIENTED_EDGE('',*,*,#1585,.F.);
#2059=ORIENTED_EDGE('',*,*,#1595,.T.);
#2060=ORIENTED_EDGE('',*,*,#1592,.T.);
#2061=ORIENTED_EDGE('',*,*,#1589,.T.);
#2062=ORIENTED_EDGE('',*,*,#1586,.T.);
#2063=ORIENTED_EDGE('',*,*,#1594,.T.);
#2064=ORIENTED_EDGE('',*,*,#1584,.T.);
#2065=ORIENTED_EDGE('',*,*,#1588,.T.);
#2066=ORIENTED_EDGE('',*,*,#1591,.T.);
#2067=ORIENTED_EDGE('',*,*,#1596,.F.);
#2068=ORIENTED_EDGE('',*,*,#1597,.T.);
#2069=ORIENTED_EDGE('',*,*,#1598,.T.);
#2070=ORIENTED_EDGE('',*,*,#1597,.F.);
#2071=ORIENTED_EDGE('',*,*,#1599,.F.);
#2072=ORIENTED_EDGE('',*,*,#1600,.T.);
#2073=ORIENTED_EDGE('',*,*,#1601,.F.);
#2074=ORIENTED_EDGE('',*,*,#1602,.F.);
#2075=ORIENTED_EDGE('',*,*,#1603,.F.);
#2076=ORIENTED_EDGE('',*,*,#1602,.T.);
#2077=ORIENTED_EDGE('',*,*,#1604,.F.);
#2078=ORIENTED_EDGE('',*,*,#1605,.F.);
#2079=ORIENTED_EDGE('',*,*,#1606,.T.);
#2080=ORIENTED_EDGE('',*,*,#1605,.T.);
#2081=ORIENTED_EDGE('',*,*,#1607,.F.);
#2082=ORIENTED_EDGE('',*,*,#1608,.F.);
#2083=ORIENTED_EDGE('',*,*,#1609,.T.);
#2084=ORIENTED_EDGE('',*,*,#1608,.T.);
#2085=ORIENTED_EDGE('',*,*,#1610,.F.);
#2086=ORIENTED_EDGE('',*,*,#1611,.F.);
#2087=ORIENTED_EDGE('',*,*,#1612,.F.);
#2088=ORIENTED_EDGE('',*,*,#1611,.T.);
#2089=ORIENTED_EDGE('',*,*,#1613,.F.);
#2090=ORIENTED_EDGE('',*,*,#1614,.F.);
#2091=ORIENTED_EDGE('',*,*,#1615,.F.);
#2092=ORIENTED_EDGE('',*,*,#1614,.T.);
#2093=ORIENTED_EDGE('',*,*,#1616,.F.);
#2094=ORIENTED_EDGE('',*,*,#1617,.F.);
#2095=ORIENTED_EDGE('',*,*,#1618,.T.);
#2096=ORIENTED_EDGE('',*,*,#1617,.T.);
#2097=ORIENTED_EDGE('',*,*,#1619,.F.);
#2098=ORIENTED_EDGE('',*,*,#1620,.F.);
#2099=ORIENTED_EDGE('',*,*,#1621,.F.);
#2100=ORIENTED_EDGE('',*,*,#1620,.T.);
#2101=ORIENTED_EDGE('',*,*,#1622,.F.);
#2102=ORIENTED_EDGE('',*,*,#1623,.F.);
#2103=ORIENTED_EDGE('',*,*,#1624,.T.);
#2104=ORIENTED_EDGE('',*,*,#1623,.T.);
#2105=ORIENTED_EDGE('',*,*,#1625,.F.);
#2106=ORIENTED_EDGE('',*,*,#1626,.F.);
#2107=ORIENTED_EDGE('',*,*,#1627,.T.);
#2108=ORIENTED_EDGE('',*,*,#1626,.T.);
#2109=ORIENTED_EDGE('',*,*,#1628,.F.);
#2110=ORIENTED_EDGE('',*,*,#1629,.F.);
#2111=ORIENTED_EDGE('',*,*,#1630,.T.);
#2112=ORIENTED_EDGE('',*,*,#1629,.T.);
#2113=ORIENTED_EDGE('',*,*,#1631,.F.);
#2114=ORIENTED_EDGE('',*,*,#1632,.F.);
#2115=ORIENTED_EDGE('',*,*,#1633,.T.);
#2116=ORIENTED_EDGE('',*,*,#1632,.T.);
#2117=ORIENTED_EDGE('',*,*,#1634,.F.);
#2118=ORIENTED_EDGE('',*,*,#1635,.F.);
#2119=ORIENTED_EDGE('',*,*,#1636,.F.);
#2120=ORIENTED_EDGE('',*,*,#1635,.T.);
#2121=ORIENTED_EDGE('',*,*,#1637,.F.);
#2122=ORIENTED_EDGE('',*,*,#1638,.F.);
#2123=ORIENTED_EDGE('',*,*,#1639,.F.);
#2124=ORIENTED_EDGE('',*,*,#1638,.T.);
#2125=ORIENTED_EDGE('',*,*,#1640,.F.);
#2126=ORIENTED_EDGE('',*,*,#1641,.F.);
#2127=ORIENTED_EDGE('',*,*,#1642,.T.);
#2128=ORIENTED_EDGE('',*,*,#1641,.T.);
#2129=ORIENTED_EDGE('',*,*,#1643,.F.);
#2130=ORIENTED_EDGE('',*,*,#1644,.F.);
#2131=ORIENTED_EDGE('',*,*,#1645,.T.);
#2132=ORIENTED_EDGE('',*,*,#1644,.T.);
#2133=ORIENTED_EDGE('',*,*,#1646,.F.);
#2134=ORIENTED_EDGE('',*,*,#1647,.F.);
#2135=ORIENTED_EDGE('',*,*,#1648,.F.);
#2136=ORIENTED_EDGE('',*,*,#1647,.T.);
#2137=ORIENTED_EDGE('',*,*,#1649,.F.);
#2138=ORIENTED_EDGE('',*,*,#1650,.F.);
#2139=ORIENTED_EDGE('',*,*,#1651,.F.);
#2140=ORIENTED_EDGE('',*,*,#1650,.T.);
#2141=ORIENTED_EDGE('',*,*,#1652,.F.);
#2142=ORIENTED_EDGE('',*,*,#1653,.F.);
#2143=ORIENTED_EDGE('',*,*,#1654,.T.);
#2144=ORIENTED_EDGE('',*,*,#1653,.T.);
#2145=ORIENTED_EDGE('',*,*,#1655,.F.);
#2146=ORIENTED_EDGE('',*,*,#1656,.F.);
#2147=ORIENTED_EDGE('',*,*,#1657,.F.);
#2148=ORIENTED_EDGE('',*,*,#1656,.T.);
#2149=ORIENTED_EDGE('',*,*,#1658,.F.);
#2150=ORIENTED_EDGE('',*,*,#1659,.F.);
#2151=ORIENTED_EDGE('',*,*,#1660,.T.);
#2152=ORIENTED_EDGE('',*,*,#1659,.T.);
#2153=ORIENTED_EDGE('',*,*,#1661,.F.);
#2154=ORIENTED_EDGE('',*,*,#1662,.F.);
#2155=ORIENTED_EDGE('',*,*,#1663,.T.);
#2156=ORIENTED_EDGE('',*,*,#1662,.T.);
#2157=ORIENTED_EDGE('',*,*,#1664,.F.);
#2158=ORIENTED_EDGE('',*,*,#1665,.F.);
#2159=ORIENTED_EDGE('',*,*,#1666,.T.);
#2160=ORIENTED_EDGE('',*,*,#1665,.T.);
#2161=ORIENTED_EDGE('',*,*,#1667,.F.);
#2162=ORIENTED_EDGE('',*,*,#1668,.F.);
#2163=ORIENTED_EDGE('',*,*,#1669,.T.);
#2164=ORIENTED_EDGE('',*,*,#1668,.T.);
#2165=ORIENTED_EDGE('',*,*,#1670,.F.);
#2166=ORIENTED_EDGE('',*,*,#1671,.F.);
#2167=ORIENTED_EDGE('',*,*,#1672,.F.);
#2168=ORIENTED_EDGE('',*,*,#1671,.T.);
#2169=ORIENTED_EDGE('',*,*,#1673,.F.);
#2170=ORIENTED_EDGE('',*,*,#1674,.F.);
#2171=ORIENTED_EDGE('',*,*,#1675,.F.);
#2172=ORIENTED_EDGE('',*,*,#1674,.T.);
#2173=ORIENTED_EDGE('',*,*,#1676,.F.);
#2174=ORIENTED_EDGE('',*,*,#1677,.F.);
#2175=ORIENTED_EDGE('',*,*,#1678,.T.);
#2176=ORIENTED_EDGE('',*,*,#1677,.T.);
#2177=ORIENTED_EDGE('',*,*,#1679,.F.);
#2178=ORIENTED_EDGE('',*,*,#1680,.F.);
#2179=ORIENTED_EDGE('',*,*,#1681,.T.);
#2180=ORIENTED_EDGE('',*,*,#1680,.T.);
#2181=ORIENTED_EDGE('',*,*,#1682,.F.);
#2182=ORIENTED_EDGE('',*,*,#1683,.F.);
#2183=ORIENTED_EDGE('',*,*,#1684,.F.);
#2184=ORIENTED_EDGE('',*,*,#1683,.T.);
#2185=ORIENTED_EDGE('',*,*,#1685,.F.);
#2186=ORIENTED_EDGE('',*,*,#1686,.F.);
#2187=ORIENTED_EDGE('',*,*,#1687,.F.);
#2188=ORIENTED_EDGE('',*,*,#1686,.T.);
#2189=ORIENTED_EDGE('',*,*,#1688,.F.);
#2190=ORIENTED_EDGE('',*,*,#1689,.F.);
#2191=ORIENTED_EDGE('',*,*,#1690,.T.);
#2192=ORIENTED_EDGE('',*,*,#1689,.T.);
#2193=ORIENTED_EDGE('',*,*,#1691,.F.);
#2194=ORIENTED_EDGE('',*,*,#1692,.F.);
#2195=ORIENTED_EDGE('',*,*,#1693,.F.);
#2196=ORIENTED_EDGE('',*,*,#1692,.T.);
#2197=ORIENTED_EDGE('',*,*,#1694,.F.);
#2198=ORIENTED_EDGE('',*,*,#1695,.F.);
#2199=ORIENTED_EDGE('',*,*,#1696,.T.);
#2200=ORIENTED_EDGE('',*,*,#1695,.T.);
#2201=ORIENTED_EDGE('',*,*,#1697,.F.);
#2202=ORIENTED_EDGE('',*,*,#1698,.F.);
#2203=ORIENTED_EDGE('',*,*,#1699,.T.);
#2204=ORIENTED_EDGE('',*,*,#1698,.T.);
#2205=ORIENTED_EDGE('',*,*,#1700,.F.);
#2206=ORIENTED_EDGE('',*,*,#1701,.F.);
#2207=ORIENTED_EDGE('',*,*,#1702,.T.);
#2208=ORIENTED_EDGE('',*,*,#1701,.T.);
#2209=ORIENTED_EDGE('',*,*,#1703,.F.);
#2210=ORIENTED_EDGE('',*,*,#1704,.F.);
#2211=ORIENTED_EDGE('',*,*,#1705,.T.);
#2212=ORIENTED_EDGE('',*,*,#1704,.T.);
#2213=ORIENTED_EDGE('',*,*,#1706,.F.);
#2214=ORIENTED_EDGE('',*,*,#1707,.F.);
#2215=ORIENTED_EDGE('',*,*,#1708,.F.);
#2216=ORIENTED_EDGE('',*,*,#1707,.T.);
#2217=ORIENTED_EDGE('',*,*,#1709,.F.);
#2218=ORIENTED_EDGE('',*,*,#1710,.F.);
#2219=ORIENTED_EDGE('',*,*,#1711,.F.);
#2220=ORIENTED_EDGE('',*,*,#1710,.T.);
#2221=ORIENTED_EDGE('',*,*,#1712,.F.);
#2222=ORIENTED_EDGE('',*,*,#1713,.F.);
#2223=ORIENTED_EDGE('',*,*,#1714,.T.);
#2224=ORIENTED_EDGE('',*,*,#1713,.T.);
#2225=ORIENTED_EDGE('',*,*,#1715,.F.);
#2226=ORIENTED_EDGE('',*,*,#1716,.F.);
#2227=ORIENTED_EDGE('',*,*,#1717,.T.);
#2228=ORIENTED_EDGE('',*,*,#1716,.T.);
#2229=ORIENTED_EDGE('',*,*,#1718,.F.);
#2230=ORIENTED_EDGE('',*,*,#1719,.F.);
#2231=ORIENTED_EDGE('',*,*,#1720,.F.);
#2232=ORIENTED_EDGE('',*,*,#1719,.T.);
#2233=ORIENTED_EDGE('',*,*,#1721,.F.);
#2234=ORIENTED_EDGE('',*,*,#1722,.F.);
#2235=ORIENTED_EDGE('',*,*,#1723,.F.);
#2236=ORIENTED_EDGE('',*,*,#1722,.T.);
#2237=ORIENTED_EDGE('',*,*,#1724,.F.);
#2238=ORIENTED_EDGE('',*,*,#1725,.F.);
#2239=ORIENTED_EDGE('',*,*,#1726,.T.);
#2240=ORIENTED_EDGE('',*,*,#1725,.T.);
#2241=ORIENTED_EDGE('',*,*,#1727,.F.);
#2242=ORIENTED_EDGE('',*,*,#1728,.F.);
#2243=ORIENTED_EDGE('',*,*,#1729,.F.);
#2244=ORIENTED_EDGE('',*,*,#1728,.T.);
#2245=ORIENTED_EDGE('',*,*,#1730,.F.);
#2246=ORIENTED_EDGE('',*,*,#1731,.F.);
#2247=ORIENTED_EDGE('',*,*,#1732,.T.);
#2248=ORIENTED_EDGE('',*,*,#1731,.T.);
#2249=ORIENTED_EDGE('',*,*,#1733,.F.);
#2250=ORIENTED_EDGE('',*,*,#1734,.F.);
#2251=ORIENTED_EDGE('',*,*,#1735,.T.);
#2252=ORIENTED_EDGE('',*,*,#1734,.T.);
#2253=ORIENTED_EDGE('',*,*,#1736,.F.);
#2254=ORIENTED_EDGE('',*,*,#1737,.F.);
#2255=ORIENTED_EDGE('',*,*,#1738,.T.);
#2256=ORIENTED_EDGE('',*,*,#1737,.T.);
#2257=ORIENTED_EDGE('',*,*,#1739,.F.);
#2258=ORIENTED_EDGE('',*,*,#1740,.F.);
#2259=ORIENTED_EDGE('',*,*,#1741,.T.);
#2260=ORIENTED_EDGE('',*,*,#1740,.T.);
#2261=ORIENTED_EDGE('',*,*,#1742,.F.);
#2262=ORIENTED_EDGE('',*,*,#1600,.F.);
#2263=ORIENTED_EDGE('',*,*,#1742,.T.);
#2264=ORIENTED_EDGE('',*,*,#1739,.T.);
#2265=ORIENTED_EDGE('',*,*,#1736,.T.);
#2266=ORIENTED_EDGE('',*,*,#1733,.T.);
#2267=ORIENTED_EDGE('',*,*,#1730,.T.);
#2268=ORIENTED_EDGE('',*,*,#1727,.T.);
#2269=ORIENTED_EDGE('',*,*,#1724,.T.);
#2270=ORIENTED_EDGE('',*,*,#1721,.T.);
#2271=ORIENTED_EDGE('',*,*,#1718,.T.);
#2272=ORIENTED_EDGE('',*,*,#1715,.T.);
#2273=ORIENTED_EDGE('',*,*,#1712,.T.);
#2274=ORIENTED_EDGE('',*,*,#1709,.T.);
#2275=ORIENTED_EDGE('',*,*,#1706,.T.);
#2276=ORIENTED_EDGE('',*,*,#1703,.T.);
#2277=ORIENTED_EDGE('',*,*,#1700,.T.);
#2278=ORIENTED_EDGE('',*,*,#1697,.T.);
#2279=ORIENTED_EDGE('',*,*,#1694,.T.);
#2280=ORIENTED_EDGE('',*,*,#1691,.T.);
#2281=ORIENTED_EDGE('',*,*,#1688,.T.);
#2282=ORIENTED_EDGE('',*,*,#1685,.T.);
#2283=ORIENTED_EDGE('',*,*,#1682,.T.);
#2284=ORIENTED_EDGE('',*,*,#1679,.T.);
#2285=ORIENTED_EDGE('',*,*,#1676,.T.);
#2286=ORIENTED_EDGE('',*,*,#1673,.T.);
#2287=ORIENTED_EDGE('',*,*,#1670,.T.);
#2288=ORIENTED_EDGE('',*,*,#1667,.T.);
#2289=ORIENTED_EDGE('',*,*,#1664,.T.);
#2290=ORIENTED_EDGE('',*,*,#1661,.T.);
#2291=ORIENTED_EDGE('',*,*,#1658,.T.);
#2292=ORIENTED_EDGE('',*,*,#1655,.T.);
#2293=ORIENTED_EDGE('',*,*,#1652,.T.);
#2294=ORIENTED_EDGE('',*,*,#1649,.T.);
#2295=ORIENTED_EDGE('',*,*,#1646,.T.);
#2296=ORIENTED_EDGE('',*,*,#1643,.T.);
#2297=ORIENTED_EDGE('',*,*,#1640,.T.);
#2298=ORIENTED_EDGE('',*,*,#1637,.T.);
#2299=ORIENTED_EDGE('',*,*,#1634,.T.);
#2300=ORIENTED_EDGE('',*,*,#1631,.T.);
#2301=ORIENTED_EDGE('',*,*,#1628,.T.);
#2302=ORIENTED_EDGE('',*,*,#1625,.T.);
#2303=ORIENTED_EDGE('',*,*,#1622,.T.);
#2304=ORIENTED_EDGE('',*,*,#1619,.T.);
#2305=ORIENTED_EDGE('',*,*,#1616,.T.);
#2306=ORIENTED_EDGE('',*,*,#1613,.T.);
#2307=ORIENTED_EDGE('',*,*,#1610,.T.);
#2308=ORIENTED_EDGE('',*,*,#1607,.T.);
#2309=ORIENTED_EDGE('',*,*,#1604,.T.);
#2310=ORIENTED_EDGE('',*,*,#1601,.T.);
#2311=ORIENTED_EDGE('',*,*,#1596,.T.);
#2312=ORIENTED_EDGE('',*,*,#1741,.F.);
#2313=ORIENTED_EDGE('',*,*,#1599,.T.);
#2314=ORIENTED_EDGE('',*,*,#1603,.T.);
#2315=ORIENTED_EDGE('',*,*,#1606,.F.);
#2316=ORIENTED_EDGE('',*,*,#1609,.F.);
#2317=ORIENTED_EDGE('',*,*,#1612,.T.);
#2318=ORIENTED_EDGE('',*,*,#1615,.T.);
#2319=ORIENTED_EDGE('',*,*,#1618,.F.);
#2320=ORIENTED_EDGE('',*,*,#1621,.T.);
#2321=ORIENTED_EDGE('',*,*,#1624,.F.);
#2322=ORIENTED_EDGE('',*,*,#1627,.F.);
#2323=ORIENTED_EDGE('',*,*,#1630,.F.);
#2324=ORIENTED_EDGE('',*,*,#1633,.F.);
#2325=ORIENTED_EDGE('',*,*,#1636,.T.);
#2326=ORIENTED_EDGE('',*,*,#1639,.T.);
#2327=ORIENTED_EDGE('',*,*,#1642,.F.);
#2328=ORIENTED_EDGE('',*,*,#1645,.F.);
#2329=ORIENTED_EDGE('',*,*,#1648,.T.);
#2330=ORIENTED_EDGE('',*,*,#1651,.T.);
#2331=ORIENTED_EDGE('',*,*,#1654,.F.);
#2332=ORIENTED_EDGE('',*,*,#1657,.T.);
#2333=ORIENTED_EDGE('',*,*,#1660,.F.);
#2334=ORIENTED_EDGE('',*,*,#1663,.F.);
#2335=ORIENTED_EDGE('',*,*,#1666,.F.);
#2336=ORIENTED_EDGE('',*,*,#1669,.F.);
#2337=ORIENTED_EDGE('',*,*,#1672,.T.);
#2338=ORIENTED_EDGE('',*,*,#1675,.T.);
#2339=ORIENTED_EDGE('',*,*,#1678,.F.);
#2340=ORIENTED_EDGE('',*,*,#1681,.F.);
#2341=ORIENTED_EDGE('',*,*,#1684,.T.);
#2342=ORIENTED_EDGE('',*,*,#1687,.T.);
#2343=ORIENTED_EDGE('',*,*,#1690,.F.);
#2344=ORIENTED_EDGE('',*,*,#1693,.T.);
#2345=ORIENTED_EDGE('',*,*,#1696,.F.);
#2346=ORIENTED_EDGE('',*,*,#1699,.F.);
#2347=ORIENTED_EDGE('',*,*,#1702,.F.);
#2348=ORIENTED_EDGE('',*,*,#1705,.F.);
#2349=ORIENTED_EDGE('',*,*,#1708,.T.);
#2350=ORIENTED_EDGE('',*,*,#1711,.T.);
#2351=ORIENTED_EDGE('',*,*,#1714,.F.);
#2352=ORIENTED_EDGE('',*,*,#1717,.F.);
#2353=ORIENTED_EDGE('',*,*,#1720,.T.);
#2354=ORIENTED_EDGE('',*,*,#1723,.T.);
#2355=ORIENTED_EDGE('',*,*,#1726,.F.);
#2356=ORIENTED_EDGE('',*,*,#1729,.T.);
#2357=ORIENTED_EDGE('',*,*,#1732,.F.);
#2358=ORIENTED_EDGE('',*,*,#1735,.F.);
#2359=ORIENTED_EDGE('',*,*,#1738,.F.);
#2360=ORIENTED_EDGE('',*,*,#1598,.F.);
#2361=ORIENTED_EDGE('',*,*,#1743,.F.);
#2362=ORIENTED_EDGE('',*,*,#1744,.T.);
#2363=ORIENTED_EDGE('',*,*,#1745,.T.);
#2364=ORIENTED_EDGE('',*,*,#1744,.F.);
#2365=ORIENTED_EDGE('',*,*,#1746,.F.);
#2366=ORIENTED_EDGE('',*,*,#1747,.T.);
#2367=ORIENTED_EDGE('',*,*,#1748,.F.);
#2368=ORIENTED_EDGE('',*,*,#1749,.F.);
#2369=ORIENTED_EDGE('',*,*,#1750,.F.);
#2370=ORIENTED_EDGE('',*,*,#1749,.T.);
#2371=ORIENTED_EDGE('',*,*,#1751,.F.);
#2372=ORIENTED_EDGE('',*,*,#1752,.F.);
#2373=ORIENTED_EDGE('',*,*,#1753,.T.);
#2374=ORIENTED_EDGE('',*,*,#1752,.T.);
#2375=ORIENTED_EDGE('',*,*,#1754,.F.);
#2376=ORIENTED_EDGE('',*,*,#1755,.F.);
#2377=ORIENTED_EDGE('',*,*,#1756,.T.);
#2378=ORIENTED_EDGE('',*,*,#1755,.T.);
#2379=ORIENTED_EDGE('',*,*,#1757,.F.);
#2380=ORIENTED_EDGE('',*,*,#1758,.F.);
#2381=ORIENTED_EDGE('',*,*,#1759,.F.);
#2382=ORIENTED_EDGE('',*,*,#1758,.T.);
#2383=ORIENTED_EDGE('',*,*,#1760,.F.);
#2384=ORIENTED_EDGE('',*,*,#1761,.F.);
#2385=ORIENTED_EDGE('',*,*,#1762,.F.);
#2386=ORIENTED_EDGE('',*,*,#1761,.T.);
#2387=ORIENTED_EDGE('',*,*,#1763,.F.);
#2388=ORIENTED_EDGE('',*,*,#1764,.F.);
#2389=ORIENTED_EDGE('',*,*,#1765,.T.);
#2390=ORIENTED_EDGE('',*,*,#1764,.T.);
#2391=ORIENTED_EDGE('',*,*,#1766,.F.);
#2392=ORIENTED_EDGE('',*,*,#1767,.F.);
#2393=ORIENTED_EDGE('',*,*,#1768,.F.);
#2394=ORIENTED_EDGE('',*,*,#1767,.T.);
#2395=ORIENTED_EDGE('',*,*,#1769,.F.);
#2396=ORIENTED_EDGE('',*,*,#1770,.F.);
#2397=ORIENTED_EDGE('',*,*,#1771,.T.);
#2398=ORIENTED_EDGE('',*,*,#1770,.T.);
#2399=ORIENTED_EDGE('',*,*,#1772,.F.);
#2400=ORIENTED_EDGE('',*,*,#1773,.F.);
#2401=ORIENTED_EDGE('',*,*,#1774,.T.);
#2402=ORIENTED_EDGE('',*,*,#1773,.T.);
#2403=ORIENTED_EDGE('',*,*,#1775,.F.);
#2404=ORIENTED_EDGE('',*,*,#1776,.F.);
#2405=ORIENTED_EDGE('',*,*,#1777,.T.);
#2406=ORIENTED_EDGE('',*,*,#1776,.T.);
#2407=ORIENTED_EDGE('',*,*,#1778,.F.);
#2408=ORIENTED_EDGE('',*,*,#1779,.F.);
#2409=ORIENTED_EDGE('',*,*,#1780,.T.);
#2410=ORIENTED_EDGE('',*,*,#1779,.T.);
#2411=ORIENTED_EDGE('',*,*,#1781,.F.);
#2412=ORIENTED_EDGE('',*,*,#1782,.F.);
#2413=ORIENTED_EDGE('',*,*,#1783,.F.);
#2414=ORIENTED_EDGE('',*,*,#1782,.T.);
#2415=ORIENTED_EDGE('',*,*,#1784,.F.);
#2416=ORIENTED_EDGE('',*,*,#1785,.F.);
#2417=ORIENTED_EDGE('',*,*,#1786,.F.);
#2418=ORIENTED_EDGE('',*,*,#1785,.T.);
#2419=ORIENTED_EDGE('',*,*,#1787,.F.);
#2420=ORIENTED_EDGE('',*,*,#1788,.F.);
#2421=ORIENTED_EDGE('',*,*,#1789,.T.);
#2422=ORIENTED_EDGE('',*,*,#1788,.T.);
#2423=ORIENTED_EDGE('',*,*,#1790,.F.);
#2424=ORIENTED_EDGE('',*,*,#1791,.F.);
#2425=ORIENTED_EDGE('',*,*,#1792,.T.);
#2426=ORIENTED_EDGE('',*,*,#1791,.T.);
#2427=ORIENTED_EDGE('',*,*,#1793,.F.);
#2428=ORIENTED_EDGE('',*,*,#1794,.F.);
#2429=ORIENTED_EDGE('',*,*,#1795,.F.);
#2430=ORIENTED_EDGE('',*,*,#1794,.T.);
#2431=ORIENTED_EDGE('',*,*,#1796,.F.);
#2432=ORIENTED_EDGE('',*,*,#1797,.F.);
#2433=ORIENTED_EDGE('',*,*,#1798,.F.);
#2434=ORIENTED_EDGE('',*,*,#1797,.T.);
#2435=ORIENTED_EDGE('',*,*,#1799,.F.);
#2436=ORIENTED_EDGE('',*,*,#1800,.F.);
#2437=ORIENTED_EDGE('',*,*,#1801,.T.);
#2438=ORIENTED_EDGE('',*,*,#1800,.T.);
#2439=ORIENTED_EDGE('',*,*,#1802,.F.);
#2440=ORIENTED_EDGE('',*,*,#1803,.F.);
#2441=ORIENTED_EDGE('',*,*,#1804,.F.);
#2442=ORIENTED_EDGE('',*,*,#1803,.T.);
#2443=ORIENTED_EDGE('',*,*,#1805,.F.);
#2444=ORIENTED_EDGE('',*,*,#1806,.F.);
#2445=ORIENTED_EDGE('',*,*,#1807,.T.);
#2446=ORIENTED_EDGE('',*,*,#1806,.T.);
#2447=ORIENTED_EDGE('',*,*,#1808,.F.);
#2448=ORIENTED_EDGE('',*,*,#1809,.F.);
#2449=ORIENTED_EDGE('',*,*,#1810,.T.);
#2450=ORIENTED_EDGE('',*,*,#1809,.T.);
#2451=ORIENTED_EDGE('',*,*,#1811,.F.);
#2452=ORIENTED_EDGE('',*,*,#1812,.F.);
#2453=ORIENTED_EDGE('',*,*,#1813,.T.);
#2454=ORIENTED_EDGE('',*,*,#1812,.T.);
#2455=ORIENTED_EDGE('',*,*,#1814,.F.);
#2456=ORIENTED_EDGE('',*,*,#1815,.F.);
#2457=ORIENTED_EDGE('',*,*,#1816,.T.);
#2458=ORIENTED_EDGE('',*,*,#1815,.T.);
#2459=ORIENTED_EDGE('',*,*,#1817,.F.);
#2460=ORIENTED_EDGE('',*,*,#1818,.F.);
#2461=ORIENTED_EDGE('',*,*,#1819,.F.);
#2462=ORIENTED_EDGE('',*,*,#1818,.T.);
#2463=ORIENTED_EDGE('',*,*,#1820,.F.);
#2464=ORIENTED_EDGE('',*,*,#1821,.F.);
#2465=ORIENTED_EDGE('',*,*,#1822,.F.);
#2466=ORIENTED_EDGE('',*,*,#1821,.T.);
#2467=ORIENTED_EDGE('',*,*,#1823,.F.);
#2468=ORIENTED_EDGE('',*,*,#1824,.F.);
#2469=ORIENTED_EDGE('',*,*,#1825,.T.);
#2470=ORIENTED_EDGE('',*,*,#1824,.T.);
#2471=ORIENTED_EDGE('',*,*,#1826,.F.);
#2472=ORIENTED_EDGE('',*,*,#1827,.F.);
#2473=ORIENTED_EDGE('',*,*,#1828,.T.);
#2474=ORIENTED_EDGE('',*,*,#1827,.T.);
#2475=ORIENTED_EDGE('',*,*,#1829,.F.);
#2476=ORIENTED_EDGE('',*,*,#1830,.F.);
#2477=ORIENTED_EDGE('',*,*,#1831,.F.);
#2478=ORIENTED_EDGE('',*,*,#1830,.T.);
#2479=ORIENTED_EDGE('',*,*,#1832,.F.);
#2480=ORIENTED_EDGE('',*,*,#1833,.F.);
#2481=ORIENTED_EDGE('',*,*,#1834,.F.);
#2482=ORIENTED_EDGE('',*,*,#1833,.T.);
#2483=ORIENTED_EDGE('',*,*,#1835,.F.);
#2484=ORIENTED_EDGE('',*,*,#1836,.F.);
#2485=ORIENTED_EDGE('',*,*,#1837,.T.);
#2486=ORIENTED_EDGE('',*,*,#1836,.T.);
#2487=ORIENTED_EDGE('',*,*,#1838,.F.);
#2488=ORIENTED_EDGE('',*,*,#1839,.F.);
#2489=ORIENTED_EDGE('',*,*,#1840,.F.);
#2490=ORIENTED_EDGE('',*,*,#1839,.T.);
#2491=ORIENTED_EDGE('',*,*,#1841,.F.);
#2492=ORIENTED_EDGE('',*,*,#1842,.F.);
#2493=ORIENTED_EDGE('',*,*,#1843,.T.);
#2494=ORIENTED_EDGE('',*,*,#1842,.T.);
#2495=ORIENTED_EDGE('',*,*,#1844,.F.);
#2496=ORIENTED_EDGE('',*,*,#1845,.F.);
#2497=ORIENTED_EDGE('',*,*,#1846,.T.);
#2498=ORIENTED_EDGE('',*,*,#1845,.T.);
#2499=ORIENTED_EDGE('',*,*,#1847,.F.);
#2500=ORIENTED_EDGE('',*,*,#1848,.F.);
#2501=ORIENTED_EDGE('',*,*,#1849,.T.);
#2502=ORIENTED_EDGE('',*,*,#1848,.T.);
#2503=ORIENTED_EDGE('',*,*,#1850,.F.);
#2504=ORIENTED_EDGE('',*,*,#1851,.F.);
#2505=ORIENTED_EDGE('',*,*,#1852,.T.);
#2506=ORIENTED_EDGE('',*,*,#1851,.T.);
#2507=ORIENTED_EDGE('',*,*,#1853,.F.);
#2508=ORIENTED_EDGE('',*,*,#1854,.F.);
#2509=ORIENTED_EDGE('',*,*,#1855,.F.);
#2510=ORIENTED_EDGE('',*,*,#1854,.T.);
#2511=ORIENTED_EDGE('',*,*,#1856,.F.);
#2512=ORIENTED_EDGE('',*,*,#1857,.F.);
#2513=ORIENTED_EDGE('',*,*,#1858,.F.);
#2514=ORIENTED_EDGE('',*,*,#1857,.T.);
#2515=ORIENTED_EDGE('',*,*,#1859,.F.);
#2516=ORIENTED_EDGE('',*,*,#1860,.F.);
#2517=ORIENTED_EDGE('',*,*,#1861,.T.);
#2518=ORIENTED_EDGE('',*,*,#1860,.T.);
#2519=ORIENTED_EDGE('',*,*,#1862,.F.);
#2520=ORIENTED_EDGE('',*,*,#1863,.F.);
#2521=ORIENTED_EDGE('',*,*,#1864,.T.);
#2522=ORIENTED_EDGE('',*,*,#1863,.T.);
#2523=ORIENTED_EDGE('',*,*,#1865,.F.);
#2524=ORIENTED_EDGE('',*,*,#1866,.F.);
#2525=ORIENTED_EDGE('',*,*,#1867,.F.);
#2526=ORIENTED_EDGE('',*,*,#1866,.T.);
#2527=ORIENTED_EDGE('',*,*,#1868,.F.);
#2528=ORIENTED_EDGE('',*,*,#1869,.F.);
#2529=ORIENTED_EDGE('',*,*,#1870,.F.);
#2530=ORIENTED_EDGE('',*,*,#1869,.T.);
#2531=ORIENTED_EDGE('',*,*,#1871,.F.);
#2532=ORIENTED_EDGE('',*,*,#1872,.F.);
#2533=ORIENTED_EDGE('',*,*,#1873,.T.);
#2534=ORIENTED_EDGE('',*,*,#1872,.T.);
#2535=ORIENTED_EDGE('',*,*,#1874,.F.);
#2536=ORIENTED_EDGE('',*,*,#1875,.F.);
#2537=ORIENTED_EDGE('',*,*,#1876,.F.);
#2538=ORIENTED_EDGE('',*,*,#1875,.T.);
#2539=ORIENTED_EDGE('',*,*,#1877,.F.);
#2540=ORIENTED_EDGE('',*,*,#1878,.F.);
#2541=ORIENTED_EDGE('',*,*,#1879,.T.);
#2542=ORIENTED_EDGE('',*,*,#1878,.T.);
#2543=ORIENTED_EDGE('',*,*,#1880,.F.);
#2544=ORIENTED_EDGE('',*,*,#1881,.F.);
#2545=ORIENTED_EDGE('',*,*,#1882,.T.);
#2546=ORIENTED_EDGE('',*,*,#1881,.T.);
#2547=ORIENTED_EDGE('',*,*,#1883,.F.);
#2548=ORIENTED_EDGE('',*,*,#1884,.F.);
#2549=ORIENTED_EDGE('',*,*,#1885,.T.);
#2550=ORIENTED_EDGE('',*,*,#1884,.T.);
#2551=ORIENTED_EDGE('',*,*,#1886,.F.);
#2552=ORIENTED_EDGE('',*,*,#1887,.F.);
#2553=ORIENTED_EDGE('',*,*,#1888,.T.);
#2554=ORIENTED_EDGE('',*,*,#1887,.T.);
#2555=ORIENTED_EDGE('',*,*,#1889,.F.);
#2556=ORIENTED_EDGE('',*,*,#1747,.F.);
#2557=ORIENTED_EDGE('',*,*,#1889,.T.);
#2558=ORIENTED_EDGE('',*,*,#1886,.T.);
#2559=ORIENTED_EDGE('',*,*,#1883,.T.);
#2560=ORIENTED_EDGE('',*,*,#1880,.T.);
#2561=ORIENTED_EDGE('',*,*,#1877,.T.);
#2562=ORIENTED_EDGE('',*,*,#1874,.T.);
#2563=ORIENTED_EDGE('',*,*,#1871,.T.);
#2564=ORIENTED_EDGE('',*,*,#1868,.T.);
#2565=ORIENTED_EDGE('',*,*,#1865,.T.);
#2566=ORIENTED_EDGE('',*,*,#1862,.T.);
#2567=ORIENTED_EDGE('',*,*,#1859,.T.);
#2568=ORIENTED_EDGE('',*,*,#1856,.T.);
#2569=ORIENTED_EDGE('',*,*,#1853,.T.);
#2570=ORIENTED_EDGE('',*,*,#1850,.T.);
#2571=ORIENTED_EDGE('',*,*,#1847,.T.);
#2572=ORIENTED_EDGE('',*,*,#1844,.T.);
#2573=ORIENTED_EDGE('',*,*,#1841,.T.);
#2574=ORIENTED_EDGE('',*,*,#1838,.T.);
#2575=ORIENTED_EDGE('',*,*,#1835,.T.);
#2576=ORIENTED_EDGE('',*,*,#1832,.T.);
#2577=ORIENTED_EDGE('',*,*,#1829,.T.);
#2578=ORIENTED_EDGE('',*,*,#1826,.T.);
#2579=ORIENTED_EDGE('',*,*,#1823,.T.);
#2580=ORIENTED_EDGE('',*,*,#1820,.T.);
#2581=ORIENTED_EDGE('',*,*,#1817,.T.);
#2582=ORIENTED_EDGE('',*,*,#1814,.T.);
#2583=ORIENTED_EDGE('',*,*,#1811,.T.);
#2584=ORIENTED_EDGE('',*,*,#1808,.T.);
#2585=ORIENTED_EDGE('',*,*,#1805,.T.);
#2586=ORIENTED_EDGE('',*,*,#1802,.T.);
#2587=ORIENTED_EDGE('',*,*,#1799,.T.);
#2588=ORIENTED_EDGE('',*,*,#1796,.T.);
#2589=ORIENTED_EDGE('',*,*,#1793,.T.);
#2590=ORIENTED_EDGE('',*,*,#1790,.T.);
#2591=ORIENTED_EDGE('',*,*,#1787,.T.);
#2592=ORIENTED_EDGE('',*,*,#1784,.T.);
#2593=ORIENTED_EDGE('',*,*,#1781,.T.);
#2594=ORIENTED_EDGE('',*,*,#1778,.T.);
#2595=ORIENTED_EDGE('',*,*,#1775,.T.);
#2596=ORIENTED_EDGE('',*,*,#1772,.T.);
#2597=ORIENTED_EDGE('',*,*,#1769,.T.);
#2598=ORIENTED_EDGE('',*,*,#1766,.T.);
#2599=ORIENTED_EDGE('',*,*,#1763,.T.);
#2600=ORIENTED_EDGE('',*,*,#1760,.T.);
#2601=ORIENTED_EDGE('',*,*,#1757,.T.);
#2602=ORIENTED_EDGE('',*,*,#1754,.T.);
#2603=ORIENTED_EDGE('',*,*,#1751,.T.);
#2604=ORIENTED_EDGE('',*,*,#1748,.T.);
#2605=ORIENTED_EDGE('',*,*,#1743,.T.);
#2606=ORIENTED_EDGE('',*,*,#1888,.F.);
#2607=ORIENTED_EDGE('',*,*,#1746,.T.);
#2608=ORIENTED_EDGE('',*,*,#1750,.T.);
#2609=ORIENTED_EDGE('',*,*,#1753,.F.);
#2610=ORIENTED_EDGE('',*,*,#1756,.F.);
#2611=ORIENTED_EDGE('',*,*,#1759,.T.);
#2612=ORIENTED_EDGE('',*,*,#1762,.T.);
#2613=ORIENTED_EDGE('',*,*,#1765,.F.);
#2614=ORIENTED_EDGE('',*,*,#1768,.T.);
#2615=ORIENTED_EDGE('',*,*,#1771,.F.);
#2616=ORIENTED_EDGE('',*,*,#1774,.F.);
#2617=ORIENTED_EDGE('',*,*,#1777,.F.);
#2618=ORIENTED_EDGE('',*,*,#1780,.F.);
#2619=ORIENTED_EDGE('',*,*,#1783,.T.);
#2620=ORIENTED_EDGE('',*,*,#1786,.T.);
#2621=ORIENTED_EDGE('',*,*,#1789,.F.);
#2622=ORIENTED_EDGE('',*,*,#1792,.F.);
#2623=ORIENTED_EDGE('',*,*,#1795,.T.);
#2624=ORIENTED_EDGE('',*,*,#1798,.T.);
#2625=ORIENTED_EDGE('',*,*,#1801,.F.);
#2626=ORIENTED_EDGE('',*,*,#1804,.T.);
#2627=ORIENTED_EDGE('',*,*,#1807,.F.);
#2628=ORIENTED_EDGE('',*,*,#1810,.F.);
#2629=ORIENTED_EDGE('',*,*,#1813,.F.);
#2630=ORIENTED_EDGE('',*,*,#1816,.F.);
#2631=ORIENTED_EDGE('',*,*,#1819,.T.);
#2632=ORIENTED_EDGE('',*,*,#1822,.T.);
#2633=ORIENTED_EDGE('',*,*,#1825,.F.);
#2634=ORIENTED_EDGE('',*,*,#1828,.F.);
#2635=ORIENTED_EDGE('',*,*,#1831,.T.);
#2636=ORIENTED_EDGE('',*,*,#1834,.T.);
#2637=ORIENTED_EDGE('',*,*,#1837,.F.);
#2638=ORIENTED_EDGE('',*,*,#1840,.T.);
#2639=ORIENTED_EDGE('',*,*,#1843,.F.);
#2640=ORIENTED_EDGE('',*,*,#1846,.F.);
#2641=ORIENTED_EDGE('',*,*,#1849,.F.);
#2642=ORIENTED_EDGE('',*,*,#1852,.F.);
#2643=ORIENTED_EDGE('',*,*,#1855,.T.);
#2644=ORIENTED_EDGE('',*,*,#1858,.T.);
#2645=ORIENTED_EDGE('',*,*,#1861,.F.);
#2646=ORIENTED_EDGE('',*,*,#1864,.F.);
#2647=ORIENTED_EDGE('',*,*,#1867,.T.);
#2648=ORIENTED_EDGE('',*,*,#1870,.T.);
#2649=ORIENTED_EDGE('',*,*,#1873,.F.);
#2650=ORIENTED_EDGE('',*,*,#1876,.T.);
#2651=ORIENTED_EDGE('',*,*,#1879,.F.);
#2652=ORIENTED_EDGE('',*,*,#1882,.F.);
#2653=ORIENTED_EDGE('',*,*,#1885,.F.);
#2654=ORIENTED_EDGE('',*,*,#1745,.F.);
#2655=ORIENTED_EDGE('',*,*,#1890,.F.);
#2656=ORIENTED_EDGE('',*,*,#1891,.T.);
#2657=ORIENTED_EDGE('',*,*,#1892,.T.);
#2658=ORIENTED_EDGE('',*,*,#1891,.F.);
#2659=ORIENTED_EDGE('',*,*,#1890,.T.);
#2660=ORIENTED_EDGE('',*,*,#1892,.F.);
#2661=ORIENTED_EDGE('',*,*,#1893,.F.);
#2662=ORIENTED_EDGE('',*,*,#1894,.T.);
#2663=ORIENTED_EDGE('',*,*,#1895,.T.);
#2664=ORIENTED_EDGE('',*,*,#1894,.F.);
#2665=ORIENTED_EDGE('',*,*,#1893,.T.);
#2666=ORIENTED_EDGE('',*,*,#1895,.F.);
#2667=ORIENTED_EDGE('',*,*,#1896,.F.);
#2668=ORIENTED_EDGE('',*,*,#1897,.T.);
#2669=ORIENTED_EDGE('',*,*,#1898,.T.);
#2670=ORIENTED_EDGE('',*,*,#1897,.F.);
#2671=ORIENTED_EDGE('',*,*,#1899,.F.);
#2672=ORIENTED_EDGE('',*,*,#1900,.T.);
#2673=ORIENTED_EDGE('',*,*,#1901,.F.);
#2674=ORIENTED_EDGE('',*,*,#1902,.F.);
#2675=ORIENTED_EDGE('',*,*,#1903,.F.);
#2676=ORIENTED_EDGE('',*,*,#1902,.T.);
#2677=ORIENTED_EDGE('',*,*,#1904,.F.);
#2678=ORIENTED_EDGE('',*,*,#1905,.F.);
#2679=ORIENTED_EDGE('',*,*,#1906,.T.);
#2680=ORIENTED_EDGE('',*,*,#1905,.T.);
#2681=ORIENTED_EDGE('',*,*,#1907,.F.);
#2682=ORIENTED_EDGE('',*,*,#1908,.F.);
#2683=ORIENTED_EDGE('',*,*,#1909,.T.);
#2684=ORIENTED_EDGE('',*,*,#1908,.T.);
#2685=ORIENTED_EDGE('',*,*,#1910,.F.);
#2686=ORIENTED_EDGE('',*,*,#1911,.F.);
#2687=ORIENTED_EDGE('',*,*,#1912,.F.);
#2688=ORIENTED_EDGE('',*,*,#1911,.T.);
#2689=ORIENTED_EDGE('',*,*,#1913,.F.);
#2690=ORIENTED_EDGE('',*,*,#1914,.F.);
#2691=ORIENTED_EDGE('',*,*,#1915,.F.);
#2692=ORIENTED_EDGE('',*,*,#1914,.T.);
#2693=ORIENTED_EDGE('',*,*,#1916,.F.);
#2694=ORIENTED_EDGE('',*,*,#1917,.F.);
#2695=ORIENTED_EDGE('',*,*,#1918,.T.);
#2696=ORIENTED_EDGE('',*,*,#1917,.T.);
#2697=ORIENTED_EDGE('',*,*,#1919,.F.);
#2698=ORIENTED_EDGE('',*,*,#1920,.F.);
#2699=ORIENTED_EDGE('',*,*,#1921,.F.);
#2700=ORIENTED_EDGE('',*,*,#1920,.T.);
#2701=ORIENTED_EDGE('',*,*,#1922,.F.);
#2702=ORIENTED_EDGE('',*,*,#1923,.F.);
#2703=ORIENTED_EDGE('',*,*,#1924,.T.);
#2704=ORIENTED_EDGE('',*,*,#1923,.T.);
#2705=ORIENTED_EDGE('',*,*,#1925,.F.);
#2706=ORIENTED_EDGE('',*,*,#1926,.F.);
#2707=ORIENTED_EDGE('',*,*,#1927,.T.);
#2708=ORIENTED_EDGE('',*,*,#1926,.T.);
#2709=ORIENTED_EDGE('',*,*,#1928,.F.);
#2710=ORIENTED_EDGE('',*,*,#1929,.F.);
#2711=ORIENTED_EDGE('',*,*,#1930,.T.);
#2712=ORIENTED_EDGE('',*,*,#1929,.T.);
#2713=ORIENTED_EDGE('',*,*,#1931,.F.);
#2714=ORIENTED_EDGE('',*,*,#1932,.F.);
#2715=ORIENTED_EDGE('',*,*,#1933,.T.);
#2716=ORIENTED_EDGE('',*,*,#1932,.T.);
#2717=ORIENTED_EDGE('',*,*,#1934,.F.);
#2718=ORIENTED_EDGE('',*,*,#1935,.F.);
#2719=ORIENTED_EDGE('',*,*,#1936,.F.);
#2720=ORIENTED_EDGE('',*,*,#1935,.T.);
#2721=ORIENTED_EDGE('',*,*,#1937,.F.);
#2722=ORIENTED_EDGE('',*,*,#1938,.F.);
#2723=ORIENTED_EDGE('',*,*,#1939,.F.);
#2724=ORIENTED_EDGE('',*,*,#1938,.T.);
#2725=ORIENTED_EDGE('',*,*,#1940,.F.);
#2726=ORIENTED_EDGE('',*,*,#1941,.F.);
#2727=ORIENTED_EDGE('',*,*,#1942,.T.);
#2728=ORIENTED_EDGE('',*,*,#1941,.T.);
#2729=ORIENTED_EDGE('',*,*,#1943,.F.);
#2730=ORIENTED_EDGE('',*,*,#1944,.F.);
#2731=ORIENTED_EDGE('',*,*,#1945,.T.);
#2732=ORIENTED_EDGE('',*,*,#1944,.T.);
#2733=ORIENTED_EDGE('',*,*,#1946,.F.);
#2734=ORIENTED_EDGE('',*,*,#1947,.F.);
#2735=ORIENTED_EDGE('',*,*,#1948,.F.);
#2736=ORIENTED_EDGE('',*,*,#1947,.T.);
#2737=ORIENTED_EDGE('',*,*,#1949,.F.);
#2738=ORIENTED_EDGE('',*,*,#1950,.F.);
#2739=ORIENTED_EDGE('',*,*,#1951,.F.);
#2740=ORIENTED_EDGE('',*,*,#1950,.T.);
#2741=ORIENTED_EDGE('',*,*,#1952,.F.);
#2742=ORIENTED_EDGE('',*,*,#1953,.F.);
#2743=ORIENTED_EDGE('',*,*,#1954,.T.);
#2744=ORIENTED_EDGE('',*,*,#1953,.T.);
#2745=ORIENTED_EDGE('',*,*,#1955,.F.);
#2746=ORIENTED_EDGE('',*,*,#1956,.F.);
#2747=ORIENTED_EDGE('',*,*,#1957,.F.);
#2748=ORIENTED_EDGE('',*,*,#1956,.T.);
#2749=ORIENTED_EDGE('',*,*,#1958,.F.);
#2750=ORIENTED_EDGE('',*,*,#1959,.F.);
#2751=ORIENTED_EDGE('',*,*,#1960,.T.);
#2752=ORIENTED_EDGE('',*,*,#1959,.T.);
#2753=ORIENTED_EDGE('',*,*,#1961,.F.);
#2754=ORIENTED_EDGE('',*,*,#1962,.F.);
#2755=ORIENTED_EDGE('',*,*,#1963,.T.);
#2756=ORIENTED_EDGE('',*,*,#1962,.T.);
#2757=ORIENTED_EDGE('',*,*,#1964,.F.);
#2758=ORIENTED_EDGE('',*,*,#1965,.F.);
#2759=ORIENTED_EDGE('',*,*,#1966,.T.);
#2760=ORIENTED_EDGE('',*,*,#1965,.T.);
#2761=ORIENTED_EDGE('',*,*,#1967,.F.);
#2762=ORIENTED_EDGE('',*,*,#1968,.F.);
#2763=ORIENTED_EDGE('',*,*,#1969,.T.);
#2764=ORIENTED_EDGE('',*,*,#1968,.T.);
#2765=ORIENTED_EDGE('',*,*,#1970,.F.);
#2766=ORIENTED_EDGE('',*,*,#1971,.F.);
#2767=ORIENTED_EDGE('',*,*,#1972,.F.);
#2768=ORIENTED_EDGE('',*,*,#1971,.T.);
#2769=ORIENTED_EDGE('',*,*,#1973,.F.);
#2770=ORIENTED_EDGE('',*,*,#1974,.F.);
#2771=ORIENTED_EDGE('',*,*,#1975,.F.);
#2772=ORIENTED_EDGE('',*,*,#1974,.T.);
#2773=ORIENTED_EDGE('',*,*,#1976,.F.);
#2774=ORIENTED_EDGE('',*,*,#1977,.F.);
#2775=ORIENTED_EDGE('',*,*,#1978,.T.);
#2776=ORIENTED_EDGE('',*,*,#1977,.T.);
#2777=ORIENTED_EDGE('',*,*,#1979,.F.);
#2778=ORIENTED_EDGE('',*,*,#1980,.F.);
#2779=ORIENTED_EDGE('',*,*,#1981,.T.);
#2780=ORIENTED_EDGE('',*,*,#1980,.T.);
#2781=ORIENTED_EDGE('',*,*,#1982,.F.);
#2782=ORIENTED_EDGE('',*,*,#1983,.F.);
#2783=ORIENTED_EDGE('',*,*,#1984,.F.);
#2784=ORIENTED_EDGE('',*,*,#1983,.T.);
#2785=ORIENTED_EDGE('',*,*,#1985,.F.);
#2786=ORIENTED_EDGE('',*,*,#1986,.F.);
#2787=ORIENTED_EDGE('',*,*,#1987,.F.);
#2788=ORIENTED_EDGE('',*,*,#1986,.T.);
#2789=ORIENTED_EDGE('',*,*,#1988,.F.);
#2790=ORIENTED_EDGE('',*,*,#1989,.F.);
#2791=ORIENTED_EDGE('',*,*,#1990,.T.);
#2792=ORIENTED_EDGE('',*,*,#1989,.T.);
#2793=ORIENTED_EDGE('',*,*,#1991,.F.);
#2794=ORIENTED_EDGE('',*,*,#1992,.F.);
#2795=ORIENTED_EDGE('',*,*,#1993,.F.);
#2796=ORIENTED_EDGE('',*,*,#1992,.T.);
#2797=ORIENTED_EDGE('',*,*,#1994,.F.);
#2798=ORIENTED_EDGE('',*,*,#1995,.F.);
#2799=ORIENTED_EDGE('',*,*,#1996,.T.);
#2800=ORIENTED_EDGE('',*,*,#1995,.T.);
#2801=ORIENTED_EDGE('',*,*,#1997,.F.);
#2802=ORIENTED_EDGE('',*,*,#1998,.F.);
#2803=ORIENTED_EDGE('',*,*,#1999,.T.);
#2804=ORIENTED_EDGE('',*,*,#1998,.T.);
#2805=ORIENTED_EDGE('',*,*,#2000,.F.);
#2806=ORIENTED_EDGE('',*,*,#2001,.F.);
#2807=ORIENTED_EDGE('',*,*,#2002,.T.);
#2808=ORIENTED_EDGE('',*,*,#2001,.T.);
#2809=ORIENTED_EDGE('',*,*,#2003,.F.);
#2810=ORIENTED_EDGE('',*,*,#2004,.F.);
#2811=ORIENTED_EDGE('',*,*,#2005,.T.);
#2812=ORIENTED_EDGE('',*,*,#2004,.T.);
#2813=ORIENTED_EDGE('',*,*,#2006,.F.);
#2814=ORIENTED_EDGE('',*,*,#2007,.F.);
#2815=ORIENTED_EDGE('',*,*,#2008,.F.);
#2816=ORIENTED_EDGE('',*,*,#2007,.T.);
#2817=ORIENTED_EDGE('',*,*,#2009,.F.);
#2818=ORIENTED_EDGE('',*,*,#2010,.F.);
#2819=ORIENTED_EDGE('',*,*,#2011,.F.);
#2820=ORIENTED_EDGE('',*,*,#2010,.T.);
#2821=ORIENTED_EDGE('',*,*,#2012,.F.);
#2822=ORIENTED_EDGE('',*,*,#2013,.F.);
#2823=ORIENTED_EDGE('',*,*,#2014,.T.);
#2824=ORIENTED_EDGE('',*,*,#2013,.T.);
#2825=ORIENTED_EDGE('',*,*,#2015,.F.);
#2826=ORIENTED_EDGE('',*,*,#2016,.F.);
#2827=ORIENTED_EDGE('',*,*,#2017,.T.);
#2828=ORIENTED_EDGE('',*,*,#2016,.T.);
#2829=ORIENTED_EDGE('',*,*,#2018,.F.);
#2830=ORIENTED_EDGE('',*,*,#2019,.F.);
#2831=ORIENTED_EDGE('',*,*,#2020,.F.);
#2832=ORIENTED_EDGE('',*,*,#2019,.T.);
#2833=ORIENTED_EDGE('',*,*,#2021,.F.);
#2834=ORIENTED_EDGE('',*,*,#2022,.F.);
#2835=ORIENTED_EDGE('',*,*,#2023,.F.);
#2836=ORIENTED_EDGE('',*,*,#2022,.T.);
#2837=ORIENTED_EDGE('',*,*,#2024,.F.);
#2838=ORIENTED_EDGE('',*,*,#2025,.F.);
#2839=ORIENTED_EDGE('',*,*,#2026,.T.);
#2840=ORIENTED_EDGE('',*,*,#2025,.T.);
#2841=ORIENTED_EDGE('',*,*,#2027,.F.);
#2842=ORIENTED_EDGE('',*,*,#2028,.F.);
#2843=ORIENTED_EDGE('',*,*,#2029,.F.);
#2844=ORIENTED_EDGE('',*,*,#2028,.T.);
#2845=ORIENTED_EDGE('',*,*,#2030,.F.);
#2846=ORIENTED_EDGE('',*,*,#2031,.F.);
#2847=ORIENTED_EDGE('',*,*,#2032,.T.);
#2848=ORIENTED_EDGE('',*,*,#2031,.T.);
#2849=ORIENTED_EDGE('',*,*,#2033,.F.);
#2850=ORIENTED_EDGE('',*,*,#2034,.F.);
#2851=ORIENTED_EDGE('',*,*,#2035,.T.);
#2852=ORIENTED_EDGE('',*,*,#2034,.T.);
#2853=ORIENTED_EDGE('',*,*,#2036,.F.);
#2854=ORIENTED_EDGE('',*,*,#2037,.F.);
#2855=ORIENTED_EDGE('',*,*,#2038,.T.);
#2856=ORIENTED_EDGE('',*,*,#2037,.T.);
#2857=ORIENTED_EDGE('',*,*,#2039,.F.);
#2858=ORIENTED_EDGE('',*,*,#2040,.F.);
#2859=ORIENTED_EDGE('',*,*,#2041,.T.);
#2860=ORIENTED_EDGE('',*,*,#2040,.T.);
#2861=ORIENTED_EDGE('',*,*,#2042,.F.);
#2862=ORIENTED_EDGE('',*,*,#1900,.F.);
#2863=ORIENTED_EDGE('',*,*,#2042,.T.);
#2864=ORIENTED_EDGE('',*,*,#2039,.T.);
#2865=ORIENTED_EDGE('',*,*,#2036,.T.);
#2866=ORIENTED_EDGE('',*,*,#2033,.T.);
#2867=ORIENTED_EDGE('',*,*,#2030,.T.);
#2868=ORIENTED_EDGE('',*,*,#2027,.T.);
#2869=ORIENTED_EDGE('',*,*,#2024,.T.);
#2870=ORIENTED_EDGE('',*,*,#2021,.T.);
#2871=ORIENTED_EDGE('',*,*,#2018,.T.);
#2872=ORIENTED_EDGE('',*,*,#2015,.T.);
#2873=ORIENTED_EDGE('',*,*,#2012,.T.);
#2874=ORIENTED_EDGE('',*,*,#2009,.T.);
#2875=ORIENTED_EDGE('',*,*,#2006,.T.);
#2876=ORIENTED_EDGE('',*,*,#2003,.T.);
#2877=ORIENTED_EDGE('',*,*,#2000,.T.);
#2878=ORIENTED_EDGE('',*,*,#1997,.T.);
#2879=ORIENTED_EDGE('',*,*,#1994,.T.);
#2880=ORIENTED_EDGE('',*,*,#1991,.T.);
#2881=ORIENTED_EDGE('',*,*,#1988,.T.);
#2882=ORIENTED_EDGE('',*,*,#1985,.T.);
#2883=ORIENTED_EDGE('',*,*,#1982,.T.);
#2884=ORIENTED_EDGE('',*,*,#1979,.T.);
#2885=ORIENTED_EDGE('',*,*,#1976,.T.);
#2886=ORIENTED_EDGE('',*,*,#1973,.T.);
#2887=ORIENTED_EDGE('',*,*,#1970,.T.);
#2888=ORIENTED_EDGE('',*,*,#1967,.T.);
#2889=ORIENTED_EDGE('',*,*,#1964,.T.);
#2890=ORIENTED_EDGE('',*,*,#1961,.T.);
#2891=ORIENTED_EDGE('',*,*,#1958,.T.);
#2892=ORIENTED_EDGE('',*,*,#1955,.T.);
#2893=ORIENTED_EDGE('',*,*,#1952,.T.);
#2894=ORIENTED_EDGE('',*,*,#1949,.T.);
#2895=ORIENTED_EDGE('',*,*,#1946,.T.);
#2896=ORIENTED_EDGE('',*,*,#1943,.T.);
#2897=ORIENTED_EDGE('',*,*,#1940,.T.);
#2898=ORIENTED_EDGE('',*,*,#1937,.T.);
#2899=ORIENTED_EDGE('',*,*,#1934,.T.);
#2900=ORIENTED_EDGE('',*,*,#1931,.T.);
#2901=ORIENTED_EDGE('',*,*,#1928,.T.);
#2902=ORIENTED_EDGE('',*,*,#1925,.T.);
#2903=ORIENTED_EDGE('',*,*,#1922,.T.);
#2904=ORIENTED_EDGE('',*,*,#1919,.T.);
#2905=ORIENTED_EDGE('',*,*,#1916,.T.);
#2906=ORIENTED_EDGE('',*,*,#1913,.T.);
#2907=ORIENTED_EDGE('',*,*,#1910,.T.);
#2908=ORIENTED_EDGE('',*,*,#1907,.T.);
#2909=ORIENTED_EDGE('',*,*,#1904,.T.);
#2910=ORIENTED_EDGE('',*,*,#1901,.T.);
#2911=ORIENTED_EDGE('',*,*,#1896,.T.);
#2912=ORIENTED_EDGE('',*,*,#2041,.F.);
#2913=ORIENTED_EDGE('',*,*,#1899,.T.);
#2914=ORIENTED_EDGE('',*,*,#1903,.T.);
#2915=ORIENTED_EDGE('',*,*,#1906,.F.);
#2916=ORIENTED_EDGE('',*,*,#1909,.F.);
#2917=ORIENTED_EDGE('',*,*,#1912,.T.);
#2918=ORIENTED_EDGE('',*,*,#1915,.T.);
#2919=ORIENTED_EDGE('',*,*,#1918,.F.);
#2920=ORIENTED_EDGE('',*,*,#1921,.T.);
#2921=ORIENTED_EDGE('',*,*,#1924,.F.);
#2922=ORIENTED_EDGE('',*,*,#1927,.F.);
#2923=ORIENTED_EDGE('',*,*,#1930,.F.);
#2924=ORIENTED_EDGE('',*,*,#1933,.F.);
#2925=ORIENTED_EDGE('',*,*,#1936,.T.);
#2926=ORIENTED_EDGE('',*,*,#1939,.T.);
#2927=ORIENTED_EDGE('',*,*,#1942,.F.);
#2928=ORIENTED_EDGE('',*,*,#1945,.F.);
#2929=ORIENTED_EDGE('',*,*,#1948,.T.);
#2930=ORIENTED_EDGE('',*,*,#1951,.T.);
#2931=ORIENTED_EDGE('',*,*,#1954,.F.);
#2932=ORIENTED_EDGE('',*,*,#1957,.T.);
#2933=ORIENTED_EDGE('',*,*,#1960,.F.);
#2934=ORIENTED_EDGE('',*,*,#1963,.F.);
#2935=ORIENTED_EDGE('',*,*,#1966,.F.);
#2936=ORIENTED_EDGE('',*,*,#1969,.F.);
#2937=ORIENTED_EDGE('',*,*,#1972,.T.);
#2938=ORIENTED_EDGE('',*,*,#1975,.T.);
#2939=ORIENTED_EDGE('',*,*,#1978,.F.);
#2940=ORIENTED_EDGE('',*,*,#1981,.F.);
#2941=ORIENTED_EDGE('',*,*,#1984,.T.);
#2942=ORIENTED_EDGE('',*,*,#1987,.T.);
#2943=ORIENTED_EDGE('',*,*,#1990,.F.);
#2944=ORIENTED_EDGE('',*,*,#1993,.T.);
#2945=ORIENTED_EDGE('',*,*,#1996,.F.);
#2946=ORIENTED_EDGE('',*,*,#1999,.F.);
#2947=ORIENTED_EDGE('',*,*,#2002,.F.);
#2948=ORIENTED_EDGE('',*,*,#2005,.F.);
#2949=ORIENTED_EDGE('',*,*,#2008,.T.);
#2950=ORIENTED_EDGE('',*,*,#2011,.T.);
#2951=ORIENTED_EDGE('',*,*,#2014,.F.);
#2952=ORIENTED_EDGE('',*,*,#2017,.F.);
#2953=ORIENTED_EDGE('',*,*,#2020,.T.);
#2954=ORIENTED_EDGE('',*,*,#2023,.T.);
#2955=ORIENTED_EDGE('',*,*,#2026,.F.);
#2956=ORIENTED_EDGE('',*,*,#2029,.T.);
#2957=ORIENTED_EDGE('',*,*,#2032,.F.);
#2958=ORIENTED_EDGE('',*,*,#2035,.F.);
#2959=ORIENTED_EDGE('',*,*,#2038,.F.);
#2960=ORIENTED_EDGE('',*,*,#1898,.F.);
#2961=PLANE('',#3303);
#2962=PLANE('',#3304);
#2963=PLANE('',#3305);
#2964=PLANE('',#3306);
#2965=PLANE('',#3307);
#2966=PLANE('',#3308);
#2967=PLANE('',#3313);
#2968=PLANE('',#3317);
#2969=PLANE('',#3318);
#2970=PLANE('',#3319);
#2971=PLANE('',#3323);
#2972=PLANE('',#3324);
#2973=PLANE('',#3325);
#2974=PLANE('',#3329);
#2975=PLANE('',#3330);
#2976=PLANE('',#3331);
#2977=PLANE('',#3335);
#2978=PLANE('',#3336);
#2979=PLANE('',#3337);
#2980=PLANE('',#3341);
#2981=PLANE('',#3342);
#2982=PLANE('',#3343);
#2983=PLANE('',#3347);
#2984=PLANE('',#3348);
#2985=PLANE('',#3349);
#2986=PLANE('',#3353);
#2987=PLANE('',#3354);
#2988=PLANE('',#3355);
#2989=PLANE('',#3359);
#2990=PLANE('',#3360);
#2991=PLANE('',#3361);
#2992=PLANE('',#3365);
#2993=PLANE('',#3366);
#2994=PLANE('',#3367);
#2995=PLANE('',#3371);
#2996=PLANE('',#3372);
#2997=PLANE('',#3373);
#2998=PLANE('',#3377);
#2999=PLANE('',#3378);
#3000=PLANE('',#3379);
#3001=PLANE('',#3383);
#3002=PLANE('',#3384);
#3003=PLANE('',#3385);
#3004=PLANE('',#3386);
#3005=PLANE('',#3391);
#3006=PLANE('',#3395);
#3007=PLANE('',#3396);
#3008=PLANE('',#3397);
#3009=PLANE('',#3401);
#3010=PLANE('',#3402);
#3011=PLANE('',#3403);
#3012=PLANE('',#3407);
#3013=PLANE('',#3408);
#3014=PLANE('',#3409);
#3015=PLANE('',#3413);
#3016=PLANE('',#3414);
#3017=PLANE('',#3415);
#3018=PLANE('',#3419);
#3019=PLANE('',#3420);
#3020=PLANE('',#3421);
#3021=PLANE('',#3425);
#3022=PLANE('',#3426);
#3023=PLANE('',#3427);
#3024=PLANE('',#3431);
#3025=PLANE('',#3432);
#3026=PLANE('',#3433);
#3027=PLANE('',#3437);
#3028=PLANE('',#3438);
#3029=PLANE('',#3439);
#3030=PLANE('',#3443);
#3031=PLANE('',#3444);
#3032=PLANE('',#3445);
#3033=PLANE('',#3449);
#3034=PLANE('',#3450);
#3035=PLANE('',#3451);
#3036=PLANE('',#3455);
#3037=PLANE('',#3456);
#3038=PLANE('',#3457);
#3039=PLANE('',#3461);
#3040=PLANE('',#3462);
#3041=PLANE('',#3463);
#3042=PLANE('',#3464);
#3043=PLANE('',#3468);
#3044=PLANE('',#3469);
#3045=PLANE('',#3473);
#3046=PLANE('',#3474);
#3047=PLANE('',#3479);
#3048=PLANE('',#3483);
#3049=PLANE('',#3484);
#3050=PLANE('',#3485);
#3051=PLANE('',#3489);
#3052=PLANE('',#3490);
#3053=PLANE('',#3491);
#3054=PLANE('',#3495);
#3055=PLANE('',#3496);
#3056=PLANE('',#3497);
#3057=PLANE('',#3501);
#3058=PLANE('',#3502);
#3059=PLANE('',#3503);
#3060=PLANE('',#3507);
#3061=PLANE('',#3508);
#3062=PLANE('',#3509);
#3063=PLANE('',#3513);
#3064=PLANE('',#3514);
#3065=PLANE('',#3515);
#3066=PLANE('',#3519);
#3067=PLANE('',#3520);
#3068=PLANE('',#3521);
#3069=PLANE('',#3525);
#3070=PLANE('',#3526);
#3071=PLANE('',#3527);
#3072=PLANE('',#3531);
#3073=PLANE('',#3532);
#3074=PLANE('',#3533);
#3075=PLANE('',#3537);
#3076=PLANE('',#3538);
#3077=PLANE('',#3539);
#3078=PLANE('',#3543);
#3079=PLANE('',#3544);
#3080=PLANE('',#3545);
#3081=PLANE('',#3549);
#3082=PLANE('',#3550);
#3083=PLANE('',#3551);
#3084=PLANE('',#3552);
#3085=ADVANCED_FACE('',(#188),#2961,.T.);
#3086=ADVANCED_FACE('',(#189),#2962,.T.);
#3087=ADVANCED_FACE('',(#190),#2963,.T.);
#3088=ADVANCED_FACE('',(#191),#2964,.T.);
#3089=ADVANCED_FACE('',(#192),#2965,.T.);
#3090=ADVANCED_FACE('',(#193),#2966,.F.);
#3091=ADVANCED_FACE('',(#194),#127,.F.);
#3092=ADVANCED_FACE('',(#195),#2967,.T.);
#3093=ADVANCED_FACE('',(#196),#128,.F.);
#3094=ADVANCED_FACE('',(#197),#2968,.T.);
#3095=ADVANCED_FACE('',(#198),#2969,.T.);
#3096=ADVANCED_FACE('',(#199),#2970,.T.);
#3097=ADVANCED_FACE('',(#200),#129,.F.);
#3098=ADVANCED_FACE('',(#201),#2971,.T.);
#3099=ADVANCED_FACE('',(#202),#2972,.T.);
#3100=ADVANCED_FACE('',(#203),#2973,.T.);
#3101=ADVANCED_FACE('',(#204),#130,.T.);
#3102=ADVANCED_FACE('',(#205),#2974,.T.);
#3103=ADVANCED_FACE('',(#206),#2975,.T.);
#3104=ADVANCED_FACE('',(#207),#2976,.T.);
#3105=ADVANCED_FACE('',(#208),#131,.F.);
#3106=ADVANCED_FACE('',(#209),#2977,.T.);
#3107=ADVANCED_FACE('',(#210),#2978,.T.);
#3108=ADVANCED_FACE('',(#211),#2979,.T.);
#3109=ADVANCED_FACE('',(#212),#132,.F.);
#3110=ADVANCED_FACE('',(#213),#2980,.T.);
#3111=ADVANCED_FACE('',(#214),#2981,.T.);
#3112=ADVANCED_FACE('',(#215),#2982,.T.);
#3113=ADVANCED_FACE('',(#216),#133,.T.);
#3114=ADVANCED_FACE('',(#217),#2983,.T.);
#3115=ADVANCED_FACE('',(#218),#2984,.T.);
#3116=ADVANCED_FACE('',(#219),#2985,.T.);
#3117=ADVANCED_FACE('',(#220),#134,.F.);
#3118=ADVANCED_FACE('',(#221),#2986,.T.);
#3119=ADVANCED_FACE('',(#222),#2987,.T.);
#3120=ADVANCED_FACE('',(#223),#2988,.T.);
#3121=ADVANCED_FACE('',(#224),#135,.F.);
#3122=ADVANCED_FACE('',(#225),#2989,.T.);
#3123=ADVANCED_FACE('',(#226),#2990,.T.);
#3124=ADVANCED_FACE('',(#227),#2991,.T.);
#3125=ADVANCED_FACE('',(#228),#136,.T.);
#3126=ADVANCED_FACE('',(#229),#2992,.T.);
#3127=ADVANCED_FACE('',(#230),#2993,.T.);
#3128=ADVANCED_FACE('',(#231),#2994,.T.);
#3129=ADVANCED_FACE('',(#232),#137,.F.);
#3130=ADVANCED_FACE('',(#233),#2995,.T.);
#3131=ADVANCED_FACE('',(#234),#2996,.T.);
#3132=ADVANCED_FACE('',(#235),#2997,.T.);
#3133=ADVANCED_FACE('',(#236),#138,.F.);
#3134=ADVANCED_FACE('',(#237),#2998,.T.);
#3135=ADVANCED_FACE('',(#238),#2999,.T.);
#3136=ADVANCED_FACE('',(#239),#3000,.T.);
#3137=ADVANCED_FACE('',(#240),#139,.T.);
#3138=ADVANCED_FACE('',(#241),#3001,.T.);
#3139=ADVANCED_FACE('',(#242),#3002,.T.);
#3140=ADVANCED_FACE('',(#243,#39),#3003,.T.);
#3141=ADVANCED_FACE('',(#244,#40),#3004,.F.);
#3142=ADVANCED_FACE('',(#245),#140,.F.);
#3143=ADVANCED_FACE('',(#246),#3005,.T.);
#3144=ADVANCED_FACE('',(#247),#141,.F.);
#3145=ADVANCED_FACE('',(#248),#3006,.T.);
#3146=ADVANCED_FACE('',(#249),#3007,.T.);
#3147=ADVANCED_FACE('',(#250),#3008,.T.);
#3148=ADVANCED_FACE('',(#251),#142,.F.);
#3149=ADVANCED_FACE('',(#252),#3009,.T.);
#3150=ADVANCED_FACE('',(#253),#3010,.T.);
#3151=ADVANCED_FACE('',(#254),#3011,.T.);
#3152=ADVANCED_FACE('',(#255),#143,.T.);
#3153=ADVANCED_FACE('',(#256),#3012,.T.);
#3154=ADVANCED_FACE('',(#257),#3013,.T.);
#3155=ADVANCED_FACE('',(#258),#3014,.T.);
#3156=ADVANCED_FACE('',(#259),#144,.F.);
#3157=ADVANCED_FACE('',(#260),#3015,.T.);
#3158=ADVANCED_FACE('',(#261),#3016,.T.);
#3159=ADVANCED_FACE('',(#262),#3017,.T.);
#3160=ADVANCED_FACE('',(#263),#145,.F.);
#3161=ADVANCED_FACE('',(#264),#3018,.T.);
#3162=ADVANCED_FACE('',(#265),#3019,.T.);
#3163=ADVANCED_FACE('',(#266),#3020,.T.);
#3164=ADVANCED_FACE('',(#267),#146,.T.);
#3165=ADVANCED_FACE('',(#268),#3021,.T.);
#3166=ADVANCED_FACE('',(#269),#3022,.T.);
#3167=ADVANCED_FACE('',(#270),#3023,.T.);
#3168=ADVANCED_FACE('',(#271),#147,.F.);
#3169=ADVANCED_FACE('',(#272),#3024,.T.);
#3170=ADVANCED_FACE('',(#273),#3025,.T.);
#3171=ADVANCED_FACE('',(#274),#3026,.T.);
#3172=ADVANCED_FACE('',(#275),#148,.F.);
#3173=ADVANCED_FACE('',(#276),#3027,.T.);
#3174=ADVANCED_FACE('',(#277),#3028,.T.);
#3175=ADVANCED_FACE('',(#278),#3029,.T.);
#3176=ADVANCED_FACE('',(#279),#149,.T.);
#3177=ADVANCED_FACE('',(#280),#3030,.T.);
#3178=ADVANCED_FACE('',(#281),#3031,.T.);
#3179=ADVANCED_FACE('',(#282),#3032,.T.);
#3180=ADVANCED_FACE('',(#283),#150,.F.);
#3181=ADVANCED_FACE('',(#284),#3033,.T.);
#3182=ADVANCED_FACE('',(#285),#3034,.T.);
#3183=ADVANCED_FACE('',(#286),#3035,.T.);
#3184=ADVANCED_FACE('',(#287),#151,.F.);
#3185=ADVANCED_FACE('',(#288),#3036,.T.);
#3186=ADVANCED_FACE('',(#289),#3037,.T.);
#3187=ADVANCED_FACE('',(#290),#3038,.T.);
#3188=ADVANCED_FACE('',(#291),#152,.T.);
#3189=ADVANCED_FACE('',(#292),#3039,.T.);
#3190=ADVANCED_FACE('',(#293),#3040,.T.);
#3191=ADVANCED_FACE('',(#294,#41),#3041,.T.);
#3192=ADVANCED_FACE('',(#295,#42),#3042,.F.);
#3193=ADVANCED_FACE('',(#296),#153,.T.);
#3194=ADVANCED_FACE('',(#297),#3043,.T.);
#3195=ADVANCED_FACE('',(#298),#3044,.F.);
#3196=ADVANCED_FACE('',(#299),#154,.T.);
#3197=ADVANCED_FACE('',(#300),#3045,.T.);
#3198=ADVANCED_FACE('',(#301),#3046,.F.);
#3199=ADVANCED_FACE('',(#302),#155,.F.);
#3200=ADVANCED_FACE('',(#303),#3047,.T.);
#3201=ADVANCED_FACE('',(#304),#156,.F.);
#3202=ADVANCED_FACE('',(#305),#3048,.T.);
#3203=ADVANCED_FACE('',(#306),#3049,.T.);
#3204=ADVANCED_FACE('',(#307),#3050,.T.);
#3205=ADVANCED_FACE('',(#308),#157,.F.);
#3206=ADVANCED_FACE('',(#309),#3051,.T.);
#3207=ADVANCED_FACE('',(#310),#3052,.T.);
#3208=ADVANCED_FACE('',(#311),#3053,.T.);
#3209=ADVANCED_FACE('',(#312),#158,.T.);
#3210=ADVANCED_FACE('',(#313),#3054,.T.);
#3211=ADVANCED_FACE('',(#314),#3055,.T.);
#3212=ADVANCED_FACE('',(#315),#3056,.T.);
#3213=ADVANCED_FACE('',(#316),#159,.F.);
#3214=ADVANCED_FACE('',(#317),#3057,.T.);
#3215=ADVANCED_FACE('',(#318),#3058,.T.);
#3216=ADVANCED_FACE('',(#319),#3059,.T.);
#3217=ADVANCED_FACE('',(#320),#160,.F.);
#3218=ADVANCED_FACE('',(#321),#3060,.T.);
#3219=ADVANCED_FACE('',(#322),#3061,.T.);
#3220=ADVANCED_FACE('',(#323),#3062,.T.);
#3221=ADVANCED_FACE('',(#324),#161,.T.);
#3222=ADVANCED_FACE('',(#325),#3063,.T.);
#3223=ADVANCED_FACE('',(#326),#3064,.T.);
#3224=ADVANCED_FACE('',(#327),#3065,.T.);
#3225=ADVANCED_FACE('',(#328),#162,.F.);
#3226=ADVANCED_FACE('',(#329),#3066,.T.);
#3227=ADVANCED_FACE('',(#330),#3067,.T.);
#3228=ADVANCED_FACE('',(#331),#3068,.T.);
#3229=ADVANCED_FACE('',(#332),#163,.F.);
#3230=ADVANCED_FACE('',(#333),#3069,.T.);
#3231=ADVANCED_FACE('',(#334),#3070,.T.);
#3232=ADVANCED_FACE('',(#335),#3071,.T.);
#3233=ADVANCED_FACE('',(#336),#164,.T.);
#3234=ADVANCED_FACE('',(#337),#3072,.T.);
#3235=ADVANCED_FACE('',(#338),#3073,.T.);
#3236=ADVANCED_FACE('',(#339),#3074,.T.);
#3237=ADVANCED_FACE('',(#340),#165,.F.);
#3238=ADVANCED_FACE('',(#341),#3075,.T.);
#3239=ADVANCED_FACE('',(#342),#3076,.T.);
#3240=ADVANCED_FACE('',(#343),#3077,.T.);
#3241=ADVANCED_FACE('',(#344),#166,.F.);
#3242=ADVANCED_FACE('',(#345),#3078,.T.);
#3243=ADVANCED_FACE('',(#346),#3079,.T.);
#3244=ADVANCED_FACE('',(#347),#3080,.T.);
#3245=ADVANCED_FACE('',(#348),#167,.T.);
#3246=ADVANCED_FACE('',(#349),#3081,.T.);
#3247=ADVANCED_FACE('',(#350),#3082,.T.);
#3248=ADVANCED_FACE('',(#351,#43),#3083,.T.);
#3249=ADVANCED_FACE('',(#352,#44),#3084,.F.);
#3250=CLOSED_SHELL('',(#3085,#3086,#3087,#3088,#3089,#3090));
#3251=CLOSED_SHELL('',(#3091,#3092,#3093,#3094,#3095,#3096,#3097,#3098,
#3099,#3100,#3101,#3102,#3103,#3104,#3105,#3106,#3107,#3108,#3109,#3110,
#3111,#3112,#3113,#3114,#3115,#3116,#3117,#3118,#3119,#3120,#3121,#3122,
#3123,#3124,#3125,#3126,#3127,#3128,#3129,#3130,#3131,#3132,#3133,#3134,
#3135,#3136,#3137,#3138,#3139,#3140,#3141));
#3252=CLOSED_SHELL('',(#3142,#3143,#3144,#3145,#3146,#3147,#3148,#3149,
#3150,#3151,#3152,#3153,#3154,#3155,#3156,#3157,#3158,#3159,#3160,#3161,
#3162,#3163,#3164,#3165,#3166,#3167,#3168,#3169,#3170,#3171,#3172,#3173,
#3174,#3175,#3176,#3177,#3178,#3179,#3180,#3181,#3182,#3183,#3184,#3185,
#3186,#3187,#3188,#3189,#3190,#3191,#3192));
#3253=CLOSED_SHELL('',(#3193,#3194,#3195));
#3254=CLOSED_SHELL('',(#3196,#3197,#3198));
#3255=CLOSED_SHELL('',(#3199,#3200,#3201,#3202,#3203,#3204,#3205,#3206,
#3207,#3208,#3209,#3210,#3211,#3212,#3213,#3214,#3215,#3216,#3217,#3218,
#3219,#3220,#3221,#3222,#3223,#3224,#3225,#3226,#3227,#3228,#3229,#3230,
#3231,#3232,#3233,#3234,#3235,#3236,#3237,#3238,#3239,#3240,#3241,#3242,
#3243,#3244,#3245,#3246,#3247,#3248,#3249));
#3256=DERIVED_UNIT_ELEMENT(#3264,1.);
#3257=DERIVED_UNIT_ELEMENT(#5410,-3.);
#3258=DERIVED_UNIT_ELEMENT(#3264,1.);
#3259=DERIVED_UNIT_ELEMENT(#5410,-3.);
#3260=DERIVED_UNIT_ELEMENT(#3264,1.);
#3261=DERIVED_UNIT_ELEMENT(#5410,-3.);
#3262=DERIVED_UNIT_ELEMENT(#3264,1.);
#3263=DERIVED_UNIT_ELEMENT(#5410,-3.);
#3264=(
MASS_UNIT()
NAMED_UNIT(*)
SI_UNIT(.KILO.,.GRAM.)
);
#3265=DERIVED_UNIT((#3256,#3257));
#3266=DERIVED_UNIT((#3258,#3259));
#3267=DERIVED_UNIT((#3260,#3261));
#3268=DERIVED_UNIT((#3262,#3263));
#3269=MEASURE_REPRESENTATION_ITEM('density measure',
POSITIVE_RATIO_MEASURE(7850.),#3265);
#3270=MEASURE_REPRESENTATION_ITEM('density measure',
POSITIVE_RATIO_MEASURE(2700.),#3266);
#3271=MEASURE_REPRESENTATION_ITEM('density measure',
POSITIVE_RATIO_MEASURE(2700.),#3267);
#3272=MEASURE_REPRESENTATION_ITEM('density measure',
POSITIVE_RATIO_MEASURE(2700.),#3268);
#3273=PROPERTY_DEFINITION_REPRESENTATION(#3293,#3281);
#3274=PROPERTY_DEFINITION_REPRESENTATION(#3294,#3282);
#3275=PROPERTY_DEFINITION_REPRESENTATION(#3295,#3283);
#3276=PROPERTY_DEFINITION_REPRESENTATION(#3296,#3284);
#3277=PROPERTY_DEFINITION_REPRESENTATION(#3297,#3285);
#3278=PROPERTY_DEFINITION_REPRESENTATION(#3298,#3286);
#3279=PROPERTY_DEFINITION_REPRESENTATION(#3299,#3287);
#3280=PROPERTY_DEFINITION_REPRESENTATION(#3300,#3288);
#3281=REPRESENTATION('material name',(#3289),#5404);
#3282=REPRESENTATION('density',(#3269),#5404);
#3283=REPRESENTATION('material name',(#3290),#5405);
#3284=REPRESENTATION('density',(#3270),#5405);
#3285=REPRESENTATION('material name',(#3291),#5406);
#3286=REPRESENTATION('density',(#3271),#5406);
#3287=REPRESENTATION('material name',(#3292),#5407);
#3288=REPRESENTATION('density',(#3272),#5407);
#3289=DESCRIPTIVE_REPRESENTATION_ITEM('Steel','Steel');
#3290=DESCRIPTIVE_REPRESENTATION_ITEM('Aluminum 6061(1)',
'Aluminum 6061(1)');
#3291=DESCRIPTIVE_REPRESENTATION_ITEM('Aluminum 6061(1)',
'Aluminum 6061(1)');
#3292=DESCRIPTIVE_REPRESENTATION_ITEM('Aluminum 6061(1)',
'Aluminum 6061(1)');
#3293=PROPERTY_DEFINITION('material property','material name',#5437);
#3294=PROPERTY_DEFINITION('material property','density of part',#5437);
#3295=PROPERTY_DEFINITION('material property','material name',#5438);
#3296=PROPERTY_DEFINITION('material property','density of part',#5438);
#3297=PROPERTY_DEFINITION('material property','material name',#5439);
#3298=PROPERTY_DEFINITION('material property','density of part',#5439);
#3299=PROPERTY_DEFINITION('material property','material name',#5440);
#3300=PROPERTY_DEFINITION('material property','density of part',#5440);
#3301=AXIS2_PLACEMENT_3D('',#4455,#3560,#3561);
#3302=AXIS2_PLACEMENT_3D('',#4456,#3562,#3563);
#3303=AXIS2_PLACEMENT_3D('',#4457,#3564,#3565);
#3304=AXIS2_PLACEMENT_3D('',#4466,#3570,#3571);
#3305=AXIS2_PLACEMENT_3D('',#4472,#3575,#3576);
#3306=AXIS2_PLACEMENT_3D('',#4478,#3580,#3581);
#3307=AXIS2_PLACEMENT_3D('',#4481,#3584,#3585);
#3308=AXIS2_PLACEMENT_3D('',#4482,#3586,#3587);
#3309=AXIS2_PLACEMENT_3D('',#4483,#3588,#3589);
#3310=AXIS2_PLACEMENT_3D('',#4484,#3590,#3591);
#3311=AXIS2_PLACEMENT_3D('',#4486,#3592,#3593);
#3312=AXIS2_PLACEMENT_3D('',#4489,#3595,#3596);
#3313=AXIS2_PLACEMENT_3D('',#4490,#3597,#3598);
#3314=AXIS2_PLACEMENT_3D('',#4499,#3603,#3604);
#3315=AXIS2_PLACEMENT_3D('',#4501,#3605,#3606);
#3316=AXIS2_PLACEMENT_3D('',#4503,#3607,#3608);
#3317=AXIS2_PLACEMENT_3D('',#4505,#3610,#3611);
#3318=AXIS2_PLACEMENT_3D('',#4511,#3615,#3616);
#3319=AXIS2_PLACEMENT_3D('',#4517,#3620,#3621);
#3320=AXIS2_PLACEMENT_3D('',#4523,#3625,#3626);
#3321=AXIS2_PLACEMENT_3D('',#4525,#3627,#3628);
#3322=AXIS2_PLACEMENT_3D('',#4527,#3629,#3630);
#3323=AXIS2_PLACEMENT_3D('',#4529,#3632,#3633);
#3324=AXIS2_PLACEMENT_3D('',#4535,#3637,#3638);
#3325=AXIS2_PLACEMENT_3D('',#4541,#3642,#3643);
#3326=AXIS2_PLACEMENT_3D('',#4547,#3647,#3648);
#3327=AXIS2_PLACEMENT_3D('',#4549,#3649,#3650);
#3328=AXIS2_PLACEMENT_3D('',#4551,#3651,#3652);
#3329=AXIS2_PLACEMENT_3D('',#4553,#3654,#3655);
#3330=AXIS2_PLACEMENT_3D('',#4559,#3659,#3660);
#3331=AXIS2_PLACEMENT_3D('',#4565,#3664,#3665);
#3332=AXIS2_PLACEMENT_3D('',#4571,#3669,#3670);
#3333=AXIS2_PLACEMENT_3D('',#4573,#3671,#3672);
#3334=AXIS2_PLACEMENT_3D('',#4575,#3673,#3674);
#3335=AXIS2_PLACEMENT_3D('',#4577,#3676,#3677);
#3336=AXIS2_PLACEMENT_3D('',#4583,#3681,#3682);
#3337=AXIS2_PLACEMENT_3D('',#4589,#3686,#3687);
#3338=AXIS2_PLACEMENT_3D('',#4595,#3691,#3692);
#3339=AXIS2_PLACEMENT_3D('',#4597,#3693,#3694);
#3340=AXIS2_PLACEMENT_3D('',#4599,#3695,#3696);
#3341=AXIS2_PLACEMENT_3D('',#4601,#3698,#3699);
#3342=AXIS2_PLACEMENT_3D('',#4607,#3703,#3704);
#3343=AXIS2_PLACEMENT_3D('',#4613,#3708,#3709);
#3344=AXIS2_PLACEMENT_3D('',#4619,#3713,#3714);
#3345=AXIS2_PLACEMENT_3D('',#4621,#3715,#3716);
#3346=AXIS2_PLACEMENT_3D('',#4623,#3717,#3718);
#3347=AXIS2_PLACEMENT_3D('',#4625,#3720,#3721);
#3348=AXIS2_PLACEMENT_3D('',#4631,#3725,#3726);
#3349=AXIS2_PLACEMENT_3D('',#4637,#3730,#3731);
#3350=AXIS2_PLACEMENT_3D('',#4643,#3735,#3736);
#3351=AXIS2_PLACEMENT_3D('',#4645,#3737,#3738);
#3352=AXIS2_PLACEMENT_3D('',#4647,#3739,#3740);
#3353=AXIS2_PLACEMENT_3D('',#4649,#3742,#3743);
#3354=AXIS2_PLACEMENT_3D('',#4655,#3747,#3748);
#3355=AXIS2_PLACEMENT_3D('',#4661,#3752,#3753);
#3356=AXIS2_PLACEMENT_3D('',#4667,#3757,#3758);
#3357=AXIS2_PLACEMENT_3D('',#4669,#3759,#3760);
#3358=AXIS2_PLACEMENT_3D('',#4671,#3761,#3762);
#3359=AXIS2_PLACEMENT_3D('',#4673,#3764,#3765);
#3360=AXIS2_PLACEMENT_3D('',#4679,#3769,#3770);
#3361=AXIS2_PLACEMENT_3D('',#4685,#3774,#3775);
#3362=AXIS2_PLACEMENT_3D('',#4691,#3779,#3780);
#3363=AXIS2_PLACEMENT_3D('',#4693,#3781,#3782);
#3364=AXIS2_PLACEMENT_3D('',#4695,#3783,#3784);
#3365=AXIS2_PLACEMENT_3D('',#4697,#3786,#3787);
#3366=AXIS2_PLACEMENT_3D('',#4703,#3791,#3792);
#3367=AXIS2_PLACEMENT_3D('',#4709,#3796,#3797);
#3368=AXIS2_PLACEMENT_3D('',#4715,#3801,#3802);
#3369=AXIS2_PLACEMENT_3D('',#4717,#3803,#3804);
#3370=AXIS2_PLACEMENT_3D('',#4719,#3805,#3806);
#3371=AXIS2_PLACEMENT_3D('',#4721,#3808,#3809);
#3372=AXIS2_PLACEMENT_3D('',#4727,#3813,#3814);
#3373=AXIS2_PLACEMENT_3D('',#4733,#3818,#3819);
#3374=AXIS2_PLACEMENT_3D('',#4739,#3823,#3824);
#3375=AXIS2_PLACEMENT_3D('',#4741,#3825,#3826);
#3376=AXIS2_PLACEMENT_3D('',#4743,#3827,#3828);
#3377=AXIS2_PLACEMENT_3D('',#4745,#3830,#3831);
#3378=AXIS2_PLACEMENT_3D('',#4751,#3835,#3836);
#3379=AXIS2_PLACEMENT_3D('',#4757,#3840,#3841);
#3380=AXIS2_PLACEMENT_3D('',#4763,#3845,#3846);
#3381=AXIS2_PLACEMENT_3D('',#4765,#3847,#3848);
#3382=AXIS2_PLACEMENT_3D('',#4767,#3849,#3850);
#3383=AXIS2_PLACEMENT_3D('',#4769,#3852,#3853);
#3384=AXIS2_PLACEMENT_3D('',#4775,#3857,#3858);
#3385=AXIS2_PLACEMENT_3D('',#4778,#3861,#3862);
#3386=AXIS2_PLACEMENT_3D('',#4779,#3863,#3864);
#3387=AXIS2_PLACEMENT_3D('',#4780,#3865,#3866);
#3388=AXIS2_PLACEMENT_3D('',#4781,#3867,#3868);
#3389=AXIS2_PLACEMENT_3D('',#4783,#3869,#3870);
#3390=AXIS2_PLACEMENT_3D('',#4786,#3872,#3873);
#3391=AXIS2_PLACEMENT_3D('',#4787,#3874,#3875);
#3392=AXIS2_PLACEMENT_3D('',#4796,#3880,#3881);
#3393=AXIS2_PLACEMENT_3D('',#4798,#3882,#3883);
#3394=AXIS2_PLACEMENT_3D('',#4800,#3884,#3885);
#3395=AXIS2_PLACEMENT_3D('',#4802,#3887,#3888);
#3396=AXIS2_PLACEMENT_3D('',#4808,#3892,#3893);
#3397=AXIS2_PLACEMENT_3D('',#4814,#3897,#3898);
#3398=AXIS2_PLACEMENT_3D('',#4820,#3902,#3903);
#3399=AXIS2_PLACEMENT_3D('',#4822,#3904,#3905);
#3400=AXIS2_PLACEMENT_3D('',#4824,#3906,#3907);
#3401=AXIS2_PLACEMENT_3D('',#4826,#3909,#3910);
#3402=AXIS2_PLACEMENT_3D('',#4832,#3914,#3915);
#3403=AXIS2_PLACEMENT_3D('',#4838,#3919,#3920);
#3404=AXIS2_PLACEMENT_3D('',#4844,#3924,#3925);
#3405=AXIS2_PLACEMENT_3D('',#4846,#3926,#3927);
#3406=AXIS2_PLACEMENT_3D('',#4848,#3928,#3929);
#3407=AXIS2_PLACEMENT_3D('',#4850,#3931,#3932);
#3408=AXIS2_PLACEMENT_3D('',#4856,#3936,#3937);
#3409=AXIS2_PLACEMENT_3D('',#4862,#3941,#3942);
#3410=AXIS2_PLACEMENT_3D('',#4868,#3946,#3947);
#3411=AXIS2_PLACEMENT_3D('',#4870,#3948,#3949);
#3412=AXIS2_PLACEMENT_3D('',#4872,#3950,#3951);
#3413=AXIS2_PLACEMENT_3D('',#4874,#3953,#3954);
#3414=AXIS2_PLACEMENT_3D('',#4880,#3958,#3959);
#3415=AXIS2_PLACEMENT_3D('',#4886,#3963,#3964);
#3416=AXIS2_PLACEMENT_3D('',#4892,#3968,#3969);
#3417=AXIS2_PLACEMENT_3D('',#4894,#3970,#3971);
#3418=AXIS2_PLACEMENT_3D('',#4896,#3972,#3973);
#3419=AXIS2_PLACEMENT_3D('',#4898,#3975,#3976);
#3420=AXIS2_PLACEMENT_3D('',#4904,#3980,#3981);
#3421=AXIS2_PLACEMENT_3D('',#4910,#3985,#3986);
#3422=AXIS2_PLACEMENT_3D('',#4916,#3990,#3991);
#3423=AXIS2_PLACEMENT_3D('',#4918,#3992,#3993);
#3424=AXIS2_PLACEMENT_3D('',#4920,#3994,#3995);
#3425=AXIS2_PLACEMENT_3D('',#4922,#3997,#3998);
#3426=AXIS2_PLACEMENT_3D('',#4928,#4002,#4003);
#3427=AXIS2_PLACEMENT_3D('',#4934,#4007,#4008);
#3428=AXIS2_PLACEMENT_3D('',#4940,#4012,#4013);
#3429=AXIS2_PLACEMENT_3D('',#4942,#4014,#4015);
#3430=AXIS2_PLACEMENT_3D('',#4944,#4016,#4017);
#3431=AXIS2_PLACEMENT_3D('',#4946,#4019,#4020);
#3432=AXIS2_PLACEMENT_3D('',#4952,#4024,#4025);
#3433=AXIS2_PLACEMENT_3D('',#4958,#4029,#4030);
#3434=AXIS2_PLACEMENT_3D('',#4964,#4034,#4035);
#3435=AXIS2_PLACEMENT_3D('',#4966,#4036,#4037);
#3436=AXIS2_PLACEMENT_3D('',#4968,#4038,#4039);
#3437=AXIS2_PLACEMENT_3D('',#4970,#4041,#4042);
#3438=AXIS2_PLACEMENT_3D('',#4976,#4046,#4047);
#3439=AXIS2_PLACEMENT_3D('',#4982,#4051,#4052);
#3440=AXIS2_PLACEMENT_3D('',#4988,#4056,#4057);
#3441=AXIS2_PLACEMENT_3D('',#4990,#4058,#4059);
#3442=AXIS2_PLACEMENT_3D('',#4992,#4060,#4061);
#3443=AXIS2_PLACEMENT_3D('',#4994,#4063,#4064);
#3444=AXIS2_PLACEMENT_3D('',#5000,#4068,#4069);
#3445=AXIS2_PLACEMENT_3D('',#5006,#4073,#4074);
#3446=AXIS2_PLACEMENT_3D('',#5012,#4078,#4079);
#3447=AXIS2_PLACEMENT_3D('',#5014,#4080,#4081);
#3448=AXIS2_PLACEMENT_3D('',#5016,#4082,#4083);
#3449=AXIS2_PLACEMENT_3D('',#5018,#4085,#4086);
#3450=AXIS2_PLACEMENT_3D('',#5024,#4090,#4091);
#3451=AXIS2_PLACEMENT_3D('',#5030,#4095,#4096);
#3452=AXIS2_PLACEMENT_3D('',#5036,#4100,#4101);
#3453=AXIS2_PLACEMENT_3D('',#5038,#4102,#4103);
#3454=AXIS2_PLACEMENT_3D('',#5040,#4104,#4105);
#3455=AXIS2_PLACEMENT_3D('',#5042,#4107,#4108);
#3456=AXIS2_PLACEMENT_3D('',#5048,#4112,#4113);
#3457=AXIS2_PLACEMENT_3D('',#5054,#4117,#4118);
#3458=AXIS2_PLACEMENT_3D('',#5060,#4122,#4123);
#3459=AXIS2_PLACEMENT_3D('',#5062,#4124,#4125);
#3460=AXIS2_PLACEMENT_3D('',#5064,#4126,#4127);
#3461=AXIS2_PLACEMENT_3D('',#5066,#4129,#4130);
#3462=AXIS2_PLACEMENT_3D('',#5072,#4134,#4135);
#3463=AXIS2_PLACEMENT_3D('',#5075,#4138,#4139);
#3464=AXIS2_PLACEMENT_3D('',#5076,#4140,#4141);
#3465=AXIS2_PLACEMENT_3D('',#5077,#4142,#4143);
#3466=AXIS2_PLACEMENT_3D('',#5079,#4144,#4145);
#3467=AXIS2_PLACEMENT_3D('',#5082,#4147,#4148);
#3468=AXIS2_PLACEMENT_3D('',#5083,#4149,#4150);
#3469=AXIS2_PLACEMENT_3D('',#5084,#4151,#4152);
#3470=AXIS2_PLACEMENT_3D('',#5085,#4153,#4154);
#3471=AXIS2_PLACEMENT_3D('',#5087,#4155,#4156);
#3472=AXIS2_PLACEMENT_3D('',#5090,#4158,#4159);
#3473=AXIS2_PLACEMENT_3D('',#5091,#4160,#4161);
#3474=AXIS2_PLACEMENT_3D('',#5092,#4162,#4163);
#3475=AXIS2_PLACEMENT_3D('',#5093,#4164,#4165);
#3476=AXIS2_PLACEMENT_3D('',#5094,#4166,#4167);
#3477=AXIS2_PLACEMENT_3D('',#5096,#4168,#4169);
#3478=AXIS2_PLACEMENT_3D('',#5099,#4171,#4172);
#3479=AXIS2_PLACEMENT_3D('',#5100,#4173,#4174);
#3480=AXIS2_PLACEMENT_3D('',#5109,#4179,#4180);
#3481=AXIS2_PLACEMENT_3D('',#5111,#4181,#4182);
#3482=AXIS2_PLACEMENT_3D('',#5113,#4183,#4184);
#3483=AXIS2_PLACEMENT_3D('',#5115,#4186,#4187);
#3484=AXIS2_PLACEMENT_3D('',#5121,#4191,#4192);
#3485=AXIS2_PLACEMENT_3D('',#5127,#4196,#4197);
#3486=AXIS2_PLACEMENT_3D('',#5133,#4201,#4202);
#3487=AXIS2_PLACEMENT_3D('',#5135,#4203,#4204);
#3488=AXIS2_PLACEMENT_3D('',#5137,#4205,#4206);
#3489=AXIS2_PLACEMENT_3D('',#5139,#4208,#4209);
#3490=AXIS2_PLACEMENT_3D('',#5145,#4213,#4214);
#3491=AXIS2_PLACEMENT_3D('',#5151,#4218,#4219);
#3492=AXIS2_PLACEMENT_3D('',#5157,#4223,#4224);
#3493=AXIS2_PLACEMENT_3D('',#5159,#4225,#4226);
#3494=AXIS2_PLACEMENT_3D('',#5161,#4227,#4228);
#3495=AXIS2_PLACEMENT_3D('',#5163,#4230,#4231);
#3496=AXIS2_PLACEMENT_3D('',#5169,#4235,#4236);
#3497=AXIS2_PLACEMENT_3D('',#5175,#4240,#4241);
#3498=AXIS2_PLACEMENT_3D('',#5181,#4245,#4246);
#3499=AXIS2_PLACEMENT_3D('',#5183,#4247,#4248);
#3500=AXIS2_PLACEMENT_3D('',#5185,#4249,#4250);
#3501=AXIS2_PLACEMENT_3D('',#5187,#4252,#4253);
#3502=AXIS2_PLACEMENT_3D('',#5193,#4257,#4258);
#3503=AXIS2_PLACEMENT_3D('',#5199,#4262,#4263);
#3504=AXIS2_PLACEMENT_3D('',#5205,#4267,#4268);
#3505=AXIS2_PLACEMENT_3D('',#5207,#4269,#4270);
#3506=AXIS2_PLACEMENT_3D('',#5209,#4271,#4272);
#3507=AXIS2_PLACEMENT_3D('',#5211,#4274,#4275);
#3508=AXIS2_PLACEMENT_3D('',#5217,#4279,#4280);
#3509=AXIS2_PLACEMENT_3D('',#5223,#4284,#4285);
#3510=AXIS2_PLACEMENT_3D('',#5229,#4289,#4290);
#3511=AXIS2_PLACEMENT_3D('',#5231,#4291,#4292);
#3512=AXIS2_PLACEMENT_3D('',#5233,#4293,#4294);
#3513=AXIS2_PLACEMENT_3D('',#5235,#4296,#4297);
#3514=AXIS2_PLACEMENT_3D('',#5241,#4301,#4302);
#3515=AXIS2_PLACEMENT_3D('',#5247,#4306,#4307);
#3516=AXIS2_PLACEMENT_3D('',#5253,#4311,#4312);
#3517=AXIS2_PLACEMENT_3D('',#5255,#4313,#4314);
#3518=AXIS2_PLACEMENT_3D('',#5257,#4315,#4316);
#3519=AXIS2_PLACEMENT_3D('',#5259,#4318,#4319);
#3520=AXIS2_PLACEMENT_3D('',#5265,#4323,#4324);
#3521=AXIS2_PLACEMENT_3D('',#5271,#4328,#4329);
#3522=AXIS2_PLACEMENT_3D('',#5277,#4333,#4334);
#3523=AXIS2_PLACEMENT_3D('',#5279,#4335,#4336);
#3524=AXIS2_PLACEMENT_3D('',#5281,#4337,#4338);
#3525=AXIS2_PLACEMENT_3D('',#5283,#4340,#4341);
#3526=AXIS2_PLACEMENT_3D('',#5289,#4345,#4346);
#3527=AXIS2_PLACEMENT_3D('',#5295,#4350,#4351);
#3528=AXIS2_PLACEMENT_3D('',#5301,#4355,#4356);
#3529=AXIS2_PLACEMENT_3D('',#5303,#4357,#4358);
#3530=AXIS2_PLACEMENT_3D('',#5305,#4359,#4360);
#3531=AXIS2_PLACEMENT_3D('',#5307,#4362,#4363);
#3532=AXIS2_PLACEMENT_3D('',#5313,#4367,#4368);
#3533=AXIS2_PLACEMENT_3D('',#5319,#4372,#4373);
#3534=AXIS2_PLACEMENT_3D('',#5325,#4377,#4378);
#3535=AXIS2_PLACEMENT_3D('',#5327,#4379,#4380);
#3536=AXIS2_PLACEMENT_3D('',#5329,#4381,#4382);
#3537=AXIS2_PLACEMENT_3D('',#5331,#4384,#4385);
#3538=AXIS2_PLACEMENT_3D('',#5337,#4389,#4390);
#3539=AXIS2_PLACEMENT_3D('',#5343,#4394,#4395);
#3540=AXIS2_PLACEMENT_3D('',#5349,#4399,#4400);
#3541=AXIS2_PLACEMENT_3D('',#5351,#4401,#4402);
#3542=AXIS2_PLACEMENT_3D('',#5353,#4403,#4404);
#3543=AXIS2_PLACEMENT_3D('',#5355,#4406,#4407);
#3544=AXIS2_PLACEMENT_3D('',#5361,#4411,#4412);
#3545=AXIS2_PLACEMENT_3D('',#5367,#4416,#4417);
#3546=AXIS2_PLACEMENT_3D('',#5373,#4421,#4422);
#3547=AXIS2_PLACEMENT_3D('',#5375,#4423,#4424);
#3548=AXIS2_PLACEMENT_3D('',#5377,#4425,#4426);
#3549=AXIS2_PLACEMENT_3D('',#5379,#4428,#4429);
#3550=AXIS2_PLACEMENT_3D('',#5385,#4433,#4434);
#3551=AXIS2_PLACEMENT_3D('',#5388,#4437,#4438);
#3552=AXIS2_PLACEMENT_3D('',#5389,#4439,#4440);
#3553=AXIS2_PLACEMENT_3D('',#5390,#4441,#4442);
#3554=AXIS2_PLACEMENT_3D('',#5391,#4443,#4444);
#3555=AXIS2_PLACEMENT_3D('',#5392,#4445,#4446);
#3556=AXIS2_PLACEMENT_3D('',#5393,#4447,#4448);
#3557=AXIS2_PLACEMENT_3D('',#5394,#4449,#4450);
#3558=AXIS2_PLACEMENT_3D('',#5395,#4451,#4452);
#3559=AXIS2_PLACEMENT_3D('',#5396,#4453,#4454);
#3560=DIRECTION('axis',(0.,0.,1.));
#3561=DIRECTION('refdir',(1.,0.,0.));
#3562=DIRECTION('axis',(0.,0.,1.));
#3563=DIRECTION('refdir',(1.,0.,0.));
#3564=DIRECTION('center_axis',(1.,0.,0.));
#3565=DIRECTION('ref_axis',(0.,1.,0.));
#3566=DIRECTION('',(0.,-1.,0.));
#3567=DIRECTION('',(0.,0.,1.));
#3568=DIRECTION('',(0.,1.,0.));
#3569=DIRECTION('',(0.,0.,1.));
#3570=DIRECTION('center_axis',(0.,-1.,0.));
#3571=DIRECTION('ref_axis',(1.,0.,0.));
#3572=DIRECTION('',(-1.,0.,0.));
#3573=DIRECTION('',(1.,0.,0.));
#3574=DIRECTION('',(0.,0.,1.));
#3575=DIRECTION('center_axis',(-1.,0.,0.));
#3576=DIRECTION('ref_axis',(0.,-1.,0.));
#3577=DIRECTION('',(0.,1.,0.));
#3578=DIRECTION('',(0.,-1.,0.));
#3579=DIRECTION('',(0.,0.,1.));
#3580=DIRECTION('center_axis',(0.,1.,0.));
#3581=DIRECTION('ref_axis',(-1.,0.,0.));
#3582=DIRECTION('',(1.,0.,0.));
#3583=DIRECTION('',(-1.,0.,0.));
#3584=DIRECTION('center_axis',(0.,0.,1.));
#3585=DIRECTION('ref_axis',(1.,0.,0.));
#3586=DIRECTION('center_axis',(0.,0.,1.));
#3587=DIRECTION('ref_axis',(1.,0.,0.));
#3588=DIRECTION('axis',(0.,0.,1.));
#3589=DIRECTION('refdir',(1.,0.,0.));
#3590=DIRECTION('center_axis',(0.,0.,1.));
#3591=DIRECTION('ref_axis',(1.,0.,0.));
#3592=DIRECTION('center_axis',(0.,0.,-1.));
#3593=DIRECTION('ref_axis',(1.,0.,0.));
#3594=DIRECTION('',(0.,0.,-1.));
#3595=DIRECTION('center_axis',(0.,0.,-1.));
#3596=DIRECTION('ref_axis',(1.,0.,0.));
#3597=DIRECTION('center_axis',(1.,0.,0.));
#3598=DIRECTION('ref_axis',(0.,1.,0.));
#3599=DIRECTION('',(0.,-1.,0.));
#3600=DIRECTION('',(0.,0.,1.));
#3601=DIRECTION('',(0.,1.,0.));
#3602=DIRECTION('',(0.,0.,1.));
#3603=DIRECTION('center_axis',(0.,0.,1.));
#3604=DIRECTION('ref_axis',(-1.,0.,0.));
#3605=DIRECTION('center_axis',(0.,0.,1.));
#3606=DIRECTION('ref_axis',(-1.,0.,0.));
#3607=DIRECTION('center_axis',(0.,0.,-1.));
#3608=DIRECTION('ref_axis',(-1.,0.,0.));
#3609=DIRECTION('',(0.,0.,1.));
#3610=DIRECTION('center_axis',(-0.707106810993916,0.707106751379178,0.));
#3611=DIRECTION('ref_axis',(-0.707106751379177,-0.707106810993916,0.));
#3612=DIRECTION('',(-0.707106751379177,-0.707106810993916,0.));
#3613=DIRECTION('',(-0.707106751379177,-0.707106810993916,0.));
#3614=DIRECTION('',(0.,0.,1.));
#3615=DIRECTION('center_axis',(-1.,0.,0.));
#3616=DIRECTION('ref_axis',(0.,-1.,0.));
#3617=DIRECTION('',(0.,-1.,0.));
#3618=DIRECTION('',(0.,-1.,0.));
#3619=DIRECTION('',(0.,0.,1.));
#3620=DIRECTION('center_axis',(-0.707106810993917,-0.707106751379177,0.));
#3621=DIRECTION('ref_axis',(0.707106751379177,-0.707106810993917,0.));
#3622=DIRECTION('',(-0.707106751379177,0.707106810993917,0.));
#3623=DIRECTION('',(0.707106751379177,-0.707106810993917,0.));
#3624=DIRECTION('',(0.,0.,1.));
#3625=DIRECTION('center_axis',(0.,0.,1.));
#3626=DIRECTION('ref_axis',(0.707106810993916,0.707106751379178,0.));
#3627=DIRECTION('center_axis',(0.,0.,1.));
#3628=DIRECTION('ref_axis',(0.707106810993916,0.707106751379178,0.));
#3629=DIRECTION('center_axis',(0.,0.,-1.));
#3630=DIRECTION('ref_axis',(0.707106810993916,0.707106751379178,0.));
#3631=DIRECTION('',(0.,0.,1.));
#3632=DIRECTION('center_axis',(1.,-3.97517138033384E-16,0.));
#3633=DIRECTION('ref_axis',(3.97517138033384E-16,1.,0.));
#3634=DIRECTION('',(3.97517138033384E-16,1.,0.));
#3635=DIRECTION('',(3.97517138033384E-16,1.,0.));
#3636=DIRECTION('',(0.,0.,1.));
#3637=DIRECTION('center_axis',(0.,-1.,0.));
#3638=DIRECTION('ref_axis',(1.,0.,0.));
#3639=DIRECTION('',(-1.,0.,0.));
#3640=DIRECTION('',(1.,0.,0.));
#3641=DIRECTION('',(0.,0.,1.));
#3642=DIRECTION('center_axis',(-1.,0.,0.));
#3643=DIRECTION('ref_axis',(0.,-1.,0.));
#3644=DIRECTION('',(0.,-1.,0.));
#3645=DIRECTION('',(0.,-1.,0.));
#3646=DIRECTION('',(0.,0.,1.));
#3647=DIRECTION('center_axis',(0.,0.,1.));
#3648=DIRECTION('ref_axis',(0.,1.,0.));
#3649=DIRECTION('center_axis',(0.,0.,1.));
#3650=DIRECTION('ref_axis',(0.,1.,0.));
#3651=DIRECTION('center_axis',(0.,0.,1.));
#3652=DIRECTION('ref_axis',(0.,1.,0.));
#3653=DIRECTION('',(0.,0.,1.));
#3654=DIRECTION('center_axis',(0.,1.,0.));
#3655=DIRECTION('ref_axis',(-1.,0.,0.));
#3656=DIRECTION('',(-1.,0.,0.));
#3657=DIRECTION('',(-1.,0.,0.));
#3658=DIRECTION('',(0.,0.,1.));
#3659=DIRECTION('center_axis',(1.,0.,0.));
#3660=DIRECTION('ref_axis',(0.,1.,0.));
#3661=DIRECTION('',(0.,1.,0.));
#3662=DIRECTION('',(0.,1.,0.));
#3663=DIRECTION('',(0.,0.,1.));
#3664=DIRECTION('center_axis',(-3.97517138033384E-16,-1.,0.));
#3665=DIRECTION('ref_axis',(1.,-3.97517138033384E-16,0.));
#3666=DIRECTION('',(-1.,3.97517138033384E-16,0.));
#3667=DIRECTION('',(1.,-3.97517138033384E-16,0.));
#3668=DIRECTION('',(0.,0.,1.));
#3669=DIRECTION('center_axis',(0.,0.,1.));
#3670=DIRECTION('ref_axis',(0.,1.,0.));
#3671=DIRECTION('center_axis',(0.,0.,1.));
#3672=DIRECTION('ref_axis',(0.,1.,0.));
#3673=DIRECTION('center_axis',(0.,0.,-1.));
#3674=DIRECTION('ref_axis',(0.,1.,0.));
#3675=DIRECTION('',(0.,0.,1.));
#3676=DIRECTION('center_axis',(0.707106751379177,0.707106810993916,0.));
#3677=DIRECTION('ref_axis',(-0.707106810993916,0.707106751379177,0.));
#3678=DIRECTION('',(-0.707106810993916,0.707106751379177,0.));
#3679=DIRECTION('',(-0.707106810993916,0.707106751379177,0.));
#3680=DIRECTION('',(0.,0.,1.));
#3681=DIRECTION('center_axis',(-9.61365234731387E-9,1.,0.));
#3682=DIRECTION('ref_axis',(-1.,-9.61365234731387E-9,0.));
#3683=DIRECTION('',(-1.,-9.61365234731387E-9,0.));
#3684=DIRECTION('',(-1.,-9.61365234731387E-9,0.));
#3685=DIRECTION('',(0.,0.,1.));
#3686=DIRECTION('center_axis',(-0.707106751379178,0.707106810993916,0.));
#3687=DIRECTION('ref_axis',(-0.707106810993916,-0.707106751379178,0.));
#3688=DIRECTION('',(0.707106810993916,0.707106751379178,0.));
#3689=DIRECTION('',(-0.707106810993916,-0.707106751379178,0.));
#3690=DIRECTION('',(0.,0.,1.));
#3691=DIRECTION('center_axis',(0.,0.,1.));
#3692=DIRECTION('ref_axis',(0.707106751379179,-0.707106810993915,0.));
#3693=DIRECTION('center_axis',(0.,0.,1.));
#3694=DIRECTION('ref_axis',(0.707106751379179,-0.707106810993915,0.));
#3695=DIRECTION('center_axis',(0.,0.,-1.));
#3696=DIRECTION('ref_axis',(0.707106751379179,-0.707106810993915,0.));
#3697=DIRECTION('',(0.,0.,1.));
#3698=DIRECTION('center_axis',(0.,-1.,0.));
#3699=DIRECTION('ref_axis',(1.,0.,0.));
#3700=DIRECTION('',(1.,0.,0.));
#3701=DIRECTION('',(1.,0.,0.));
#3702=DIRECTION('',(0.,0.,1.));
#3703=DIRECTION('center_axis',(-1.,0.,0.));
#3704=DIRECTION('ref_axis',(0.,-1.,0.));
#3705=DIRECTION('',(0.,1.,0.));
#3706=DIRECTION('',(0.,-1.,0.));
#3707=DIRECTION('',(0.,0.,1.));
#3708=DIRECTION('center_axis',(0.,1.,0.));
#3709=DIRECTION('ref_axis',(-1.,0.,0.));
#3710=DIRECTION('',(-1.,0.,0.));
#3711=DIRECTION('',(-1.,0.,0.));
#3712=DIRECTION('',(0.,0.,1.));
#3713=DIRECTION('center_axis',(0.,0.,1.));
#3714=DIRECTION('ref_axis',(1.,0.,0.));
#3715=DIRECTION('center_axis',(0.,0.,1.));
#3716=DIRECTION('ref_axis',(1.,0.,0.));
#3717=DIRECTION('center_axis',(0.,0.,1.));
#3718=DIRECTION('ref_axis',(1.,0.,0.));
#3719=DIRECTION('',(0.,0.,1.));
#3720=DIRECTION('center_axis',(1.,0.,0.));
#3721=DIRECTION('ref_axis',(0.,1.,0.));
#3722=DIRECTION('',(0.,1.,0.));
#3723=DIRECTION('',(0.,1.,0.));
#3724=DIRECTION('',(0.,0.,1.));
#3725=DIRECTION('center_axis',(0.,-1.,0.));
#3726=DIRECTION('ref_axis',(1.,0.,0.));
#3727=DIRECTION('',(1.,0.,0.));
#3728=DIRECTION('',(1.,0.,0.));
#3729=DIRECTION('',(0.,0.,1.));
#3730=DIRECTION('center_axis',(-1.,-3.97517138033384E-16,0.));
#3731=DIRECTION('ref_axis',(3.97517138033384E-16,-1.,0.));
#3732=DIRECTION('',(-3.97517138033384E-16,1.,0.));
#3733=DIRECTION('',(3.97517138033384E-16,-1.,0.));
#3734=DIRECTION('',(0.,0.,1.));
#3735=DIRECTION('center_axis',(0.,0.,1.));
#3736=DIRECTION('ref_axis',(1.,0.,0.));
#3737=DIRECTION('center_axis',(0.,0.,1.));
#3738=DIRECTION('ref_axis',(1.,0.,0.));
#3739=DIRECTION('center_axis',(0.,0.,-1.));
#3740=DIRECTION('ref_axis',(1.,0.,0.));
#3741=DIRECTION('',(0.,0.,1.));
#3742=DIRECTION('center_axis',(0.707106810993917,-0.707106751379177,0.));
#3743=DIRECTION('ref_axis',(0.707106751379177,0.707106810993917,0.));
#3744=DIRECTION('',(0.707106751379177,0.707106810993917,0.));
#3745=DIRECTION('',(0.707106751379177,0.707106810993917,0.));
#3746=DIRECTION('',(0.,0.,1.));
#3747=DIRECTION('center_axis',(1.,-9.61365234731387E-9,0.));
#3748=DIRECTION('ref_axis',(9.61365234731387E-9,1.,0.));
#3749=DIRECTION('',(9.61365234731387E-9,1.,0.));
#3750=DIRECTION('',(9.61365234731387E-9,1.,0.));
#3751=DIRECTION('',(0.,0.,1.));
#3752=DIRECTION('center_axis',(0.707106810993916,0.707106751379177,0.));
#3753=DIRECTION('ref_axis',(-0.707106751379177,0.707106810993916,0.));
#3754=DIRECTION('',(0.707106751379177,-0.707106810993916,0.));
#3755=DIRECTION('',(-0.707106751379177,0.707106810993916,0.));
#3756=DIRECTION('',(0.,0.,1.));
#3757=DIRECTION('center_axis',(0.,0.,1.));
#3758=DIRECTION('ref_axis',(-0.707106810993913,-0.70710675137918,0.));
#3759=DIRECTION('center_axis',(0.,0.,1.));
#3760=DIRECTION('ref_axis',(-0.707106810993913,-0.70710675137918,0.));
#3761=DIRECTION('center_axis',(0.,0.,-1.));
#3762=DIRECTION('ref_axis',(-0.707106810993913,-0.70710675137918,0.));
#3763=DIRECTION('',(0.,0.,1.));
#3764=DIRECTION('center_axis',(-1.,3.97517138033384E-16,0.));
#3765=DIRECTION('ref_axis',(-3.97517138033384E-16,-1.,0.));
#3766=DIRECTION('',(-3.97517138033384E-16,-1.,0.));
#3767=DIRECTION('',(-3.97517138033384E-16,-1.,0.));
#3768=DIRECTION('',(0.,0.,1.));
#3769=DIRECTION('center_axis',(0.,1.,0.));
#3770=DIRECTION('ref_axis',(-1.,0.,0.));
#3771=DIRECTION('',(1.,0.,0.));
#3772=DIRECTION('',(-1.,0.,0.));
#3773=DIRECTION('',(0.,0.,1.));
#3774=DIRECTION('center_axis',(1.,0.,0.));
#3775=DIRECTION('ref_axis',(0.,1.,0.));
#3776=DIRECTION('',(0.,1.,0.));
#3777=DIRECTION('',(0.,1.,0.));
#3778=DIRECTION('',(0.,0.,1.));
#3779=DIRECTION('center_axis',(0.,0.,1.));
#3780=DIRECTION('ref_axis',(0.,-1.,0.));
#3781=DIRECTION('center_axis',(0.,0.,1.));
#3782=DIRECTION('ref_axis',(0.,-1.,0.));
#3783=DIRECTION('center_axis',(0.,0.,1.));
#3784=DIRECTION('ref_axis',(0.,-1.,0.));
#3785=DIRECTION('',(0.,0.,1.));
#3786=DIRECTION('center_axis',(0.,-1.,0.));
#3787=DIRECTION('ref_axis',(1.,0.,0.));
#3788=DIRECTION('',(1.,0.,0.));
#3789=DIRECTION('',(1.,0.,0.));
#3790=DIRECTION('',(0.,0.,1.));
#3791=DIRECTION('center_axis',(-1.,0.,0.));
#3792=DIRECTION('ref_axis',(0.,-1.,0.));
#3793=DIRECTION('',(0.,-1.,0.));
#3794=DIRECTION('',(0.,-1.,0.));
#3795=DIRECTION('',(0.,0.,1.));
#3796=DIRECTION('center_axis',(0.,1.,0.));
#3797=DIRECTION('ref_axis',(-1.,0.,0.));
#3798=DIRECTION('',(1.,0.,0.));
#3799=DIRECTION('',(-1.,0.,0.));
#3800=DIRECTION('',(0.,0.,1.));
#3801=DIRECTION('center_axis',(0.,0.,1.));
#3802=DIRECTION('ref_axis',(4.44089209850061E-15,-1.,0.));
#3803=DIRECTION('center_axis',(0.,0.,1.));
#3804=DIRECTION('ref_axis',(4.44089209850061E-15,-1.,0.));
#3805=DIRECTION('center_axis',(0.,0.,-1.));
#3806=DIRECTION('ref_axis',(4.44089209850061E-15,-1.,0.));
#3807=DIRECTION('',(0.,0.,1.));
#3808=DIRECTION('center_axis',(-0.707106751379177,-0.707106810993916,0.));
#3809=DIRECTION('ref_axis',(0.707106810993916,-0.707106751379177,0.));
#3810=DIRECTION('',(0.707106810993916,-0.707106751379177,0.));
#3811=DIRECTION('',(0.707106810993916,-0.707106751379177,0.));
#3812=DIRECTION('',(0.,0.,1.));
#3813=DIRECTION('center_axis',(9.61365234731387E-9,-1.,0.));
#3814=DIRECTION('ref_axis',(1.,9.61365234731387E-9,0.));
#3815=DIRECTION('',(1.,9.61365234731387E-9,0.));
#3816=DIRECTION('',(1.,9.61365234731387E-9,0.));
#3817=DIRECTION('',(0.,0.,1.));
#3818=DIRECTION('center_axis',(0.707106751379178,-0.707106810993916,0.));
#3819=DIRECTION('ref_axis',(0.707106810993916,0.707106751379177,0.));
#3820=DIRECTION('',(-0.707106810993916,-0.707106751379177,0.));
#3821=DIRECTION('',(0.707106810993916,0.707106751379177,0.));
#3822=DIRECTION('',(0.,0.,1.));
#3823=DIRECTION('center_axis',(0.,0.,1.));
#3824=DIRECTION('ref_axis',(-0.707106751379175,0.707106810993919,0.));
#3825=DIRECTION('center_axis',(0.,0.,1.));
#3826=DIRECTION('ref_axis',(-0.707106751379175,0.707106810993919,0.));
#3827=DIRECTION('center_axis',(0.,0.,-1.));
#3828=DIRECTION('ref_axis',(-0.707106751379175,0.707106810993919,0.));
#3829=DIRECTION('',(0.,0.,1.));
#3830=DIRECTION('center_axis',(0.,1.,0.));
#3831=DIRECTION('ref_axis',(-1.,0.,0.));
#3832=DIRECTION('',(-1.,0.,0.));
#3833=DIRECTION('',(-1.,0.,0.));
#3834=DIRECTION('',(0.,0.,1.));
#3835=DIRECTION('center_axis',(1.,0.,0.));
#3836=DIRECTION('ref_axis',(0.,1.,0.));
#3837=DIRECTION('',(0.,-1.,0.));
#3838=DIRECTION('',(0.,1.,0.));
#3839=DIRECTION('',(0.,0.,1.));
#3840=DIRECTION('center_axis',(0.,-1.,0.));
#3841=DIRECTION('ref_axis',(1.,0.,0.));
#3842=DIRECTION('',(1.,0.,0.));
#3843=DIRECTION('',(1.,0.,0.));
#3844=DIRECTION('',(0.,0.,1.));
#3845=DIRECTION('center_axis',(0.,0.,1.));
#3846=DIRECTION('ref_axis',(-1.,0.,0.));
#3847=DIRECTION('center_axis',(0.,0.,1.));
#3848=DIRECTION('ref_axis',(-1.,0.,0.));
#3849=DIRECTION('center_axis',(0.,0.,1.));
#3850=DIRECTION('ref_axis',(-1.,0.,0.));
#3851=DIRECTION('',(0.,0.,1.));
#3852=DIRECTION('center_axis',(-1.,0.,0.));
#3853=DIRECTION('ref_axis',(0.,-1.,0.));
#3854=DIRECTION('',(0.,-1.,0.));
#3855=DIRECTION('',(0.,-1.,0.));
#3856=DIRECTION('',(0.,0.,1.));
#3857=DIRECTION('center_axis',(0.,1.,0.));
#3858=DIRECTION('ref_axis',(-1.,0.,0.));
#3859=DIRECTION('',(-1.,0.,0.));
#3860=DIRECTION('',(-1.,0.,0.));
#3861=DIRECTION('center_axis',(0.,0.,1.));
#3862=DIRECTION('ref_axis',(1.,0.,0.));
#3863=DIRECTION('center_axis',(0.,0.,1.));
#3864=DIRECTION('ref_axis',(1.,0.,0.));
#3865=DIRECTION('axis',(0.,0.,1.));
#3866=DIRECTION('refdir',(1.,0.,0.));
#3867=DIRECTION('center_axis',(0.,0.,1.));
#3868=DIRECTION('ref_axis',(1.,0.,0.));
#3869=DIRECTION('center_axis',(0.,0.,-1.));
#3870=DIRECTION('ref_axis',(1.,0.,0.));
#3871=DIRECTION('',(0.,0.,-1.));
#3872=DIRECTION('center_axis',(0.,0.,-1.));
#3873=DIRECTION('ref_axis',(1.,0.,0.));
#3874=DIRECTION('center_axis',(1.,0.,0.));
#3875=DIRECTION('ref_axis',(0.,1.,0.));
#3876=DIRECTION('',(0.,-1.,0.));
#3877=DIRECTION('',(0.,0.,1.));
#3878=DIRECTION('',(0.,1.,0.));
#3879=DIRECTION('',(0.,0.,1.));
#3880=DIRECTION('center_axis',(0.,0.,1.));
#3881=DIRECTION('ref_axis',(-1.,0.,0.));
#3882=DIRECTION('center_axis',(0.,0.,1.));
#3883=DIRECTION('ref_axis',(-1.,0.,0.));
#3884=DIRECTION('center_axis',(0.,0.,-1.));
#3885=DIRECTION('ref_axis',(-1.,0.,0.));
#3886=DIRECTION('',(0.,0.,1.));
#3887=DIRECTION('center_axis',(-0.707106810993916,0.707106751379178,0.));
#3888=DIRECTION('ref_axis',(-0.707106751379177,-0.707106810993916,0.));
#3889=DIRECTION('',(-0.707106751379177,-0.707106810993916,0.));
#3890=DIRECTION('',(-0.707106751379177,-0.707106810993916,0.));
#3891=DIRECTION('',(0.,0.,1.));
#3892=DIRECTION('center_axis',(-1.,0.,0.));
#3893=DIRECTION('ref_axis',(0.,-1.,0.));
#3894=DIRECTION('',(0.,-1.,0.));
#3895=DIRECTION('',(0.,-1.,0.));
#3896=DIRECTION('',(0.,0.,1.));
#3897=DIRECTION('center_axis',(-0.707106810993917,-0.707106751379177,0.));
#3898=DIRECTION('ref_axis',(0.707106751379177,-0.707106810993917,0.));
#3899=DIRECTION('',(-0.707106751379177,0.707106810993917,0.));
#3900=DIRECTION('',(0.707106751379177,-0.707106810993917,0.));
#3901=DIRECTION('',(0.,0.,1.));
#3902=DIRECTION('center_axis',(0.,0.,1.));
#3903=DIRECTION('ref_axis',(0.707106810993916,0.707106751379178,0.));
#3904=DIRECTION('center_axis',(0.,0.,1.));
#3905=DIRECTION('ref_axis',(0.707106810993916,0.707106751379178,0.));
#3906=DIRECTION('center_axis',(0.,0.,-1.));
#3907=DIRECTION('ref_axis',(0.707106810993916,0.707106751379178,0.));
#3908=DIRECTION('',(0.,0.,1.));
#3909=DIRECTION('center_axis',(1.,-3.97517138033384E-16,0.));
#3910=DIRECTION('ref_axis',(3.97517138033384E-16,1.,0.));
#3911=DIRECTION('',(3.97517138033384E-16,1.,0.));
#3912=DIRECTION('',(3.97517138033384E-16,1.,0.));
#3913=DIRECTION('',(0.,0.,1.));
#3914=DIRECTION('center_axis',(0.,-1.,0.));
#3915=DIRECTION('ref_axis',(1.,0.,0.));
#3916=DIRECTION('',(-1.,0.,0.));
#3917=DIRECTION('',(1.,0.,0.));
#3918=DIRECTION('',(0.,0.,1.));
#3919=DIRECTION('center_axis',(-1.,0.,0.));
#3920=DIRECTION('ref_axis',(0.,-1.,0.));
#3921=DIRECTION('',(0.,-1.,0.));
#3922=DIRECTION('',(0.,-1.,0.));
#3923=DIRECTION('',(0.,0.,1.));
#3924=DIRECTION('center_axis',(0.,0.,1.));
#3925=DIRECTION('ref_axis',(0.,1.,0.));
#3926=DIRECTION('center_axis',(0.,0.,1.));
#3927=DIRECTION('ref_axis',(0.,1.,0.));
#3928=DIRECTION('center_axis',(0.,0.,1.));
#3929=DIRECTION('ref_axis',(0.,1.,0.));
#3930=DIRECTION('',(0.,0.,1.));
#3931=DIRECTION('center_axis',(0.,1.,0.));
#3932=DIRECTION('ref_axis',(-1.,0.,0.));
#3933=DIRECTION('',(-1.,0.,0.));
#3934=DIRECTION('',(-1.,0.,0.));
#3935=DIRECTION('',(0.,0.,1.));
#3936=DIRECTION('center_axis',(1.,0.,0.));
#3937=DIRECTION('ref_axis',(0.,1.,0.));
#3938=DIRECTION('',(0.,1.,0.));
#3939=DIRECTION('',(0.,1.,0.));
#3940=DIRECTION('',(0.,0.,1.));
#3941=DIRECTION('center_axis',(-3.97517138033384E-16,-1.,0.));
#3942=DIRECTION('ref_axis',(1.,-3.97517138033384E-16,0.));
#3943=DIRECTION('',(-1.,3.97517138033384E-16,0.));
#3944=DIRECTION('',(1.,-3.97517138033384E-16,0.));
#3945=DIRECTION('',(0.,0.,1.));
#3946=DIRECTION('center_axis',(0.,0.,1.));
#3947=DIRECTION('ref_axis',(0.,1.,0.));
#3948=DIRECTION('center_axis',(0.,0.,1.));
#3949=DIRECTION('ref_axis',(0.,1.,0.));
#3950=DIRECTION('center_axis',(0.,0.,-1.));
#3951=DIRECTION('ref_axis',(0.,1.,0.));
#3952=DIRECTION('',(0.,0.,1.));
#3953=DIRECTION('center_axis',(0.707106751379177,0.707106810993916,0.));
#3954=DIRECTION('ref_axis',(-0.707106810993916,0.707106751379177,0.));
#3955=DIRECTION('',(-0.707106810993916,0.707106751379177,0.));
#3956=DIRECTION('',(-0.707106810993916,0.707106751379177,0.));
#3957=DIRECTION('',(0.,0.,1.));
#3958=DIRECTION('center_axis',(-9.61365234731387E-9,1.,0.));
#3959=DIRECTION('ref_axis',(-1.,-9.61365234731387E-9,0.));
#3960=DIRECTION('',(-1.,-9.61365234731387E-9,0.));
#3961=DIRECTION('',(-1.,-9.61365234731387E-9,0.));
#3962=DIRECTION('',(0.,0.,1.));
#3963=DIRECTION('center_axis',(-0.707106751379178,0.707106810993916,0.));
#3964=DIRECTION('ref_axis',(-0.707106810993916,-0.707106751379178,0.));
#3965=DIRECTION('',(0.707106810993916,0.707106751379178,0.));
#3966=DIRECTION('',(-0.707106810993916,-0.707106751379178,0.));
#3967=DIRECTION('',(0.,0.,1.));
#3968=DIRECTION('center_axis',(0.,0.,1.));
#3969=DIRECTION('ref_axis',(0.707106751379179,-0.707106810993915,0.));
#3970=DIRECTION('center_axis',(0.,0.,1.));
#3971=DIRECTION('ref_axis',(0.707106751379179,-0.707106810993915,0.));
#3972=DIRECTION('center_axis',(0.,0.,-1.));
#3973=DIRECTION('ref_axis',(0.707106751379179,-0.707106810993915,0.));
#3974=DIRECTION('',(0.,0.,1.));
#3975=DIRECTION('center_axis',(0.,-1.,0.));
#3976=DIRECTION('ref_axis',(1.,0.,0.));
#3977=DIRECTION('',(1.,0.,0.));
#3978=DIRECTION('',(1.,0.,0.));
#3979=DIRECTION('',(0.,0.,1.));
#3980=DIRECTION('center_axis',(-1.,0.,0.));
#3981=DIRECTION('ref_axis',(0.,-1.,0.));
#3982=DIRECTION('',(0.,1.,0.));
#3983=DIRECTION('',(0.,-1.,0.));
#3984=DIRECTION('',(0.,0.,1.));
#3985=DIRECTION('center_axis',(0.,1.,0.));
#3986=DIRECTION('ref_axis',(-1.,0.,0.));
#3987=DIRECTION('',(-1.,0.,0.));
#3988=DIRECTION('',(-1.,0.,0.));
#3989=DIRECTION('',(0.,0.,1.));
#3990=DIRECTION('center_axis',(0.,0.,1.));
#3991=DIRECTION('ref_axis',(1.,0.,0.));
#3992=DIRECTION('center_axis',(0.,0.,1.));
#3993=DIRECTION('ref_axis',(1.,0.,0.));
#3994=DIRECTION('center_axis',(0.,0.,1.));
#3995=DIRECTION('ref_axis',(1.,0.,0.));
#3996=DIRECTION('',(0.,0.,1.));
#3997=DIRECTION('center_axis',(1.,0.,0.));
#3998=DIRECTION('ref_axis',(0.,1.,0.));
#3999=DIRECTION('',(0.,1.,0.));
#4000=DIRECTION('',(0.,1.,0.));
#4001=DIRECTION('',(0.,0.,1.));
#4002=DIRECTION('center_axis',(0.,-1.,0.));
#4003=DIRECTION('ref_axis',(1.,0.,0.));
#4004=DIRECTION('',(1.,0.,0.));
#4005=DIRECTION('',(1.,0.,0.));
#4006=DIRECTION('',(0.,0.,1.));
#4007=DIRECTION('center_axis',(-1.,-3.97517138033384E-16,0.));
#4008=DIRECTION('ref_axis',(3.97517138033384E-16,-1.,0.));
#4009=DIRECTION('',(-3.97517138033384E-16,1.,0.));
#4010=DIRECTION('',(3.97517138033384E-16,-1.,0.));
#4011=DIRECTION('',(0.,0.,1.));
#4012=DIRECTION('center_axis',(0.,0.,1.));
#4013=DIRECTION('ref_axis',(1.,0.,0.));
#4014=DIRECTION('center_axis',(0.,0.,1.));
#4015=DIRECTION('ref_axis',(1.,0.,0.));
#4016=DIRECTION('center_axis',(0.,0.,-1.));
#4017=DIRECTION('ref_axis',(1.,0.,0.));
#4018=DIRECTION('',(0.,0.,1.));
#4019=DIRECTION('center_axis',(0.707106810993917,-0.707106751379177,0.));
#4020=DIRECTION('ref_axis',(0.707106751379177,0.707106810993917,0.));
#4021=DIRECTION('',(0.707106751379177,0.707106810993917,0.));
#4022=DIRECTION('',(0.707106751379177,0.707106810993917,0.));
#4023=DIRECTION('',(0.,0.,1.));
#4024=DIRECTION('center_axis',(1.,-9.61365234731387E-9,0.));
#4025=DIRECTION('ref_axis',(9.61365234731387E-9,1.,0.));
#4026=DIRECTION('',(9.61365234731387E-9,1.,0.));
#4027=DIRECTION('',(9.61365234731387E-9,1.,0.));
#4028=DIRECTION('',(0.,0.,1.));
#4029=DIRECTION('center_axis',(0.707106810993916,0.707106751379177,0.));
#4030=DIRECTION('ref_axis',(-0.707106751379177,0.707106810993916,0.));
#4031=DIRECTION('',(0.707106751379177,-0.707106810993916,0.));
#4032=DIRECTION('',(-0.707106751379177,0.707106810993916,0.));
#4033=DIRECTION('',(0.,0.,1.));
#4034=DIRECTION('center_axis',(0.,0.,1.));
#4035=DIRECTION('ref_axis',(-0.707106810993913,-0.70710675137918,0.));
#4036=DIRECTION('center_axis',(0.,0.,1.));
#4037=DIRECTION('ref_axis',(-0.707106810993913,-0.70710675137918,0.));
#4038=DIRECTION('center_axis',(0.,0.,-1.));
#4039=DIRECTION('ref_axis',(-0.707106810993913,-0.70710675137918,0.));
#4040=DIRECTION('',(0.,0.,1.));
#4041=DIRECTION('center_axis',(-1.,3.97517138033384E-16,0.));
#4042=DIRECTION('ref_axis',(-3.97517138033384E-16,-1.,0.));
#4043=DIRECTION('',(-3.97517138033384E-16,-1.,0.));
#4044=DIRECTION('',(-3.97517138033384E-16,-1.,0.));
#4045=DIRECTION('',(0.,0.,1.));
#4046=DIRECTION('center_axis',(0.,1.,0.));
#4047=DIRECTION('ref_axis',(-1.,0.,0.));
#4048=DIRECTION('',(1.,0.,0.));
#4049=DIRECTION('',(-1.,0.,0.));
#4050=DIRECTION('',(0.,0.,1.));
#4051=DIRECTION('center_axis',(1.,0.,0.));
#4052=DIRECTION('ref_axis',(0.,1.,0.));
#4053=DIRECTION('',(0.,1.,0.));
#4054=DIRECTION('',(0.,1.,0.));
#4055=DIRECTION('',(0.,0.,1.));
#4056=DIRECTION('center_axis',(0.,0.,1.));
#4057=DIRECTION('ref_axis',(0.,-1.,0.));
#4058=DIRECTION('center_axis',(0.,0.,1.));
#4059=DIRECTION('ref_axis',(0.,-1.,0.));
#4060=DIRECTION('center_axis',(0.,0.,1.));
#4061=DIRECTION('ref_axis',(0.,-1.,0.));
#4062=DIRECTION('',(0.,0.,1.));
#4063=DIRECTION('center_axis',(0.,-1.,0.));
#4064=DIRECTION('ref_axis',(1.,0.,0.));
#4065=DIRECTION('',(1.,0.,0.));
#4066=DIRECTION('',(1.,0.,0.));
#4067=DIRECTION('',(0.,0.,1.));
#4068=DIRECTION('center_axis',(-1.,0.,0.));
#4069=DIRECTION('ref_axis',(0.,-1.,0.));
#4070=DIRECTION('',(0.,-1.,0.));
#4071=DIRECTION('',(0.,-1.,0.));
#4072=DIRECTION('',(0.,0.,1.));
#4073=DIRECTION('center_axis',(0.,1.,0.));
#4074=DIRECTION('ref_axis',(-1.,0.,0.));
#4075=DIRECTION('',(1.,0.,0.));
#4076=DIRECTION('',(-1.,0.,0.));
#4077=DIRECTION('',(0.,0.,1.));
#4078=DIRECTION('center_axis',(0.,0.,1.));
#4079=DIRECTION('ref_axis',(4.44089209850061E-15,-1.,0.));
#4080=DIRECTION('center_axis',(0.,0.,1.));
#4081=DIRECTION('ref_axis',(4.44089209850061E-15,-1.,0.));
#4082=DIRECTION('center_axis',(0.,0.,-1.));
#4083=DIRECTION('ref_axis',(4.44089209850061E-15,-1.,0.));
#4084=DIRECTION('',(0.,0.,1.));
#4085=DIRECTION('center_axis',(-0.707106751379177,-0.707106810993916,0.));
#4086=DIRECTION('ref_axis',(0.707106810993916,-0.707106751379177,0.));
#4087=DIRECTION('',(0.707106810993916,-0.707106751379177,0.));
#4088=DIRECTION('',(0.707106810993916,-0.707106751379177,0.));
#4089=DIRECTION('',(0.,0.,1.));
#4090=DIRECTION('center_axis',(9.61365234731387E-9,-1.,0.));
#4091=DIRECTION('ref_axis',(1.,9.61365234731387E-9,0.));
#4092=DIRECTION('',(1.,9.61365234731387E-9,0.));
#4093=DIRECTION('',(1.,9.61365234731387E-9,0.));
#4094=DIRECTION('',(0.,0.,1.));
#4095=DIRECTION('center_axis',(0.707106751379178,-0.707106810993916,0.));
#4096=DIRECTION('ref_axis',(0.707106810993916,0.707106751379177,0.));
#4097=DIRECTION('',(-0.707106810993916,-0.707106751379177,0.));
#4098=DIRECTION('',(0.707106810993916,0.707106751379177,0.));
#4099=DIRECTION('',(0.,0.,1.));
#4100=DIRECTION('center_axis',(0.,0.,1.));
#4101=DIRECTION('ref_axis',(-0.707106751379175,0.707106810993919,0.));
#4102=DIRECTION('center_axis',(0.,0.,1.));
#4103=DIRECTION('ref_axis',(-0.707106751379175,0.707106810993919,0.));
#4104=DIRECTION('center_axis',(0.,0.,-1.));
#4105=DIRECTION('ref_axis',(-0.707106751379175,0.707106810993919,0.));
#4106=DIRECTION('',(0.,0.,1.));
#4107=DIRECTION('center_axis',(0.,1.,0.));
#4108=DIRECTION('ref_axis',(-1.,0.,0.));
#4109=DIRECTION('',(-1.,0.,0.));
#4110=DIRECTION('',(-1.,0.,0.));
#4111=DIRECTION('',(0.,0.,1.));
#4112=DIRECTION('center_axis',(1.,0.,0.));
#4113=DIRECTION('ref_axis',(0.,1.,0.));
#4114=DIRECTION('',(0.,-1.,0.));
#4115=DIRECTION('',(0.,1.,0.));
#4116=DIRECTION('',(0.,0.,1.));
#4117=DIRECTION('center_axis',(0.,-1.,0.));
#4118=DIRECTION('ref_axis',(1.,0.,0.));
#4119=DIRECTION('',(1.,0.,0.));
#4120=DIRECTION('',(1.,0.,0.));
#4121=DIRECTION('',(0.,0.,1.));
#4122=DIRECTION('center_axis',(0.,0.,1.));
#4123=DIRECTION('ref_axis',(-1.,0.,0.));
#4124=DIRECTION('center_axis',(0.,0.,1.));
#4125=DIRECTION('ref_axis',(-1.,0.,0.));
#4126=DIRECTION('center_axis',(0.,0.,1.));
#4127=DIRECTION('ref_axis',(-1.,0.,0.));
#4128=DIRECTION('',(0.,0.,1.));
#4129=DIRECTION('center_axis',(-1.,0.,0.));
#4130=DIRECTION('ref_axis',(0.,-1.,0.));
#4131=DIRECTION('',(0.,-1.,0.));
#4132=DIRECTION('',(0.,-1.,0.));
#4133=DIRECTION('',(0.,0.,1.));
#4134=DIRECTION('center_axis',(0.,1.,0.));
#4135=DIRECTION('ref_axis',(-1.,0.,0.));
#4136=DIRECTION('',(-1.,0.,0.));
#4137=DIRECTION('',(-1.,0.,0.));
#4138=DIRECTION('center_axis',(0.,0.,1.));
#4139=DIRECTION('ref_axis',(1.,0.,0.));
#4140=DIRECTION('center_axis',(0.,0.,1.));
#4141=DIRECTION('ref_axis',(1.,0.,0.));
#4142=DIRECTION('center_axis',(0.,1.,0.));
#4143=DIRECTION('ref_axis',(1.,0.,0.));
#4144=DIRECTION('center_axis',(0.,1.,0.));
#4145=DIRECTION('ref_axis',(1.,0.,0.));
#4146=DIRECTION('',(0.,-1.,0.));
#4147=DIRECTION('center_axis',(0.,1.,0.));
#4148=DIRECTION('ref_axis',(1.,0.,0.));
#4149=DIRECTION('center_axis',(0.,1.,0.));
#4150=DIRECTION('ref_axis',(1.,0.,0.));
#4151=DIRECTION('center_axis',(0.,1.,0.));
#4152=DIRECTION('ref_axis',(1.,0.,0.));
#4153=DIRECTION('center_axis',(0.,1.,0.));
#4154=DIRECTION('ref_axis',(1.,0.,0.));
#4155=DIRECTION('center_axis',(0.,1.,0.));
#4156=DIRECTION('ref_axis',(1.,0.,0.));
#4157=DIRECTION('',(0.,-1.,0.));
#4158=DIRECTION('center_axis',(0.,1.,0.));
#4159=DIRECTION('ref_axis',(1.,0.,0.));
#4160=DIRECTION('center_axis',(0.,1.,0.));
#4161=DIRECTION('ref_axis',(1.,0.,0.));
#4162=DIRECTION('center_axis',(0.,1.,0.));
#4163=DIRECTION('ref_axis',(1.,0.,0.));
#4164=DIRECTION('axis',(0.,0.,1.));
#4165=DIRECTION('refdir',(1.,0.,0.));
#4166=DIRECTION('center_axis',(0.,0.,1.));
#4167=DIRECTION('ref_axis',(1.,0.,0.));
#4168=DIRECTION('center_axis',(0.,0.,-1.));
#4169=DIRECTION('ref_axis',(1.,0.,0.));
#4170=DIRECTION('',(0.,0.,-1.));
#4171=DIRECTION('center_axis',(0.,0.,-1.));
#4172=DIRECTION('ref_axis',(1.,0.,0.));
#4173=DIRECTION('center_axis',(1.,0.,0.));
#4174=DIRECTION('ref_axis',(0.,1.,0.));
#4175=DIRECTION('',(0.,-1.,0.));
#4176=DIRECTION('',(0.,0.,1.));
#4177=DIRECTION('',(0.,1.,0.));
#4178=DIRECTION('',(0.,0.,1.));
#4179=DIRECTION('center_axis',(0.,0.,1.));
#4180=DIRECTION('ref_axis',(-1.,0.,0.));
#4181=DIRECTION('center_axis',(0.,0.,1.));
#4182=DIRECTION('ref_axis',(-1.,0.,0.));
#4183=DIRECTION('center_axis',(0.,0.,-1.));
#4184=DIRECTION('ref_axis',(-1.,0.,0.));
#4185=DIRECTION('',(0.,0.,1.));
#4186=DIRECTION('center_axis',(-0.707106810993916,0.707106751379178,0.));
#4187=DIRECTION('ref_axis',(-0.707106751379177,-0.707106810993916,0.));
#4188=DIRECTION('',(-0.707106751379177,-0.707106810993916,0.));
#4189=DIRECTION('',(-0.707106751379177,-0.707106810993916,0.));
#4190=DIRECTION('',(0.,0.,1.));
#4191=DIRECTION('center_axis',(-1.,0.,0.));
#4192=DIRECTION('ref_axis',(0.,-1.,0.));
#4193=DIRECTION('',(0.,-1.,0.));
#4194=DIRECTION('',(0.,-1.,0.));
#4195=DIRECTION('',(0.,0.,1.));
#4196=DIRECTION('center_axis',(-0.707106810993917,-0.707106751379177,0.));
#4197=DIRECTION('ref_axis',(0.707106751379177,-0.707106810993917,0.));
#4198=DIRECTION('',(-0.707106751379177,0.707106810993917,0.));
#4199=DIRECTION('',(0.707106751379177,-0.707106810993917,0.));
#4200=DIRECTION('',(0.,0.,1.));
#4201=DIRECTION('center_axis',(0.,0.,1.));
#4202=DIRECTION('ref_axis',(0.707106810993916,0.707106751379178,0.));
#4203=DIRECTION('center_axis',(0.,0.,1.));
#4204=DIRECTION('ref_axis',(0.707106810993916,0.707106751379178,0.));
#4205=DIRECTION('center_axis',(0.,0.,-1.));
#4206=DIRECTION('ref_axis',(0.707106810993916,0.707106751379178,0.));
#4207=DIRECTION('',(0.,0.,1.));
#4208=DIRECTION('center_axis',(1.,-3.97517138033384E-16,0.));
#4209=DIRECTION('ref_axis',(3.97517138033384E-16,1.,0.));
#4210=DIRECTION('',(3.97517138033384E-16,1.,0.));
#4211=DIRECTION('',(3.97517138033384E-16,1.,0.));
#4212=DIRECTION('',(0.,0.,1.));
#4213=DIRECTION('center_axis',(0.,-1.,0.));
#4214=DIRECTION('ref_axis',(1.,0.,0.));
#4215=DIRECTION('',(-1.,0.,0.));
#4216=DIRECTION('',(1.,0.,0.));
#4217=DIRECTION('',(0.,0.,1.));
#4218=DIRECTION('center_axis',(-1.,0.,0.));
#4219=DIRECTION('ref_axis',(0.,-1.,0.));
#4220=DIRECTION('',(0.,-1.,0.));
#4221=DIRECTION('',(0.,-1.,0.));
#4222=DIRECTION('',(0.,0.,1.));
#4223=DIRECTION('center_axis',(0.,0.,1.));
#4224=DIRECTION('ref_axis',(0.,1.,0.));
#4225=DIRECTION('center_axis',(0.,0.,1.));
#4226=DIRECTION('ref_axis',(0.,1.,0.));
#4227=DIRECTION('center_axis',(0.,0.,1.));
#4228=DIRECTION('ref_axis',(0.,1.,0.));
#4229=DIRECTION('',(0.,0.,1.));
#4230=DIRECTION('center_axis',(0.,1.,0.));
#4231=DIRECTION('ref_axis',(-1.,0.,0.));
#4232=DIRECTION('',(-1.,0.,0.));
#4233=DIRECTION('',(-1.,0.,0.));
#4234=DIRECTION('',(0.,0.,1.));
#4235=DIRECTION('center_axis',(1.,0.,0.));
#4236=DIRECTION('ref_axis',(0.,1.,0.));
#4237=DIRECTION('',(0.,1.,0.));
#4238=DIRECTION('',(0.,1.,0.));
#4239=DIRECTION('',(0.,0.,1.));
#4240=DIRECTION('center_axis',(-3.97517138033384E-16,-1.,0.));
#4241=DIRECTION('ref_axis',(1.,-3.97517138033384E-16,0.));
#4242=DIRECTION('',(-1.,3.97517138033384E-16,0.));
#4243=DIRECTION('',(1.,-3.97517138033384E-16,0.));
#4244=DIRECTION('',(0.,0.,1.));
#4245=DIRECTION('center_axis',(0.,0.,1.));
#4246=DIRECTION('ref_axis',(0.,1.,0.));
#4247=DIRECTION('center_axis',(0.,0.,1.));
#4248=DIRECTION('ref_axis',(0.,1.,0.));
#4249=DIRECTION('center_axis',(0.,0.,-1.));
#4250=DIRECTION('ref_axis',(0.,1.,0.));
#4251=DIRECTION('',(0.,0.,1.));
#4252=DIRECTION('center_axis',(0.707106751379177,0.707106810993916,0.));
#4253=DIRECTION('ref_axis',(-0.707106810993916,0.707106751379177,0.));
#4254=DIRECTION('',(-0.707106810993916,0.707106751379177,0.));
#4255=DIRECTION('',(-0.707106810993916,0.707106751379177,0.));
#4256=DIRECTION('',(0.,0.,1.));
#4257=DIRECTION('center_axis',(-9.61365234731387E-9,1.,0.));
#4258=DIRECTION('ref_axis',(-1.,-9.61365234731387E-9,0.));
#4259=DIRECTION('',(-1.,-9.61365234731387E-9,0.));
#4260=DIRECTION('',(-1.,-9.61365234731387E-9,0.));
#4261=DIRECTION('',(0.,0.,1.));
#4262=DIRECTION('center_axis',(-0.707106751379178,0.707106810993916,0.));
#4263=DIRECTION('ref_axis',(-0.707106810993916,-0.707106751379178,0.));
#4264=DIRECTION('',(0.707106810993916,0.707106751379178,0.));
#4265=DIRECTION('',(-0.707106810993916,-0.707106751379178,0.));
#4266=DIRECTION('',(0.,0.,1.));
#4267=DIRECTION('center_axis',(0.,0.,1.));
#4268=DIRECTION('ref_axis',(0.707106751379179,-0.707106810993915,0.));
#4269=DIRECTION('center_axis',(0.,0.,1.));
#4270=DIRECTION('ref_axis',(0.707106751379179,-0.707106810993915,0.));
#4271=DIRECTION('center_axis',(0.,0.,-1.));
#4272=DIRECTION('ref_axis',(0.707106751379179,-0.707106810993915,0.));
#4273=DIRECTION('',(0.,0.,1.));
#4274=DIRECTION('center_axis',(0.,-1.,0.));
#4275=DIRECTION('ref_axis',(1.,0.,0.));
#4276=DIRECTION('',(1.,0.,0.));
#4277=DIRECTION('',(1.,0.,0.));
#4278=DIRECTION('',(0.,0.,1.));
#4279=DIRECTION('center_axis',(-1.,0.,0.));
#4280=DIRECTION('ref_axis',(0.,-1.,0.));
#4281=DIRECTION('',(0.,1.,0.));
#4282=DIRECTION('',(0.,-1.,0.));
#4283=DIRECTION('',(0.,0.,1.));
#4284=DIRECTION('center_axis',(0.,1.,0.));
#4285=DIRECTION('ref_axis',(-1.,0.,0.));
#4286=DIRECTION('',(-1.,0.,0.));
#4287=DIRECTION('',(-1.,0.,0.));
#4288=DIRECTION('',(0.,0.,1.));
#4289=DIRECTION('center_axis',(0.,0.,1.));
#4290=DIRECTION('ref_axis',(1.,0.,0.));
#4291=DIRECTION('center_axis',(0.,0.,1.));
#4292=DIRECTION('ref_axis',(1.,0.,0.));
#4293=DIRECTION('center_axis',(0.,0.,1.));
#4294=DIRECTION('ref_axis',(1.,0.,0.));
#4295=DIRECTION('',(0.,0.,1.));
#4296=DIRECTION('center_axis',(1.,0.,0.));
#4297=DIRECTION('ref_axis',(0.,1.,0.));
#4298=DIRECTION('',(0.,1.,0.));
#4299=DIRECTION('',(0.,1.,0.));
#4300=DIRECTION('',(0.,0.,1.));
#4301=DIRECTION('center_axis',(0.,-1.,0.));
#4302=DIRECTION('ref_axis',(1.,0.,0.));
#4303=DIRECTION('',(1.,0.,0.));
#4304=DIRECTION('',(1.,0.,0.));
#4305=DIRECTION('',(0.,0.,1.));
#4306=DIRECTION('center_axis',(-1.,-3.97517138033384E-16,0.));
#4307=DIRECTION('ref_axis',(3.97517138033384E-16,-1.,0.));
#4308=DIRECTION('',(-3.97517138033384E-16,1.,0.));
#4309=DIRECTION('',(3.97517138033384E-16,-1.,0.));
#4310=DIRECTION('',(0.,0.,1.));
#4311=DIRECTION('center_axis',(0.,0.,1.));
#4312=DIRECTION('ref_axis',(1.,0.,0.));
#4313=DIRECTION('center_axis',(0.,0.,1.));
#4314=DIRECTION('ref_axis',(1.,0.,0.));
#4315=DIRECTION('center_axis',(0.,0.,-1.));
#4316=DIRECTION('ref_axis',(1.,0.,0.));
#4317=DIRECTION('',(0.,0.,1.));
#4318=DIRECTION('center_axis',(0.707106810993917,-0.707106751379177,0.));
#4319=DIRECTION('ref_axis',(0.707106751379177,0.707106810993917,0.));
#4320=DIRECTION('',(0.707106751379177,0.707106810993917,0.));
#4321=DIRECTION('',(0.707106751379177,0.707106810993917,0.));
#4322=DIRECTION('',(0.,0.,1.));
#4323=DIRECTION('center_axis',(1.,-9.61365234731387E-9,0.));
#4324=DIRECTION('ref_axis',(9.61365234731387E-9,1.,0.));
#4325=DIRECTION('',(9.61365234731387E-9,1.,0.));
#4326=DIRECTION('',(9.61365234731387E-9,1.,0.));
#4327=DIRECTION('',(0.,0.,1.));
#4328=DIRECTION('center_axis',(0.707106810993916,0.707106751379177,0.));
#4329=DIRECTION('ref_axis',(-0.707106751379177,0.707106810993916,0.));
#4330=DIRECTION('',(0.707106751379177,-0.707106810993916,0.));
#4331=DIRECTION('',(-0.707106751379177,0.707106810993916,0.));
#4332=DIRECTION('',(0.,0.,1.));
#4333=DIRECTION('center_axis',(0.,0.,1.));
#4334=DIRECTION('ref_axis',(-0.707106810993913,-0.70710675137918,0.));
#4335=DIRECTION('center_axis',(0.,0.,1.));
#4336=DIRECTION('ref_axis',(-0.707106810993913,-0.70710675137918,0.));
#4337=DIRECTION('center_axis',(0.,0.,-1.));
#4338=DIRECTION('ref_axis',(-0.707106810993913,-0.70710675137918,0.));
#4339=DIRECTION('',(0.,0.,1.));
#4340=DIRECTION('center_axis',(-1.,3.97517138033384E-16,0.));
#4341=DIRECTION('ref_axis',(-3.97517138033384E-16,-1.,0.));
#4342=DIRECTION('',(-3.97517138033384E-16,-1.,0.));
#4343=DIRECTION('',(-3.97517138033384E-16,-1.,0.));
#4344=DIRECTION('',(0.,0.,1.));
#4345=DIRECTION('center_axis',(0.,1.,0.));
#4346=DIRECTION('ref_axis',(-1.,0.,0.));
#4347=DIRECTION('',(1.,0.,0.));
#4348=DIRECTION('',(-1.,0.,0.));
#4349=DIRECTION('',(0.,0.,1.));
#4350=DIRECTION('center_axis',(1.,0.,0.));
#4351=DIRECTION('ref_axis',(0.,1.,0.));
#4352=DIRECTION('',(0.,1.,0.));
#4353=DIRECTION('',(0.,1.,0.));
#4354=DIRECTION('',(0.,0.,1.));
#4355=DIRECTION('center_axis',(0.,0.,1.));
#4356=DIRECTION('ref_axis',(0.,-1.,0.));
#4357=DIRECTION('center_axis',(0.,0.,1.));
#4358=DIRECTION('ref_axis',(0.,-1.,0.));
#4359=DIRECTION('center_axis',(0.,0.,1.));
#4360=DIRECTION('ref_axis',(0.,-1.,0.));
#4361=DIRECTION('',(0.,0.,1.));
#4362=DIRECTION('center_axis',(0.,-1.,0.));
#4363=DIRECTION('ref_axis',(1.,0.,0.));
#4364=DIRECTION('',(1.,0.,0.));
#4365=DIRECTION('',(1.,0.,0.));
#4366=DIRECTION('',(0.,0.,1.));
#4367=DIRECTION('center_axis',(-1.,0.,0.));
#4368=DIRECTION('ref_axis',(0.,-1.,0.));
#4369=DIRECTION('',(0.,-1.,0.));
#4370=DIRECTION('',(0.,-1.,0.));
#4371=DIRECTION('',(0.,0.,1.));
#4372=DIRECTION('center_axis',(0.,1.,0.));
#4373=DIRECTION('ref_axis',(-1.,0.,0.));
#4374=DIRECTION('',(1.,0.,0.));
#4375=DIRECTION('',(-1.,0.,0.));
#4376=DIRECTION('',(0.,0.,1.));
#4377=DIRECTION('center_axis',(0.,0.,1.));
#4378=DIRECTION('ref_axis',(4.44089209850061E-15,-1.,0.));
#4379=DIRECTION('center_axis',(0.,0.,1.));
#4380=DIRECTION('ref_axis',(4.44089209850061E-15,-1.,0.));
#4381=DIRECTION('center_axis',(0.,0.,-1.));
#4382=DIRECTION('ref_axis',(4.44089209850061E-15,-1.,0.));
#4383=DIRECTION('',(0.,0.,1.));
#4384=DIRECTION('center_axis',(-0.707106751379177,-0.707106810993916,0.));
#4385=DIRECTION('ref_axis',(0.707106810993916,-0.707106751379177,0.));
#4386=DIRECTION('',(0.707106810993916,-0.707106751379177,0.));
#4387=DIRECTION('',(0.707106810993916,-0.707106751379177,0.));
#4388=DIRECTION('',(0.,0.,1.));
#4389=DIRECTION('center_axis',(9.61365234731387E-9,-1.,0.));
#4390=DIRECTION('ref_axis',(1.,9.61365234731387E-9,0.));
#4391=DIRECTION('',(1.,9.61365234731387E-9,0.));
#4392=DIRECTION('',(1.,9.61365234731387E-9,0.));
#4393=DIRECTION('',(0.,0.,1.));
#4394=DIRECTION('center_axis',(0.707106751379178,-0.707106810993916,0.));
#4395=DIRECTION('ref_axis',(0.707106810993916,0.707106751379177,0.));
#4396=DIRECTION('',(-0.707106810993916,-0.707106751379177,0.));
#4397=DIRECTION('',(0.707106810993916,0.707106751379177,0.));
#4398=DIRECTION('',(0.,0.,1.));
#4399=DIRECTION('center_axis',(0.,0.,1.));
#4400=DIRECTION('ref_axis',(-0.707106751379175,0.707106810993919,0.));
#4401=DIRECTION('center_axis',(0.,0.,1.));
#4402=DIRECTION('ref_axis',(-0.707106751379175,0.707106810993919,0.));
#4403=DIRECTION('center_axis',(0.,0.,-1.));
#4404=DIRECTION('ref_axis',(-0.707106751379175,0.707106810993919,0.));
#4405=DIRECTION('',(0.,0.,1.));
#4406=DIRECTION('center_axis',(0.,1.,0.));
#4407=DIRECTION('ref_axis',(-1.,0.,0.));
#4408=DIRECTION('',(-1.,0.,0.));
#4409=DIRECTION('',(-1.,0.,0.));
#4410=DIRECTION('',(0.,0.,1.));
#4411=DIRECTION('center_axis',(1.,0.,0.));
#4412=DIRECTION('ref_axis',(0.,1.,0.));
#4413=DIRECTION('',(0.,-1.,0.));
#4414=DIRECTION('',(0.,1.,0.));
#4415=DIRECTION('',(0.,0.,1.));
#4416=DIRECTION('center_axis',(0.,-1.,0.));
#4417=DIRECTION('ref_axis',(1.,0.,0.));
#4418=DIRECTION('',(1.,0.,0.));
#4419=DIRECTION('',(1.,0.,0.));
#4420=DIRECTION('',(0.,0.,1.));
#4421=DIRECTION('center_axis',(0.,0.,1.));
#4422=DIRECTION('ref_axis',(-1.,0.,0.));
#4423=DIRECTION('center_axis',(0.,0.,1.));
#4424=DIRECTION('ref_axis',(-1.,0.,0.));
#4425=DIRECTION('center_axis',(0.,0.,1.));
#4426=DIRECTION('ref_axis',(-1.,0.,0.));
#4427=DIRECTION('',(0.,0.,1.));
#4428=DIRECTION('center_axis',(-1.,0.,0.));
#4429=DIRECTION('ref_axis',(0.,-1.,0.));
#4430=DIRECTION('',(0.,-1.,0.));
#4431=DIRECTION('',(0.,-1.,0.));
#4432=DIRECTION('',(0.,0.,1.));
#4433=DIRECTION('center_axis',(0.,1.,0.));
#4434=DIRECTION('ref_axis',(-1.,0.,0.));
#4435=DIRECTION('',(-1.,0.,0.));
#4436=DIRECTION('',(-1.,0.,0.));
#4437=DIRECTION('center_axis',(0.,0.,1.));
#4438=DIRECTION('ref_axis',(1.,0.,0.));
#4439=DIRECTION('center_axis',(0.,0.,1.));
#4440=DIRECTION('ref_axis',(1.,0.,0.));
#4441=DIRECTION('',(0.,0.,1.));
#4442=DIRECTION('',(1.,0.,0.));
#4443=DIRECTION('',(-1.,6.12323399573678E-17,5.23331378232683E-14));
#4444=DIRECTION('',(5.23331378232683E-14,-3.20448048623014E-30,1.));
#4445=DIRECTION('',(-1.,6.12323399573677E-17,6.46149800331841E-14));
#4446=DIRECTION('',(6.46149800331841E-14,-3.95652642373045E-30,1.));
#4447=DIRECTION('',(2.00950367457153E-14,-1.,-1.06055061439021E-27));
#4448=DIRECTION('',(5.23943701632257E-14,-7.85638401459471E-30,1.));
#4449=DIRECTION('',(-1.,-1.77333647065935E-41,5.23943701632257E-14));
#4450=DIRECTION('',(5.23943701632256E-14,-7.85638401459481E-30,1.));
#4451=DIRECTION('',(-3.30291349825984E-15,-1.,1.70701195851136E-28));
#4452=DIRECTION('',(-5.23935771467795E-14,1.61686320625768E-30,-1.));
#4453=DIRECTION('',(-1.,-5.9994838711598E-43,5.23943701632257E-14));
#4454=DIRECTION('',(5.23943701632257E-14,-7.85638401459463E-30,1.));
#4455=CARTESIAN_POINT('',(0.,0.,0.));
#4456=CARTESIAN_POINT('',(0.,0.,0.));
#4457=CARTESIAN_POINT('Origin',(350.,-150.,0.));
#4458=CARTESIAN_POINT('',(350.,150.,0.));
#4459=CARTESIAN_POINT('',(350.,-150.,0.));
#4460=CARTESIAN_POINT('',(350.,150.,0.));
#4461=CARTESIAN_POINT('',(350.,150.,1.));
#4462=CARTESIAN_POINT('',(350.,150.,0.));
#4463=CARTESIAN_POINT('',(350.,-150.,1.));
#4464=CARTESIAN_POINT('',(350.,150.,1.));
#4465=CARTESIAN_POINT('',(350.,-150.,0.));
#4466=CARTESIAN_POINT('Origin',(-350.,-150.,0.));
#4467=CARTESIAN_POINT('',(-350.,-150.,0.));
#4468=CARTESIAN_POINT('',(350.,-150.,0.));
#4469=CARTESIAN_POINT('',(-350.,-150.,1.));
#4470=CARTESIAN_POINT('',(350.,-150.,1.));
#4471=CARTESIAN_POINT('',(-350.,-150.,0.));
#4472=CARTESIAN_POINT('Origin',(-350.,150.,0.));
#4473=CARTESIAN_POINT('',(-350.,150.,0.));
#4474=CARTESIAN_POINT('',(-350.,-150.,0.));
#4475=CARTESIAN_POINT('',(-350.,150.,1.));
#4476=CARTESIAN_POINT('',(-350.,-150.,1.));
#4477=CARTESIAN_POINT('',(-350.,150.,0.));
#4478=CARTESIAN_POINT('Origin',(350.,150.,0.));
#4479=CARTESIAN_POINT('',(-350.,150.,0.));
#4480=CARTESIAN_POINT('',(-350.,150.,1.));
#4481=CARTESIAN_POINT('Origin',(0.,0.,1.));
#4482=CARTESIAN_POINT('Origin',(0.,0.,0.));
#4483=CARTESIAN_POINT('',(0.,0.,0.));
#4484=CARTESIAN_POINT('Origin',(0.,0.,0.));
#4485=CARTESIAN_POINT('',(-2.,-2.44929359829471E-16,700.));
#4486=CARTESIAN_POINT('Origin',(0.,0.,700.));
#4487=CARTESIAN_POINT('',(-2.,-2.44929359829471E-16,0.));
#4488=CARTESIAN_POINT('',(-2.,-2.44929359829471E-16,0.));
#4489=CARTESIAN_POINT('Origin',(0.,0.,0.));
#4490=CARTESIAN_POINT('Origin',(-8.00000005960465,-5.89289348408399,0.));
#4491=CARTESIAN_POINT('',(-8.00000005960465,-3.1,0.));
#4492=CARTESIAN_POINT('',(-8.00000005960465,-5.89289348408399,0.));
#4493=CARTESIAN_POINT('',(-8.00000005960465,-3.1,0.));
#4494=CARTESIAN_POINT('',(-8.00000005960465,-3.1,700.));
#4495=CARTESIAN_POINT('',(-8.00000005960465,-3.1,0.));
#4496=CARTESIAN_POINT('',(-8.00000005960465,-5.89289348408399,700.));
#4497=CARTESIAN_POINT('',(-8.00000005960465,-3.1,700.));
#4498=CARTESIAN_POINT('',(-8.00000005960465,-5.89289348408399,0.));
#4499=CARTESIAN_POINT('Origin',(-7.50000005960464,-5.89289348408399,0.));
#4500=CARTESIAN_POINT('',(-7.14644665410769,-6.24644685977358,0.));
#4501=CARTESIAN_POINT('Origin',(-7.50000005960464,-5.89289348408399,0.));
#4502=CARTESIAN_POINT('',(-7.14644665410769,-6.24644685977358,700.));
#4503=CARTESIAN_POINT('Origin',(-7.50000005960464,-5.89289348408399,700.));
#4504=CARTESIAN_POINT('',(-7.14644665410769,-6.24644685977358,0.));
#4505=CARTESIAN_POINT('Origin',(-4.00000005960464,-3.1,0.));
#4506=CARTESIAN_POINT('',(-4.00000005960464,-3.1,0.));
#4507=CARTESIAN_POINT('',(-4.00000005960464,-3.1,0.));
#4508=CARTESIAN_POINT('',(-4.00000005960464,-3.1,700.));
#4509=CARTESIAN_POINT('',(-4.00000005960464,-3.1,700.));
#4510=CARTESIAN_POINT('',(-4.00000005960464,-3.1,0.));
#4511=CARTESIAN_POINT('Origin',(-4.00000005960464,3.1,0.));
#4512=CARTESIAN_POINT('',(-4.00000005960464,3.1,0.));
#4513=CARTESIAN_POINT('',(-4.00000005960464,3.1,0.));
#4514=CARTESIAN_POINT('',(-4.00000005960464,3.1,700.));
#4515=CARTESIAN_POINT('',(-4.00000005960464,3.1,700.));
#4516=CARTESIAN_POINT('',(-4.00000005960464,3.1,0.));
#4517=CARTESIAN_POINT('Origin',(-7.14644665410769,6.24644685977359,0.));
#4518=CARTESIAN_POINT('',(-7.14644665410769,6.24644685977359,0.));
#4519=CARTESIAN_POINT('',(-4.00000005960464,3.1,0.));
#4520=CARTESIAN_POINT('',(-7.14644665410769,6.24644685977359,700.));
#4521=CARTESIAN_POINT('',(-4.00000005960464,3.1,700.));
#4522=CARTESIAN_POINT('',(-7.14644665410769,6.24644685977359,0.));
#4523=CARTESIAN_POINT('Origin',(-7.50000005960464,5.892893484084,0.));
#4524=CARTESIAN_POINT('',(-8.00000005960464,5.892893484084,0.));
#4525=CARTESIAN_POINT('Origin',(-7.50000005960464,5.892893484084,0.));
#4526=CARTESIAN_POINT('',(-8.00000005960464,5.892893484084,700.));
#4527=CARTESIAN_POINT('Origin',(-7.50000005960464,5.892893484084,700.));
#4528=CARTESIAN_POINT('',(-8.00000005960464,5.892893484084,0.));
#4529=CARTESIAN_POINT('Origin',(-8.00000005960465,3.1,0.));
#4530=CARTESIAN_POINT('',(-8.00000005960465,3.1,0.));
#4531=CARTESIAN_POINT('',(-8.00000005960465,3.1,0.));
#4532=CARTESIAN_POINT('',(-8.00000005960465,3.1,700.));
#4533=CARTESIAN_POINT('',(-8.00000005960465,3.1,700.));
#4534=CARTESIAN_POINT('',(-8.00000005960465,3.1,0.));
#4535=CARTESIAN_POINT('Origin',(-10.,3.1,0.));
#4536=CARTESIAN_POINT('',(-10.,3.1,0.));
#4537=CARTESIAN_POINT('',(-8.00000005960465,3.1,0.));
#4538=CARTESIAN_POINT('',(-10.,3.1,700.));
#4539=CARTESIAN_POINT('',(-8.00000005960465,3.1,700.));
#4540=CARTESIAN_POINT('',(-10.,3.1,0.));
#4541=CARTESIAN_POINT('Origin',(-10.,9.,0.));
#4542=CARTESIAN_POINT('',(-10.,9.,0.));
#4543=CARTESIAN_POINT('',(-10.,9.,0.));
#4544=CARTESIAN_POINT('',(-10.,9.,700.));
#4545=CARTESIAN_POINT('',(-10.,9.,700.));
#4546=CARTESIAN_POINT('',(-10.,9.,0.));
#4547=CARTESIAN_POINT('Origin',(-9.,9.,0.));
#4548=CARTESIAN_POINT('',(-9.,10.,0.));
#4549=CARTESIAN_POINT('Origin',(-9.,9.,0.));
#4550=CARTESIAN_POINT('',(-9.,10.,700.));
#4551=CARTESIAN_POINT('Origin',(-9.,9.,700.));
#4552=CARTESIAN_POINT('',(-9.,10.,0.));
#4553=CARTESIAN_POINT('Origin',(-3.1,10.,0.));
#4554=CARTESIAN_POINT('',(-3.1,10.,0.));
#4555=CARTESIAN_POINT('',(-3.1,10.,0.));
#4556=CARTESIAN_POINT('',(-3.1,10.,700.));
#4557=CARTESIAN_POINT('',(-3.1,10.,700.));
#4558=CARTESIAN_POINT('',(-3.1,10.,0.));
#4559=CARTESIAN_POINT('Origin',(-3.1,8.00000005960464,0.));
#4560=CARTESIAN_POINT('',(-3.1,8.00000005960464,0.));
#4561=CARTESIAN_POINT('',(-3.1,8.00000005960464,0.));
#4562=CARTESIAN_POINT('',(-3.1,8.00000005960464,700.));
#4563=CARTESIAN_POINT('',(-3.1,8.00000005960464,700.));
#4564=CARTESIAN_POINT('',(-3.1,8.00000005960464,0.));
#4565=CARTESIAN_POINT('Origin',(-5.892893484084,8.00000005960465,0.));
#4566=CARTESIAN_POINT('',(-5.892893484084,8.00000005960465,0.));
#4567=CARTESIAN_POINT('',(-3.1,8.00000005960464,0.));
#4568=CARTESIAN_POINT('',(-5.892893484084,8.00000005960465,700.));
#4569=CARTESIAN_POINT('',(-3.1,8.00000005960464,700.));
#4570=CARTESIAN_POINT('',(-5.892893484084,8.00000005960465,0.));
#4571=CARTESIAN_POINT('Origin',(-5.892893484084,7.50000005960465,0.));
#4572=CARTESIAN_POINT('',(-6.24644685977359,7.14644665410769,0.));
#4573=CARTESIAN_POINT('Origin',(-5.892893484084,7.50000005960465,0.));
#4574=CARTESIAN_POINT('',(-6.24644685977359,7.14644665410769,700.));
#4575=CARTESIAN_POINT('Origin',(-5.892893484084,7.50000005960465,700.));
#4576=CARTESIAN_POINT('',(-6.24644685977359,7.14644665410769,0.));
#4577=CARTESIAN_POINT('Origin',(-3.1,4.00000005960464,0.));
#4578=CARTESIAN_POINT('',(-3.1,4.00000005960464,0.));
#4579=CARTESIAN_POINT('',(-3.1,4.00000005960464,0.));
#4580=CARTESIAN_POINT('',(-3.1,4.00000005960464,700.));
#4581=CARTESIAN_POINT('',(-3.1,4.00000005960464,700.));
#4582=CARTESIAN_POINT('',(-3.1,4.00000005960464,0.));
#4583=CARTESIAN_POINT('Origin',(3.1,4.00000005960464,0.));
#4584=CARTESIAN_POINT('',(3.1,4.00000005960464,0.));
#4585=CARTESIAN_POINT('',(3.1,4.00000005960464,0.));
#4586=CARTESIAN_POINT('',(3.1,4.00000005960464,700.));
#4587=CARTESIAN_POINT('',(3.1,4.00000005960464,700.));
#4588=CARTESIAN_POINT('',(3.1,4.00000005960464,0.));
#4589=CARTESIAN_POINT('Origin',(6.24644685977359,7.14644665410769,0.));
#4590=CARTESIAN_POINT('',(6.24644685977359,7.14644665410769,0.));
#4591=CARTESIAN_POINT('',(3.1,4.00000005960464,0.));
#4592=CARTESIAN_POINT('',(6.24644685977359,7.14644665410769,700.));
#4593=CARTESIAN_POINT('',(3.1,4.00000005960464,700.));
#4594=CARTESIAN_POINT('',(6.24644685977359,7.14644665410769,0.));
#4595=CARTESIAN_POINT('Origin',(5.892893484084,7.50000005960465,0.));
#4596=CARTESIAN_POINT('',(5.892893484084,8.00000005960464,0.));
#4597=CARTESIAN_POINT('Origin',(5.892893484084,7.50000005960465,0.));
#4598=CARTESIAN_POINT('',(5.892893484084,8.00000005960464,700.));
#4599=CARTESIAN_POINT('Origin',(5.892893484084,7.50000005960465,700.));
#4600=CARTESIAN_POINT('',(5.892893484084,8.00000005960464,0.));
#4601=CARTESIAN_POINT('Origin',(3.1,8.00000005960464,0.));
#4602=CARTESIAN_POINT('',(3.1,8.00000005960464,0.));
#4603=CARTESIAN_POINT('',(3.1,8.00000005960464,0.));
#4604=CARTESIAN_POINT('',(3.1,8.00000005960464,700.));
#4605=CARTESIAN_POINT('',(3.1,8.00000005960464,700.));
#4606=CARTESIAN_POINT('',(3.1,8.00000005960464,0.));
#4607=CARTESIAN_POINT('Origin',(3.1,10.,0.));
#4608=CARTESIAN_POINT('',(3.1,10.,0.));
#4609=CARTESIAN_POINT('',(3.1,8.00000005960464,0.));
#4610=CARTESIAN_POINT('',(3.1,10.,700.));
#4611=CARTESIAN_POINT('',(3.1,8.00000005960464,700.));
#4612=CARTESIAN_POINT('',(3.1,10.,0.));
#4613=CARTESIAN_POINT('Origin',(9.,10.,0.));
#4614=CARTESIAN_POINT('',(9.,10.,0.));
#4615=CARTESIAN_POINT('',(9.,10.,0.));
#4616=CARTESIAN_POINT('',(9.,10.,700.));
#4617=CARTESIAN_POINT('',(9.,10.,700.));
#4618=CARTESIAN_POINT('',(9.,10.,0.));
#4619=CARTESIAN_POINT('Origin',(9.,9.,0.));
#4620=CARTESIAN_POINT('',(10.,9.,0.));
#4621=CARTESIAN_POINT('Origin',(9.,9.,0.));
#4622=CARTESIAN_POINT('',(10.,9.,700.));
#4623=CARTESIAN_POINT('Origin',(9.,9.,700.));
#4624=CARTESIAN_POINT('',(10.,9.,0.));
#4625=CARTESIAN_POINT('Origin',(10.,3.1,0.));
#4626=CARTESIAN_POINT('',(10.,3.1,0.));
#4627=CARTESIAN_POINT('',(10.,3.1,0.));
#4628=CARTESIAN_POINT('',(10.,3.1,700.));
#4629=CARTESIAN_POINT('',(10.,3.1,700.));
#4630=CARTESIAN_POINT('',(10.,3.1,0.));
#4631=CARTESIAN_POINT('Origin',(8.00000005960465,3.1,0.));
#4632=CARTESIAN_POINT('',(8.00000005960465,3.1,0.));
#4633=CARTESIAN_POINT('',(8.00000005960465,3.1,0.));
#4634=CARTESIAN_POINT('',(8.00000005960465,3.1,700.));
#4635=CARTESIAN_POINT('',(8.00000005960465,3.1,700.));
#4636=CARTESIAN_POINT('',(8.00000005960465,3.1,0.));
#4637=CARTESIAN_POINT('Origin',(8.00000005960464,5.892893484084,0.));
#4638=CARTESIAN_POINT('',(8.00000005960464,5.892893484084,0.));
#4639=CARTESIAN_POINT('',(8.00000005960465,3.1,0.));
#4640=CARTESIAN_POINT('',(8.00000005960465,5.892893484084,700.));
#4641=CARTESIAN_POINT('',(8.00000005960465,3.1,700.));
#4642=CARTESIAN_POINT('',(8.00000005960464,5.892893484084,0.));
#4643=CARTESIAN_POINT('Origin',(7.50000005960464,5.892893484084,0.));
#4644=CARTESIAN_POINT('',(7.14644665410769,6.24644685977359,0.));
#4645=CARTESIAN_POINT('Origin',(7.50000005960464,5.892893484084,0.));
#4646=CARTESIAN_POINT('',(7.14644665410769,6.24644685977359,700.));
#4647=CARTESIAN_POINT('Origin',(7.50000005960464,5.892893484084,700.));
#4648=CARTESIAN_POINT('',(7.14644665410769,6.24644685977359,0.));
#4649=CARTESIAN_POINT('Origin',(4.00000005960464,3.1,0.));
#4650=CARTESIAN_POINT('',(4.00000005960464,3.1,0.));
#4651=CARTESIAN_POINT('',(4.00000005960464,3.1,0.));
#4652=CARTESIAN_POINT('',(4.00000005960464,3.1,700.));
#4653=CARTESIAN_POINT('',(4.00000005960464,3.1,700.));
#4654=CARTESIAN_POINT('',(4.00000005960464,3.1,0.));
#4655=CARTESIAN_POINT('Origin',(4.,-3.1,0.));
#4656=CARTESIAN_POINT('',(4.00000005960464,-3.1,0.));
#4657=CARTESIAN_POINT('',(4.,-3.1,0.));
#4658=CARTESIAN_POINT('',(4.00000005960464,-3.1,700.));
#4659=CARTESIAN_POINT('',(4.,-3.1,700.));
#4660=CARTESIAN_POINT('',(4.00000005960464,-3.1,0.));
#4661=CARTESIAN_POINT('Origin',(7.14644665410769,-6.24644685977359,0.));
#4662=CARTESIAN_POINT('',(7.14644665410769,-6.24644685977359,0.));
#4663=CARTESIAN_POINT('',(4.00000005960464,-3.1,0.));
#4664=CARTESIAN_POINT('',(7.14644665410769,-6.24644685977359,700.));
#4665=CARTESIAN_POINT('',(4.00000005960464,-3.1,700.));
#4666=CARTESIAN_POINT('',(7.14644665410769,-6.24644685977359,0.));
#4667=CARTESIAN_POINT('Origin',(7.50000005960464,-5.89289348408399,0.));
#4668=CARTESIAN_POINT('',(8.00000005960464,-5.892893484084,0.));
#4669=CARTESIAN_POINT('Origin',(7.50000005960464,-5.89289348408399,0.));
#4670=CARTESIAN_POINT('',(8.00000005960465,-5.892893484084,700.));
#4671=CARTESIAN_POINT('Origin',(7.50000005960464,-5.89289348408399,700.));
#4672=CARTESIAN_POINT('',(8.00000005960464,-5.892893484084,0.));
#4673=CARTESIAN_POINT('Origin',(8.00000005960465,-3.1,0.));
#4674=CARTESIAN_POINT('',(8.00000005960465,-3.1,0.));
#4675=CARTESIAN_POINT('',(8.00000005960465,-3.1,0.));
#4676=CARTESIAN_POINT('',(8.00000005960465,-3.1,700.));
#4677=CARTESIAN_POINT('',(8.00000005960465,-3.1,700.));
#4678=CARTESIAN_POINT('',(8.00000005960465,-3.1,0.));
#4679=CARTESIAN_POINT('Origin',(10.,-3.1,0.));
#4680=CARTESIAN_POINT('',(10.,-3.1,0.));
#4681=CARTESIAN_POINT('',(8.00000005960465,-3.1,0.));
#4682=CARTESIAN_POINT('',(10.,-3.1,700.));
#4683=CARTESIAN_POINT('',(8.00000005960465,-3.1,700.));
#4684=CARTESIAN_POINT('',(10.,-3.1,0.));
#4685=CARTESIAN_POINT('Origin',(10.,-9.,0.));
#4686=CARTESIAN_POINT('',(10.,-9.,0.));
#4687=CARTESIAN_POINT('',(10.,-9.,0.));
#4688=CARTESIAN_POINT('',(10.,-9.,700.));
#4689=CARTESIAN_POINT('',(10.,-9.,700.));
#4690=CARTESIAN_POINT('',(10.,-9.,0.));
#4691=CARTESIAN_POINT('Origin',(9.,-9.,0.));
#4692=CARTESIAN_POINT('',(9.,-10.,0.));
#4693=CARTESIAN_POINT('Origin',(9.,-9.,0.));
#4694=CARTESIAN_POINT('',(9.,-10.,700.));
#4695=CARTESIAN_POINT('Origin',(9.,-9.,700.));
#4696=CARTESIAN_POINT('',(9.,-10.,0.));
#4697=CARTESIAN_POINT('Origin',(3.1,-10.,0.));
#4698=CARTESIAN_POINT('',(3.1,-10.,0.));
#4699=CARTESIAN_POINT('',(3.1,-10.,0.));
#4700=CARTESIAN_POINT('',(3.1,-10.,700.));
#4701=CARTESIAN_POINT('',(3.1,-10.,700.));
#4702=CARTESIAN_POINT('',(3.1,-10.,0.));
#4703=CARTESIAN_POINT('Origin',(3.1,-8.00000005960464,0.));
#4704=CARTESIAN_POINT('',(3.1,-8.00000005960464,0.));
#4705=CARTESIAN_POINT('',(3.1,-8.00000005960464,0.));
#4706=CARTESIAN_POINT('',(3.1,-8.00000005960464,700.));
#4707=CARTESIAN_POINT('',(3.1,-8.00000005960464,700.));
#4708=CARTESIAN_POINT('',(3.1,-8.00000005960464,0.));
#4709=CARTESIAN_POINT('Origin',(5.892893484084,-8.00000005960464,0.));
#4710=CARTESIAN_POINT('',(5.892893484084,-8.00000005960464,0.));
#4711=CARTESIAN_POINT('',(3.1,-8.00000005960464,0.));
#4712=CARTESIAN_POINT('',(5.892893484084,-8.00000005960464,700.));
#4713=CARTESIAN_POINT('',(3.1,-8.00000005960464,700.));
#4714=CARTESIAN_POINT('',(5.892893484084,-8.00000005960464,0.));
#4715=CARTESIAN_POINT('Origin',(5.89289348408399,-7.50000005960464,0.));
#4716=CARTESIAN_POINT('',(6.24644685977359,-7.14644665410769,0.));
#4717=CARTESIAN_POINT('Origin',(5.89289348408399,-7.50000005960464,0.));
#4718=CARTESIAN_POINT('',(6.24644685977359,-7.14644665410769,700.));
#4719=CARTESIAN_POINT('Origin',(5.89289348408399,-7.50000005960464,700.));
#4720=CARTESIAN_POINT('',(6.24644685977359,-7.14644665410769,0.));
#4721=CARTESIAN_POINT('Origin',(3.1,-4.00000005960464,0.));
#4722=CARTESIAN_POINT('',(3.1,-4.00000005960464,0.));
#4723=CARTESIAN_POINT('',(3.1,-4.00000005960464,0.));
#4724=CARTESIAN_POINT('',(3.1,-4.00000005960464,700.));
#4725=CARTESIAN_POINT('',(3.1,-4.00000005960464,700.));
#4726=CARTESIAN_POINT('',(3.1,-4.00000005960464,0.));
#4727=CARTESIAN_POINT('Origin',(-3.1,-4.00000005960464,0.));
#4728=CARTESIAN_POINT('',(-3.1,-4.00000005960464,0.));
#4729=CARTESIAN_POINT('',(-3.1,-4.00000005960464,0.));
#4730=CARTESIAN_POINT('',(-3.1,-4.00000005960464,700.));
#4731=CARTESIAN_POINT('',(-3.1,-4.00000005960464,700.));
#4732=CARTESIAN_POINT('',(-3.1,-4.00000005960464,0.));
#4733=CARTESIAN_POINT('Origin',(-6.24644685977359,-7.14644665410769,0.));
#4734=CARTESIAN_POINT('',(-6.24644685977359,-7.14644665410769,0.));
#4735=CARTESIAN_POINT('',(-3.1,-4.00000005960464,0.));
#4736=CARTESIAN_POINT('',(-6.24644685977359,-7.14644665410769,700.));
#4737=CARTESIAN_POINT('',(-3.1,-4.00000005960464,700.));
#4738=CARTESIAN_POINT('',(-6.24644685977359,-7.14644665410769,0.));
#4739=CARTESIAN_POINT('Origin',(-5.892893484084,-7.50000005960465,0.));
#4740=CARTESIAN_POINT('',(-5.892893484084,-8.00000005960464,0.));
#4741=CARTESIAN_POINT('Origin',(-5.892893484084,-7.50000005960465,0.));
#4742=CARTESIAN_POINT('',(-5.892893484084,-8.00000005960464,700.));
#4743=CARTESIAN_POINT('Origin',(-5.892893484084,-7.50000005960465,700.));
#4744=CARTESIAN_POINT('',(-5.892893484084,-8.00000005960464,0.));
#4745=CARTESIAN_POINT('Origin',(-3.1,-8.00000005960464,0.));
#4746=CARTESIAN_POINT('',(-3.1,-8.00000005960464,0.));
#4747=CARTESIAN_POINT('',(-3.1,-8.00000005960464,0.));
#4748=CARTESIAN_POINT('',(-3.1,-8.00000005960464,700.));
#4749=CARTESIAN_POINT('',(-3.1,-8.00000005960464,700.));
#4750=CARTESIAN_POINT('',(-3.1,-8.00000005960464,0.));
#4751=CARTESIAN_POINT('Origin',(-3.1,-10.,0.));
#4752=CARTESIAN_POINT('',(-3.1,-10.,0.));
#4753=CARTESIAN_POINT('',(-3.1,-8.00000005960464,0.));
#4754=CARTESIAN_POINT('',(-3.1,-10.,700.));
#4755=CARTESIAN_POINT('',(-3.1,-8.00000005960464,700.));
#4756=CARTESIAN_POINT('',(-3.1,-10.,0.));
#4757=CARTESIAN_POINT('Origin',(-9.,-10.,0.));
#4758=CARTESIAN_POINT('',(-9.,-10.,0.));
#4759=CARTESIAN_POINT('',(-9.,-10.,0.));
#4760=CARTESIAN_POINT('',(-9.,-10.,700.));
#4761=CARTESIAN_POINT('',(-9.,-10.,700.));
#4762=CARTESIAN_POINT('',(-9.,-10.,0.));
#4763=CARTESIAN_POINT('Origin',(-9.,-9.,0.));
#4764=CARTESIAN_POINT('',(-10.,-9.,0.));
#4765=CARTESIAN_POINT('Origin',(-9.,-9.,0.));
#4766=CARTESIAN_POINT('',(-10.,-9.,700.));
#4767=CARTESIAN_POINT('Origin',(-9.,-9.,700.));
#4768=CARTESIAN_POINT('',(-10.,-9.,0.));
#4769=CARTESIAN_POINT('Origin',(-10.,-3.1,0.));
#4770=CARTESIAN_POINT('',(-10.,-3.1,0.));
#4771=CARTESIAN_POINT('',(-10.,-3.1,0.));
#4772=CARTESIAN_POINT('',(-10.,-3.1,700.));
#4773=CARTESIAN_POINT('',(-10.,-3.1,700.));
#4774=CARTESIAN_POINT('',(-10.,-3.1,0.));
#4775=CARTESIAN_POINT('Origin',(-8.00000005960465,-3.1,0.));
#4776=CARTESIAN_POINT('',(-8.00000005960465,-3.1,0.));
#4777=CARTESIAN_POINT('',(-8.00000005960465,-3.1,700.));
#4778=CARTESIAN_POINT('Origin',(0.,0.,700.));
#4779=CARTESIAN_POINT('Origin',(0.,0.,0.));
#4780=CARTESIAN_POINT('',(0.,0.,0.));
#4781=CARTESIAN_POINT('Origin',(0.,0.,0.));
#4782=CARTESIAN_POINT('',(-2.,-2.44929359829471E-16,260.));
#4783=CARTESIAN_POINT('Origin',(0.,0.,260.));
#4784=CARTESIAN_POINT('',(-2.,-2.44929359829471E-16,0.));
#4785=CARTESIAN_POINT('',(-2.,-2.44929359829471E-16,0.));
#4786=CARTESIAN_POINT('Origin',(0.,0.,0.));
#4787=CARTESIAN_POINT('Origin',(-8.00000005960465,-5.89289348408399,0.));
#4788=CARTESIAN_POINT('',(-8.00000005960465,-3.1,0.));
#4789=CARTESIAN_POINT('',(-8.00000005960465,-5.89289348408399,0.));
#4790=CARTESIAN_POINT('',(-8.00000005960465,-3.1,0.));
#4791=CARTESIAN_POINT('',(-8.00000005960465,-3.1,260.));
#4792=CARTESIAN_POINT('',(-8.00000005960465,-3.1,0.));
#4793=CARTESIAN_POINT('',(-8.00000005960465,-5.89289348408399,260.));
#4794=CARTESIAN_POINT('',(-8.00000005960465,-3.1,260.));
#4795=CARTESIAN_POINT('',(-8.00000005960465,-5.89289348408399,0.));
#4796=CARTESIAN_POINT('Origin',(-7.50000005960464,-5.89289348408399,0.));
#4797=CARTESIAN_POINT('',(-7.14644665410769,-6.24644685977358,0.));
#4798=CARTESIAN_POINT('Origin',(-7.50000005960464,-5.89289348408399,0.));
#4799=CARTESIAN_POINT('',(-7.14644665410769,-6.24644685977358,260.));
#4800=CARTESIAN_POINT('Origin',(-7.50000005960464,-5.89289348408399,260.));
#4801=CARTESIAN_POINT('',(-7.14644665410769,-6.24644685977358,0.));
#4802=CARTESIAN_POINT('Origin',(-4.00000005960464,-3.1,0.));
#4803=CARTESIAN_POINT('',(-4.00000005960464,-3.1,0.));
#4804=CARTESIAN_POINT('',(-4.00000005960464,-3.1,0.));
#4805=CARTESIAN_POINT('',(-4.00000005960464,-3.1,260.));
#4806=CARTESIAN_POINT('',(-4.00000005960464,-3.1,260.));
#4807=CARTESIAN_POINT('',(-4.00000005960464,-3.1,0.));
#4808=CARTESIAN_POINT('Origin',(-4.00000005960464,3.1,0.));
#4809=CARTESIAN_POINT('',(-4.00000005960464,3.1,0.));
#4810=CARTESIAN_POINT('',(-4.00000005960464,3.1,0.));
#4811=CARTESIAN_POINT('',(-4.00000005960464,3.1,260.));
#4812=CARTESIAN_POINT('',(-4.00000005960464,3.1,260.));
#4813=CARTESIAN_POINT('',(-4.00000005960464,3.1,0.));
#4814=CARTESIAN_POINT('Origin',(-7.14644665410769,6.24644685977359,0.));
#4815=CARTESIAN_POINT('',(-7.14644665410769,6.24644685977359,0.));
#4816=CARTESIAN_POINT('',(-4.00000005960464,3.1,0.));
#4817=CARTESIAN_POINT('',(-7.14644665410769,6.24644685977359,260.));
#4818=CARTESIAN_POINT('',(-4.00000005960464,3.1,260.));
#4819=CARTESIAN_POINT('',(-7.14644665410769,6.24644685977359,0.));
#4820=CARTESIAN_POINT('Origin',(-7.50000005960464,5.892893484084,0.));
#4821=CARTESIAN_POINT('',(-8.00000005960464,5.892893484084,0.));
#4822=CARTESIAN_POINT('Origin',(-7.50000005960464,5.892893484084,0.));
#4823=CARTESIAN_POINT('',(-8.00000005960464,5.892893484084,260.));
#4824=CARTESIAN_POINT('Origin',(-7.50000005960464,5.892893484084,260.));
#4825=CARTESIAN_POINT('',(-8.00000005960464,5.892893484084,0.));
#4826=CARTESIAN_POINT('Origin',(-8.00000005960465,3.1,0.));
#4827=CARTESIAN_POINT('',(-8.00000005960465,3.1,0.));
#4828=CARTESIAN_POINT('',(-8.00000005960465,3.1,0.));
#4829=CARTESIAN_POINT('',(-8.00000005960465,3.1,260.));
#4830=CARTESIAN_POINT('',(-8.00000005960465,3.1,260.));
#4831=CARTESIAN_POINT('',(-8.00000005960465,3.1,0.));
#4832=CARTESIAN_POINT('Origin',(-10.,3.1,0.));
#4833=CARTESIAN_POINT('',(-10.,3.1,0.));
#4834=CARTESIAN_POINT('',(-8.00000005960465,3.1,0.));
#4835=CARTESIAN_POINT('',(-10.,3.1,260.));
#4836=CARTESIAN_POINT('',(-8.00000005960465,3.1,260.));
#4837=CARTESIAN_POINT('',(-10.,3.1,0.));
#4838=CARTESIAN_POINT('Origin',(-10.,9.,0.));
#4839=CARTESIAN_POINT('',(-10.,9.,0.));
#4840=CARTESIAN_POINT('',(-10.,9.,0.));
#4841=CARTESIAN_POINT('',(-10.,9.,260.));
#4842=CARTESIAN_POINT('',(-10.,9.,260.));
#4843=CARTESIAN_POINT('',(-10.,9.,0.));
#4844=CARTESIAN_POINT('Origin',(-9.,9.,0.));
#4845=CARTESIAN_POINT('',(-9.,10.,0.));
#4846=CARTESIAN_POINT('Origin',(-9.,9.,0.));
#4847=CARTESIAN_POINT('',(-9.,10.,260.));
#4848=CARTESIAN_POINT('Origin',(-9.,9.,260.));
#4849=CARTESIAN_POINT('',(-9.,10.,0.));
#4850=CARTESIAN_POINT('Origin',(-3.1,10.,0.));
#4851=CARTESIAN_POINT('',(-3.1,10.,0.));
#4852=CARTESIAN_POINT('',(-3.1,10.,0.));
#4853=CARTESIAN_POINT('',(-3.1,10.,260.));
#4854=CARTESIAN_POINT('',(-3.1,10.,260.));
#4855=CARTESIAN_POINT('',(-3.1,10.,0.));
#4856=CARTESIAN_POINT('Origin',(-3.1,8.00000005960464,0.));
#4857=CARTESIAN_POINT('',(-3.1,8.00000005960464,0.));
#4858=CARTESIAN_POINT('',(-3.1,8.00000005960464,0.));
#4859=CARTESIAN_POINT('',(-3.1,8.00000005960464,260.));
#4860=CARTESIAN_POINT('',(-3.1,8.00000005960464,260.));
#4861=CARTESIAN_POINT('',(-3.1,8.00000005960464,0.));
#4862=CARTESIAN_POINT('Origin',(-5.892893484084,8.00000005960465,0.));
#4863=CARTESIAN_POINT('',(-5.892893484084,8.00000005960465,0.));
#4864=CARTESIAN_POINT('',(-3.1,8.00000005960464,0.));
#4865=CARTESIAN_POINT('',(-5.892893484084,8.00000005960465,260.));
#4866=CARTESIAN_POINT('',(-3.1,8.00000005960464,260.));
#4867=CARTESIAN_POINT('',(-5.892893484084,8.00000005960465,0.));
#4868=CARTESIAN_POINT('Origin',(-5.892893484084,7.50000005960465,0.));
#4869=CARTESIAN_POINT('',(-6.24644685977359,7.14644665410769,0.));
#4870=CARTESIAN_POINT('Origin',(-5.892893484084,7.50000005960465,0.));
#4871=CARTESIAN_POINT('',(-6.24644685977359,7.14644665410769,260.));
#4872=CARTESIAN_POINT('Origin',(-5.892893484084,7.50000005960465,260.));
#4873=CARTESIAN_POINT('',(-6.24644685977359,7.14644665410769,0.));
#4874=CARTESIAN_POINT('Origin',(-3.1,4.00000005960464,0.));
#4875=CARTESIAN_POINT('',(-3.1,4.00000005960464,0.));
#4876=CARTESIAN_POINT('',(-3.1,4.00000005960464,0.));
#4877=CARTESIAN_POINT('',(-3.1,4.00000005960464,260.));
#4878=CARTESIAN_POINT('',(-3.1,4.00000005960464,260.));
#4879=CARTESIAN_POINT('',(-3.1,4.00000005960464,0.));
#4880=CARTESIAN_POINT('Origin',(3.1,4.00000005960464,0.));
#4881=CARTESIAN_POINT('',(3.1,4.00000005960464,0.));
#4882=CARTESIAN_POINT('',(3.1,4.00000005960464,0.));
#4883=CARTESIAN_POINT('',(3.1,4.00000005960464,260.));
#4884=CARTESIAN_POINT('',(3.1,4.00000005960464,260.));
#4885=CARTESIAN_POINT('',(3.1,4.00000005960464,0.));
#4886=CARTESIAN_POINT('Origin',(6.24644685977359,7.14644665410769,0.));
#4887=CARTESIAN_POINT('',(6.24644685977359,7.14644665410769,0.));
#4888=CARTESIAN_POINT('',(3.1,4.00000005960464,0.));
#4889=CARTESIAN_POINT('',(6.24644685977359,7.14644665410769,260.));
#4890=CARTESIAN_POINT('',(3.1,4.00000005960464,260.));
#4891=CARTESIAN_POINT('',(6.24644685977359,7.14644665410769,0.));
#4892=CARTESIAN_POINT('Origin',(5.892893484084,7.50000005960465,0.));
#4893=CARTESIAN_POINT('',(5.892893484084,8.00000005960464,0.));
#4894=CARTESIAN_POINT('Origin',(5.892893484084,7.50000005960465,0.));
#4895=CARTESIAN_POINT('',(5.892893484084,8.00000005960464,260.));
#4896=CARTESIAN_POINT('Origin',(5.892893484084,7.50000005960465,260.));
#4897=CARTESIAN_POINT('',(5.892893484084,8.00000005960464,0.));
#4898=CARTESIAN_POINT('Origin',(3.1,8.00000005960464,0.));
#4899=CARTESIAN_POINT('',(3.1,8.00000005960464,0.));
#4900=CARTESIAN_POINT('',(3.1,8.00000005960464,0.));
#4901=CARTESIAN_POINT('',(3.1,8.00000005960464,260.));
#4902=CARTESIAN_POINT('',(3.1,8.00000005960464,260.));
#4903=CARTESIAN_POINT('',(3.1,8.00000005960464,0.));
#4904=CARTESIAN_POINT('Origin',(3.1,10.,0.));
#4905=CARTESIAN_POINT('',(3.1,10.,0.));
#4906=CARTESIAN_POINT('',(3.1,8.00000005960464,0.));
#4907=CARTESIAN_POINT('',(3.1,10.,260.));
#4908=CARTESIAN_POINT('',(3.1,8.00000005960464,260.));
#4909=CARTESIAN_POINT('',(3.1,10.,0.));
#4910=CARTESIAN_POINT('Origin',(9.,10.,0.));
#4911=CARTESIAN_POINT('',(9.,10.,0.));
#4912=CARTESIAN_POINT('',(9.,10.,0.));
#4913=CARTESIAN_POINT('',(9.,10.,260.));
#4914=CARTESIAN_POINT('',(9.,10.,260.));
#4915=CARTESIAN_POINT('',(9.,10.,0.));
#4916=CARTESIAN_POINT('Origin',(9.,9.,0.));
#4917=CARTESIAN_POINT('',(10.,9.,0.));
#4918=CARTESIAN_POINT('Origin',(9.,9.,0.));
#4919=CARTESIAN_POINT('',(10.,9.,260.));
#4920=CARTESIAN_POINT('Origin',(9.,9.,260.));
#4921=CARTESIAN_POINT('',(10.,9.,0.));
#4922=CARTESIAN_POINT('Origin',(10.,3.1,0.));
#4923=CARTESIAN_POINT('',(10.,3.1,0.));
#4924=CARTESIAN_POINT('',(10.,3.1,0.));
#4925=CARTESIAN_POINT('',(10.,3.1,260.));
#4926=CARTESIAN_POINT('',(10.,3.1,260.));
#4927=CARTESIAN_POINT('',(10.,3.1,0.));
#4928=CARTESIAN_POINT('Origin',(8.00000005960465,3.1,0.));
#4929=CARTESIAN_POINT('',(8.00000005960465,3.1,0.));
#4930=CARTESIAN_POINT('',(8.00000005960465,3.1,0.));
#4931=CARTESIAN_POINT('',(8.00000005960465,3.1,260.));
#4932=CARTESIAN_POINT('',(8.00000005960465,3.1,260.));
#4933=CARTESIAN_POINT('',(8.00000005960465,3.1,0.));
#4934=CARTESIAN_POINT('Origin',(8.00000005960464,5.892893484084,0.));
#4935=CARTESIAN_POINT('',(8.00000005960464,5.892893484084,0.));
#4936=CARTESIAN_POINT('',(8.00000005960465,3.1,0.));
#4937=CARTESIAN_POINT('',(8.00000005960465,5.892893484084,260.));
#4938=CARTESIAN_POINT('',(8.00000005960465,3.1,260.));
#4939=CARTESIAN_POINT('',(8.00000005960464,5.892893484084,0.));
#4940=CARTESIAN_POINT('Origin',(7.50000005960464,5.892893484084,0.));
#4941=CARTESIAN_POINT('',(7.14644665410769,6.24644685977359,0.));
#4942=CARTESIAN_POINT('Origin',(7.50000005960464,5.892893484084,0.));
#4943=CARTESIAN_POINT('',(7.14644665410769,6.24644685977359,260.));
#4944=CARTESIAN_POINT('Origin',(7.50000005960464,5.892893484084,260.));
#4945=CARTESIAN_POINT('',(7.14644665410769,6.24644685977359,0.));
#4946=CARTESIAN_POINT('Origin',(4.00000005960464,3.1,0.));
#4947=CARTESIAN_POINT('',(4.00000005960464,3.1,0.));
#4948=CARTESIAN_POINT('',(4.00000005960464,3.1,0.));
#4949=CARTESIAN_POINT('',(4.00000005960464,3.1,260.));
#4950=CARTESIAN_POINT('',(4.00000005960464,3.1,260.));
#4951=CARTESIAN_POINT('',(4.00000005960464,3.1,0.));
#4952=CARTESIAN_POINT('Origin',(4.,-3.1,0.));
#4953=CARTESIAN_POINT('',(4.00000005960464,-3.1,0.));
#4954=CARTESIAN_POINT('',(4.,-3.1,0.));
#4955=CARTESIAN_POINT('',(4.00000005960464,-3.1,260.));
#4956=CARTESIAN_POINT('',(4.,-3.1,260.));
#4957=CARTESIAN_POINT('',(4.00000005960464,-3.1,0.));
#4958=CARTESIAN_POINT('Origin',(7.14644665410769,-6.24644685977359,0.));
#4959=CARTESIAN_POINT('',(7.14644665410769,-6.24644685977359,0.));
#4960=CARTESIAN_POINT('',(4.00000005960464,-3.1,0.));
#4961=CARTESIAN_POINT('',(7.14644665410769,-6.24644685977359,260.));
#4962=CARTESIAN_POINT('',(4.00000005960464,-3.1,260.));
#4963=CARTESIAN_POINT('',(7.14644665410769,-6.24644685977359,0.));
#4964=CARTESIAN_POINT('Origin',(7.50000005960464,-5.89289348408399,0.));
#4965=CARTESIAN_POINT('',(8.00000005960464,-5.892893484084,0.));
#4966=CARTESIAN_POINT('Origin',(7.50000005960464,-5.89289348408399,0.));
#4967=CARTESIAN_POINT('',(8.00000005960465,-5.892893484084,260.));
#4968=CARTESIAN_POINT('Origin',(7.50000005960464,-5.89289348408399,260.));
#4969=CARTESIAN_POINT('',(8.00000005960464,-5.892893484084,0.));
#4970=CARTESIAN_POINT('Origin',(8.00000005960465,-3.1,0.));
#4971=CARTESIAN_POINT('',(8.00000005960465,-3.1,0.));
#4972=CARTESIAN_POINT('',(8.00000005960465,-3.1,0.));
#4973=CARTESIAN_POINT('',(8.00000005960465,-3.1,260.));
#4974=CARTESIAN_POINT('',(8.00000005960465,-3.1,260.));
#4975=CARTESIAN_POINT('',(8.00000005960465,-3.1,0.));
#4976=CARTESIAN_POINT('Origin',(10.,-3.1,0.));
#4977=CARTESIAN_POINT('',(10.,-3.1,0.));
#4978=CARTESIAN_POINT('',(8.00000005960465,-3.1,0.));
#4979=CARTESIAN_POINT('',(10.,-3.1,260.));
#4980=CARTESIAN_POINT('',(8.00000005960465,-3.1,260.));
#4981=CARTESIAN_POINT('',(10.,-3.1,0.));
#4982=CARTESIAN_POINT('Origin',(10.,-9.,0.));
#4983=CARTESIAN_POINT('',(10.,-9.,0.));
#4984=CARTESIAN_POINT('',(10.,-9.,0.));
#4985=CARTESIAN_POINT('',(10.,-9.,260.));
#4986=CARTESIAN_POINT('',(10.,-9.,260.));
#4987=CARTESIAN_POINT('',(10.,-9.,0.));
#4988=CARTESIAN_POINT('Origin',(9.,-9.,0.));
#4989=CARTESIAN_POINT('',(9.,-10.,0.));
#4990=CARTESIAN_POINT('Origin',(9.,-9.,0.));
#4991=CARTESIAN_POINT('',(9.,-10.,260.));
#4992=CARTESIAN_POINT('Origin',(9.,-9.,260.));
#4993=CARTESIAN_POINT('',(9.,-10.,0.));
#4994=CARTESIAN_POINT('Origin',(3.1,-10.,0.));
#4995=CARTESIAN_POINT('',(3.1,-10.,0.));
#4996=CARTESIAN_POINT('',(3.1,-10.,0.));
#4997=CARTESIAN_POINT('',(3.1,-10.,260.));
#4998=CARTESIAN_POINT('',(3.1,-10.,260.));
#4999=CARTESIAN_POINT('',(3.1,-10.,0.));
#5000=CARTESIAN_POINT('Origin',(3.1,-8.00000005960464,0.));
#5001=CARTESIAN_POINT('',(3.1,-8.00000005960464,0.));
#5002=CARTESIAN_POINT('',(3.1,-8.00000005960464,0.));
#5003=CARTESIAN_POINT('',(3.1,-8.00000005960464,260.));
#5004=CARTESIAN_POINT('',(3.1,-8.00000005960464,260.));
#5005=CARTESIAN_POINT('',(3.1,-8.00000005960464,0.));
#5006=CARTESIAN_POINT('Origin',(5.892893484084,-8.00000005960464,0.));
#5007=CARTESIAN_POINT('',(5.892893484084,-8.00000005960464,0.));
#5008=CARTESIAN_POINT('',(3.1,-8.00000005960464,0.));
#5009=CARTESIAN_POINT('',(5.892893484084,-8.00000005960464,260.));
#5010=CARTESIAN_POINT('',(3.1,-8.00000005960464,260.));
#5011=CARTESIAN_POINT('',(5.892893484084,-8.00000005960464,0.));
#5012=CARTESIAN_POINT('Origin',(5.89289348408399,-7.50000005960464,0.));
#5013=CARTESIAN_POINT('',(6.24644685977359,-7.14644665410769,0.));
#5014=CARTESIAN_POINT('Origin',(5.89289348408399,-7.50000005960464,0.));
#5015=CARTESIAN_POINT('',(6.24644685977359,-7.14644665410769,260.));
#5016=CARTESIAN_POINT('Origin',(5.89289348408399,-7.50000005960464,260.));
#5017=CARTESIAN_POINT('',(6.24644685977359,-7.14644665410769,0.));
#5018=CARTESIAN_POINT('Origin',(3.1,-4.00000005960464,0.));
#5019=CARTESIAN_POINT('',(3.1,-4.00000005960464,0.));
#5020=CARTESIAN_POINT('',(3.1,-4.00000005960464,0.));
#5021=CARTESIAN_POINT('',(3.1,-4.00000005960464,260.));
#5022=CARTESIAN_POINT('',(3.1,-4.00000005960464,260.));
#5023=CARTESIAN_POINT('',(3.1,-4.00000005960464,0.));
#5024=CARTESIAN_POINT('Origin',(-3.1,-4.00000005960464,0.));
#5025=CARTESIAN_POINT('',(-3.1,-4.00000005960464,0.));
#5026=CARTESIAN_POINT('',(-3.1,-4.00000005960464,0.));
#5027=CARTESIAN_POINT('',(-3.1,-4.00000005960464,260.));
#5028=CARTESIAN_POINT('',(-3.1,-4.00000005960464,260.));
#5029=CARTESIAN_POINT('',(-3.1,-4.00000005960464,0.));
#5030=CARTESIAN_POINT('Origin',(-6.24644685977359,-7.14644665410769,0.));
#5031=CARTESIAN_POINT('',(-6.24644685977359,-7.14644665410769,0.));
#5032=CARTESIAN_POINT('',(-3.1,-4.00000005960464,0.));
#5033=CARTESIAN_POINT('',(-6.24644685977359,-7.14644665410769,260.));
#5034=CARTESIAN_POINT('',(-3.1,-4.00000005960464,260.));
#5035=CARTESIAN_POINT('',(-6.24644685977359,-7.14644665410769,0.));
#5036=CARTESIAN_POINT('Origin',(-5.892893484084,-7.50000005960465,0.));
#5037=CARTESIAN_POINT('',(-5.892893484084,-8.00000005960464,0.));
#5038=CARTESIAN_POINT('Origin',(-5.892893484084,-7.50000005960465,0.));
#5039=CARTESIAN_POINT('',(-5.892893484084,-8.00000005960464,260.));
#5040=CARTESIAN_POINT('Origin',(-5.892893484084,-7.50000005960465,260.));
#5041=CARTESIAN_POINT('',(-5.892893484084,-8.00000005960464,0.));
#5042=CARTESIAN_POINT('Origin',(-3.1,-8.00000005960464,0.));
#5043=CARTESIAN_POINT('',(-3.1,-8.00000005960464,0.));
#5044=CARTESIAN_POINT('',(-3.1,-8.00000005960464,0.));
#5045=CARTESIAN_POINT('',(-3.1,-8.00000005960464,260.));
#5046=CARTESIAN_POINT('',(-3.1,-8.00000005960464,260.));
#5047=CARTESIAN_POINT('',(-3.1,-8.00000005960464,0.));
#5048=CARTESIAN_POINT('Origin',(-3.1,-10.,0.));
#5049=CARTESIAN_POINT('',(-3.1,-10.,0.));
#5050=CARTESIAN_POINT('',(-3.1,-8.00000005960464,0.));
#5051=CARTESIAN_POINT('',(-3.1,-10.,260.));
#5052=CARTESIAN_POINT('',(-3.1,-8.00000005960464,260.));
#5053=CARTESIAN_POINT('',(-3.1,-10.,0.));
#5054=CARTESIAN_POINT('Origin',(-9.,-10.,0.));
#5055=CARTESIAN_POINT('',(-9.,-10.,0.));
#5056=CARTESIAN_POINT('',(-9.,-10.,0.));
#5057=CARTESIAN_POINT('',(-9.,-10.,260.));
#5058=CARTESIAN_POINT('',(-9.,-10.,260.));
#5059=CARTESIAN_POINT('',(-9.,-10.,0.));
#5060=CARTESIAN_POINT('Origin',(-9.,-9.,0.));
#5061=CARTESIAN_POINT('',(-10.,-9.,0.));
#5062=CARTESIAN_POINT('Origin',(-9.,-9.,0.));
#5063=CARTESIAN_POINT('',(-10.,-9.,260.));
#5064=CARTESIAN_POINT('Origin',(-9.,-9.,260.));
#5065=CARTESIAN_POINT('',(-10.,-9.,0.));
#5066=CARTESIAN_POINT('Origin',(-10.,-3.1,0.));
#5067=CARTESIAN_POINT('',(-10.,-3.1,0.));
#5068=CARTESIAN_POINT('',(-10.,-3.1,0.));
#5069=CARTESIAN_POINT('',(-10.,-3.1,260.));
#5070=CARTESIAN_POINT('',(-10.,-3.1,260.));
#5071=CARTESIAN_POINT('',(-10.,-3.1,0.));
#5072=CARTESIAN_POINT('Origin',(-8.00000005960465,-3.1,0.));
#5073=CARTESIAN_POINT('',(-8.00000005960465,-3.1,0.));
#5074=CARTESIAN_POINT('',(-8.00000005960465,-3.1,260.));
#5075=CARTESIAN_POINT('Origin',(0.,0.,260.));
#5076=CARTESIAN_POINT('Origin',(0.,0.,0.));
#5077=CARTESIAN_POINT('Origin',(0.,0.,112.474));
#5078=CARTESIAN_POINT('',(-2.5,11.,112.474));
#5079=CARTESIAN_POINT('Origin',(0.,11.,112.474));
#5080=CARTESIAN_POINT('',(-2.5,0.,112.474));
#5081=CARTESIAN_POINT('',(-2.5,0.,112.474));
#5082=CARTESIAN_POINT('Origin',(0.,0.,112.474));
#5083=CARTESIAN_POINT('Origin',(0.,11.,112.474));
#5084=CARTESIAN_POINT('Origin',(0.,0.,112.474));
#5085=CARTESIAN_POINT('Origin',(0.,0.,147.526));
#5086=CARTESIAN_POINT('',(-2.5,11.,147.526));
#5087=CARTESIAN_POINT('Origin',(0.,11.,147.526));
#5088=CARTESIAN_POINT('',(-2.5,0.,147.526));
#5089=CARTESIAN_POINT('',(-2.5,0.,147.526));
#5090=CARTESIAN_POINT('Origin',(0.,0.,147.526));
#5091=CARTESIAN_POINT('Origin',(0.,11.,147.526));
#5092=CARTESIAN_POINT('Origin',(0.,0.,147.526));
#5093=CARTESIAN_POINT('',(0.,0.,0.));
#5094=CARTESIAN_POINT('Origin',(0.,0.,0.));
#5095=CARTESIAN_POINT('',(-2.,-2.44929359829471E-16,660.));
#5096=CARTESIAN_POINT('Origin',(0.,0.,660.));
#5097=CARTESIAN_POINT('',(-2.,-2.44929359829471E-16,0.));
#5098=CARTESIAN_POINT('',(-2.,-2.44929359829471E-16,0.));
#5099=CARTESIAN_POINT('Origin',(0.,0.,0.));
#5100=CARTESIAN_POINT('Origin',(-8.00000005960465,-5.89289348408399,0.));
#5101=CARTESIAN_POINT('',(-8.00000005960465,-3.1,0.));
#5102=CARTESIAN_POINT('',(-8.00000005960465,-5.89289348408399,0.));
#5103=CARTESIAN_POINT('',(-8.00000005960465,-3.1,0.));
#5104=CARTESIAN_POINT('',(-8.00000005960465,-3.1,660.));
#5105=CARTESIAN_POINT('',(-8.00000005960465,-3.1,0.));
#5106=CARTESIAN_POINT('',(-8.00000005960465,-5.89289348408399,660.));
#5107=CARTESIAN_POINT('',(-8.00000005960465,-3.1,660.));
#5108=CARTESIAN_POINT('',(-8.00000005960465,-5.89289348408399,0.));
#5109=CARTESIAN_POINT('Origin',(-7.50000005960464,-5.89289348408399,0.));
#5110=CARTESIAN_POINT('',(-7.14644665410769,-6.24644685977358,0.));
#5111=CARTESIAN_POINT('Origin',(-7.50000005960464,-5.89289348408399,0.));
#5112=CARTESIAN_POINT('',(-7.14644665410769,-6.24644685977358,660.));
#5113=CARTESIAN_POINT('Origin',(-7.50000005960464,-5.89289348408399,660.));
#5114=CARTESIAN_POINT('',(-7.14644665410769,-6.24644685977358,0.));
#5115=CARTESIAN_POINT('Origin',(-4.00000005960464,-3.1,0.));
#5116=CARTESIAN_POINT('',(-4.00000005960464,-3.1,0.));
#5117=CARTESIAN_POINT('',(-4.00000005960464,-3.1,0.));
#5118=CARTESIAN_POINT('',(-4.00000005960464,-3.1,660.));
#5119=CARTESIAN_POINT('',(-4.00000005960464,-3.1,660.));
#5120=CARTESIAN_POINT('',(-4.00000005960464,-3.1,0.));
#5121=CARTESIAN_POINT('Origin',(-4.00000005960464,3.1,0.));
#5122=CARTESIAN_POINT('',(-4.00000005960464,3.1,0.));
#5123=CARTESIAN_POINT('',(-4.00000005960464,3.1,0.));
#5124=CARTESIAN_POINT('',(-4.00000005960464,3.1,660.));
#5125=CARTESIAN_POINT('',(-4.00000005960464,3.1,660.));
#5126=CARTESIAN_POINT('',(-4.00000005960464,3.1,0.));
#5127=CARTESIAN_POINT('Origin',(-7.14644665410769,6.24644685977359,0.));
#5128=CARTESIAN_POINT('',(-7.14644665410769,6.24644685977359,0.));
#5129=CARTESIAN_POINT('',(-4.00000005960464,3.1,0.));
#5130=CARTESIAN_POINT('',(-7.14644665410769,6.24644685977359,660.));
#5131=CARTESIAN_POINT('',(-4.00000005960464,3.1,660.));
#5132=CARTESIAN_POINT('',(-7.14644665410769,6.24644685977359,0.));
#5133=CARTESIAN_POINT('Origin',(-7.50000005960464,5.892893484084,0.));
#5134=CARTESIAN_POINT('',(-8.00000005960464,5.892893484084,0.));
#5135=CARTESIAN_POINT('Origin',(-7.50000005960464,5.892893484084,0.));
#5136=CARTESIAN_POINT('',(-8.00000005960464,5.892893484084,660.));
#5137=CARTESIAN_POINT('Origin',(-7.50000005960464,5.892893484084,660.));
#5138=CARTESIAN_POINT('',(-8.00000005960464,5.892893484084,0.));
#5139=CARTESIAN_POINT('Origin',(-8.00000005960465,3.1,0.));
#5140=CARTESIAN_POINT('',(-8.00000005960465,3.1,0.));
#5141=CARTESIAN_POINT('',(-8.00000005960465,3.1,0.));
#5142=CARTESIAN_POINT('',(-8.00000005960465,3.1,660.));
#5143=CARTESIAN_POINT('',(-8.00000005960465,3.1,660.));
#5144=CARTESIAN_POINT('',(-8.00000005960465,3.1,0.));
#5145=CARTESIAN_POINT('Origin',(-10.,3.1,0.));
#5146=CARTESIAN_POINT('',(-10.,3.1,0.));
#5147=CARTESIAN_POINT('',(-8.00000005960465,3.1,0.));
#5148=CARTESIAN_POINT('',(-10.,3.1,660.));
#5149=CARTESIAN_POINT('',(-8.00000005960465,3.1,660.));
#5150=CARTESIAN_POINT('',(-10.,3.1,0.));
#5151=CARTESIAN_POINT('Origin',(-10.,9.,0.));
#5152=CARTESIAN_POINT('',(-10.,9.,0.));
#5153=CARTESIAN_POINT('',(-10.,9.,0.));
#5154=CARTESIAN_POINT('',(-10.,9.,660.));
#5155=CARTESIAN_POINT('',(-10.,9.,660.));
#5156=CARTESIAN_POINT('',(-10.,9.,0.));
#5157=CARTESIAN_POINT('Origin',(-9.,9.,0.));
#5158=CARTESIAN_POINT('',(-9.,10.,0.));
#5159=CARTESIAN_POINT('Origin',(-9.,9.,0.));
#5160=CARTESIAN_POINT('',(-9.,10.,660.));
#5161=CARTESIAN_POINT('Origin',(-9.,9.,660.));
#5162=CARTESIAN_POINT('',(-9.,10.,0.));
#5163=CARTESIAN_POINT('Origin',(-3.1,10.,0.));
#5164=CARTESIAN_POINT('',(-3.1,10.,0.));
#5165=CARTESIAN_POINT('',(-3.1,10.,0.));
#5166=CARTESIAN_POINT('',(-3.1,10.,660.));
#5167=CARTESIAN_POINT('',(-3.1,10.,660.));
#5168=CARTESIAN_POINT('',(-3.1,10.,0.));
#5169=CARTESIAN_POINT('Origin',(-3.1,8.00000005960464,0.));
#5170=CARTESIAN_POINT('',(-3.1,8.00000005960464,0.));
#5171=CARTESIAN_POINT('',(-3.1,8.00000005960464,0.));
#5172=CARTESIAN_POINT('',(-3.1,8.00000005960464,660.));
#5173=CARTESIAN_POINT('',(-3.1,8.00000005960464,660.));
#5174=CARTESIAN_POINT('',(-3.1,8.00000005960464,0.));
#5175=CARTESIAN_POINT('Origin',(-5.892893484084,8.00000005960465,0.));
#5176=CARTESIAN_POINT('',(-5.892893484084,8.00000005960465,0.));
#5177=CARTESIAN_POINT('',(-3.1,8.00000005960464,0.));
#5178=CARTESIAN_POINT('',(-5.892893484084,8.00000005960465,660.));
#5179=CARTESIAN_POINT('',(-3.1,8.00000005960464,660.));
#5180=CARTESIAN_POINT('',(-5.892893484084,8.00000005960465,0.));
#5181=CARTESIAN_POINT('Origin',(-5.892893484084,7.50000005960465,0.));
#5182=CARTESIAN_POINT('',(-6.24644685977359,7.14644665410769,0.));
#5183=CARTESIAN_POINT('Origin',(-5.892893484084,7.50000005960465,0.));
#5184=CARTESIAN_POINT('',(-6.24644685977359,7.14644665410769,660.));
#5185=CARTESIAN_POINT('Origin',(-5.892893484084,7.50000005960465,660.));
#5186=CARTESIAN_POINT('',(-6.24644685977359,7.14644665410769,0.));
#5187=CARTESIAN_POINT('Origin',(-3.1,4.00000005960464,0.));
#5188=CARTESIAN_POINT('',(-3.1,4.00000005960464,0.));
#5189=CARTESIAN_POINT('',(-3.1,4.00000005960464,0.));
#5190=CARTESIAN_POINT('',(-3.1,4.00000005960464,660.));
#5191=CARTESIAN_POINT('',(-3.1,4.00000005960464,660.));
#5192=CARTESIAN_POINT('',(-3.1,4.00000005960464,0.));
#5193=CARTESIAN_POINT('Origin',(3.1,4.00000005960464,0.));
#5194=CARTESIAN_POINT('',(3.1,4.00000005960464,0.));
#5195=CARTESIAN_POINT('',(3.1,4.00000005960464,0.));
#5196=CARTESIAN_POINT('',(3.1,4.00000005960464,660.));
#5197=CARTESIAN_POINT('',(3.1,4.00000005960464,660.));
#5198=CARTESIAN_POINT('',(3.1,4.00000005960464,0.));
#5199=CARTESIAN_POINT('Origin',(6.24644685977359,7.14644665410769,0.));
#5200=CARTESIAN_POINT('',(6.24644685977359,7.14644665410769,0.));
#5201=CARTESIAN_POINT('',(3.1,4.00000005960464,0.));
#5202=CARTESIAN_POINT('',(6.24644685977359,7.14644665410769,660.));
#5203=CARTESIAN_POINT('',(3.1,4.00000005960464,660.));
#5204=CARTESIAN_POINT('',(6.24644685977359,7.14644665410769,0.));
#5205=CARTESIAN_POINT('Origin',(5.892893484084,7.50000005960465,0.));
#5206=CARTESIAN_POINT('',(5.892893484084,8.00000005960464,0.));
#5207=CARTESIAN_POINT('Origin',(5.892893484084,7.50000005960465,0.));
#5208=CARTESIAN_POINT('',(5.892893484084,8.00000005960464,660.));
#5209=CARTESIAN_POINT('Origin',(5.892893484084,7.50000005960465,660.));
#5210=CARTESIAN_POINT('',(5.892893484084,8.00000005960464,0.));
#5211=CARTESIAN_POINT('Origin',(3.1,8.00000005960464,0.));
#5212=CARTESIAN_POINT('',(3.1,8.00000005960464,0.));
#5213=CARTESIAN_POINT('',(3.1,8.00000005960464,0.));
#5214=CARTESIAN_POINT('',(3.1,8.00000005960464,660.));
#5215=CARTESIAN_POINT('',(3.1,8.00000005960464,660.));
#5216=CARTESIAN_POINT('',(3.1,8.00000005960464,0.));
#5217=CARTESIAN_POINT('Origin',(3.1,10.,0.));
#5218=CARTESIAN_POINT('',(3.1,10.,0.));
#5219=CARTESIAN_POINT('',(3.1,8.00000005960464,0.));
#5220=CARTESIAN_POINT('',(3.1,10.,660.));
#5221=CARTESIAN_POINT('',(3.1,8.00000005960464,660.));
#5222=CARTESIAN_POINT('',(3.1,10.,0.));
#5223=CARTESIAN_POINT('Origin',(9.,10.,0.));
#5224=CARTESIAN_POINT('',(9.,10.,0.));
#5225=CARTESIAN_POINT('',(9.,10.,0.));
#5226=CARTESIAN_POINT('',(9.,10.,660.));
#5227=CARTESIAN_POINT('',(9.,10.,660.));
#5228=CARTESIAN_POINT('',(9.,10.,0.));
#5229=CARTESIAN_POINT('Origin',(9.,9.,0.));
#5230=CARTESIAN_POINT('',(10.,9.,0.));
#5231=CARTESIAN_POINT('Origin',(9.,9.,0.));
#5232=CARTESIAN_POINT('',(10.,9.,660.));
#5233=CARTESIAN_POINT('Origin',(9.,9.,660.));
#5234=CARTESIAN_POINT('',(10.,9.,0.));
#5235=CARTESIAN_POINT('Origin',(10.,3.1,0.));
#5236=CARTESIAN_POINT('',(10.,3.1,0.));
#5237=CARTESIAN_POINT('',(10.,3.1,0.));
#5238=CARTESIAN_POINT('',(10.,3.1,660.));
#5239=CARTESIAN_POINT('',(10.,3.1,660.));
#5240=CARTESIAN_POINT('',(10.,3.1,0.));
#5241=CARTESIAN_POINT('Origin',(8.00000005960465,3.1,0.));
#5242=CARTESIAN_POINT('',(8.00000005960465,3.1,0.));
#5243=CARTESIAN_POINT('',(8.00000005960465,3.1,0.));
#5244=CARTESIAN_POINT('',(8.00000005960465,3.1,660.));
#5245=CARTESIAN_POINT('',(8.00000005960465,3.1,660.));
#5246=CARTESIAN_POINT('',(8.00000005960465,3.1,0.));
#5247=CARTESIAN_POINT('Origin',(8.00000005960464,5.892893484084,0.));
#5248=CARTESIAN_POINT('',(8.00000005960464,5.892893484084,0.));
#5249=CARTESIAN_POINT('',(8.00000005960465,3.1,0.));
#5250=CARTESIAN_POINT('',(8.00000005960465,5.892893484084,660.));
#5251=CARTESIAN_POINT('',(8.00000005960465,3.1,660.));
#5252=CARTESIAN_POINT('',(8.00000005960464,5.892893484084,0.));
#5253=CARTESIAN_POINT('Origin',(7.50000005960464,5.892893484084,0.));
#5254=CARTESIAN_POINT('',(7.14644665410769,6.24644685977359,0.));
#5255=CARTESIAN_POINT('Origin',(7.50000005960464,5.892893484084,0.));
#5256=CARTESIAN_POINT('',(7.14644665410769,6.24644685977359,660.));
#5257=CARTESIAN_POINT('Origin',(7.50000005960464,5.892893484084,660.));
#5258=CARTESIAN_POINT('',(7.14644665410769,6.24644685977359,0.));
#5259=CARTESIAN_POINT('Origin',(4.00000005960464,3.1,0.));
#5260=CARTESIAN_POINT('',(4.00000005960464,3.1,0.));
#5261=CARTESIAN_POINT('',(4.00000005960464,3.1,0.));
#5262=CARTESIAN_POINT('',(4.00000005960464,3.1,660.));
#5263=CARTESIAN_POINT('',(4.00000005960464,3.1,660.));
#5264=CARTESIAN_POINT('',(4.00000005960464,3.1,0.));
#5265=CARTESIAN_POINT('Origin',(4.,-3.1,0.));
#5266=CARTESIAN_POINT('',(4.00000005960464,-3.1,0.));
#5267=CARTESIAN_POINT('',(4.,-3.1,0.));
#5268=CARTESIAN_POINT('',(4.00000005960464,-3.1,660.));
#5269=CARTESIAN_POINT('',(4.,-3.1,660.));
#5270=CARTESIAN_POINT('',(4.00000005960464,-3.1,0.));
#5271=CARTESIAN_POINT('Origin',(7.14644665410769,-6.24644685977359,0.));
#5272=CARTESIAN_POINT('',(7.14644665410769,-6.24644685977359,0.));
#5273=CARTESIAN_POINT('',(4.00000005960464,-3.1,0.));
#5274=CARTESIAN_POINT('',(7.14644665410769,-6.24644685977359,660.));
#5275=CARTESIAN_POINT('',(4.00000005960464,-3.1,660.));
#5276=CARTESIAN_POINT('',(7.14644665410769,-6.24644685977359,0.));
#5277=CARTESIAN_POINT('Origin',(7.50000005960464,-5.89289348408399,0.));
#5278=CARTESIAN_POINT('',(8.00000005960464,-5.892893484084,0.));
#5279=CARTESIAN_POINT('Origin',(7.50000005960464,-5.89289348408399,0.));
#5280=CARTESIAN_POINT('',(8.00000005960465,-5.892893484084,660.));
#5281=CARTESIAN_POINT('Origin',(7.50000005960464,-5.89289348408399,660.));
#5282=CARTESIAN_POINT('',(8.00000005960464,-5.892893484084,0.));
#5283=CARTESIAN_POINT('Origin',(8.00000005960465,-3.1,0.));
#5284=CARTESIAN_POINT('',(8.00000005960465,-3.1,0.));
#5285=CARTESIAN_POINT('',(8.00000005960465,-3.1,0.));
#5286=CARTESIAN_POINT('',(8.00000005960465,-3.1,660.));
#5287=CARTESIAN_POINT('',(8.00000005960465,-3.1,660.));
#5288=CARTESIAN_POINT('',(8.00000005960465,-3.1,0.));
#5289=CARTESIAN_POINT('Origin',(10.,-3.1,0.));
#5290=CARTESIAN_POINT('',(10.,-3.1,0.));
#5291=CARTESIAN_POINT('',(8.00000005960465,-3.1,0.));
#5292=CARTESIAN_POINT('',(10.,-3.1,660.));
#5293=CARTESIAN_POINT('',(8.00000005960465,-3.1,660.));
#5294=CARTESIAN_POINT('',(10.,-3.1,0.));
#5295=CARTESIAN_POINT('Origin',(10.,-9.,0.));
#5296=CARTESIAN_POINT('',(10.,-9.,0.));
#5297=CARTESIAN_POINT('',(10.,-9.,0.));
#5298=CARTESIAN_POINT('',(10.,-9.,660.));
#5299=CARTESIAN_POINT('',(10.,-9.,660.));
#5300=CARTESIAN_POINT('',(10.,-9.,0.));
#5301=CARTESIAN_POINT('Origin',(9.,-9.,0.));
#5302=CARTESIAN_POINT('',(9.,-10.,0.));
#5303=CARTESIAN_POINT('Origin',(9.,-9.,0.));
#5304=CARTESIAN_POINT('',(9.,-10.,660.));
#5305=CARTESIAN_POINT('Origin',(9.,-9.,660.));
#5306=CARTESIAN_POINT('',(9.,-10.,0.));
#5307=CARTESIAN_POINT('Origin',(3.1,-10.,0.));
#5308=CARTESIAN_POINT('',(3.1,-10.,0.));
#5309=CARTESIAN_POINT('',(3.1,-10.,0.));
#5310=CARTESIAN_POINT('',(3.1,-10.,660.));
#5311=CARTESIAN_POINT('',(3.1,-10.,660.));
#5312=CARTESIAN_POINT('',(3.1,-10.,0.));
#5313=CARTESIAN_POINT('Origin',(3.1,-8.00000005960464,0.));
#5314=CARTESIAN_POINT('',(3.1,-8.00000005960464,0.));
#5315=CARTESIAN_POINT('',(3.1,-8.00000005960464,0.));
#5316=CARTESIAN_POINT('',(3.1,-8.00000005960464,660.));
#5317=CARTESIAN_POINT('',(3.1,-8.00000005960464,660.));
#5318=CARTESIAN_POINT('',(3.1,-8.00000005960464,0.));
#5319=CARTESIAN_POINT('Origin',(5.892893484084,-8.00000005960464,0.));
#5320=CARTESIAN_POINT('',(5.892893484084,-8.00000005960464,0.));
#5321=CARTESIAN_POINT('',(3.1,-8.00000005960464,0.));
#5322=CARTESIAN_POINT('',(5.892893484084,-8.00000005960464,660.));
#5323=CARTESIAN_POINT('',(3.1,-8.00000005960464,660.));
#5324=CARTESIAN_POINT('',(5.892893484084,-8.00000005960464,0.));
#5325=CARTESIAN_POINT('Origin',(5.89289348408399,-7.50000005960464,0.));
#5326=CARTESIAN_POINT('',(6.24644685977359,-7.14644665410769,0.));
#5327=CARTESIAN_POINT('Origin',(5.89289348408399,-7.50000005960464,0.));
#5328=CARTESIAN_POINT('',(6.24644685977359,-7.14644665410769,660.));
#5329=CARTESIAN_POINT('Origin',(5.89289348408399,-7.50000005960464,660.));
#5330=CARTESIAN_POINT('',(6.24644685977359,-7.14644665410769,0.));
#5331=CARTESIAN_POINT('Origin',(3.1,-4.00000005960464,0.));
#5332=CARTESIAN_POINT('',(3.1,-4.00000005960464,0.));
#5333=CARTESIAN_POINT('',(3.1,-4.00000005960464,0.));
#5334=CARTESIAN_POINT('',(3.1,-4.00000005960464,660.));
#5335=CARTESIAN_POINT('',(3.1,-4.00000005960464,660.));
#5336=CARTESIAN_POINT('',(3.1,-4.00000005960464,0.));
#5337=CARTESIAN_POINT('Origin',(-3.1,-4.00000005960464,0.));
#5338=CARTESIAN_POINT('',(-3.1,-4.00000005960464,0.));
#5339=CARTESIAN_POINT('',(-3.1,-4.00000005960464,0.));
#5340=CARTESIAN_POINT('',(-3.1,-4.00000005960464,660.));
#5341=CARTESIAN_POINT('',(-3.1,-4.00000005960464,660.));
#5342=CARTESIAN_POINT('',(-3.1,-4.00000005960464,0.));
#5343=CARTESIAN_POINT('Origin',(-6.24644685977359,-7.14644665410769,0.));
#5344=CARTESIAN_POINT('',(-6.24644685977359,-7.14644665410769,0.));
#5345=CARTESIAN_POINT('',(-3.1,-4.00000005960464,0.));
#5346=CARTESIAN_POINT('',(-6.24644685977359,-7.14644665410769,660.));
#5347=CARTESIAN_POINT('',(-3.1,-4.00000005960464,660.));
#5348=CARTESIAN_POINT('',(-6.24644685977359,-7.14644665410769,0.));
#5349=CARTESIAN_POINT('Origin',(-5.892893484084,-7.50000005960465,0.));
#5350=CARTESIAN_POINT('',(-5.892893484084,-8.00000005960464,0.));
#5351=CARTESIAN_POINT('Origin',(-5.892893484084,-7.50000005960465,0.));
#5352=CARTESIAN_POINT('',(-5.892893484084,-8.00000005960464,660.));
#5353=CARTESIAN_POINT('Origin',(-5.892893484084,-7.50000005960465,660.));
#5354=CARTESIAN_POINT('',(-5.892893484084,-8.00000005960464,0.));
#5355=CARTESIAN_POINT('Origin',(-3.1,-8.00000005960464,0.));
#5356=CARTESIAN_POINT('',(-3.1,-8.00000005960464,0.));
#5357=CARTESIAN_POINT('',(-3.1,-8.00000005960464,0.));
#5358=CARTESIAN_POINT('',(-3.1,-8.00000005960464,660.));
#5359=CARTESIAN_POINT('',(-3.1,-8.00000005960464,660.));
#5360=CARTESIAN_POINT('',(-3.1,-8.00000005960464,0.));
#5361=CARTESIAN_POINT('Origin',(-3.1,-10.,0.));
#5362=CARTESIAN_POINT('',(-3.1,-10.,0.));
#5363=CARTESIAN_POINT('',(-3.1,-8.00000005960464,0.));
#5364=CARTESIAN_POINT('',(-3.1,-10.,660.));
#5365=CARTESIAN_POINT('',(-3.1,-8.00000005960464,660.));
#5366=CARTESIAN_POINT('',(-3.1,-10.,0.));
#5367=CARTESIAN_POINT('Origin',(-9.,-10.,0.));
#5368=CARTESIAN_POINT('',(-9.,-10.,0.));
#5369=CARTESIAN_POINT('',(-9.,-10.,0.));
#5370=CARTESIAN_POINT('',(-9.,-10.,660.));
#5371=CARTESIAN_POINT('',(-9.,-10.,660.));
#5372=CARTESIAN_POINT('',(-9.,-10.,0.));
#5373=CARTESIAN_POINT('Origin',(-9.,-9.,0.));
#5374=CARTESIAN_POINT('',(-10.,-9.,0.));
#5375=CARTESIAN_POINT('Origin',(-9.,-9.,0.));
#5376=CARTESIAN_POINT('',(-10.,-9.,660.));
#5377=CARTESIAN_POINT('Origin',(-9.,-9.,660.));
#5378=CARTESIAN_POINT('',(-10.,-9.,0.));
#5379=CARTESIAN_POINT('Origin',(-10.,-3.1,0.));
#5380=CARTESIAN_POINT('',(-10.,-3.1,0.));
#5381=CARTESIAN_POINT('',(-10.,-3.1,0.));
#5382=CARTESIAN_POINT('',(-10.,-3.1,660.));
#5383=CARTESIAN_POINT('',(-10.,-3.1,660.));
#5384=CARTESIAN_POINT('',(-10.,-3.1,0.));
#5385=CARTESIAN_POINT('Origin',(-8.00000005960465,-3.1,0.));
#5386=CARTESIAN_POINT('',(-8.00000005960465,-3.1,0.));
#5387=CARTESIAN_POINT('',(-8.00000005960465,-3.1,660.));
#5388=CARTESIAN_POINT('Origin',(0.,0.,660.));
#5389=CARTESIAN_POINT('Origin',(0.,0.,0.));
#5390=CARTESIAN_POINT('',(0.,0.,0.));
#5391=CARTESIAN_POINT('',(350.,-140.,-10.0000000000364));
#5392=CARTESIAN_POINT('',(349.999999999999,140.,-9.99999999999995));
#5393=CARTESIAN_POINT('',(339.999999999995,130.,-10.0000000000359));
#5394=CARTESIAN_POINT('',(329.999999999997,17.5259999999994,-10.0000000000354));
#5395=CARTESIAN_POINT('',(-340.,130.,-10.0000000000003));
#5396=CARTESIAN_POINT('',(329.999999999998,-17.5260000000005,-10.0000000000354));
#5397=UNCERTAINTY_MEASURE_WITH_UNIT(LENGTH_MEASURE(0.01),#5409,
'DISTANCE_ACCURACY_VALUE',
'Maximum model space distance between geometric entities at asserted c
onnectivities');
#5398=UNCERTAINTY_MEASURE_WITH_UNIT(LENGTH_MEASURE(0.01),#5409,
'DISTANCE_ACCURACY_VALUE',
'Maximum model space distance between geometric entities at asserted c
onnectivities');
#5399=UNCERTAINTY_MEASURE_WITH_UNIT(LENGTH_MEASURE(0.01),#5409,
'DISTANCE_ACCURACY_VALUE',
'Maximum model space distance between geometric entities at asserted c
onnectivities');
#5400=UNCERTAINTY_MEASURE_WITH_UNIT(LENGTH_MEASURE(0.01),#5409,
'DISTANCE_ACCURACY_VALUE',
'Maximum model space distance between geometric entities at asserted c
onnectivities');
#5401=UNCERTAINTY_MEASURE_WITH_UNIT(LENGTH_MEASURE(0.01),#5409,
'DISTANCE_ACCURACY_VALUE',
'Maximum model space distance between geometric entities at asserted c
onnectivities');
#5402=UNCERTAINTY_MEASURE_WITH_UNIT(LENGTH_MEASURE(0.01),#5409,
'DISTANCE_ACCURACY_VALUE',
'Maximum model space distance between geometric entities at asserted c
onnectivities');
#5403=(
GEOMETRIC_REPRESENTATION_CONTEXT(3)
GLOBAL_UNCERTAINTY_ASSIGNED_CONTEXT((#5397))
GLOBAL_UNIT_ASSIGNED_CONTEXT((#5409,#5411,#5412))
REPRESENTATION_CONTEXT('','3D')
);
#5404=(
GEOMETRIC_REPRESENTATION_CONTEXT(3)
GLOBAL_UNCERTAINTY_ASSIGNED_CONTEXT((#5398))
GLOBAL_UNIT_ASSIGNED_CONTEXT((#5409,#5411,#5412))
REPRESENTATION_CONTEXT('','3D')
);
#5405=(
GEOMETRIC_REPRESENTATION_CONTEXT(3)
GLOBAL_UNCERTAINTY_ASSIGNED_CONTEXT((#5399))
GLOBAL_UNIT_ASSIGNED_CONTEXT((#5409,#5411,#5412))
REPRESENTATION_CONTEXT('','3D')
);
#5406=(
GEOMETRIC_REPRESENTATION_CONTEXT(3)
GLOBAL_UNCERTAINTY_ASSIGNED_CONTEXT((#5400))
GLOBAL_UNIT_ASSIGNED_CONTEXT((#5409,#5411,#5412))
REPRESENTATION_CONTEXT('','3D')
);
#5407=(
GEOMETRIC_REPRESENTATION_CONTEXT(3)
GLOBAL_UNCERTAINTY_ASSIGNED_CONTEXT((#5401))
GLOBAL_UNIT_ASSIGNED_CONTEXT((#5409,#5411,#5412))
REPRESENTATION_CONTEXT('','3D')
);
#5408=(
GEOMETRIC_REPRESENTATION_CONTEXT(3)
GLOBAL_UNCERTAINTY_ASSIGNED_CONTEXT((#5402))
GLOBAL_UNIT_ASSIGNED_CONTEXT((#5409,#5411,#5412))
REPRESENTATION_CONTEXT('','3D')
);
#5409=(
LENGTH_UNIT()
NAMED_UNIT(*)
SI_UNIT(.MILLI.,.METRE.)
);
#5410=(
LENGTH_UNIT()
NAMED_UNIT(*)
SI_UNIT($,.METRE.)
);
#5411=(
NAMED_UNIT(*)
PLANE_ANGLE_UNIT()
SI_UNIT($,.RADIAN.)
);
#5412=(
NAMED_UNIT(*)
SI_UNIT($,.STERADIAN.)
SOLID_ANGLE_UNIT()
);
#5413=SHAPE_DEFINITION_REPRESENTATION(#5418,#5430);
#5414=SHAPE_DEFINITION_REPRESENTATION(#5419,#5431);
#5415=SHAPE_DEFINITION_REPRESENTATION(#5420,#5432);
#5416=SHAPE_DEFINITION_REPRESENTATION(#5421,#5433);
#5417=SHAPE_DEFINITION_REPRESENTATION(#5422,#5434);
#5418=PRODUCT_DEFINITION_SHAPE('',$,#5436);
#5419=PRODUCT_DEFINITION_SHAPE('',$,#5437);
#5420=PRODUCT_DEFINITION_SHAPE('',$,#5438);
#5421=PRODUCT_DEFINITION_SHAPE('',$,#5439);
#5422=PRODUCT_DEFINITION_SHAPE('',$,#5440);
#5423=PRODUCT_DEFINITION_SHAPE($,$,#32);
#5424=PRODUCT_DEFINITION_SHAPE($,$,#33);
#5425=PRODUCT_DEFINITION_SHAPE($,$,#34);
#5426=PRODUCT_DEFINITION_SHAPE($,$,#35);
#5427=PRODUCT_DEFINITION_SHAPE($,$,#36);
#5428=PRODUCT_DEFINITION_SHAPE($,$,#37);
#5429=PRODUCT_DEFINITION_SHAPE($,$,#38);
#5430=SHAPE_REPRESENTATION('',(#3301,#3553,#3554,#3555,#3556,#3557,#3558,
#3559),#5403);
#5431=SHAPE_REPRESENTATION('',(#3302),#5404);
#5432=SHAPE_REPRESENTATION('',(#3309),#5405);
#5433=SHAPE_REPRESENTATION('',(#3387),#5406);
#5434=SHAPE_REPRESENTATION('',(#3475),#5407);
#5435=PRODUCT_DEFINITION_CONTEXT('part definition',#5452,'design');
#5436=PRODUCT_DEFINITION('Base 70cm x 30 cm','Base 70cm x 30 cm v1',#5441,
#5435);
#5437=PRODUCT_DEFINITION('Steel Sheet','Steel Sheet v1',#5442,#5435);
#5438=PRODUCT_DEFINITION('20 mm ROD 700 mm length',
'20 mm ROD 700 mm length v1',#5443,#5435);
#5439=PRODUCT_DEFINITION('20 mm ROD 260mm length',
'20 mm ROD 260mm length v1',#5444,#5435);
#5440=PRODUCT_DEFINITION('20 mm ROD 660mm  length',
'20 mm ROD 660mm  length v1',#5445,#5435);
#5441=PRODUCT_DEFINITION_FORMATION('',$,#5454);
#5442=PRODUCT_DEFINITION_FORMATION('',$,#5455);
#5443=PRODUCT_DEFINITION_FORMATION('',$,#5456);
#5444=PRODUCT_DEFINITION_FORMATION('',$,#5457);
#5445=PRODUCT_DEFINITION_FORMATION('',$,#5458);
#5446=PRODUCT_RELATED_PRODUCT_CATEGORY('Base 70cm x 30 cm v1',
'Base 70cm x 30 cm v1',(#5454));
#5447=PRODUCT_RELATED_PRODUCT_CATEGORY('Steel Sheet v1',
'Steel Sheet v1',(#5455));
#5448=PRODUCT_RELATED_PRODUCT_CATEGORY('20 mm ROD 700 mm length v1',
'20 mm ROD 700 mm length v1',(#5456));
#5449=PRODUCT_RELATED_PRODUCT_CATEGORY('20 mm ROD 260mm length v1',
'20 mm ROD 260mm length v1',(#5457));
#5450=PRODUCT_RELATED_PRODUCT_CATEGORY('20 mm ROD 660mm  length v1',
'20 mm ROD 660mm  length v1',(#5458));
#5451=APPLICATION_PROTOCOL_DEFINITION('international standard',
'automotive_design',2009,#5452);
#5452=APPLICATION_CONTEXT(
'Core Data for Automotive Mechanical Design Process');
#5453=PRODUCT_CONTEXT('part definition',#5452,'mechanical');
#5454=PRODUCT('Base 70cm x 30 cm','Base 70cm x 30 cm v1',$,(#5453));
#5455=PRODUCT('Steel Sheet','Steel Sheet v1',$,(#5453));
#5456=PRODUCT('20 mm ROD 700 mm length','20 mm ROD 700 mm length v1',$,
(#5453));
#5457=PRODUCT('20 mm ROD 260mm length','20 mm ROD 260mm length v1',$,(#5453));
#5458=PRODUCT('20 mm ROD 660mm  length','20 mm ROD 660mm  length v1',$,
(#5453));
#5459=PRESENTATION_STYLE_ASSIGNMENT((#5461));
#5460=PRESENTATION_STYLE_ASSIGNMENT((#5462));
#5461=SURFACE_STYLE_USAGE(.BOTH.,#5463);
#5462=SURFACE_STYLE_USAGE(.BOTH.,#5464);
#5463=SURFACE_SIDE_STYLE('',(#5465));
#5464=SURFACE_SIDE_STYLE('',(#5466));
#5465=SURFACE_STYLE_FILL_AREA(#5467);
#5466=SURFACE_STYLE_FILL_AREA(#5468);
#5467=FILL_AREA_STYLE('Steel - Satin',(#5469));
#5468=FILL_AREA_STYLE('Aluminum - Satin',(#5470));
#5469=FILL_AREA_STYLE_COLOUR('Steel - Satin',#5471);
#5470=FILL_AREA_STYLE_COLOUR('Aluminum - Satin',#5472);
#5471=COLOUR_RGB('Steel - Satin',0.627450980392157,0.627450980392157,0.627450980392157);
#5472=COLOUR_RGB('Aluminum - Satin',0.96078431372549,0.96078431372549,0.964705882352941);
ENDSEC;
END-ISO-10303-21;
