ISO-10303-21;
HEADER;
/* Generated by software containing ST-Developer
 * from STEP Tools, Inc. (www.steptools.com) 
 */

FILE_DESCRIPTION(
/* description */ (''),
/* implementation_level */ '2;1');

FILE_NAME(
/* name */ 'KSHAPE+ROD v1.step',
/* time_stamp */ '2025-07-18T20:16:37+05:30',
/* author */ (''),
/* organization */ (''),
/* preprocessor_version */ 'ST-DEVELOPER v20.1',
/* originating_system */ 'Autodesk Translation Framework v14.10.0.0',
/* authorisation */ '');

FILE_SCHEMA (('AUTOMOTIVE_DESIGN { 1 0 10303 214 3 1 1 }'));
ENDSEC;

DATA;
#10=MECHANICAL_DESIGN_GEOMETRIC_PRESENTATION_REPRESENTATION('',(#13),#2680);
#11=SHAPE_REPRESENTATION_RELATIONSHIP('SRR','None',#2687,#12);
#12=ADVANCED_BREP_SHAPE_REPRESENTATION('',(#14),#2679);
#13=STYLED_ITEM('',(#2696),#14);
#14=MANIFOLD_SOLID_BREP('Body1',#1700);
#15=CYLINDRICAL_SURFACE('',#1787,3.5);
#16=FACE_BOUND('',#110,.T.);
#17=FACE_BOUND('',#111,.T.);
#18=FACE_BOUND('',#112,.T.);
#19=FACE_BOUND('',#113,.T.);
#20=FACE_BOUND('',#114,.T.);
#21=FACE_BOUND('',#156,.T.);
#22=FACE_BOUND('',#157,.T.);
#23=FACE_BOUND('',#158,.T.);
#24=FACE_BOUND('',#159,.T.);
#25=FACE_BOUND('',#160,.T.);
#26=ELLIPSE('',#1715,5.46861472724863,3.5);
#27=ELLIPSE('',#1757,5.4686147272486,3.5);
#28=FACE_OUTER_BOUND('',#109,.T.);
#29=FACE_OUTER_BOUND('',#115,.T.);
#30=FACE_OUTER_BOUND('',#116,.T.);
#31=FACE_OUTER_BOUND('',#117,.T.);
#32=FACE_OUTER_BOUND('',#118,.T.);
#33=FACE_OUTER_BOUND('',#119,.T.);
#34=FACE_OUTER_BOUND('',#120,.T.);
#35=FACE_OUTER_BOUND('',#121,.T.);
#36=FACE_OUTER_BOUND('',#122,.T.);
#37=FACE_OUTER_BOUND('',#123,.T.);
#38=FACE_OUTER_BOUND('',#124,.T.);
#39=FACE_OUTER_BOUND('',#125,.T.);
#40=FACE_OUTER_BOUND('',#126,.T.);
#41=FACE_OUTER_BOUND('',#127,.T.);
#42=FACE_OUTER_BOUND('',#128,.T.);
#43=FACE_OUTER_BOUND('',#129,.T.);
#44=FACE_OUTER_BOUND('',#130,.T.);
#45=FACE_OUTER_BOUND('',#131,.T.);
#46=FACE_OUTER_BOUND('',#132,.T.);
#47=FACE_OUTER_BOUND('',#133,.T.);
#48=FACE_OUTER_BOUND('',#134,.T.);
#49=FACE_OUTER_BOUND('',#135,.T.);
#50=FACE_OUTER_BOUND('',#136,.T.);
#51=FACE_OUTER_BOUND('',#137,.T.);
#52=FACE_OUTER_BOUND('',#138,.T.);
#53=FACE_OUTER_BOUND('',#139,.T.);
#54=FACE_OUTER_BOUND('',#140,.T.);
#55=FACE_OUTER_BOUND('',#141,.T.);
#56=FACE_OUTER_BOUND('',#142,.T.);
#57=FACE_OUTER_BOUND('',#143,.T.);
#58=FACE_OUTER_BOUND('',#144,.T.);
#59=FACE_OUTER_BOUND('',#145,.T.);
#60=FACE_OUTER_BOUND('',#146,.T.);
#61=FACE_OUTER_BOUND('',#147,.T.);
#62=FACE_OUTER_BOUND('',#148,.T.);
#63=FACE_OUTER_BOUND('',#149,.T.);
#64=FACE_OUTER_BOUND('',#150,.T.);
#65=FACE_OUTER_BOUND('',#151,.T.);
#66=FACE_OUTER_BOUND('',#152,.T.);
#67=FACE_OUTER_BOUND('',#153,.T.);
#68=FACE_OUTER_BOUND('',#154,.T.);
#69=FACE_OUTER_BOUND('',#155,.T.);
#70=FACE_OUTER_BOUND('',#161,.T.);
#71=FACE_OUTER_BOUND('',#162,.T.);
#72=FACE_OUTER_BOUND('',#163,.T.);
#73=FACE_OUTER_BOUND('',#164,.T.);
#74=FACE_OUTER_BOUND('',#165,.T.);
#75=FACE_OUTER_BOUND('',#166,.T.);
#76=FACE_OUTER_BOUND('',#167,.T.);
#77=FACE_OUTER_BOUND('',#168,.T.);
#78=FACE_OUTER_BOUND('',#169,.T.);
#79=FACE_OUTER_BOUND('',#170,.T.);
#80=FACE_OUTER_BOUND('',#171,.T.);
#81=FACE_OUTER_BOUND('',#172,.T.);
#82=FACE_OUTER_BOUND('',#173,.T.);
#83=FACE_OUTER_BOUND('',#174,.T.);
#84=FACE_OUTER_BOUND('',#175,.T.);
#85=FACE_OUTER_BOUND('',#176,.T.);
#86=FACE_OUTER_BOUND('',#177,.T.);
#87=FACE_OUTER_BOUND('',#178,.T.);
#88=FACE_OUTER_BOUND('',#179,.T.);
#89=FACE_OUTER_BOUND('',#180,.T.);
#90=FACE_OUTER_BOUND('',#181,.T.);
#91=FACE_OUTER_BOUND('',#182,.T.);
#92=FACE_OUTER_BOUND('',#183,.T.);
#93=FACE_OUTER_BOUND('',#184,.T.);
#94=FACE_OUTER_BOUND('',#185,.T.);
#95=FACE_OUTER_BOUND('',#186,.T.);
#96=FACE_OUTER_BOUND('',#187,.T.);
#97=FACE_OUTER_BOUND('',#188,.T.);
#98=FACE_OUTER_BOUND('',#189,.T.);
#99=FACE_OUTER_BOUND('',#190,.T.);
#100=FACE_OUTER_BOUND('',#191,.T.);
#101=FACE_OUTER_BOUND('',#192,.T.);
#102=FACE_OUTER_BOUND('',#193,.T.);
#103=FACE_OUTER_BOUND('',#194,.T.);
#104=FACE_OUTER_BOUND('',#195,.T.);
#105=FACE_OUTER_BOUND('',#196,.T.);
#106=FACE_OUTER_BOUND('',#197,.T.);
#107=FACE_OUTER_BOUND('',#198,.T.);
#108=FACE_OUTER_BOUND('',#199,.T.);
#109=EDGE_LOOP('',(#1065,#1066,#1067,#1068,#1069,#1070,#1071,#1072,#1073,
#1074,#1075,#1076,#1077,#1078,#1079,#1080,#1081,#1082,#1083,#1084,#1085,
#1086,#1087,#1088,#1089,#1090,#1091,#1092,#1093,#1094,#1095,#1096,#1097,
#1098,#1099,#1100,#1101,#1102,#1103,#1104,#1105,#1106,#1107,#1108,#1109,
#1110,#1111,#1112,#1113,#1114,#1115,#1116,#1117,#1118,#1119,#1120,#1121,
#1122,#1123,#1124,#1125,#1126));
#110=EDGE_LOOP('',(#1127));
#111=EDGE_LOOP('',(#1128,#1129,#1130,#1131));
#112=EDGE_LOOP('',(#1132,#1133,#1134,#1135));
#113=EDGE_LOOP('',(#1136,#1137,#1138,#1139));
#114=EDGE_LOOP('',(#1140,#1141,#1142,#1143));
#115=EDGE_LOOP('',(#1144,#1145,#1146,#1147));
#116=EDGE_LOOP('',(#1148,#1149,#1150,#1151));
#117=EDGE_LOOP('',(#1152,#1153,#1154,#1155));
#118=EDGE_LOOP('',(#1156,#1157,#1158,#1159));
#119=EDGE_LOOP('',(#1160,#1161,#1162,#1163));
#120=EDGE_LOOP('',(#1164,#1165,#1166,#1167));
#121=EDGE_LOOP('',(#1168,#1169,#1170,#1171));
#122=EDGE_LOOP('',(#1172,#1173,#1174,#1175));
#123=EDGE_LOOP('',(#1176,#1177,#1178,#1179));
#124=EDGE_LOOP('',(#1180,#1181,#1182,#1183));
#125=EDGE_LOOP('',(#1184,#1185,#1186,#1187));
#126=EDGE_LOOP('',(#1188,#1189,#1190,#1191));
#127=EDGE_LOOP('',(#1192,#1193,#1194,#1195));
#128=EDGE_LOOP('',(#1196,#1197,#1198,#1199));
#129=EDGE_LOOP('',(#1200,#1201,#1202,#1203));
#130=EDGE_LOOP('',(#1204,#1205,#1206,#1207));
#131=EDGE_LOOP('',(#1208,#1209,#1210,#1211));
#132=EDGE_LOOP('',(#1212,#1213,#1214,#1215));
#133=EDGE_LOOP('',(#1216,#1217,#1218,#1219));
#134=EDGE_LOOP('',(#1220,#1221,#1222,#1223));
#135=EDGE_LOOP('',(#1224,#1225,#1226,#1227));
#136=EDGE_LOOP('',(#1228,#1229,#1230,#1231));
#137=EDGE_LOOP('',(#1232,#1233,#1234,#1235));
#138=EDGE_LOOP('',(#1236,#1237,#1238,#1239));
#139=EDGE_LOOP('',(#1240,#1241,#1242,#1243));
#140=EDGE_LOOP('',(#1244,#1245,#1246,#1247));
#141=EDGE_LOOP('',(#1248,#1249,#1250,#1251));
#142=EDGE_LOOP('',(#1252,#1253,#1254,#1255));
#143=EDGE_LOOP('',(#1256,#1257,#1258,#1259));
#144=EDGE_LOOP('',(#1260,#1261,#1262,#1263));
#145=EDGE_LOOP('',(#1264,#1265,#1266,#1267));
#146=EDGE_LOOP('',(#1268,#1269,#1270,#1271));
#147=EDGE_LOOP('',(#1272,#1273,#1274,#1275));
#148=EDGE_LOOP('',(#1276,#1277,#1278,#1279));
#149=EDGE_LOOP('',(#1280,#1281,#1282,#1283));
#150=EDGE_LOOP('',(#1284,#1285,#1286,#1287));
#151=EDGE_LOOP('',(#1288,#1289,#1290,#1291));
#152=EDGE_LOOP('',(#1292,#1293,#1294,#1295));
#153=EDGE_LOOP('',(#1296,#1297,#1298,#1299));
#154=EDGE_LOOP('',(#1300,#1301,#1302,#1303));
#155=EDGE_LOOP('',(#1304,#1305,#1306,#1307,#1308,#1309,#1310,#1311,#1312,
#1313,#1314,#1315,#1316,#1317,#1318,#1319,#1320,#1321,#1322,#1323,#1324,
#1325,#1326,#1327,#1328,#1329,#1330,#1331,#1332,#1333,#1334,#1335,#1336,
#1337,#1338,#1339,#1340,#1341,#1342,#1343,#1344,#1345,#1346,#1347,#1348,
#1349,#1350,#1351,#1352,#1353,#1354,#1355,#1356,#1357,#1358,#1359,#1360,
#1361,#1362,#1363,#1364,#1365));
#156=EDGE_LOOP('',(#1366,#1367,#1368,#1369));
#157=EDGE_LOOP('',(#1370,#1371,#1372,#1373));
#158=EDGE_LOOP('',(#1374,#1375,#1376,#1377));
#159=EDGE_LOOP('',(#1378,#1379,#1380,#1381));
#160=EDGE_LOOP('',(#1382));
#161=EDGE_LOOP('',(#1383,#1384,#1385,#1386));
#162=EDGE_LOOP('',(#1387,#1388,#1389,#1390));
#163=EDGE_LOOP('',(#1391,#1392,#1393,#1394));
#164=EDGE_LOOP('',(#1395,#1396,#1397,#1398));
#165=EDGE_LOOP('',(#1399,#1400,#1401,#1402));
#166=EDGE_LOOP('',(#1403,#1404,#1405,#1406));
#167=EDGE_LOOP('',(#1407,#1408,#1409,#1410));
#168=EDGE_LOOP('',(#1411,#1412,#1413,#1414));
#169=EDGE_LOOP('',(#1415,#1416,#1417,#1418));
#170=EDGE_LOOP('',(#1419,#1420,#1421,#1422));
#171=EDGE_LOOP('',(#1423,#1424,#1425,#1426));
#172=EDGE_LOOP('',(#1427,#1428,#1429,#1430));
#173=EDGE_LOOP('',(#1431,#1432,#1433,#1434));
#174=EDGE_LOOP('',(#1435,#1436,#1437,#1438));
#175=EDGE_LOOP('',(#1439,#1440,#1441,#1442));
#176=EDGE_LOOP('',(#1443,#1444,#1445,#1446));
#177=EDGE_LOOP('',(#1447,#1448,#1449,#1450));
#178=EDGE_LOOP('',(#1451,#1452,#1453,#1454));
#179=EDGE_LOOP('',(#1455,#1456,#1457,#1458));
#180=EDGE_LOOP('',(#1459,#1460,#1461,#1462));
#181=EDGE_LOOP('',(#1463,#1464,#1465,#1466));
#182=EDGE_LOOP('',(#1467,#1468,#1469,#1470));
#183=EDGE_LOOP('',(#1471,#1472,#1473,#1474));
#184=EDGE_LOOP('',(#1475,#1476,#1477,#1478));
#185=EDGE_LOOP('',(#1479,#1480,#1481,#1482));
#186=EDGE_LOOP('',(#1483,#1484,#1485,#1486));
#187=EDGE_LOOP('',(#1487,#1488,#1489,#1490));
#188=EDGE_LOOP('',(#1491,#1492,#1493,#1494));
#189=EDGE_LOOP('',(#1495,#1496,#1497,#1498));
#190=EDGE_LOOP('',(#1499,#1500,#1501,#1502));
#191=EDGE_LOOP('',(#1503,#1504,#1505,#1506));
#192=EDGE_LOOP('',(#1507,#1508,#1509,#1510));
#193=EDGE_LOOP('',(#1511,#1512,#1513,#1514));
#194=EDGE_LOOP('',(#1515,#1516,#1517,#1518));
#195=EDGE_LOOP('',(#1519,#1520,#1521,#1522));
#196=EDGE_LOOP('',(#1523,#1524,#1525,#1526));
#197=EDGE_LOOP('',(#1527,#1528,#1529,#1530));
#198=EDGE_LOOP('',(#1531,#1532,#1533,#1534));
#199=EDGE_LOOP('',(#1535,#1536,#1537,#1538));
#200=LINE('',#2204,#435);
#201=LINE('',#2206,#436);
#202=LINE('',#2208,#437);
#203=LINE('',#2210,#438);
#204=LINE('',#2212,#439);
#205=LINE('',#2214,#440);
#206=LINE('',#2216,#441);
#207=LINE('',#2218,#442);
#208=LINE('',#2220,#443);
#209=LINE('',#2222,#444);
#210=LINE('',#2224,#445);
#211=LINE('',#2226,#446);
#212=LINE('',#2228,#447);
#213=LINE('',#2230,#448);
#214=LINE('',#2232,#449);
#215=LINE('',#2234,#450);
#216=LINE('',#2236,#451);
#217=LINE('',#2238,#452);
#218=LINE('',#2240,#453);
#219=LINE('',#2242,#454);
#220=LINE('',#2244,#455);
#221=LINE('',#2246,#456);
#222=LINE('',#2248,#457);
#223=LINE('',#2250,#458);
#224=LINE('',#2252,#459);
#225=LINE('',#2254,#460);
#226=LINE('',#2256,#461);
#227=LINE('',#2258,#462);
#228=LINE('',#2260,#463);
#229=LINE('',#2262,#464);
#230=LINE('',#2264,#465);
#231=LINE('',#2266,#466);
#232=LINE('',#2268,#467);
#233=LINE('',#2270,#468);
#234=LINE('',#2272,#469);
#235=LINE('',#2274,#470);
#236=LINE('',#2276,#471);
#237=LINE('',#2278,#472);
#238=LINE('',#2280,#473);
#239=LINE('',#2282,#474);
#240=LINE('',#2284,#475);
#241=LINE('',#2286,#476);
#242=LINE('',#2288,#477);
#243=LINE('',#2290,#478);
#244=LINE('',#2292,#479);
#245=LINE('',#2294,#480);
#246=LINE('',#2296,#481);
#247=LINE('',#2298,#482);
#248=LINE('',#2300,#483);
#249=LINE('',#2302,#484);
#250=LINE('',#2304,#485);
#251=LINE('',#2306,#486);
#252=LINE('',#2308,#487);
#253=LINE('',#2310,#488);
#254=LINE('',#2312,#489);
#255=LINE('',#2314,#490);
#256=LINE('',#2316,#491);
#257=LINE('',#2318,#492);
#258=LINE('',#2320,#493);
#259=LINE('',#2322,#494);
#260=LINE('',#2324,#495);
#261=LINE('',#2325,#496);
#262=LINE('',#2330,#497);
#263=LINE('',#2332,#498);
#264=LINE('',#2334,#499);
#265=LINE('',#2335,#500);
#266=LINE('',#2338,#501);
#267=LINE('',#2340,#502);
#268=LINE('',#2342,#503);
#269=LINE('',#2343,#504);
#270=LINE('',#2346,#505);
#271=LINE('',#2348,#506);
#272=LINE('',#2350,#507);
#273=LINE('',#2351,#508);
#274=LINE('',#2354,#509);
#275=LINE('',#2356,#510);
#276=LINE('',#2358,#511);
#277=LINE('',#2359,#512);
#278=LINE('',#2362,#513);
#279=LINE('',#2364,#514);
#280=LINE('',#2365,#515);
#281=LINE('',#2368,#516);
#282=LINE('',#2369,#517);
#283=LINE('',#2372,#518);
#284=LINE('',#2374,#519);
#285=LINE('',#2375,#520);
#286=LINE('',#2378,#521);
#287=LINE('',#2379,#522);
#288=LINE('',#2382,#523);
#289=LINE('',#2384,#524);
#290=LINE('',#2385,#525);
#291=LINE('',#2388,#526);
#292=LINE('',#2389,#527);
#293=LINE('',#2392,#528);
#294=LINE('',#2394,#529);
#295=LINE('',#2395,#530);
#296=LINE('',#2398,#531);
#297=LINE('',#2399,#532);
#298=LINE('',#2402,#533);
#299=LINE('',#2404,#534);
#300=LINE('',#2405,#535);
#301=LINE('',#2408,#536);
#302=LINE('',#2409,#537);
#303=LINE('',#2412,#538);
#304=LINE('',#2413,#539);
#305=LINE('',#2416,#540);
#306=LINE('',#2417,#541);
#307=LINE('',#2420,#542);
#308=LINE('',#2421,#543);
#309=LINE('',#2424,#544);
#310=LINE('',#2425,#545);
#311=LINE('',#2428,#546);
#312=LINE('',#2429,#547);
#313=LINE('',#2432,#548);
#314=LINE('',#2433,#549);
#315=LINE('',#2436,#550);
#316=LINE('',#2437,#551);
#317=LINE('',#2440,#552);
#318=LINE('',#2441,#553);
#319=LINE('',#2444,#554);
#320=LINE('',#2445,#555);
#321=LINE('',#2448,#556);
#322=LINE('',#2449,#557);
#323=LINE('',#2452,#558);
#324=LINE('',#2453,#559);
#325=LINE('',#2456,#560);
#326=LINE('',#2457,#561);
#327=LINE('',#2460,#562);
#328=LINE('',#2461,#563);
#329=LINE('',#2464,#564);
#330=LINE('',#2465,#565);
#331=LINE('',#2468,#566);
#332=LINE('',#2469,#567);
#333=LINE('',#2472,#568);
#334=LINE('',#2473,#569);
#335=LINE('',#2476,#570);
#336=LINE('',#2477,#571);
#337=LINE('',#2480,#572);
#338=LINE('',#2481,#573);
#339=LINE('',#2484,#574);
#340=LINE('',#2485,#575);
#341=LINE('',#2488,#576);
#342=LINE('',#2489,#577);
#343=LINE('',#2492,#578);
#344=LINE('',#2493,#579);
#345=LINE('',#2496,#580);
#346=LINE('',#2497,#581);
#347=LINE('',#2500,#582);
#348=LINE('',#2501,#583);
#349=LINE('',#2504,#584);
#350=LINE('',#2505,#585);
#351=LINE('',#2508,#586);
#352=LINE('',#2509,#587);
#353=LINE('',#2512,#588);
#354=LINE('',#2513,#589);
#355=LINE('',#2516,#590);
#356=LINE('',#2517,#591);
#357=LINE('',#2520,#592);
#358=LINE('',#2521,#593);
#359=LINE('',#2524,#594);
#360=LINE('',#2525,#595);
#361=LINE('',#2528,#596);
#362=LINE('',#2529,#597);
#363=LINE('',#2533,#598);
#364=LINE('',#2534,#599);
#365=LINE('',#2536,#600);
#366=LINE('',#2538,#601);
#367=LINE('',#2540,#602);
#368=LINE('',#2542,#603);
#369=LINE('',#2544,#604);
#370=LINE('',#2546,#605);
#371=LINE('',#2548,#606);
#372=LINE('',#2550,#607);
#373=LINE('',#2552,#608);
#374=LINE('',#2554,#609);
#375=LINE('',#2556,#610);
#376=LINE('',#2558,#611);
#377=LINE('',#2560,#612);
#378=LINE('',#2562,#613);
#379=LINE('',#2564,#614);
#380=LINE('',#2566,#615);
#381=LINE('',#2568,#616);
#382=LINE('',#2570,#617);
#383=LINE('',#2572,#618);
#384=LINE('',#2574,#619);
#385=LINE('',#2576,#620);
#386=LINE('',#2578,#621);
#387=LINE('',#2580,#622);
#388=LINE('',#2582,#623);
#389=LINE('',#2584,#624);
#390=LINE('',#2586,#625);
#391=LINE('',#2588,#626);
#392=LINE('',#2589,#627);
#393=LINE('',#2591,#628);
#394=LINE('',#2592,#629);
#395=LINE('',#2594,#630);
#396=LINE('',#2595,#631);
#397=LINE('',#2597,#632);
#398=LINE('',#2598,#633);
#399=LINE('',#2600,#634);
#400=LINE('',#2601,#635);
#401=LINE('',#2605,#636);
#402=LINE('',#2607,#637);
#403=LINE('',#2609,#638);
#404=LINE('',#2611,#639);
#405=LINE('',#2613,#640);
#406=LINE('',#2614,#641);
#407=LINE('',#2616,#642);
#408=LINE('',#2618,#643);
#409=LINE('',#2620,#644);
#410=LINE('',#2622,#645);
#411=LINE('',#2624,#646);
#412=LINE('',#2626,#647);
#413=LINE('',#2628,#648);
#414=LINE('',#2630,#649);
#415=LINE('',#2632,#650);
#416=LINE('',#2634,#651);
#417=LINE('',#2636,#652);
#418=LINE('',#2638,#653);
#419=LINE('',#2639,#654);
#420=LINE('',#2641,#655);
#421=LINE('',#2643,#656);
#422=LINE('',#2645,#657);
#423=LINE('',#2647,#658);
#424=LINE('',#2649,#659);
#425=LINE('',#2651,#660);
#426=LINE('',#2653,#661);
#427=LINE('',#2655,#662);
#428=LINE('',#2657,#663);
#429=LINE('',#2659,#664);
#430=LINE('',#2661,#665);
#431=LINE('',#2663,#666);
#432=LINE('',#2665,#667);
#433=LINE('',#2673,#668);
#434=LINE('',#2675,#669);
#435=VECTOR('',#1801,10.);
#436=VECTOR('',#1802,10.);
#437=VECTOR('',#1803,10.);
#438=VECTOR('',#1804,10.);
#439=VECTOR('',#1805,10.);
#440=VECTOR('',#1806,10.);
#441=VECTOR('',#1807,10.);
#442=VECTOR('',#1808,10.);
#443=VECTOR('',#1809,10.);
#444=VECTOR('',#1810,10.);
#445=VECTOR('',#1811,10.);
#446=VECTOR('',#1812,10.);
#447=VECTOR('',#1813,10.);
#448=VECTOR('',#1814,10.);
#449=VECTOR('',#1815,10.);
#450=VECTOR('',#1816,10.);
#451=VECTOR('',#1817,10.);
#452=VECTOR('',#1818,10.);
#453=VECTOR('',#1819,10.);
#454=VECTOR('',#1820,10.);
#455=VECTOR('',#1821,10.);
#456=VECTOR('',#1822,10.);
#457=VECTOR('',#1823,10.);
#458=VECTOR('',#1824,10.);
#459=VECTOR('',#1825,10.);
#460=VECTOR('',#1826,10.);
#461=VECTOR('',#1827,10.);
#462=VECTOR('',#1828,10.);
#463=VECTOR('',#1829,10.);
#464=VECTOR('',#1830,10.);
#465=VECTOR('',#1831,10.);
#466=VECTOR('',#1832,10.);
#467=VECTOR('',#1833,10.);
#468=VECTOR('',#1834,10.);
#469=VECTOR('',#1835,10.);
#470=VECTOR('',#1836,10.);
#471=VECTOR('',#1837,10.);
#472=VECTOR('',#1838,10.);
#473=VECTOR('',#1839,10.);
#474=VECTOR('',#1840,10.);
#475=VECTOR('',#1841,10.);
#476=VECTOR('',#1842,10.);
#477=VECTOR('',#1843,10.);
#478=VECTOR('',#1844,10.);
#479=VECTOR('',#1845,10.);
#480=VECTOR('',#1846,10.);
#481=VECTOR('',#1847,10.);
#482=VECTOR('',#1848,10.);
#483=VECTOR('',#1849,10.);
#484=VECTOR('',#1850,10.);
#485=VECTOR('',#1851,10.);
#486=VECTOR('',#1852,10.);
#487=VECTOR('',#1853,10.);
#488=VECTOR('',#1854,10.);
#489=VECTOR('',#1855,10.);
#490=VECTOR('',#1856,10.);
#491=VECTOR('',#1857,10.);
#492=VECTOR('',#1858,10.);
#493=VECTOR('',#1859,10.);
#494=VECTOR('',#1860,10.);
#495=VECTOR('',#1861,10.);
#496=VECTOR('',#1862,10.);
#497=VECTOR('',#1865,10.);
#498=VECTOR('',#1866,10.);
#499=VECTOR('',#1867,10.);
#500=VECTOR('',#1868,10.);
#501=VECTOR('',#1869,10.);
#502=VECTOR('',#1870,10.);
#503=VECTOR('',#1871,10.);
#504=VECTOR('',#1872,10.);
#505=VECTOR('',#1873,10.);
#506=VECTOR('',#1874,10.);
#507=VECTOR('',#1875,10.);
#508=VECTOR('',#1876,10.);
#509=VECTOR('',#1877,10.);
#510=VECTOR('',#1878,10.);
#511=VECTOR('',#1879,10.);
#512=VECTOR('',#1880,10.);
#513=VECTOR('',#1883,10.);
#514=VECTOR('',#1884,10.);
#515=VECTOR('',#1885,10.);
#516=VECTOR('',#1888,10.);
#517=VECTOR('',#1889,10.);
#518=VECTOR('',#1892,10.);
#519=VECTOR('',#1893,10.);
#520=VECTOR('',#1894,10.);
#521=VECTOR('',#1897,10.);
#522=VECTOR('',#1898,10.);
#523=VECTOR('',#1901,10.);
#524=VECTOR('',#1902,10.);
#525=VECTOR('',#1903,10.);
#526=VECTOR('',#1906,10.);
#527=VECTOR('',#1907,10.);
#528=VECTOR('',#1910,10.);
#529=VECTOR('',#1911,10.);
#530=VECTOR('',#1912,10.);
#531=VECTOR('',#1915,10.);
#532=VECTOR('',#1916,10.);
#533=VECTOR('',#1919,10.);
#534=VECTOR('',#1920,10.);
#535=VECTOR('',#1921,10.);
#536=VECTOR('',#1924,10.);
#537=VECTOR('',#1925,10.);
#538=VECTOR('',#1928,10.);
#539=VECTOR('',#1929,10.);
#540=VECTOR('',#1932,10.);
#541=VECTOR('',#1933,10.);
#542=VECTOR('',#1936,10.);
#543=VECTOR('',#1937,10.);
#544=VECTOR('',#1940,10.);
#545=VECTOR('',#1941,10.);
#546=VECTOR('',#1944,10.);
#547=VECTOR('',#1945,10.);
#548=VECTOR('',#1948,10.);
#549=VECTOR('',#1949,10.);
#550=VECTOR('',#1952,10.);
#551=VECTOR('',#1953,10.);
#552=VECTOR('',#1956,10.);
#553=VECTOR('',#1957,10.);
#554=VECTOR('',#1960,10.);
#555=VECTOR('',#1961,10.);
#556=VECTOR('',#1964,10.);
#557=VECTOR('',#1965,10.);
#558=VECTOR('',#1968,10.);
#559=VECTOR('',#1969,10.);
#560=VECTOR('',#1972,10.);
#561=VECTOR('',#1973,10.);
#562=VECTOR('',#1976,10.);
#563=VECTOR('',#1977,10.);
#564=VECTOR('',#1980,10.);
#565=VECTOR('',#1981,10.);
#566=VECTOR('',#1984,10.);
#567=VECTOR('',#1985,10.);
#568=VECTOR('',#1988,10.);
#569=VECTOR('',#1989,10.);
#570=VECTOR('',#1992,10.);
#571=VECTOR('',#1993,10.);
#572=VECTOR('',#1996,10.);
#573=VECTOR('',#1997,10.);
#574=VECTOR('',#2000,10.);
#575=VECTOR('',#2001,10.);
#576=VECTOR('',#2004,10.);
#577=VECTOR('',#2005,10.);
#578=VECTOR('',#2008,10.);
#579=VECTOR('',#2009,10.);
#580=VECTOR('',#2012,10.);
#581=VECTOR('',#2013,10.);
#582=VECTOR('',#2016,10.);
#583=VECTOR('',#2017,10.);
#584=VECTOR('',#2020,10.);
#585=VECTOR('',#2021,10.);
#586=VECTOR('',#2024,10.);
#587=VECTOR('',#2025,10.);
#588=VECTOR('',#2028,10.);
#589=VECTOR('',#2029,10.);
#590=VECTOR('',#2032,10.);
#591=VECTOR('',#2033,10.);
#592=VECTOR('',#2036,10.);
#593=VECTOR('',#2037,10.);
#594=VECTOR('',#2040,10.);
#595=VECTOR('',#2041,10.);
#596=VECTOR('',#2044,10.);
#597=VECTOR('',#2045,10.);
#598=VECTOR('',#2048,10.);
#599=VECTOR('',#2049,10.);
#600=VECTOR('',#2050,10.);
#601=VECTOR('',#2051,10.);
#602=VECTOR('',#2052,10.);
#603=VECTOR('',#2053,10.);
#604=VECTOR('',#2054,10.);
#605=VECTOR('',#2055,10.);
#606=VECTOR('',#2056,10.);
#607=VECTOR('',#2057,10.);
#608=VECTOR('',#2058,10.);
#609=VECTOR('',#2059,10.);
#610=VECTOR('',#2060,10.);
#611=VECTOR('',#2061,10.);
#612=VECTOR('',#2062,10.);
#613=VECTOR('',#2063,10.);
#614=VECTOR('',#2064,10.);
#615=VECTOR('',#2065,10.);
#616=VECTOR('',#2066,10.);
#617=VECTOR('',#2067,10.);
#618=VECTOR('',#2068,10.);
#619=VECTOR('',#2069,10.);
#620=VECTOR('',#2070,10.);
#621=VECTOR('',#2071,10.);
#622=VECTOR('',#2072,10.);
#623=VECTOR('',#2073,10.);
#624=VECTOR('',#2074,10.);
#625=VECTOR('',#2075,10.);
#626=VECTOR('',#2076,10.);
#627=VECTOR('',#2077,10.);
#628=VECTOR('',#2078,10.);
#629=VECTOR('',#2079,10.);
#630=VECTOR('',#2080,10.);
#631=VECTOR('',#2081,10.);
#632=VECTOR('',#2082,10.);
#633=VECTOR('',#2083,10.);
#634=VECTOR('',#2084,10.);
#635=VECTOR('',#2085,10.);
#636=VECTOR('',#2090,10.);
#637=VECTOR('',#2093,10.);
#638=VECTOR('',#2096,10.);
#639=VECTOR('',#2099,10.);
#640=VECTOR('',#2102,10.);
#641=VECTOR('',#2103,10.);
#642=VECTOR('',#2106,10.);
#643=VECTOR('',#2109,10.);
#644=VECTOR('',#2112,10.);
#645=VECTOR('',#2115,10.);
#646=VECTOR('',#2118,10.);
#647=VECTOR('',#2121,10.);
#648=VECTOR('',#2124,10.);
#649=VECTOR('',#2127,10.);
#650=VECTOR('',#2130,10.);
#651=VECTOR('',#2133,10.);
#652=VECTOR('',#2136,10.);
#653=VECTOR('',#2139,10.);
#654=VECTOR('',#2140,10.);
#655=VECTOR('',#2143,10.);
#656=VECTOR('',#2146,10.);
#657=VECTOR('',#2149,10.);
#658=VECTOR('',#2152,10.);
#659=VECTOR('',#2155,10.);
#660=VECTOR('',#2158,10.);
#661=VECTOR('',#2161,10.);
#662=VECTOR('',#2164,10.);
#663=VECTOR('',#2167,10.);
#664=VECTOR('',#2170,10.);
#665=VECTOR('',#2173,10.);
#666=VECTOR('',#2176,10.);
#667=VECTOR('',#2179,3.5);
#668=VECTOR('',#2194,10.);
#669=VECTOR('',#2197,10.);
#670=VERTEX_POINT('',#2202);
#671=VERTEX_POINT('',#2203);
#672=VERTEX_POINT('',#2205);
#673=VERTEX_POINT('',#2207);
#674=VERTEX_POINT('',#2209);
#675=VERTEX_POINT('',#2211);
#676=VERTEX_POINT('',#2213);
#677=VERTEX_POINT('',#2215);
#678=VERTEX_POINT('',#2217);
#679=VERTEX_POINT('',#2219);
#680=VERTEX_POINT('',#2221);
#681=VERTEX_POINT('',#2223);
#682=VERTEX_POINT('',#2225);
#683=VERTEX_POINT('',#2227);
#684=VERTEX_POINT('',#2229);
#685=VERTEX_POINT('',#2231);
#686=VERTEX_POINT('',#2233);
#687=VERTEX_POINT('',#2235);
#688=VERTEX_POINT('',#2237);
#689=VERTEX_POINT('',#2239);
#690=VERTEX_POINT('',#2241);
#691=VERTEX_POINT('',#2243);
#692=VERTEX_POINT('',#2245);
#693=VERTEX_POINT('',#2247);
#694=VERTEX_POINT('',#2249);
#695=VERTEX_POINT('',#2251);
#696=VERTEX_POINT('',#2253);
#697=VERTEX_POINT('',#2255);
#698=VERTEX_POINT('',#2257);
#699=VERTEX_POINT('',#2259);
#700=VERTEX_POINT('',#2261);
#701=VERTEX_POINT('',#2263);
#702=VERTEX_POINT('',#2265);
#703=VERTEX_POINT('',#2267);
#704=VERTEX_POINT('',#2269);
#705=VERTEX_POINT('',#2271);
#706=VERTEX_POINT('',#2273);
#707=VERTEX_POINT('',#2275);
#708=VERTEX_POINT('',#2277);
#709=VERTEX_POINT('',#2279);
#710=VERTEX_POINT('',#2281);
#711=VERTEX_POINT('',#2283);
#712=VERTEX_POINT('',#2285);
#713=VERTEX_POINT('',#2287);
#714=VERTEX_POINT('',#2289);
#715=VERTEX_POINT('',#2291);
#716=VERTEX_POINT('',#2293);
#717=VERTEX_POINT('',#2295);
#718=VERTEX_POINT('',#2297);
#719=VERTEX_POINT('',#2299);
#720=VERTEX_POINT('',#2301);
#721=VERTEX_POINT('',#2303);
#722=VERTEX_POINT('',#2305);
#723=VERTEX_POINT('',#2307);
#724=VERTEX_POINT('',#2309);
#725=VERTEX_POINT('',#2311);
#726=VERTEX_POINT('',#2313);
#727=VERTEX_POINT('',#2315);
#728=VERTEX_POINT('',#2317);
#729=VERTEX_POINT('',#2319);
#730=VERTEX_POINT('',#2321);
#731=VERTEX_POINT('',#2323);
#732=VERTEX_POINT('',#2326);
#733=VERTEX_POINT('',#2328);
#734=VERTEX_POINT('',#2329);
#735=VERTEX_POINT('',#2331);
#736=VERTEX_POINT('',#2333);
#737=VERTEX_POINT('',#2336);
#738=VERTEX_POINT('',#2337);
#739=VERTEX_POINT('',#2339);
#740=VERTEX_POINT('',#2341);
#741=VERTEX_POINT('',#2344);
#742=VERTEX_POINT('',#2345);
#743=VERTEX_POINT('',#2347);
#744=VERTEX_POINT('',#2349);
#745=VERTEX_POINT('',#2352);
#746=VERTEX_POINT('',#2353);
#747=VERTEX_POINT('',#2355);
#748=VERTEX_POINT('',#2357);
#749=VERTEX_POINT('',#2361);
#750=VERTEX_POINT('',#2363);
#751=VERTEX_POINT('',#2367);
#752=VERTEX_POINT('',#2371);
#753=VERTEX_POINT('',#2373);
#754=VERTEX_POINT('',#2377);
#755=VERTEX_POINT('',#2381);
#756=VERTEX_POINT('',#2383);
#757=VERTEX_POINT('',#2387);
#758=VERTEX_POINT('',#2391);
#759=VERTEX_POINT('',#2393);
#760=VERTEX_POINT('',#2397);
#761=VERTEX_POINT('',#2401);
#762=VERTEX_POINT('',#2403);
#763=VERTEX_POINT('',#2407);
#764=VERTEX_POINT('',#2411);
#765=VERTEX_POINT('',#2415);
#766=VERTEX_POINT('',#2419);
#767=VERTEX_POINT('',#2423);
#768=VERTEX_POINT('',#2427);
#769=VERTEX_POINT('',#2431);
#770=VERTEX_POINT('',#2435);
#771=VERTEX_POINT('',#2439);
#772=VERTEX_POINT('',#2443);
#773=VERTEX_POINT('',#2447);
#774=VERTEX_POINT('',#2451);
#775=VERTEX_POINT('',#2455);
#776=VERTEX_POINT('',#2459);
#777=VERTEX_POINT('',#2463);
#778=VERTEX_POINT('',#2467);
#779=VERTEX_POINT('',#2471);
#780=VERTEX_POINT('',#2475);
#781=VERTEX_POINT('',#2479);
#782=VERTEX_POINT('',#2483);
#783=VERTEX_POINT('',#2487);
#784=VERTEX_POINT('',#2491);
#785=VERTEX_POINT('',#2495);
#786=VERTEX_POINT('',#2499);
#787=VERTEX_POINT('',#2503);
#788=VERTEX_POINT('',#2507);
#789=VERTEX_POINT('',#2511);
#790=VERTEX_POINT('',#2515);
#791=VERTEX_POINT('',#2519);
#792=VERTEX_POINT('',#2523);
#793=VERTEX_POINT('',#2527);
#794=VERTEX_POINT('',#2531);
#795=VERTEX_POINT('',#2532);
#796=VERTEX_POINT('',#2535);
#797=VERTEX_POINT('',#2537);
#798=VERTEX_POINT('',#2539);
#799=VERTEX_POINT('',#2541);
#800=VERTEX_POINT('',#2543);
#801=VERTEX_POINT('',#2545);
#802=VERTEX_POINT('',#2547);
#803=VERTEX_POINT('',#2549);
#804=VERTEX_POINT('',#2551);
#805=VERTEX_POINT('',#2553);
#806=VERTEX_POINT('',#2555);
#807=VERTEX_POINT('',#2557);
#808=VERTEX_POINT('',#2559);
#809=VERTEX_POINT('',#2561);
#810=VERTEX_POINT('',#2563);
#811=VERTEX_POINT('',#2565);
#812=VERTEX_POINT('',#2567);
#813=VERTEX_POINT('',#2569);
#814=VERTEX_POINT('',#2571);
#815=VERTEX_POINT('',#2573);
#816=VERTEX_POINT('',#2575);
#817=VERTEX_POINT('',#2577);
#818=VERTEX_POINT('',#2579);
#819=VERTEX_POINT('',#2581);
#820=VERTEX_POINT('',#2583);
#821=VERTEX_POINT('',#2585);
#822=VERTEX_POINT('',#2587);
#823=VERTEX_POINT('',#2590);
#824=VERTEX_POINT('',#2593);
#825=VERTEX_POINT('',#2596);
#826=VERTEX_POINT('',#2599);
#827=VERTEX_POINT('',#2602);
#828=EDGE_CURVE('',#670,#671,#200,.T.);
#829=EDGE_CURVE('',#672,#670,#201,.T.);
#830=EDGE_CURVE('',#673,#672,#202,.T.);
#831=EDGE_CURVE('',#674,#673,#203,.T.);
#832=EDGE_CURVE('',#675,#674,#204,.T.);
#833=EDGE_CURVE('',#676,#675,#205,.T.);
#834=EDGE_CURVE('',#677,#676,#206,.T.);
#835=EDGE_CURVE('',#678,#677,#207,.T.);
#836=EDGE_CURVE('',#679,#678,#208,.T.);
#837=EDGE_CURVE('',#680,#679,#209,.T.);
#838=EDGE_CURVE('',#681,#680,#210,.T.);
#839=EDGE_CURVE('',#682,#681,#211,.T.);
#840=EDGE_CURVE('',#683,#682,#212,.T.);
#841=EDGE_CURVE('',#684,#683,#213,.T.);
#842=EDGE_CURVE('',#685,#684,#214,.T.);
#843=EDGE_CURVE('',#686,#685,#215,.T.);
#844=EDGE_CURVE('',#687,#686,#216,.T.);
#845=EDGE_CURVE('',#688,#687,#217,.T.);
#846=EDGE_CURVE('',#689,#688,#218,.T.);
#847=EDGE_CURVE('',#690,#689,#219,.T.);
#848=EDGE_CURVE('',#691,#690,#220,.T.);
#849=EDGE_CURVE('',#692,#691,#221,.T.);
#850=EDGE_CURVE('',#693,#692,#222,.T.);
#851=EDGE_CURVE('',#694,#693,#223,.T.);
#852=EDGE_CURVE('',#695,#694,#224,.T.);
#853=EDGE_CURVE('',#696,#695,#225,.T.);
#854=EDGE_CURVE('',#697,#696,#226,.T.);
#855=EDGE_CURVE('',#698,#697,#227,.T.);
#856=EDGE_CURVE('',#699,#698,#228,.T.);
#857=EDGE_CURVE('',#700,#699,#229,.T.);
#858=EDGE_CURVE('',#701,#700,#230,.T.);
#859=EDGE_CURVE('',#702,#701,#231,.T.);
#860=EDGE_CURVE('',#703,#702,#232,.T.);
#861=EDGE_CURVE('',#704,#703,#233,.T.);
#862=EDGE_CURVE('',#705,#704,#234,.T.);
#863=EDGE_CURVE('',#706,#705,#235,.T.);
#864=EDGE_CURVE('',#707,#706,#236,.T.);
#865=EDGE_CURVE('',#708,#707,#237,.T.);
#866=EDGE_CURVE('',#709,#708,#238,.T.);
#867=EDGE_CURVE('',#710,#709,#239,.T.);
#868=EDGE_CURVE('',#711,#710,#240,.T.);
#869=EDGE_CURVE('',#712,#711,#241,.T.);
#870=EDGE_CURVE('',#713,#712,#242,.T.);
#871=EDGE_CURVE('',#714,#713,#243,.T.);
#872=EDGE_CURVE('',#715,#714,#244,.T.);
#873=EDGE_CURVE('',#716,#715,#245,.T.);
#874=EDGE_CURVE('',#717,#716,#246,.T.);
#875=EDGE_CURVE('',#718,#717,#247,.T.);
#876=EDGE_CURVE('',#719,#718,#248,.T.);
#877=EDGE_CURVE('',#720,#719,#249,.T.);
#878=EDGE_CURVE('',#721,#720,#250,.T.);
#879=EDGE_CURVE('',#722,#721,#251,.T.);
#880=EDGE_CURVE('',#723,#722,#252,.T.);
#881=EDGE_CURVE('',#724,#723,#253,.T.);
#882=EDGE_CURVE('',#725,#724,#254,.T.);
#883=EDGE_CURVE('',#726,#725,#255,.T.);
#884=EDGE_CURVE('',#727,#726,#256,.T.);
#885=EDGE_CURVE('',#728,#727,#257,.T.);
#886=EDGE_CURVE('',#729,#728,#258,.T.);
#887=EDGE_CURVE('',#730,#729,#259,.T.);
#888=EDGE_CURVE('',#731,#730,#260,.T.);
#889=EDGE_CURVE('',#671,#731,#261,.T.);
#890=EDGE_CURVE('',#732,#732,#26,.T.);
#891=EDGE_CURVE('',#733,#734,#262,.T.);
#892=EDGE_CURVE('',#735,#733,#263,.T.);
#893=EDGE_CURVE('',#736,#735,#264,.T.);
#894=EDGE_CURVE('',#734,#736,#265,.T.);
#895=EDGE_CURVE('',#737,#738,#266,.T.);
#896=EDGE_CURVE('',#739,#737,#267,.T.);
#897=EDGE_CURVE('',#740,#739,#268,.T.);
#898=EDGE_CURVE('',#738,#740,#269,.T.);
#899=EDGE_CURVE('',#741,#742,#270,.T.);
#900=EDGE_CURVE('',#743,#741,#271,.T.);
#901=EDGE_CURVE('',#744,#743,#272,.T.);
#902=EDGE_CURVE('',#742,#744,#273,.T.);
#903=EDGE_CURVE('',#745,#746,#274,.T.);
#904=EDGE_CURVE('',#747,#745,#275,.T.);
#905=EDGE_CURVE('',#748,#747,#276,.T.);
#906=EDGE_CURVE('',#746,#748,#277,.T.);
#907=EDGE_CURVE('',#749,#747,#278,.T.);
#908=EDGE_CURVE('',#749,#750,#279,.T.);
#909=EDGE_CURVE('',#750,#748,#280,.T.);
#910=EDGE_CURVE('',#751,#745,#281,.T.);
#911=EDGE_CURVE('',#751,#749,#282,.T.);
#912=EDGE_CURVE('',#752,#743,#283,.T.);
#913=EDGE_CURVE('',#752,#753,#284,.T.);
#914=EDGE_CURVE('',#753,#744,#285,.T.);
#915=EDGE_CURVE('',#754,#741,#286,.T.);
#916=EDGE_CURVE('',#754,#752,#287,.T.);
#917=EDGE_CURVE('',#755,#739,#288,.T.);
#918=EDGE_CURVE('',#755,#756,#289,.T.);
#919=EDGE_CURVE('',#756,#740,#290,.T.);
#920=EDGE_CURVE('',#757,#737,#291,.T.);
#921=EDGE_CURVE('',#757,#755,#292,.T.);
#922=EDGE_CURVE('',#758,#735,#293,.T.);
#923=EDGE_CURVE('',#758,#759,#294,.T.);
#924=EDGE_CURVE('',#759,#736,#295,.T.);
#925=EDGE_CURVE('',#760,#733,#296,.T.);
#926=EDGE_CURVE('',#760,#758,#297,.T.);
#927=EDGE_CURVE('',#761,#671,#298,.T.);
#928=EDGE_CURVE('',#761,#762,#299,.T.);
#929=EDGE_CURVE('',#762,#670,#300,.T.);
#930=EDGE_CURVE('',#763,#731,#301,.T.);
#931=EDGE_CURVE('',#763,#761,#302,.T.);
#932=EDGE_CURVE('',#764,#730,#303,.T.);
#933=EDGE_CURVE('',#764,#763,#304,.T.);
#934=EDGE_CURVE('',#765,#729,#305,.T.);
#935=EDGE_CURVE('',#765,#764,#306,.T.);
#936=EDGE_CURVE('',#766,#728,#307,.T.);
#937=EDGE_CURVE('',#766,#765,#308,.T.);
#938=EDGE_CURVE('',#767,#727,#309,.T.);
#939=EDGE_CURVE('',#767,#766,#310,.T.);
#940=EDGE_CURVE('',#768,#726,#311,.T.);
#941=EDGE_CURVE('',#768,#767,#312,.T.);
#942=EDGE_CURVE('',#769,#725,#313,.T.);
#943=EDGE_CURVE('',#769,#768,#314,.T.);
#944=EDGE_CURVE('',#770,#724,#315,.T.);
#945=EDGE_CURVE('',#770,#769,#316,.T.);
#946=EDGE_CURVE('',#771,#723,#317,.T.);
#947=EDGE_CURVE('',#771,#770,#318,.T.);
#948=EDGE_CURVE('',#772,#722,#319,.T.);
#949=EDGE_CURVE('',#772,#771,#320,.T.);
#950=EDGE_CURVE('',#773,#721,#321,.T.);
#951=EDGE_CURVE('',#773,#772,#322,.T.);
#952=EDGE_CURVE('',#774,#720,#323,.T.);
#953=EDGE_CURVE('',#774,#773,#324,.T.);
#954=EDGE_CURVE('',#775,#719,#325,.T.);
#955=EDGE_CURVE('',#775,#774,#326,.T.);
#956=EDGE_CURVE('',#776,#718,#327,.T.);
#957=EDGE_CURVE('',#776,#775,#328,.T.);
#958=EDGE_CURVE('',#777,#717,#329,.T.);
#959=EDGE_CURVE('',#777,#776,#330,.T.);
#960=EDGE_CURVE('',#778,#716,#331,.T.);
#961=EDGE_CURVE('',#778,#777,#332,.T.);
#962=EDGE_CURVE('',#779,#715,#333,.T.);
#963=EDGE_CURVE('',#779,#778,#334,.T.);
#964=EDGE_CURVE('',#780,#714,#335,.T.);
#965=EDGE_CURVE('',#780,#779,#336,.T.);
#966=EDGE_CURVE('',#781,#713,#337,.T.);
#967=EDGE_CURVE('',#781,#780,#338,.T.);
#968=EDGE_CURVE('',#782,#712,#339,.T.);
#969=EDGE_CURVE('',#782,#781,#340,.T.);
#970=EDGE_CURVE('',#783,#711,#341,.T.);
#971=EDGE_CURVE('',#783,#782,#342,.T.);
#972=EDGE_CURVE('',#784,#710,#343,.T.);
#973=EDGE_CURVE('',#784,#783,#344,.T.);
#974=EDGE_CURVE('',#785,#709,#345,.T.);
#975=EDGE_CURVE('',#785,#784,#346,.T.);
#976=EDGE_CURVE('',#786,#708,#347,.T.);
#977=EDGE_CURVE('',#786,#785,#348,.T.);
#978=EDGE_CURVE('',#787,#707,#349,.T.);
#979=EDGE_CURVE('',#787,#786,#350,.T.);
#980=EDGE_CURVE('',#788,#706,#351,.T.);
#981=EDGE_CURVE('',#788,#787,#352,.T.);
#982=EDGE_CURVE('',#789,#705,#353,.T.);
#983=EDGE_CURVE('',#789,#788,#354,.T.);
#984=EDGE_CURVE('',#790,#704,#355,.T.);
#985=EDGE_CURVE('',#790,#789,#356,.T.);
#986=EDGE_CURVE('',#791,#703,#357,.T.);
#987=EDGE_CURVE('',#791,#790,#358,.T.);
#988=EDGE_CURVE('',#792,#702,#359,.T.);
#989=EDGE_CURVE('',#792,#791,#360,.T.);
#990=EDGE_CURVE('',#793,#701,#361,.T.);
#991=EDGE_CURVE('',#793,#792,#362,.T.);
#992=EDGE_CURVE('',#794,#795,#363,.T.);
#993=EDGE_CURVE('',#762,#794,#364,.T.);
#994=EDGE_CURVE('',#793,#796,#365,.T.);
#995=EDGE_CURVE('',#797,#796,#366,.T.);
#996=EDGE_CURVE('',#798,#797,#367,.T.);
#997=EDGE_CURVE('',#799,#798,#368,.T.);
#998=EDGE_CURVE('',#800,#799,#369,.T.);
#999=EDGE_CURVE('',#801,#800,#370,.T.);
#1000=EDGE_CURVE('',#802,#801,#371,.T.);
#1001=EDGE_CURVE('',#803,#802,#372,.T.);
#1002=EDGE_CURVE('',#804,#803,#373,.T.);
#1003=EDGE_CURVE('',#805,#804,#374,.T.);
#1004=EDGE_CURVE('',#806,#805,#375,.T.);
#1005=EDGE_CURVE('',#807,#806,#376,.T.);
#1006=EDGE_CURVE('',#808,#807,#377,.T.);
#1007=EDGE_CURVE('',#809,#808,#378,.T.);
#1008=EDGE_CURVE('',#810,#809,#379,.T.);
#1009=EDGE_CURVE('',#811,#810,#380,.T.);
#1010=EDGE_CURVE('',#812,#811,#381,.T.);
#1011=EDGE_CURVE('',#813,#812,#382,.T.);
#1012=EDGE_CURVE('',#814,#813,#383,.T.);
#1013=EDGE_CURVE('',#815,#814,#384,.T.);
#1014=EDGE_CURVE('',#816,#815,#385,.T.);
#1015=EDGE_CURVE('',#817,#816,#386,.T.);
#1016=EDGE_CURVE('',#818,#817,#387,.T.);
#1017=EDGE_CURVE('',#819,#818,#388,.T.);
#1018=EDGE_CURVE('',#820,#819,#389,.T.);
#1019=EDGE_CURVE('',#821,#820,#390,.T.);
#1020=EDGE_CURVE('',#822,#821,#391,.T.);
#1021=EDGE_CURVE('',#795,#822,#392,.T.);
#1022=EDGE_CURVE('',#823,#760,#393,.T.);
#1023=EDGE_CURVE('',#759,#823,#394,.T.);
#1024=EDGE_CURVE('',#824,#757,#395,.T.);
#1025=EDGE_CURVE('',#756,#824,#396,.T.);
#1026=EDGE_CURVE('',#825,#754,#397,.T.);
#1027=EDGE_CURVE('',#753,#825,#398,.T.);
#1028=EDGE_CURVE('',#826,#751,#399,.T.);
#1029=EDGE_CURVE('',#750,#826,#400,.T.);
#1030=EDGE_CURVE('',#827,#827,#27,.T.);
#1031=EDGE_CURVE('',#826,#746,#401,.T.);
#1032=EDGE_CURVE('',#825,#742,#402,.T.);
#1033=EDGE_CURVE('',#824,#738,#403,.T.);
#1034=EDGE_CURVE('',#823,#734,#404,.T.);
#1035=EDGE_CURVE('',#822,#674,#405,.T.);
#1036=EDGE_CURVE('',#821,#675,#406,.T.);
#1037=EDGE_CURVE('',#820,#676,#407,.T.);
#1038=EDGE_CURVE('',#819,#677,#408,.T.);
#1039=EDGE_CURVE('',#818,#678,#409,.T.);
#1040=EDGE_CURVE('',#817,#679,#410,.T.);
#1041=EDGE_CURVE('',#816,#680,#411,.T.);
#1042=EDGE_CURVE('',#815,#681,#412,.T.);
#1043=EDGE_CURVE('',#814,#682,#413,.T.);
#1044=EDGE_CURVE('',#813,#683,#414,.T.);
#1045=EDGE_CURVE('',#812,#684,#415,.T.);
#1046=EDGE_CURVE('',#811,#685,#416,.T.);
#1047=EDGE_CURVE('',#810,#686,#417,.T.);
#1048=EDGE_CURVE('',#809,#687,#418,.T.);
#1049=EDGE_CURVE('',#808,#688,#419,.T.);
#1050=EDGE_CURVE('',#807,#689,#420,.T.);
#1051=EDGE_CURVE('',#806,#690,#421,.T.);
#1052=EDGE_CURVE('',#805,#691,#422,.T.);
#1053=EDGE_CURVE('',#804,#692,#423,.T.);
#1054=EDGE_CURVE('',#803,#693,#424,.T.);
#1055=EDGE_CURVE('',#802,#694,#425,.T.);
#1056=EDGE_CURVE('',#801,#695,#426,.T.);
#1057=EDGE_CURVE('',#800,#696,#427,.T.);
#1058=EDGE_CURVE('',#799,#697,#428,.T.);
#1059=EDGE_CURVE('',#798,#698,#429,.T.);
#1060=EDGE_CURVE('',#797,#699,#430,.T.);
#1061=EDGE_CURVE('',#796,#700,#431,.T.);
#1062=EDGE_CURVE('',#732,#827,#432,.T.);
#1063=EDGE_CURVE('',#795,#673,#433,.T.);
#1064=EDGE_CURVE('',#794,#672,#434,.T.);
#1065=ORIENTED_EDGE('',*,*,#828,.F.);
#1066=ORIENTED_EDGE('',*,*,#829,.F.);
#1067=ORIENTED_EDGE('',*,*,#830,.F.);
#1068=ORIENTED_EDGE('',*,*,#831,.F.);
#1069=ORIENTED_EDGE('',*,*,#832,.F.);
#1070=ORIENTED_EDGE('',*,*,#833,.F.);
#1071=ORIENTED_EDGE('',*,*,#834,.F.);
#1072=ORIENTED_EDGE('',*,*,#835,.F.);
#1073=ORIENTED_EDGE('',*,*,#836,.F.);
#1074=ORIENTED_EDGE('',*,*,#837,.F.);
#1075=ORIENTED_EDGE('',*,*,#838,.F.);
#1076=ORIENTED_EDGE('',*,*,#839,.F.);
#1077=ORIENTED_EDGE('',*,*,#840,.F.);
#1078=ORIENTED_EDGE('',*,*,#841,.F.);
#1079=ORIENTED_EDGE('',*,*,#842,.F.);
#1080=ORIENTED_EDGE('',*,*,#843,.F.);
#1081=ORIENTED_EDGE('',*,*,#844,.F.);
#1082=ORIENTED_EDGE('',*,*,#845,.F.);
#1083=ORIENTED_EDGE('',*,*,#846,.F.);
#1084=ORIENTED_EDGE('',*,*,#847,.F.);
#1085=ORIENTED_EDGE('',*,*,#848,.F.);
#1086=ORIENTED_EDGE('',*,*,#849,.F.);
#1087=ORIENTED_EDGE('',*,*,#850,.F.);
#1088=ORIENTED_EDGE('',*,*,#851,.F.);
#1089=ORIENTED_EDGE('',*,*,#852,.F.);
#1090=ORIENTED_EDGE('',*,*,#853,.F.);
#1091=ORIENTED_EDGE('',*,*,#854,.F.);
#1092=ORIENTED_EDGE('',*,*,#855,.F.);
#1093=ORIENTED_EDGE('',*,*,#856,.F.);
#1094=ORIENTED_EDGE('',*,*,#857,.F.);
#1095=ORIENTED_EDGE('',*,*,#858,.F.);
#1096=ORIENTED_EDGE('',*,*,#859,.F.);
#1097=ORIENTED_EDGE('',*,*,#860,.F.);
#1098=ORIENTED_EDGE('',*,*,#861,.F.);
#1099=ORIENTED_EDGE('',*,*,#862,.F.);
#1100=ORIENTED_EDGE('',*,*,#863,.F.);
#1101=ORIENTED_EDGE('',*,*,#864,.F.);
#1102=ORIENTED_EDGE('',*,*,#865,.F.);
#1103=ORIENTED_EDGE('',*,*,#866,.F.);
#1104=ORIENTED_EDGE('',*,*,#867,.F.);
#1105=ORIENTED_EDGE('',*,*,#868,.F.);
#1106=ORIENTED_EDGE('',*,*,#869,.F.);
#1107=ORIENTED_EDGE('',*,*,#870,.F.);
#1108=ORIENTED_EDGE('',*,*,#871,.F.);
#1109=ORIENTED_EDGE('',*,*,#872,.F.);
#1110=ORIENTED_EDGE('',*,*,#873,.F.);
#1111=ORIENTED_EDGE('',*,*,#874,.F.);
#1112=ORIENTED_EDGE('',*,*,#875,.F.);
#1113=ORIENTED_EDGE('',*,*,#876,.F.);
#1114=ORIENTED_EDGE('',*,*,#877,.F.);
#1115=ORIENTED_EDGE('',*,*,#878,.F.);
#1116=ORIENTED_EDGE('',*,*,#879,.F.);
#1117=ORIENTED_EDGE('',*,*,#880,.F.);
#1118=ORIENTED_EDGE('',*,*,#881,.F.);
#1119=ORIENTED_EDGE('',*,*,#882,.F.);
#1120=ORIENTED_EDGE('',*,*,#883,.F.);
#1121=ORIENTED_EDGE('',*,*,#884,.F.);
#1122=ORIENTED_EDGE('',*,*,#885,.F.);
#1123=ORIENTED_EDGE('',*,*,#886,.F.);
#1124=ORIENTED_EDGE('',*,*,#887,.F.);
#1125=ORIENTED_EDGE('',*,*,#888,.F.);
#1126=ORIENTED_EDGE('',*,*,#889,.F.);
#1127=ORIENTED_EDGE('',*,*,#890,.F.);
#1128=ORIENTED_EDGE('',*,*,#891,.F.);
#1129=ORIENTED_EDGE('',*,*,#892,.F.);
#1130=ORIENTED_EDGE('',*,*,#893,.F.);
#1131=ORIENTED_EDGE('',*,*,#894,.F.);
#1132=ORIENTED_EDGE('',*,*,#895,.F.);
#1133=ORIENTED_EDGE('',*,*,#896,.F.);
#1134=ORIENTED_EDGE('',*,*,#897,.F.);
#1135=ORIENTED_EDGE('',*,*,#898,.F.);
#1136=ORIENTED_EDGE('',*,*,#899,.F.);
#1137=ORIENTED_EDGE('',*,*,#900,.F.);
#1138=ORIENTED_EDGE('',*,*,#901,.F.);
#1139=ORIENTED_EDGE('',*,*,#902,.F.);
#1140=ORIENTED_EDGE('',*,*,#903,.F.);
#1141=ORIENTED_EDGE('',*,*,#904,.F.);
#1142=ORIENTED_EDGE('',*,*,#905,.F.);
#1143=ORIENTED_EDGE('',*,*,#906,.F.);
#1144=ORIENTED_EDGE('',*,*,#905,.T.);
#1145=ORIENTED_EDGE('',*,*,#907,.F.);
#1146=ORIENTED_EDGE('',*,*,#908,.T.);
#1147=ORIENTED_EDGE('',*,*,#909,.T.);
#1148=ORIENTED_EDGE('',*,*,#904,.T.);
#1149=ORIENTED_EDGE('',*,*,#910,.F.);
#1150=ORIENTED_EDGE('',*,*,#911,.T.);
#1151=ORIENTED_EDGE('',*,*,#907,.T.);
#1152=ORIENTED_EDGE('',*,*,#901,.T.);
#1153=ORIENTED_EDGE('',*,*,#912,.F.);
#1154=ORIENTED_EDGE('',*,*,#913,.T.);
#1155=ORIENTED_EDGE('',*,*,#914,.T.);
#1156=ORIENTED_EDGE('',*,*,#900,.T.);
#1157=ORIENTED_EDGE('',*,*,#915,.F.);
#1158=ORIENTED_EDGE('',*,*,#916,.T.);
#1159=ORIENTED_EDGE('',*,*,#912,.T.);
#1160=ORIENTED_EDGE('',*,*,#897,.T.);
#1161=ORIENTED_EDGE('',*,*,#917,.F.);
#1162=ORIENTED_EDGE('',*,*,#918,.T.);
#1163=ORIENTED_EDGE('',*,*,#919,.T.);
#1164=ORIENTED_EDGE('',*,*,#896,.T.);
#1165=ORIENTED_EDGE('',*,*,#920,.F.);
#1166=ORIENTED_EDGE('',*,*,#921,.T.);
#1167=ORIENTED_EDGE('',*,*,#917,.T.);
#1168=ORIENTED_EDGE('',*,*,#893,.T.);
#1169=ORIENTED_EDGE('',*,*,#922,.F.);
#1170=ORIENTED_EDGE('',*,*,#923,.T.);
#1171=ORIENTED_EDGE('',*,*,#924,.T.);
#1172=ORIENTED_EDGE('',*,*,#892,.T.);
#1173=ORIENTED_EDGE('',*,*,#925,.F.);
#1174=ORIENTED_EDGE('',*,*,#926,.T.);
#1175=ORIENTED_EDGE('',*,*,#922,.T.);
#1176=ORIENTED_EDGE('',*,*,#828,.T.);
#1177=ORIENTED_EDGE('',*,*,#927,.F.);
#1178=ORIENTED_EDGE('',*,*,#928,.T.);
#1179=ORIENTED_EDGE('',*,*,#929,.T.);
#1180=ORIENTED_EDGE('',*,*,#889,.T.);
#1181=ORIENTED_EDGE('',*,*,#930,.F.);
#1182=ORIENTED_EDGE('',*,*,#931,.T.);
#1183=ORIENTED_EDGE('',*,*,#927,.T.);
#1184=ORIENTED_EDGE('',*,*,#888,.T.);
#1185=ORIENTED_EDGE('',*,*,#932,.F.);
#1186=ORIENTED_EDGE('',*,*,#933,.T.);
#1187=ORIENTED_EDGE('',*,*,#930,.T.);
#1188=ORIENTED_EDGE('',*,*,#887,.T.);
#1189=ORIENTED_EDGE('',*,*,#934,.F.);
#1190=ORIENTED_EDGE('',*,*,#935,.T.);
#1191=ORIENTED_EDGE('',*,*,#932,.T.);
#1192=ORIENTED_EDGE('',*,*,#886,.T.);
#1193=ORIENTED_EDGE('',*,*,#936,.F.);
#1194=ORIENTED_EDGE('',*,*,#937,.T.);
#1195=ORIENTED_EDGE('',*,*,#934,.T.);
#1196=ORIENTED_EDGE('',*,*,#885,.T.);
#1197=ORIENTED_EDGE('',*,*,#938,.F.);
#1198=ORIENTED_EDGE('',*,*,#939,.T.);
#1199=ORIENTED_EDGE('',*,*,#936,.T.);
#1200=ORIENTED_EDGE('',*,*,#884,.T.);
#1201=ORIENTED_EDGE('',*,*,#940,.F.);
#1202=ORIENTED_EDGE('',*,*,#941,.T.);
#1203=ORIENTED_EDGE('',*,*,#938,.T.);
#1204=ORIENTED_EDGE('',*,*,#883,.T.);
#1205=ORIENTED_EDGE('',*,*,#942,.F.);
#1206=ORIENTED_EDGE('',*,*,#943,.T.);
#1207=ORIENTED_EDGE('',*,*,#940,.T.);
#1208=ORIENTED_EDGE('',*,*,#882,.T.);
#1209=ORIENTED_EDGE('',*,*,#944,.F.);
#1210=ORIENTED_EDGE('',*,*,#945,.T.);
#1211=ORIENTED_EDGE('',*,*,#942,.T.);
#1212=ORIENTED_EDGE('',*,*,#881,.T.);
#1213=ORIENTED_EDGE('',*,*,#946,.F.);
#1214=ORIENTED_EDGE('',*,*,#947,.T.);
#1215=ORIENTED_EDGE('',*,*,#944,.T.);
#1216=ORIENTED_EDGE('',*,*,#880,.T.);
#1217=ORIENTED_EDGE('',*,*,#948,.F.);
#1218=ORIENTED_EDGE('',*,*,#949,.T.);
#1219=ORIENTED_EDGE('',*,*,#946,.T.);
#1220=ORIENTED_EDGE('',*,*,#879,.T.);
#1221=ORIENTED_EDGE('',*,*,#950,.F.);
#1222=ORIENTED_EDGE('',*,*,#951,.T.);
#1223=ORIENTED_EDGE('',*,*,#948,.T.);
#1224=ORIENTED_EDGE('',*,*,#878,.T.);
#1225=ORIENTED_EDGE('',*,*,#952,.F.);
#1226=ORIENTED_EDGE('',*,*,#953,.T.);
#1227=ORIENTED_EDGE('',*,*,#950,.T.);
#1228=ORIENTED_EDGE('',*,*,#877,.T.);
#1229=ORIENTED_EDGE('',*,*,#954,.F.);
#1230=ORIENTED_EDGE('',*,*,#955,.T.);
#1231=ORIENTED_EDGE('',*,*,#952,.T.);
#1232=ORIENTED_EDGE('',*,*,#876,.T.);
#1233=ORIENTED_EDGE('',*,*,#956,.F.);
#1234=ORIENTED_EDGE('',*,*,#957,.T.);
#1235=ORIENTED_EDGE('',*,*,#954,.T.);
#1236=ORIENTED_EDGE('',*,*,#875,.T.);
#1237=ORIENTED_EDGE('',*,*,#958,.F.);
#1238=ORIENTED_EDGE('',*,*,#959,.T.);
#1239=ORIENTED_EDGE('',*,*,#956,.T.);
#1240=ORIENTED_EDGE('',*,*,#874,.T.);
#1241=ORIENTED_EDGE('',*,*,#960,.F.);
#1242=ORIENTED_EDGE('',*,*,#961,.T.);
#1243=ORIENTED_EDGE('',*,*,#958,.T.);
#1244=ORIENTED_EDGE('',*,*,#873,.T.);
#1245=ORIENTED_EDGE('',*,*,#962,.F.);
#1246=ORIENTED_EDGE('',*,*,#963,.T.);
#1247=ORIENTED_EDGE('',*,*,#960,.T.);
#1248=ORIENTED_EDGE('',*,*,#872,.T.);
#1249=ORIENTED_EDGE('',*,*,#964,.F.);
#1250=ORIENTED_EDGE('',*,*,#965,.T.);
#1251=ORIENTED_EDGE('',*,*,#962,.T.);
#1252=ORIENTED_EDGE('',*,*,#871,.T.);
#1253=ORIENTED_EDGE('',*,*,#966,.F.);
#1254=ORIENTED_EDGE('',*,*,#967,.T.);
#1255=ORIENTED_EDGE('',*,*,#964,.T.);
#1256=ORIENTED_EDGE('',*,*,#870,.T.);
#1257=ORIENTED_EDGE('',*,*,#968,.F.);
#1258=ORIENTED_EDGE('',*,*,#969,.T.);
#1259=ORIENTED_EDGE('',*,*,#966,.T.);
#1260=ORIENTED_EDGE('',*,*,#869,.T.);
#1261=ORIENTED_EDGE('',*,*,#970,.F.);
#1262=ORIENTED_EDGE('',*,*,#971,.T.);
#1263=ORIENTED_EDGE('',*,*,#968,.T.);
#1264=ORIENTED_EDGE('',*,*,#868,.T.);
#1265=ORIENTED_EDGE('',*,*,#972,.F.);
#1266=ORIENTED_EDGE('',*,*,#973,.T.);
#1267=ORIENTED_EDGE('',*,*,#970,.T.);
#1268=ORIENTED_EDGE('',*,*,#867,.T.);
#1269=ORIENTED_EDGE('',*,*,#974,.F.);
#1270=ORIENTED_EDGE('',*,*,#975,.T.);
#1271=ORIENTED_EDGE('',*,*,#972,.T.);
#1272=ORIENTED_EDGE('',*,*,#866,.T.);
#1273=ORIENTED_EDGE('',*,*,#976,.F.);
#1274=ORIENTED_EDGE('',*,*,#977,.T.);
#1275=ORIENTED_EDGE('',*,*,#974,.T.);
#1276=ORIENTED_EDGE('',*,*,#865,.T.);
#1277=ORIENTED_EDGE('',*,*,#978,.F.);
#1278=ORIENTED_EDGE('',*,*,#979,.T.);
#1279=ORIENTED_EDGE('',*,*,#976,.T.);
#1280=ORIENTED_EDGE('',*,*,#864,.T.);
#1281=ORIENTED_EDGE('',*,*,#980,.F.);
#1282=ORIENTED_EDGE('',*,*,#981,.T.);
#1283=ORIENTED_EDGE('',*,*,#978,.T.);
#1284=ORIENTED_EDGE('',*,*,#863,.T.);
#1285=ORIENTED_EDGE('',*,*,#982,.F.);
#1286=ORIENTED_EDGE('',*,*,#983,.T.);
#1287=ORIENTED_EDGE('',*,*,#980,.T.);
#1288=ORIENTED_EDGE('',*,*,#862,.T.);
#1289=ORIENTED_EDGE('',*,*,#984,.F.);
#1290=ORIENTED_EDGE('',*,*,#985,.T.);
#1291=ORIENTED_EDGE('',*,*,#982,.T.);
#1292=ORIENTED_EDGE('',*,*,#861,.T.);
#1293=ORIENTED_EDGE('',*,*,#986,.F.);
#1294=ORIENTED_EDGE('',*,*,#987,.T.);
#1295=ORIENTED_EDGE('',*,*,#984,.T.);
#1296=ORIENTED_EDGE('',*,*,#860,.T.);
#1297=ORIENTED_EDGE('',*,*,#988,.F.);
#1298=ORIENTED_EDGE('',*,*,#989,.T.);
#1299=ORIENTED_EDGE('',*,*,#986,.T.);
#1300=ORIENTED_EDGE('',*,*,#859,.T.);
#1301=ORIENTED_EDGE('',*,*,#990,.F.);
#1302=ORIENTED_EDGE('',*,*,#991,.T.);
#1303=ORIENTED_EDGE('',*,*,#988,.T.);
#1304=ORIENTED_EDGE('',*,*,#992,.F.);
#1305=ORIENTED_EDGE('',*,*,#993,.F.);
#1306=ORIENTED_EDGE('',*,*,#928,.F.);
#1307=ORIENTED_EDGE('',*,*,#931,.F.);
#1308=ORIENTED_EDGE('',*,*,#933,.F.);
#1309=ORIENTED_EDGE('',*,*,#935,.F.);
#1310=ORIENTED_EDGE('',*,*,#937,.F.);
#1311=ORIENTED_EDGE('',*,*,#939,.F.);
#1312=ORIENTED_EDGE('',*,*,#941,.F.);
#1313=ORIENTED_EDGE('',*,*,#943,.F.);
#1314=ORIENTED_EDGE('',*,*,#945,.F.);
#1315=ORIENTED_EDGE('',*,*,#947,.F.);
#1316=ORIENTED_EDGE('',*,*,#949,.F.);
#1317=ORIENTED_EDGE('',*,*,#951,.F.);
#1318=ORIENTED_EDGE('',*,*,#953,.F.);
#1319=ORIENTED_EDGE('',*,*,#955,.F.);
#1320=ORIENTED_EDGE('',*,*,#957,.F.);
#1321=ORIENTED_EDGE('',*,*,#959,.F.);
#1322=ORIENTED_EDGE('',*,*,#961,.F.);
#1323=ORIENTED_EDGE('',*,*,#963,.F.);
#1324=ORIENTED_EDGE('',*,*,#965,.F.);
#1325=ORIENTED_EDGE('',*,*,#967,.F.);
#1326=ORIENTED_EDGE('',*,*,#969,.F.);
#1327=ORIENTED_EDGE('',*,*,#971,.F.);
#1328=ORIENTED_EDGE('',*,*,#973,.F.);
#1329=ORIENTED_EDGE('',*,*,#975,.F.);
#1330=ORIENTED_EDGE('',*,*,#977,.F.);
#1331=ORIENTED_EDGE('',*,*,#979,.F.);
#1332=ORIENTED_EDGE('',*,*,#981,.F.);
#1333=ORIENTED_EDGE('',*,*,#983,.F.);
#1334=ORIENTED_EDGE('',*,*,#985,.F.);
#1335=ORIENTED_EDGE('',*,*,#987,.F.);
#1336=ORIENTED_EDGE('',*,*,#989,.F.);
#1337=ORIENTED_EDGE('',*,*,#991,.F.);
#1338=ORIENTED_EDGE('',*,*,#994,.T.);
#1339=ORIENTED_EDGE('',*,*,#995,.F.);
#1340=ORIENTED_EDGE('',*,*,#996,.F.);
#1341=ORIENTED_EDGE('',*,*,#997,.F.);
#1342=ORIENTED_EDGE('',*,*,#998,.F.);
#1343=ORIENTED_EDGE('',*,*,#999,.F.);
#1344=ORIENTED_EDGE('',*,*,#1000,.F.);
#1345=ORIENTED_EDGE('',*,*,#1001,.F.);
#1346=ORIENTED_EDGE('',*,*,#1002,.F.);
#1347=ORIENTED_EDGE('',*,*,#1003,.F.);
#1348=ORIENTED_EDGE('',*,*,#1004,.F.);
#1349=ORIENTED_EDGE('',*,*,#1005,.F.);
#1350=ORIENTED_EDGE('',*,*,#1006,.F.);
#1351=ORIENTED_EDGE('',*,*,#1007,.F.);
#1352=ORIENTED_EDGE('',*,*,#1008,.F.);
#1353=ORIENTED_EDGE('',*,*,#1009,.F.);
#1354=ORIENTED_EDGE('',*,*,#1010,.F.);
#1355=ORIENTED_EDGE('',*,*,#1011,.F.);
#1356=ORIENTED_EDGE('',*,*,#1012,.F.);
#1357=ORIENTED_EDGE('',*,*,#1013,.F.);
#1358=ORIENTED_EDGE('',*,*,#1014,.F.);
#1359=ORIENTED_EDGE('',*,*,#1015,.F.);
#1360=ORIENTED_EDGE('',*,*,#1016,.F.);
#1361=ORIENTED_EDGE('',*,*,#1017,.F.);
#1362=ORIENTED_EDGE('',*,*,#1018,.F.);
#1363=ORIENTED_EDGE('',*,*,#1019,.F.);
#1364=ORIENTED_EDGE('',*,*,#1020,.F.);
#1365=ORIENTED_EDGE('',*,*,#1021,.F.);
#1366=ORIENTED_EDGE('',*,*,#923,.F.);
#1367=ORIENTED_EDGE('',*,*,#926,.F.);
#1368=ORIENTED_EDGE('',*,*,#1022,.F.);
#1369=ORIENTED_EDGE('',*,*,#1023,.F.);
#1370=ORIENTED_EDGE('',*,*,#918,.F.);
#1371=ORIENTED_EDGE('',*,*,#921,.F.);
#1372=ORIENTED_EDGE('',*,*,#1024,.F.);
#1373=ORIENTED_EDGE('',*,*,#1025,.F.);
#1374=ORIENTED_EDGE('',*,*,#913,.F.);
#1375=ORIENTED_EDGE('',*,*,#916,.F.);
#1376=ORIENTED_EDGE('',*,*,#1026,.F.);
#1377=ORIENTED_EDGE('',*,*,#1027,.F.);
#1378=ORIENTED_EDGE('',*,*,#908,.F.);
#1379=ORIENTED_EDGE('',*,*,#911,.F.);
#1380=ORIENTED_EDGE('',*,*,#1028,.F.);
#1381=ORIENTED_EDGE('',*,*,#1029,.F.);
#1382=ORIENTED_EDGE('',*,*,#1030,.F.);
#1383=ORIENTED_EDGE('',*,*,#903,.T.);
#1384=ORIENTED_EDGE('',*,*,#1031,.F.);
#1385=ORIENTED_EDGE('',*,*,#1028,.T.);
#1386=ORIENTED_EDGE('',*,*,#910,.T.);
#1387=ORIENTED_EDGE('',*,*,#899,.T.);
#1388=ORIENTED_EDGE('',*,*,#1032,.F.);
#1389=ORIENTED_EDGE('',*,*,#1026,.T.);
#1390=ORIENTED_EDGE('',*,*,#915,.T.);
#1391=ORIENTED_EDGE('',*,*,#895,.T.);
#1392=ORIENTED_EDGE('',*,*,#1033,.F.);
#1393=ORIENTED_EDGE('',*,*,#1024,.T.);
#1394=ORIENTED_EDGE('',*,*,#920,.T.);
#1395=ORIENTED_EDGE('',*,*,#891,.T.);
#1396=ORIENTED_EDGE('',*,*,#1034,.F.);
#1397=ORIENTED_EDGE('',*,*,#1022,.T.);
#1398=ORIENTED_EDGE('',*,*,#925,.T.);
#1399=ORIENTED_EDGE('',*,*,#832,.T.);
#1400=ORIENTED_EDGE('',*,*,#1035,.F.);
#1401=ORIENTED_EDGE('',*,*,#1020,.T.);
#1402=ORIENTED_EDGE('',*,*,#1036,.T.);
#1403=ORIENTED_EDGE('',*,*,#833,.T.);
#1404=ORIENTED_EDGE('',*,*,#1036,.F.);
#1405=ORIENTED_EDGE('',*,*,#1019,.T.);
#1406=ORIENTED_EDGE('',*,*,#1037,.T.);
#1407=ORIENTED_EDGE('',*,*,#834,.T.);
#1408=ORIENTED_EDGE('',*,*,#1037,.F.);
#1409=ORIENTED_EDGE('',*,*,#1018,.T.);
#1410=ORIENTED_EDGE('',*,*,#1038,.T.);
#1411=ORIENTED_EDGE('',*,*,#835,.T.);
#1412=ORIENTED_EDGE('',*,*,#1038,.F.);
#1413=ORIENTED_EDGE('',*,*,#1017,.T.);
#1414=ORIENTED_EDGE('',*,*,#1039,.T.);
#1415=ORIENTED_EDGE('',*,*,#836,.T.);
#1416=ORIENTED_EDGE('',*,*,#1039,.F.);
#1417=ORIENTED_EDGE('',*,*,#1016,.T.);
#1418=ORIENTED_EDGE('',*,*,#1040,.T.);
#1419=ORIENTED_EDGE('',*,*,#837,.T.);
#1420=ORIENTED_EDGE('',*,*,#1040,.F.);
#1421=ORIENTED_EDGE('',*,*,#1015,.T.);
#1422=ORIENTED_EDGE('',*,*,#1041,.T.);
#1423=ORIENTED_EDGE('',*,*,#838,.T.);
#1424=ORIENTED_EDGE('',*,*,#1041,.F.);
#1425=ORIENTED_EDGE('',*,*,#1014,.T.);
#1426=ORIENTED_EDGE('',*,*,#1042,.T.);
#1427=ORIENTED_EDGE('',*,*,#839,.T.);
#1428=ORIENTED_EDGE('',*,*,#1042,.F.);
#1429=ORIENTED_EDGE('',*,*,#1013,.T.);
#1430=ORIENTED_EDGE('',*,*,#1043,.T.);
#1431=ORIENTED_EDGE('',*,*,#840,.T.);
#1432=ORIENTED_EDGE('',*,*,#1043,.F.);
#1433=ORIENTED_EDGE('',*,*,#1012,.T.);
#1434=ORIENTED_EDGE('',*,*,#1044,.T.);
#1435=ORIENTED_EDGE('',*,*,#841,.T.);
#1436=ORIENTED_EDGE('',*,*,#1044,.F.);
#1437=ORIENTED_EDGE('',*,*,#1011,.T.);
#1438=ORIENTED_EDGE('',*,*,#1045,.T.);
#1439=ORIENTED_EDGE('',*,*,#842,.T.);
#1440=ORIENTED_EDGE('',*,*,#1045,.F.);
#1441=ORIENTED_EDGE('',*,*,#1010,.T.);
#1442=ORIENTED_EDGE('',*,*,#1046,.T.);
#1443=ORIENTED_EDGE('',*,*,#843,.T.);
#1444=ORIENTED_EDGE('',*,*,#1046,.F.);
#1445=ORIENTED_EDGE('',*,*,#1009,.T.);
#1446=ORIENTED_EDGE('',*,*,#1047,.T.);
#1447=ORIENTED_EDGE('',*,*,#845,.T.);
#1448=ORIENTED_EDGE('',*,*,#1048,.F.);
#1449=ORIENTED_EDGE('',*,*,#1007,.T.);
#1450=ORIENTED_EDGE('',*,*,#1049,.T.);
#1451=ORIENTED_EDGE('',*,*,#846,.T.);
#1452=ORIENTED_EDGE('',*,*,#1049,.F.);
#1453=ORIENTED_EDGE('',*,*,#1006,.T.);
#1454=ORIENTED_EDGE('',*,*,#1050,.T.);
#1455=ORIENTED_EDGE('',*,*,#847,.T.);
#1456=ORIENTED_EDGE('',*,*,#1050,.F.);
#1457=ORIENTED_EDGE('',*,*,#1005,.T.);
#1458=ORIENTED_EDGE('',*,*,#1051,.T.);
#1459=ORIENTED_EDGE('',*,*,#848,.T.);
#1460=ORIENTED_EDGE('',*,*,#1051,.F.);
#1461=ORIENTED_EDGE('',*,*,#1004,.T.);
#1462=ORIENTED_EDGE('',*,*,#1052,.T.);
#1463=ORIENTED_EDGE('',*,*,#849,.T.);
#1464=ORIENTED_EDGE('',*,*,#1052,.F.);
#1465=ORIENTED_EDGE('',*,*,#1003,.T.);
#1466=ORIENTED_EDGE('',*,*,#1053,.T.);
#1467=ORIENTED_EDGE('',*,*,#850,.T.);
#1468=ORIENTED_EDGE('',*,*,#1053,.F.);
#1469=ORIENTED_EDGE('',*,*,#1002,.T.);
#1470=ORIENTED_EDGE('',*,*,#1054,.T.);
#1471=ORIENTED_EDGE('',*,*,#851,.T.);
#1472=ORIENTED_EDGE('',*,*,#1054,.F.);
#1473=ORIENTED_EDGE('',*,*,#1001,.T.);
#1474=ORIENTED_EDGE('',*,*,#1055,.T.);
#1475=ORIENTED_EDGE('',*,*,#852,.T.);
#1476=ORIENTED_EDGE('',*,*,#1055,.F.);
#1477=ORIENTED_EDGE('',*,*,#1000,.T.);
#1478=ORIENTED_EDGE('',*,*,#1056,.T.);
#1479=ORIENTED_EDGE('',*,*,#853,.T.);
#1480=ORIENTED_EDGE('',*,*,#1056,.F.);
#1481=ORIENTED_EDGE('',*,*,#999,.T.);
#1482=ORIENTED_EDGE('',*,*,#1057,.T.);
#1483=ORIENTED_EDGE('',*,*,#854,.T.);
#1484=ORIENTED_EDGE('',*,*,#1057,.F.);
#1485=ORIENTED_EDGE('',*,*,#998,.T.);
#1486=ORIENTED_EDGE('',*,*,#1058,.T.);
#1487=ORIENTED_EDGE('',*,*,#855,.T.);
#1488=ORIENTED_EDGE('',*,*,#1058,.F.);
#1489=ORIENTED_EDGE('',*,*,#997,.T.);
#1490=ORIENTED_EDGE('',*,*,#1059,.T.);
#1491=ORIENTED_EDGE('',*,*,#856,.T.);
#1492=ORIENTED_EDGE('',*,*,#1059,.F.);
#1493=ORIENTED_EDGE('',*,*,#996,.T.);
#1494=ORIENTED_EDGE('',*,*,#1060,.T.);
#1495=ORIENTED_EDGE('',*,*,#857,.T.);
#1496=ORIENTED_EDGE('',*,*,#1060,.F.);
#1497=ORIENTED_EDGE('',*,*,#995,.T.);
#1498=ORIENTED_EDGE('',*,*,#1061,.T.);
#1499=ORIENTED_EDGE('',*,*,#890,.T.);
#1500=ORIENTED_EDGE('',*,*,#1062,.T.);
#1501=ORIENTED_EDGE('',*,*,#1030,.T.);
#1502=ORIENTED_EDGE('',*,*,#1062,.F.);
#1503=ORIENTED_EDGE('',*,*,#906,.T.);
#1504=ORIENTED_EDGE('',*,*,#909,.F.);
#1505=ORIENTED_EDGE('',*,*,#1029,.T.);
#1506=ORIENTED_EDGE('',*,*,#1031,.T.);
#1507=ORIENTED_EDGE('',*,*,#902,.T.);
#1508=ORIENTED_EDGE('',*,*,#914,.F.);
#1509=ORIENTED_EDGE('',*,*,#1027,.T.);
#1510=ORIENTED_EDGE('',*,*,#1032,.T.);
#1511=ORIENTED_EDGE('',*,*,#898,.T.);
#1512=ORIENTED_EDGE('',*,*,#919,.F.);
#1513=ORIENTED_EDGE('',*,*,#1025,.T.);
#1514=ORIENTED_EDGE('',*,*,#1033,.T.);
#1515=ORIENTED_EDGE('',*,*,#894,.T.);
#1516=ORIENTED_EDGE('',*,*,#924,.F.);
#1517=ORIENTED_EDGE('',*,*,#1023,.T.);
#1518=ORIENTED_EDGE('',*,*,#1034,.T.);
#1519=ORIENTED_EDGE('',*,*,#858,.T.);
#1520=ORIENTED_EDGE('',*,*,#1061,.F.);
#1521=ORIENTED_EDGE('',*,*,#994,.F.);
#1522=ORIENTED_EDGE('',*,*,#990,.T.);
#1523=ORIENTED_EDGE('',*,*,#844,.T.);
#1524=ORIENTED_EDGE('',*,*,#1047,.F.);
#1525=ORIENTED_EDGE('',*,*,#1008,.T.);
#1526=ORIENTED_EDGE('',*,*,#1048,.T.);
#1527=ORIENTED_EDGE('',*,*,#831,.T.);
#1528=ORIENTED_EDGE('',*,*,#1063,.F.);
#1529=ORIENTED_EDGE('',*,*,#1021,.T.);
#1530=ORIENTED_EDGE('',*,*,#1035,.T.);
#1531=ORIENTED_EDGE('',*,*,#830,.T.);
#1532=ORIENTED_EDGE('',*,*,#1064,.F.);
#1533=ORIENTED_EDGE('',*,*,#992,.T.);
#1534=ORIENTED_EDGE('',*,*,#1063,.T.);
#1535=ORIENTED_EDGE('',*,*,#829,.T.);
#1536=ORIENTED_EDGE('',*,*,#929,.F.);
#1537=ORIENTED_EDGE('',*,*,#993,.T.);
#1538=ORIENTED_EDGE('',*,*,#1064,.T.);
#1539=PLANE('',#1714);
#1540=PLANE('',#1716);
#1541=PLANE('',#1717);
#1542=PLANE('',#1718);
#1543=PLANE('',#1719);
#1544=PLANE('',#1720);
#1545=PLANE('',#1721);
#1546=PLANE('',#1722);
#1547=PLANE('',#1723);
#1548=PLANE('',#1724);
#1549=PLANE('',#1725);
#1550=PLANE('',#1726);
#1551=PLANE('',#1727);
#1552=PLANE('',#1728);
#1553=PLANE('',#1729);
#1554=PLANE('',#1730);
#1555=PLANE('',#1731);
#1556=PLANE('',#1732);
#1557=PLANE('',#1733);
#1558=PLANE('',#1734);
#1559=PLANE('',#1735);
#1560=PLANE('',#1736);
#1561=PLANE('',#1737);
#1562=PLANE('',#1738);
#1563=PLANE('',#1739);
#1564=PLANE('',#1740);
#1565=PLANE('',#1741);
#1566=PLANE('',#1742);
#1567=PLANE('',#1743);
#1568=PLANE('',#1744);
#1569=PLANE('',#1745);
#1570=PLANE('',#1746);
#1571=PLANE('',#1747);
#1572=PLANE('',#1748);
#1573=PLANE('',#1749);
#1574=PLANE('',#1750);
#1575=PLANE('',#1751);
#1576=PLANE('',#1752);
#1577=PLANE('',#1753);
#1578=PLANE('',#1754);
#1579=PLANE('',#1755);
#1580=PLANE('',#1756);
#1581=PLANE('',#1758);
#1582=PLANE('',#1759);
#1583=PLANE('',#1760);
#1584=PLANE('',#1761);
#1585=PLANE('',#1762);
#1586=PLANE('',#1763);
#1587=PLANE('',#1764);
#1588=PLANE('',#1765);
#1589=PLANE('',#1766);
#1590=PLANE('',#1767);
#1591=PLANE('',#1768);
#1592=PLANE('',#1769);
#1593=PLANE('',#1770);
#1594=PLANE('',#1771);
#1595=PLANE('',#1772);
#1596=PLANE('',#1773);
#1597=PLANE('',#1774);
#1598=PLANE('',#1775);
#1599=PLANE('',#1776);
#1600=PLANE('',#1777);
#1601=PLANE('',#1778);
#1602=PLANE('',#1779);
#1603=PLANE('',#1780);
#1604=PLANE('',#1781);
#1605=PLANE('',#1782);
#1606=PLANE('',#1783);
#1607=PLANE('',#1784);
#1608=PLANE('',#1785);
#1609=PLANE('',#1786);
#1610=PLANE('',#1788);
#1611=PLANE('',#1789);
#1612=PLANE('',#1790);
#1613=PLANE('',#1791);
#1614=PLANE('',#1792);
#1615=PLANE('',#1793);
#1616=PLANE('',#1794);
#1617=PLANE('',#1795);
#1618=PLANE('',#1796);
#1619=ADVANCED_FACE('',(#28,#16,#17,#18,#19,#20),#1539,.F.);
#1620=ADVANCED_FACE('',(#29),#1540,.T.);
#1621=ADVANCED_FACE('',(#30),#1541,.T.);
#1622=ADVANCED_FACE('',(#31),#1542,.T.);
#1623=ADVANCED_FACE('',(#32),#1543,.T.);
#1624=ADVANCED_FACE('',(#33),#1544,.T.);
#1625=ADVANCED_FACE('',(#34),#1545,.T.);
#1626=ADVANCED_FACE('',(#35),#1546,.T.);
#1627=ADVANCED_FACE('',(#36),#1547,.T.);
#1628=ADVANCED_FACE('',(#37),#1548,.T.);
#1629=ADVANCED_FACE('',(#38),#1549,.T.);
#1630=ADVANCED_FACE('',(#39),#1550,.T.);
#1631=ADVANCED_FACE('',(#40),#1551,.T.);
#1632=ADVANCED_FACE('',(#41),#1552,.T.);
#1633=ADVANCED_FACE('',(#42),#1553,.T.);
#1634=ADVANCED_FACE('',(#43),#1554,.T.);
#1635=ADVANCED_FACE('',(#44),#1555,.T.);
#1636=ADVANCED_FACE('',(#45),#1556,.T.);
#1637=ADVANCED_FACE('',(#46),#1557,.T.);
#1638=ADVANCED_FACE('',(#47),#1558,.T.);
#1639=ADVANCED_FACE('',(#48),#1559,.T.);
#1640=ADVANCED_FACE('',(#49),#1560,.T.);
#1641=ADVANCED_FACE('',(#50),#1561,.T.);
#1642=ADVANCED_FACE('',(#51),#1562,.T.);
#1643=ADVANCED_FACE('',(#52),#1563,.T.);
#1644=ADVANCED_FACE('',(#53),#1564,.T.);
#1645=ADVANCED_FACE('',(#54),#1565,.T.);
#1646=ADVANCED_FACE('',(#55),#1566,.T.);
#1647=ADVANCED_FACE('',(#56),#1567,.T.);
#1648=ADVANCED_FACE('',(#57),#1568,.T.);
#1649=ADVANCED_FACE('',(#58),#1569,.T.);
#1650=ADVANCED_FACE('',(#59),#1570,.T.);
#1651=ADVANCED_FACE('',(#60),#1571,.T.);
#1652=ADVANCED_FACE('',(#61),#1572,.T.);
#1653=ADVANCED_FACE('',(#62),#1573,.T.);
#1654=ADVANCED_FACE('',(#63),#1574,.T.);
#1655=ADVANCED_FACE('',(#64),#1575,.T.);
#1656=ADVANCED_FACE('',(#65),#1576,.T.);
#1657=ADVANCED_FACE('',(#66),#1577,.T.);
#1658=ADVANCED_FACE('',(#67),#1578,.T.);
#1659=ADVANCED_FACE('',(#68),#1579,.T.);
#1660=ADVANCED_FACE('',(#69,#21,#22,#23,#24,#25),#1580,.F.);
#1661=ADVANCED_FACE('',(#70),#1581,.T.);
#1662=ADVANCED_FACE('',(#71),#1582,.T.);
#1663=ADVANCED_FACE('',(#72),#1583,.T.);
#1664=ADVANCED_FACE('',(#73),#1584,.T.);
#1665=ADVANCED_FACE('',(#74),#1585,.T.);
#1666=ADVANCED_FACE('',(#75),#1586,.T.);
#1667=ADVANCED_FACE('',(#76),#1587,.T.);
#1668=ADVANCED_FACE('',(#77),#1588,.T.);
#1669=ADVANCED_FACE('',(#78),#1589,.T.);
#1670=ADVANCED_FACE('',(#79),#1590,.T.);
#1671=ADVANCED_FACE('',(#80),#1591,.T.);
#1672=ADVANCED_FACE('',(#81),#1592,.T.);
#1673=ADVANCED_FACE('',(#82),#1593,.T.);
#1674=ADVANCED_FACE('',(#83),#1594,.T.);
#1675=ADVANCED_FACE('',(#84),#1595,.T.);
#1676=ADVANCED_FACE('',(#85),#1596,.T.);
#1677=ADVANCED_FACE('',(#86),#1597,.T.);
#1678=ADVANCED_FACE('',(#87),#1598,.T.);
#1679=ADVANCED_FACE('',(#88),#1599,.T.);
#1680=ADVANCED_FACE('',(#89),#1600,.T.);
#1681=ADVANCED_FACE('',(#90),#1601,.T.);
#1682=ADVANCED_FACE('',(#91),#1602,.T.);
#1683=ADVANCED_FACE('',(#92),#1603,.T.);
#1684=ADVANCED_FACE('',(#93),#1604,.T.);
#1685=ADVANCED_FACE('',(#94),#1605,.T.);
#1686=ADVANCED_FACE('',(#95),#1606,.T.);
#1687=ADVANCED_FACE('',(#96),#1607,.T.);
#1688=ADVANCED_FACE('',(#97),#1608,.T.);
#1689=ADVANCED_FACE('',(#98),#1609,.T.);
#1690=ADVANCED_FACE('',(#99),#15,.F.);
#1691=ADVANCED_FACE('',(#100),#1610,.T.);
#1692=ADVANCED_FACE('',(#101),#1611,.T.);
#1693=ADVANCED_FACE('',(#102),#1612,.T.);
#1694=ADVANCED_FACE('',(#103),#1613,.T.);
#1695=ADVANCED_FACE('',(#104),#1614,.T.);
#1696=ADVANCED_FACE('',(#105),#1615,.T.);
#1697=ADVANCED_FACE('',(#106),#1616,.T.);
#1698=ADVANCED_FACE('',(#107),#1617,.T.);
#1699=ADVANCED_FACE('',(#108),#1618,.T.);
#1700=CLOSED_SHELL('',(#1619,#1620,#1621,#1622,#1623,#1624,#1625,#1626,
#1627,#1628,#1629,#1630,#1631,#1632,#1633,#1634,#1635,#1636,#1637,#1638,
#1639,#1640,#1641,#1642,#1643,#1644,#1645,#1646,#1647,#1648,#1649,#1650,
#1651,#1652,#1653,#1654,#1655,#1656,#1657,#1658,#1659,#1660,#1661,#1662,
#1663,#1664,#1665,#1666,#1667,#1668,#1669,#1670,#1671,#1672,#1673,#1674,
#1675,#1676,#1677,#1678,#1679,#1680,#1681,#1682,#1683,#1684,#1685,#1686,
#1687,#1688,#1689,#1690,#1691,#1692,#1693,#1694,#1695,#1696,#1697,#1698,
#1699));
#1701=DERIVED_UNIT_ELEMENT(#1703,1.);
#1702=DERIVED_UNIT_ELEMENT(#2682,-3.);
#1703=(
MASS_UNIT()
NAMED_UNIT(*)
SI_UNIT(.KILO.,.GRAM.)
);
#1704=DERIVED_UNIT((#1701,#1702));
#1705=MEASURE_REPRESENTATION_ITEM('density measure',
POSITIVE_RATIO_MEASURE(2700.),#1704);
#1706=PROPERTY_DEFINITION_REPRESENTATION(#1711,#1708);
#1707=PROPERTY_DEFINITION_REPRESENTATION(#1712,#1709);
#1708=REPRESENTATION('material name',(#1710),#2679);
#1709=REPRESENTATION('density',(#1705),#2679);
#1710=DESCRIPTIVE_REPRESENTATION_ITEM('Aluminum 6061(1)',
'Aluminum 6061(1)');
#1711=PROPERTY_DEFINITION('material property','material name',#2689);
#1712=PROPERTY_DEFINITION('material property','density of part',#2689);
#1713=AXIS2_PLACEMENT_3D('',#2200,#1797,#1798);
#1714=AXIS2_PLACEMENT_3D('',#2201,#1799,#1800);
#1715=AXIS2_PLACEMENT_3D('',#2327,#1863,#1864);
#1716=AXIS2_PLACEMENT_3D('',#2360,#1881,#1882);
#1717=AXIS2_PLACEMENT_3D('',#2366,#1886,#1887);
#1718=AXIS2_PLACEMENT_3D('',#2370,#1890,#1891);
#1719=AXIS2_PLACEMENT_3D('',#2376,#1895,#1896);
#1720=AXIS2_PLACEMENT_3D('',#2380,#1899,#1900);
#1721=AXIS2_PLACEMENT_3D('',#2386,#1904,#1905);
#1722=AXIS2_PLACEMENT_3D('',#2390,#1908,#1909);
#1723=AXIS2_PLACEMENT_3D('',#2396,#1913,#1914);
#1724=AXIS2_PLACEMENT_3D('',#2400,#1917,#1918);
#1725=AXIS2_PLACEMENT_3D('',#2406,#1922,#1923);
#1726=AXIS2_PLACEMENT_3D('',#2410,#1926,#1927);
#1727=AXIS2_PLACEMENT_3D('',#2414,#1930,#1931);
#1728=AXIS2_PLACEMENT_3D('',#2418,#1934,#1935);
#1729=AXIS2_PLACEMENT_3D('',#2422,#1938,#1939);
#1730=AXIS2_PLACEMENT_3D('',#2426,#1942,#1943);
#1731=AXIS2_PLACEMENT_3D('',#2430,#1946,#1947);
#1732=AXIS2_PLACEMENT_3D('',#2434,#1950,#1951);
#1733=AXIS2_PLACEMENT_3D('',#2438,#1954,#1955);
#1734=AXIS2_PLACEMENT_3D('',#2442,#1958,#1959);
#1735=AXIS2_PLACEMENT_3D('',#2446,#1962,#1963);
#1736=AXIS2_PLACEMENT_3D('',#2450,#1966,#1967);
#1737=AXIS2_PLACEMENT_3D('',#2454,#1970,#1971);
#1738=AXIS2_PLACEMENT_3D('',#2458,#1974,#1975);
#1739=AXIS2_PLACEMENT_3D('',#2462,#1978,#1979);
#1740=AXIS2_PLACEMENT_3D('',#2466,#1982,#1983);
#1741=AXIS2_PLACEMENT_3D('',#2470,#1986,#1987);
#1742=AXIS2_PLACEMENT_3D('',#2474,#1990,#1991);
#1743=AXIS2_PLACEMENT_3D('',#2478,#1994,#1995);
#1744=AXIS2_PLACEMENT_3D('',#2482,#1998,#1999);
#1745=AXIS2_PLACEMENT_3D('',#2486,#2002,#2003);
#1746=AXIS2_PLACEMENT_3D('',#2490,#2006,#2007);
#1747=AXIS2_PLACEMENT_3D('',#2494,#2010,#2011);
#1748=AXIS2_PLACEMENT_3D('',#2498,#2014,#2015);
#1749=AXIS2_PLACEMENT_3D('',#2502,#2018,#2019);
#1750=AXIS2_PLACEMENT_3D('',#2506,#2022,#2023);
#1751=AXIS2_PLACEMENT_3D('',#2510,#2026,#2027);
#1752=AXIS2_PLACEMENT_3D('',#2514,#2030,#2031);
#1753=AXIS2_PLACEMENT_3D('',#2518,#2034,#2035);
#1754=AXIS2_PLACEMENT_3D('',#2522,#2038,#2039);
#1755=AXIS2_PLACEMENT_3D('',#2526,#2042,#2043);
#1756=AXIS2_PLACEMENT_3D('',#2530,#2046,#2047);
#1757=AXIS2_PLACEMENT_3D('',#2603,#2086,#2087);
#1758=AXIS2_PLACEMENT_3D('',#2604,#2088,#2089);
#1759=AXIS2_PLACEMENT_3D('',#2606,#2091,#2092);
#1760=AXIS2_PLACEMENT_3D('',#2608,#2094,#2095);
#1761=AXIS2_PLACEMENT_3D('',#2610,#2097,#2098);
#1762=AXIS2_PLACEMENT_3D('',#2612,#2100,#2101);
#1763=AXIS2_PLACEMENT_3D('',#2615,#2104,#2105);
#1764=AXIS2_PLACEMENT_3D('',#2617,#2107,#2108);
#1765=AXIS2_PLACEMENT_3D('',#2619,#2110,#2111);
#1766=AXIS2_PLACEMENT_3D('',#2621,#2113,#2114);
#1767=AXIS2_PLACEMENT_3D('',#2623,#2116,#2117);
#1768=AXIS2_PLACEMENT_3D('',#2625,#2119,#2120);
#1769=AXIS2_PLACEMENT_3D('',#2627,#2122,#2123);
#1770=AXIS2_PLACEMENT_3D('',#2629,#2125,#2126);
#1771=AXIS2_PLACEMENT_3D('',#2631,#2128,#2129);
#1772=AXIS2_PLACEMENT_3D('',#2633,#2131,#2132);
#1773=AXIS2_PLACEMENT_3D('',#2635,#2134,#2135);
#1774=AXIS2_PLACEMENT_3D('',#2637,#2137,#2138);
#1775=AXIS2_PLACEMENT_3D('',#2640,#2141,#2142);
#1776=AXIS2_PLACEMENT_3D('',#2642,#2144,#2145);
#1777=AXIS2_PLACEMENT_3D('',#2644,#2147,#2148);
#1778=AXIS2_PLACEMENT_3D('',#2646,#2150,#2151);
#1779=AXIS2_PLACEMENT_3D('',#2648,#2153,#2154);
#1780=AXIS2_PLACEMENT_3D('',#2650,#2156,#2157);
#1781=AXIS2_PLACEMENT_3D('',#2652,#2159,#2160);
#1782=AXIS2_PLACEMENT_3D('',#2654,#2162,#2163);
#1783=AXIS2_PLACEMENT_3D('',#2656,#2165,#2166);
#1784=AXIS2_PLACEMENT_3D('',#2658,#2168,#2169);
#1785=AXIS2_PLACEMENT_3D('',#2660,#2171,#2172);
#1786=AXIS2_PLACEMENT_3D('',#2662,#2174,#2175);
#1787=AXIS2_PLACEMENT_3D('',#2664,#2177,#2178);
#1788=AXIS2_PLACEMENT_3D('',#2666,#2180,#2181);
#1789=AXIS2_PLACEMENT_3D('',#2667,#2182,#2183);
#1790=AXIS2_PLACEMENT_3D('',#2668,#2184,#2185);
#1791=AXIS2_PLACEMENT_3D('',#2669,#2186,#2187);
#1792=AXIS2_PLACEMENT_3D('',#2670,#2188,#2189);
#1793=AXIS2_PLACEMENT_3D('',#2671,#2190,#2191);
#1794=AXIS2_PLACEMENT_3D('',#2672,#2192,#2193);
#1795=AXIS2_PLACEMENT_3D('',#2674,#2195,#2196);
#1796=AXIS2_PLACEMENT_3D('',#2676,#2198,#2199);
#1797=DIRECTION('axis',(0.,0.,1.));
#1798=DIRECTION('refdir',(1.,0.,0.));
#1799=DIRECTION('center_axis',(0.768361722012342,0.,-0.640015831168439));
#1800=DIRECTION('ref_axis',(-0.640015831168439,0.,-0.768361722012342));
#1801=DIRECTION('',(4.2700885562506E-16,-1.,5.12639287412005E-16));
#1802=DIRECTION('',(0.640015831168439,2.73292427649157E-16,0.768361722012342));
#1803=DIRECTION('',(6.64601355540476E-5,0.999999994608483,7.97877516658526E-5));
#1804=DIRECTION('',(0.640015831168439,0.,0.768361722012342));
#1805=DIRECTION('',(0.,1.,0.));
#1806=DIRECTION('',(-0.640015831168439,0.,-0.768361722012342));
#1807=DIRECTION('',(0.,1.,0.));
#1808=DIRECTION('',(0.539063130407315,0.53906321793568,0.647164421537754));
#1809=DIRECTION('',(0.640015831168439,0.,0.768361722012342));
#1810=DIRECTION('',(0.539266050035164,-0.5385675121199,0.647408033753408));
#1811=DIRECTION('',(0.,-1.,0.));
#1812=DIRECTION('',(-0.640015831168439,0.,-0.768361722012342));
#1813=DIRECTION('',(0.,-1.,0.));
#1814=DIRECTION('',(0.640015831168439,0.,0.768361722012342));
#1815=DIRECTION('',(6.64601355540476E-5,-0.999999994608483,7.97877516658526E-5));
#1816=DIRECTION('',(0.640015831168439,-2.73292427649157E-16,0.768361722012342));
#1817=DIRECTION('',(4.2700885562506E-16,1.,5.12639287412005E-16));
#1818=DIRECTION('',(-0.640015830589458,4.25355390856215E-5,-0.768361721317254));
#1819=DIRECTION('',(0.,1.,0.));
#1820=DIRECTION('',(-0.640015831168439,0.,-0.768361722012342));
#1821=DIRECTION('',(0.,-1.,0.));
#1822=DIRECTION('',(-0.640015831168439,0.,-0.768361722012342));
#1823=DIRECTION('',(-0.539266050033002,0.538567512125186,-0.647408033750812));
#1824=DIRECTION('',(0.,1.,0.));
#1825=DIRECTION('',(0.539266066128277,0.538567472781057,0.647408053073761));
#1826=DIRECTION('',(0.640015831168439,0.,0.768361722012342));
#1827=DIRECTION('',(0.,-1.,0.));
#1828=DIRECTION('',(0.640015831168439,0.,0.768361722012342));
#1829=DIRECTION('',(0.,1.,0.));
#1830=DIRECTION('',(0.640015830589458,4.25355390856215E-5,0.768361721317254));
#1831=DIRECTION('',(-4.2700885562506E-16,1.,-5.12639287412005E-16));
#1832=DIRECTION('',(-0.640015831168439,-1.36646213824578E-16,-0.768361722012342));
#1833=DIRECTION('',(-6.64601355540475E-5,-0.999999994608483,-7.97877516658524E-5));
#1834=DIRECTION('',(-0.640015831168439,0.,-0.768361722012342));
#1835=DIRECTION('',(0.,-1.,0.));
#1836=DIRECTION('',(0.640015831168439,0.,0.768361722012342));
#1837=DIRECTION('',(0.,-1.,0.));
#1838=DIRECTION('',(-0.539063136035555,-0.539063204195541,-0.647164428294656));
#1839=DIRECTION('',(-0.640015831168439,0.,-0.768361722012342));
#1840=DIRECTION('',(-0.539063146505282,0.539063178635951,-0.647164440863935));
#1841=DIRECTION('',(0.,1.,0.));
#1842=DIRECTION('',(0.640015831168439,0.,0.768361722012342));
#1843=DIRECTION('',(0.,1.,0.));
#1844=DIRECTION('',(-0.640015831168439,0.,-0.768361722012342));
#1845=DIRECTION('',(-6.64601355540475E-5,0.999999994608483,-7.97877516658524E-5));
#1846=DIRECTION('',(-0.640015831168439,1.36646213824578E-16,-0.768361722012342));
#1847=DIRECTION('',(-4.2700885562506E-16,-1.,-5.12639287412005E-16));
#1848=DIRECTION('',(0.640015831168439,-1.90739569968138E-8,0.768361722012342));
#1849=DIRECTION('',(-2.98150832036024E-8,-0.999999999999999,-3.57940656412171E-8));
#1850=DIRECTION('',(0.640015830589458,-4.25355390856215E-5,0.768361721317254));
#1851=DIRECTION('',(0.,-1.,0.));
#1852=DIRECTION('',(0.640015831168439,0.,0.768361722012342));
#1853=DIRECTION('',(0.,1.,0.));
#1854=DIRECTION('',(0.640015831168439,0.,0.768361722012342));
#1855=DIRECTION('',(0.539063146505282,-0.539063178635951,0.647164440863935));
#1856=DIRECTION('',(0.,-1.,0.));
#1857=DIRECTION('',(-0.539063130386431,-0.539063217986664,-0.647164421512682));
#1858=DIRECTION('',(-0.640015831168439,0.,-0.768361722012342));
#1859=DIRECTION('',(0.,1.,0.));
#1860=DIRECTION('',(-0.640015831168439,0.,-0.768361722012342));
#1861=DIRECTION('',(0.,-1.,0.));
#1862=DIRECTION('',(-0.640015830589458,-4.25355390856215E-5,-0.768361721317254));
#1863=DIRECTION('center_axis',(-0.768361722012342,0.,0.640015831168439));
#1864=DIRECTION('ref_axis',(0.640015831168439,0.,0.768361722012342));
#1865=DIRECTION('',(0.,-1.,0.));
#1866=DIRECTION('',(-0.640015831168439,0.,-0.768361722012342));
#1867=DIRECTION('',(0.,1.,0.));
#1868=DIRECTION('',(0.640015831168439,0.,0.768361722012342));
#1869=DIRECTION('',(0.640015831168439,0.,0.768361722012342));
#1870=DIRECTION('',(0.,-1.,0.));
#1871=DIRECTION('',(-0.640015831168439,0.,-0.768361722012342));
#1872=DIRECTION('',(0.,1.,0.));
#1873=DIRECTION('',(0.,1.,0.));
#1874=DIRECTION('',(0.640015831168439,0.,0.768361722012342));
#1875=DIRECTION('',(0.,-1.,0.));
#1876=DIRECTION('',(-0.640015831168439,0.,-0.768361722012342));
#1877=DIRECTION('',(0.,1.,0.));
#1878=DIRECTION('',(0.640015831168439,0.,0.768361722012342));
#1879=DIRECTION('',(0.,-1.,0.));
#1880=DIRECTION('',(-0.640015831168439,0.,-0.768361722012342));
#1881=DIRECTION('center_axis',(1.,0.,0.));
#1882=DIRECTION('ref_axis',(0.,1.,0.));
#1883=DIRECTION('',(0.,0.,1.));
#1884=DIRECTION('',(0.,1.,0.));
#1885=DIRECTION('',(0.,0.,1.));
#1886=DIRECTION('center_axis',(0.,1.,0.));
#1887=DIRECTION('ref_axis',(-1.,0.,0.));
#1888=DIRECTION('',(0.,0.,1.));
#1889=DIRECTION('',(-0.640015831168442,0.,-0.76836172201234));
#1890=DIRECTION('center_axis',(1.,0.,0.));
#1891=DIRECTION('ref_axis',(0.,1.,0.));
#1892=DIRECTION('',(0.,0.,1.));
#1893=DIRECTION('',(0.,1.,0.));
#1894=DIRECTION('',(0.,0.,1.));
#1895=DIRECTION('center_axis',(0.,1.,0.));
#1896=DIRECTION('ref_axis',(-1.,0.,0.));
#1897=DIRECTION('',(0.,0.,1.));
#1898=DIRECTION('',(-0.640015831168442,0.,-0.76836172201234));
#1899=DIRECTION('center_axis',(0.,-1.,0.));
#1900=DIRECTION('ref_axis',(1.,0.,0.));
#1901=DIRECTION('',(0.,0.,1.));
#1902=DIRECTION('',(0.640015831168442,0.,0.76836172201234));
#1903=DIRECTION('',(0.,0.,1.));
#1904=DIRECTION('center_axis',(1.,0.,0.));
#1905=DIRECTION('ref_axis',(0.,1.,0.));
#1906=DIRECTION('',(0.,0.,1.));
#1907=DIRECTION('',(0.,1.,0.));
#1908=DIRECTION('center_axis',(-1.,0.,0.));
#1909=DIRECTION('ref_axis',(0.,-1.,0.));
#1910=DIRECTION('',(0.,0.,1.));
#1911=DIRECTION('',(0.,-1.,0.));
#1912=DIRECTION('',(0.,0.,1.));
#1913=DIRECTION('center_axis',(0.,-1.,0.));
#1914=DIRECTION('ref_axis',(1.,0.,0.));
#1915=DIRECTION('',(0.,0.,1.));
#1916=DIRECTION('',(0.640015831168442,0.,0.76836172201234));
#1917=DIRECTION('center_axis',(1.,4.2700885562506E-16,0.));
#1918=DIRECTION('ref_axis',(-4.2700885562506E-16,1.,0.));
#1919=DIRECTION('',(0.,0.,1.));
#1920=DIRECTION('',(-4.2700885562506E-16,1.,-5.12639287412001E-16));
#1921=DIRECTION('',(0.,0.,1.));
#1922=DIRECTION('center_axis',(6.64601357633723E-5,-0.999999997791525,0.));
#1923=DIRECTION('ref_axis',(0.999999997791525,6.64601357633723E-5,0.));
#1924=DIRECTION('',(0.,0.,1.));
#1925=DIRECTION('',(0.640015830589461,4.25355390856217E-5,0.768361721317252));
#1926=DIRECTION('center_axis',(1.,0.,0.));
#1927=DIRECTION('ref_axis',(0.,1.,0.));
#1928=DIRECTION('',(0.,0.,1.));
#1929=DIRECTION('',(0.,1.,0.));
#1930=DIRECTION('center_axis',(0.,-1.,0.));
#1931=DIRECTION('ref_axis',(1.,0.,0.));
#1932=DIRECTION('',(0.,0.,1.));
#1933=DIRECTION('',(0.640015831168442,0.,0.76836172201234));
#1934=DIRECTION('center_axis',(-1.,0.,0.));
#1935=DIRECTION('ref_axis',(0.,-1.,0.));
#1936=DIRECTION('',(0.,0.,1.));
#1937=DIRECTION('',(0.,-1.,0.));
#1938=DIRECTION('center_axis',(0.,-1.,0.));
#1939=DIRECTION('ref_axis',(1.,0.,0.));
#1940=DIRECTION('',(0.,0.,1.));
#1941=DIRECTION('',(0.640015831168442,0.,0.76836172201234));
#1942=DIRECTION('center_axis',(0.70710683864059,-0.707106723732501,0.));
#1943=DIRECTION('ref_axis',(0.707106723732501,0.70710683864059,0.));
#1944=DIRECTION('',(0.,0.,1.));
#1945=DIRECTION('',(0.539063130386432,0.539063217986666,0.647164421512679));
#1946=DIRECTION('center_axis',(1.,0.,0.));
#1947=DIRECTION('ref_axis',(0.,1.,0.));
#1948=DIRECTION('',(0.,0.,1.));
#1949=DIRECTION('',(0.,1.,0.));
#1950=DIRECTION('center_axis',(0.707106802259972,0.707106760113123,0.));
#1951=DIRECTION('ref_axis',(-0.707106760113123,0.707106802259972,0.));
#1952=DIRECTION('',(0.,0.,1.));
#1953=DIRECTION('',(-0.539063146505284,0.539063178635953,-0.647164440863932));
#1954=DIRECTION('center_axis',(0.,1.,0.));
#1955=DIRECTION('ref_axis',(-1.,0.,0.));
#1956=DIRECTION('',(0.,0.,1.));
#1957=DIRECTION('',(-0.640015831168442,0.,-0.76836172201234));
#1958=DIRECTION('center_axis',(-1.,0.,0.));
#1959=DIRECTION('ref_axis',(0.,-1.,0.));
#1960=DIRECTION('',(0.,0.,1.));
#1961=DIRECTION('',(0.,-1.,0.));
#1962=DIRECTION('center_axis',(0.,1.,0.));
#1963=DIRECTION('ref_axis',(-1.,0.,0.));
#1964=DIRECTION('',(0.,0.,1.));
#1965=DIRECTION('',(-0.640015831168442,0.,-0.76836172201234));
#1966=DIRECTION('center_axis',(1.,0.,0.));
#1967=DIRECTION('ref_axis',(0.,1.,0.));
#1968=DIRECTION('',(0.,0.,1.));
#1969=DIRECTION('',(0.,1.,0.));
#1970=DIRECTION('center_axis',(6.64601357633723E-5,0.999999997791525,0.));
#1971=DIRECTION('ref_axis',(-0.999999997791525,6.64601357633723E-5,0.));
#1972=DIRECTION('',(0.,0.,1.));
#1973=DIRECTION('',(-0.640015830589461,4.25355390856217E-5,-0.768361721317252));
#1974=DIRECTION('center_axis',(1.,-2.98150832036024E-8,0.));
#1975=DIRECTION('ref_axis',(2.98150832036024E-8,1.,0.));
#1976=DIRECTION('',(0.,0.,1.));
#1977=DIRECTION('',(2.98150832036024E-8,0.999999999999999,3.57940656412168E-8));
#1978=DIRECTION('center_axis',(2.9802320611338E-8,1.,0.));
#1979=DIRECTION('ref_axis',(-1.,2.9802320611338E-8,0.));
#1980=DIRECTION('',(0.,0.,1.));
#1981=DIRECTION('',(-0.640015831168442,1.90739569968139E-8,-0.768361722012339));
#1982=DIRECTION('center_axis',(1.,-4.2700885562506E-16,0.));
#1983=DIRECTION('ref_axis',(4.2700885562506E-16,1.,0.));
#1984=DIRECTION('',(0.,0.,1.));
#1985=DIRECTION('',(4.2700885562506E-16,1.,5.12639287412E-16));
#1986=DIRECTION('center_axis',(-2.1350442781253E-16,-1.,0.));
#1987=DIRECTION('ref_axis',(1.,-2.1350442781253E-16,0.));
#1988=DIRECTION('',(0.,0.,1.));
#1989=DIRECTION('',(0.640015831168442,-1.36646213824579E-16,0.76836172201234));
#1990=DIRECTION('center_axis',(-0.999999997791525,-6.64601357655929E-5,
0.));
#1991=DIRECTION('ref_axis',(6.64601357655929E-5,-0.999999997791525,0.));
#1992=DIRECTION('',(0.,0.,1.));
#1993=DIRECTION('',(6.64601355540475E-5,-0.999999994608483,7.97877516658518E-5));
#1994=DIRECTION('center_axis',(0.,-1.,0.));
#1995=DIRECTION('ref_axis',(1.,0.,0.));
#1996=DIRECTION('',(0.,0.,1.));
#1997=DIRECTION('',(0.640015831168442,0.,0.76836172201234));
#1998=DIRECTION('center_axis',(-1.,0.,0.));
#1999=DIRECTION('ref_axis',(0.,-1.,0.));
#2000=DIRECTION('',(0.,0.,1.));
#2001=DIRECTION('',(0.,-1.,0.));
#2002=DIRECTION('center_axis',(0.,1.,0.));
#2003=DIRECTION('ref_axis',(-1.,0.,0.));
#2004=DIRECTION('',(0.,0.,1.));
#2005=DIRECTION('',(-0.640015831168442,0.,-0.76836172201234));
#2006=DIRECTION('center_axis',(-1.,0.,0.));
#2007=DIRECTION('ref_axis',(0.,-1.,0.));
#2008=DIRECTION('',(0.,0.,1.));
#2009=DIRECTION('',(0.,-1.,0.));
#2010=DIRECTION('center_axis',(-0.707106802259972,-0.707106760113123,0.));
#2011=DIRECTION('ref_axis',(0.707106760113123,-0.707106802259972,0.));
#2012=DIRECTION('',(0.,0.,1.));
#2013=DIRECTION('',(0.539063146505284,-0.539063178635953,0.647164440863932));
#2014=DIRECTION('center_axis',(0.,-1.,0.));
#2015=DIRECTION('ref_axis',(1.,0.,0.));
#2016=DIRECTION('',(0.,0.,1.));
#2017=DIRECTION('',(0.640015831168442,0.,0.76836172201234));
#2018=DIRECTION('center_axis',(0.707106825890387,-0.707106736482705,0.));
#2019=DIRECTION('ref_axis',(0.707106736482705,0.707106825890387,0.));
#2020=DIRECTION('',(0.,0.,1.));
#2021=DIRECTION('',(0.539063136035557,0.539063204195543,0.647164428294653));
#2022=DIRECTION('center_axis',(1.,0.,0.));
#2023=DIRECTION('ref_axis',(0.,1.,0.));
#2024=DIRECTION('',(0.,0.,1.));
#2025=DIRECTION('',(0.,1.,0.));
#2026=DIRECTION('center_axis',(0.,1.,0.));
#2027=DIRECTION('ref_axis',(-1.,0.,0.));
#2028=DIRECTION('',(0.,0.,1.));
#2029=DIRECTION('',(-0.640015831168442,0.,-0.76836172201234));
#2030=DIRECTION('center_axis',(1.,0.,0.));
#2031=DIRECTION('ref_axis',(0.,1.,0.));
#2032=DIRECTION('',(0.,0.,1.));
#2033=DIRECTION('',(0.,1.,0.));
#2034=DIRECTION('center_axis',(0.,-1.,0.));
#2035=DIRECTION('ref_axis',(1.,0.,0.));
#2036=DIRECTION('',(0.,0.,1.));
#2037=DIRECTION('',(0.640015831168442,0.,0.76836172201234));
#2038=DIRECTION('center_axis',(0.999999997791525,-6.64601357655929E-5,0.));
#2039=DIRECTION('ref_axis',(6.64601357655929E-5,0.999999997791525,0.));
#2040=DIRECTION('',(0.,0.,1.));
#2041=DIRECTION('',(6.64601355540475E-5,0.999999994608483,7.97877516658518E-5));
#2042=DIRECTION('center_axis',(2.1350442781253E-16,-1.,0.));
#2043=DIRECTION('ref_axis',(1.,2.1350442781253E-16,0.));
#2044=DIRECTION('',(0.,0.,1.));
#2045=DIRECTION('',(0.640015831168442,1.36646213824579E-16,0.76836172201234));
#2046=DIRECTION('center_axis',(-0.76836172201234,0.,0.640015831168443));
#2047=DIRECTION('ref_axis',(0.640015831168442,0.,0.76836172201234));
#2048=DIRECTION('',(-6.64601355540476E-5,-0.999999994608483,-7.9787751665852E-5));
#2049=DIRECTION('',(-0.640015831168442,-2.73292427649158E-16,-0.76836172201234));
#2050=DIRECTION('',(-4.2700885562506E-16,1.,0.));
#2051=DIRECTION('',(-0.640015830589461,-4.25355390856217E-5,-0.768361721317252));
#2052=DIRECTION('',(0.,-1.,0.));
#2053=DIRECTION('',(-0.640015831168442,0.,-0.76836172201234));
#2054=DIRECTION('',(0.,1.,0.));
#2055=DIRECTION('',(-0.640015831168442,0.,-0.76836172201234));
#2056=DIRECTION('',(-0.539266066128279,-0.538567472781059,-0.647408053073758));
#2057=DIRECTION('',(0.,-1.,0.));
#2058=DIRECTION('',(0.539266050033003,-0.538567512125187,0.647408033750809));
#2059=DIRECTION('',(0.640015831168442,0.,0.76836172201234));
#2060=DIRECTION('',(0.,1.,0.));
#2061=DIRECTION('',(0.640015831168442,0.,0.76836172201234));
#2062=DIRECTION('',(0.,-1.,0.));
#2063=DIRECTION('',(0.640015830589461,-4.25355390856217E-5,0.768361721317252));
#2064=DIRECTION('',(-4.2700885562506E-16,-1.,0.));
#2065=DIRECTION('',(-0.640015831168442,2.73292427649158E-16,-0.76836172201234));
#2066=DIRECTION('',(-6.64601355540476E-5,0.999999994608483,-7.9787751665852E-5));
#2067=DIRECTION('',(-0.640015831168442,0.,-0.76836172201234));
#2068=DIRECTION('',(0.,1.,0.));
#2069=DIRECTION('',(0.640015831168442,0.,0.76836172201234));
#2070=DIRECTION('',(0.,1.,0.));
#2071=DIRECTION('',(-0.539266050035166,0.538567512119902,-0.647408033753405));
#2072=DIRECTION('',(-0.640015831168442,0.,-0.76836172201234));
#2073=DIRECTION('',(-0.539063130407316,-0.539063217935682,-0.647164421537751));
#2074=DIRECTION('',(0.,-1.,0.));
#2075=DIRECTION('',(0.640015831168442,0.,0.76836172201234));
#2076=DIRECTION('',(0.,-1.,0.));
#2077=DIRECTION('',(-0.640015831168442,0.,-0.76836172201234));
#2078=DIRECTION('',(0.,1.,0.));
#2079=DIRECTION('',(-0.640015831168442,0.,-0.76836172201234));
#2080=DIRECTION('',(-0.640015831168442,0.,-0.76836172201234));
#2081=DIRECTION('',(0.,-1.,0.));
#2082=DIRECTION('',(0.,-1.,0.));
#2083=DIRECTION('',(0.640015831168442,0.,0.76836172201234));
#2084=DIRECTION('',(0.,-1.,0.));
#2085=DIRECTION('',(0.640015831168442,0.,0.76836172201234));
#2086=DIRECTION('center_axis',(0.76836172201234,0.,-0.640015831168443));
#2087=DIRECTION('ref_axis',(0.640015831168442,0.,0.76836172201234));
#2088=DIRECTION('center_axis',(-1.,0.,0.));
#2089=DIRECTION('ref_axis',(0.,-1.,0.));
#2090=DIRECTION('',(0.,0.,1.));
#2091=DIRECTION('center_axis',(-1.,0.,0.));
#2092=DIRECTION('ref_axis',(0.,-1.,0.));
#2093=DIRECTION('',(0.,0.,1.));
#2094=DIRECTION('center_axis',(0.,1.,0.));
#2095=DIRECTION('ref_axis',(-1.,0.,0.));
#2096=DIRECTION('',(0.,0.,1.));
#2097=DIRECTION('center_axis',(1.,0.,0.));
#2098=DIRECTION('ref_axis',(0.,1.,0.));
#2099=DIRECTION('',(0.,0.,1.));
#2100=DIRECTION('center_axis',(-1.,0.,0.));
#2101=DIRECTION('ref_axis',(0.,-1.,0.));
#2102=DIRECTION('',(0.,0.,1.));
#2103=DIRECTION('',(0.,0.,1.));
#2104=DIRECTION('center_axis',(0.,-1.,0.));
#2105=DIRECTION('ref_axis',(1.,0.,0.));
#2106=DIRECTION('',(0.,0.,1.));
#2107=DIRECTION('center_axis',(-1.,0.,0.));
#2108=DIRECTION('ref_axis',(0.,-1.,0.));
#2109=DIRECTION('',(0.,0.,1.));
#2110=DIRECTION('center_axis',(-0.707106838593454,0.707106723779637,0.));
#2111=DIRECTION('ref_axis',(-0.707106723779637,-0.707106838593454,0.));
#2112=DIRECTION('',(0.,0.,1.));
#2113=DIRECTION('center_axis',(0.,1.,0.));
#2114=DIRECTION('ref_axis',(-1.,0.,0.));
#2115=DIRECTION('',(0.,0.,1.));
#2116=DIRECTION('center_axis',(0.706648360823207,0.707564904546484,0.));
#2117=DIRECTION('ref_axis',(-0.707564904546484,0.706648360823207,0.));
#2118=DIRECTION('',(0.,0.,1.));
#2119=DIRECTION('center_axis',(1.,0.,0.));
#2120=DIRECTION('ref_axis',(0.,1.,0.));
#2121=DIRECTION('',(0.,0.,1.));
#2122=DIRECTION('center_axis',(0.,-1.,0.));
#2123=DIRECTION('ref_axis',(1.,0.,0.));
#2124=DIRECTION('',(0.,0.,1.));
#2125=DIRECTION('center_axis',(1.,0.,0.));
#2126=DIRECTION('ref_axis',(0.,1.,0.));
#2127=DIRECTION('',(0.,0.,1.));
#2128=DIRECTION('center_axis',(0.,1.,0.));
#2129=DIRECTION('ref_axis',(-1.,0.,0.));
#2130=DIRECTION('',(0.,0.,1.));
#2131=DIRECTION('center_axis',(0.999999997791525,6.64601357655931E-5,0.));
#2132=DIRECTION('ref_axis',(-6.64601357655931E-5,0.999999997791525,0.));
#2133=DIRECTION('',(0.,0.,1.));
#2134=DIRECTION('center_axis',(4.2700885562506E-16,1.,0.));
#2135=DIRECTION('ref_axis',(-1.,4.2700885562506E-16,0.));
#2136=DIRECTION('',(0.,0.,1.));
#2137=DIRECTION('center_axis',(-6.64601357633723E-5,-0.999999997791525,
0.));
#2138=DIRECTION('ref_axis',(0.999999997791525,-6.64601357633723E-5,0.));
#2139=DIRECTION('',(0.,0.,1.));
#2140=DIRECTION('',(0.,0.,1.));
#2141=DIRECTION('center_axis',(-1.,0.,0.));
#2142=DIRECTION('ref_axis',(0.,-1.,0.));
#2143=DIRECTION('',(0.,0.,1.));
#2144=DIRECTION('center_axis',(0.,-1.,0.));
#2145=DIRECTION('ref_axis',(1.,0.,0.));
#2146=DIRECTION('',(0.,0.,1.));
#2147=DIRECTION('center_axis',(1.,0.,0.));
#2148=DIRECTION('ref_axis',(0.,1.,0.));
#2149=DIRECTION('',(0.,0.,1.));
#2150=DIRECTION('center_axis',(0.,-1.,0.));
#2151=DIRECTION('ref_axis',(1.,0.,0.));
#2152=DIRECTION('',(0.,0.,1.));
#2153=DIRECTION('center_axis',(-0.706648360828098,-0.707564904541599,0.));
#2154=DIRECTION('ref_axis',(0.707564904541599,-0.706648360828098,0.));
#2155=DIRECTION('',(0.,0.,1.));
#2156=DIRECTION('center_axis',(-1.,0.,0.));
#2157=DIRECTION('ref_axis',(0.,-1.,0.));
#2158=DIRECTION('',(0.,0.,1.));
#2159=DIRECTION('center_axis',(-0.70664832442394,0.707564940898599,0.));
#2160=DIRECTION('ref_axis',(-0.707564940898599,-0.70664832442394,0.));
#2161=DIRECTION('',(0.,0.,1.));
#2162=DIRECTION('center_axis',(0.,1.,0.));
#2163=DIRECTION('ref_axis',(-1.,0.,0.));
#2164=DIRECTION('',(0.,0.,1.));
#2165=DIRECTION('center_axis',(1.,0.,0.));
#2166=DIRECTION('ref_axis',(0.,1.,0.));
#2167=DIRECTION('',(0.,0.,1.));
#2168=DIRECTION('center_axis',(0.,1.,0.));
#2169=DIRECTION('ref_axis',(-1.,0.,0.));
#2170=DIRECTION('',(0.,0.,1.));
#2171=DIRECTION('center_axis',(-1.,0.,0.));
#2172=DIRECTION('ref_axis',(0.,-1.,0.));
#2173=DIRECTION('',(0.,0.,1.));
#2174=DIRECTION('center_axis',(-6.64601357633723E-5,0.999999997791525,0.));
#2175=DIRECTION('ref_axis',(-0.999999997791525,-6.64601357633723E-5,0.));
#2176=DIRECTION('',(0.,0.,1.));
#2177=DIRECTION('center_axis',(0.,0.,1.));
#2178=DIRECTION('ref_axis',(1.,0.,0.));
#2179=DIRECTION('',(0.,0.,-1.));
#2180=DIRECTION('center_axis',(0.,-1.,0.));
#2181=DIRECTION('ref_axis',(1.,0.,0.));
#2182=DIRECTION('center_axis',(0.,-1.,0.));
#2183=DIRECTION('ref_axis',(1.,0.,0.));
#2184=DIRECTION('center_axis',(-1.,0.,0.));
#2185=DIRECTION('ref_axis',(0.,-1.,0.));
#2186=DIRECTION('center_axis',(0.,1.,0.));
#2187=DIRECTION('ref_axis',(-1.,0.,0.));
#2188=DIRECTION('center_axis',(-1.,-4.2700885562506E-16,0.));
#2189=DIRECTION('ref_axis',(4.2700885562506E-16,-1.,0.));
#2190=DIRECTION('center_axis',(-1.,4.2700885562506E-16,0.));
#2191=DIRECTION('ref_axis',(-4.2700885562506E-16,-1.,0.));
#2192=DIRECTION('center_axis',(0.,1.,0.));
#2193=DIRECTION('ref_axis',(-1.,0.,0.));
#2194=DIRECTION('',(0.,0.,1.));
#2195=DIRECTION('center_axis',(-0.999999997791525,6.64601357655931E-5,0.));
#2196=DIRECTION('ref_axis',(-6.64601357655931E-5,-0.999999997791525,0.));
#2197=DIRECTION('',(0.,0.,1.));
#2198=DIRECTION('center_axis',(-4.2700885562506E-16,1.,0.));
#2199=DIRECTION('ref_axis',(-1.,-4.2700885562506E-16,0.));
#2200=CARTESIAN_POINT('',(0.,0.,0.));
#2201=CARTESIAN_POINT('Origin',(30.0000712790804,0.,411.014999576793));
#2202=CARTESIAN_POINT('',(30.0000004461617,30.0000004470348,411.014914539359));
#2203=CARTESIAN_POINT('',(30.0000004470348,19.6,411.014914540408));
#2204=CARTESIAN_POINT('',(30.0000004470348,9.8000000000001,411.014914540408));
#2205=CARTESIAN_POINT('',(19.5999999999703,30.,398.529344866534));
#2206=CARTESIAN_POINT('',(-71.0610647458392,30.0000004470348,289.687518719222));
#2207=CARTESIAN_POINT('',(19.5999335398631,29.0000004321337,398.529265078817));
#2208=CARTESIAN_POINT('',(19.5990020973876,14.9849452013764,398.528146849064));
#2209=CARTESIAN_POINT('',(19.0999335398631,29.0000004321337,397.928997331838));
#2210=CARTESIAN_POINT('',(-73.1911038224875,29.0000004321337,287.13033120419));
#2211=CARTESIAN_POINT('',(19.0999335398631,28.0000004470348,397.928997331838));
#2212=CARTESIAN_POINT('',(19.0999335398631,14.5000002160668,397.928997331838));
#2213=CARTESIAN_POINT('',(23.4500002235174,28.0000004470348,403.151406786646));
#2214=CARTESIAN_POINT('',(-73.293508888524,28.0000004470348,287.007390287652));
#2215=CARTESIAN_POINT('',(23.4500002235174,25.0056361391835,403.151406786646));
#2216=CARTESIAN_POINT('',(23.4500002235174,14.0000002235174,403.151406786646));
#2217=CARTESIAN_POINT('',(19.0999999141664,20.6556351235174,397.929077016545));
#2218=CARTESIAN_POINT('',(-48.1820363550896,-46.6264120704083,317.154604369576));
#2219=CARTESIAN_POINT('',(10.9000002421278,20.6556351235174,388.084686359824));
#2220=CARTESIAN_POINT('',(-73.2934952943942,20.6556351235174,287.007406607887));
#2221=CARTESIAN_POINT('',(6.55000022351742,25.000000372529,382.862356938767));
#2222=CARTESIAN_POINT('',(-47.0655459254323,78.5460956598304,318.494990759043));
#2223=CARTESIAN_POINT('',(6.55000022351742,28.0000004470348,382.862356938767));
#2224=CARTESIAN_POINT('',(6.55000022351741,12.5000001862645,382.862356938767));
#2225=CARTESIAN_POINT('',(10.9000669071717,28.0000004470348,388.084766393575));
#2226=CARTESIAN_POINT('',(-75.8638623885536,28.0000004470348,283.921589678849));
#2227=CARTESIAN_POINT('',(10.9000669071717,29.0000004321337,388.084766393575));
#2228=CARTESIAN_POINT('',(10.9000669071717,14.0000002235174,388.084766393575));
#2229=CARTESIAN_POINT('',(10.4000669071717,29.0000004321337,387.484498646596));
#2230=CARTESIAN_POINT('',(-74.9729246565475,29.0000004321337,284.991192049028));
#2231=CARTESIAN_POINT('',(10.4000004470645,30.,387.484418858879));
#2232=CARTESIAN_POINT('',(10.4010296574623,14.5138685984662,387.485654462492));
#2233=CARTESIAN_POINT('',(1.94332762539276E-22,30.0000004461617,374.998849185005));
#2234=CARTESIAN_POINT('',(-75.0753433342934,30.0000004470349,284.86823479115));
#2235=CARTESIAN_POINT('',(-4.44089209850063E-15,19.6,374.998849185005));
#2236=CARTESIAN_POINT('',(0.,15.0000002230808,374.998849185005));
#2237=CARTESIAN_POINT('',(1.00000001490116,19.5999335398631,376.199384696852));
#2238=CARTESIAN_POINT('',(-77.2051018702255,19.6051310615632,282.311384075205));
#2239=CARTESIAN_POINT('',(1.00000001490116,19.0999335398631,376.199384696852));
#2240=CARTESIAN_POINT('',(1.00000001490117,9.79996676993155,376.199384696852));
#2241=CARTESIAN_POINT('',(2.,19.0999335398631,377.39992017292));
#2242=CARTESIAN_POINT('',(-77.0005586642861,19.0999335398631,282.556945453983));
#2243=CARTESIAN_POINT('',(2.,23.4443655002802,377.39992017292));
#2244=CARTESIAN_POINT('',(2.00000000000001,9.54996676993155,377.39992017292));
#2245=CARTESIAN_POINT('',(4.99436525854548,23.4443655002802,380.994761947677));
#2246=CARTESIAN_POINT('',(-76.7957485352649,23.4443655002802,282.802827283395));
#2247=CARTESIAN_POINT('',(9.34436532351742,19.100000204907,386.217091424392));
#2248=CARTESIAN_POINT('',(-49.232240127437,77.6007284901913,315.893797464985));
#2249=CARTESIAN_POINT('',(9.34436532351742,10.899999795093,386.217091424392));
#2250=CARTESIAN_POINT('',(9.34436532351743,9.5500001024535,386.217091424392));
#2251=CARTESIAN_POINT('',(4.99436525854548,6.55563494675468,380.994761947677));
#2252=CARTESIAN_POINT('',(-52.3253345787644,-50.6898099661568,312.180427790003));
#2253=CARTESIAN_POINT('',(2.,6.55563494675468,377.39992017292));
#2254=CARTESIAN_POINT('',(-76.182472191187,6.55563494675468,283.539087302065));
#2255=CARTESIAN_POINT('',(2.,10.9000669071717,377.39992017292));
#2256=CARTESIAN_POINT('',(2.00000000000001,3.27781747337734,377.39992017292));
#2257=CARTESIAN_POINT('',(1.00000001490116,10.9000669071717,376.199384696852));
#2258=CARTESIAN_POINT('',(-76.7957485352649,10.9000669071717,282.802827283395));
#2259=CARTESIAN_POINT('',(1.00000001490116,10.4000669071717,376.199384696852));
#2260=CARTESIAN_POINT('',(1.00000001490117,5.45003345358587,376.199384696852));
#2261=CARTESIAN_POINT('',(-4.44089209850063E-15,10.4000004470348,374.998849185005));
#2262=CARTESIAN_POINT('',(-77.0007000858481,10.394882970042,282.556775672378));
#2263=CARTESIAN_POINT('',(8.73114913702173E-10,-4.44089221221062E-15,374.998849186053));
#2264=CARTESIAN_POINT('',(8.88178419700125E-15,5.2000002235175,374.998849185005));
#2265=CARTESIAN_POINT('',(10.4000004470348,-2.22044604925031E-15,387.484418858843));
#2266=CARTESIAN_POINT('',(-77.2053687992323,-2.092458028348E-14,282.311063617458));
#2267=CARTESIAN_POINT('',(10.4000669071717,1.00000001490116,387.484498646596));
#2268=CARTESIAN_POINT('',(10.3999995253512,-0.0138682174707567,387.484417752329));
#2269=CARTESIAN_POINT('',(10.9000669071717,1.00000001490116,388.084766393575));
#2270=CARTESIAN_POINT('',(-75.075329722584,1.00000001490116,284.86825113249));
#2271=CARTESIAN_POINT('',(10.9000669071717,2.,388.084766393575));
#2272=CARTESIAN_POINT('',(10.9000669071717,0.500000007450581,388.084766393575));
#2273=CARTESIAN_POINT('',(6.55000022351742,2.,382.862356938767));
#2274=CARTESIAN_POINT('',(-74.9729246565475,2.,284.991192049028));
#2275=CARTESIAN_POINT('',(6.55000022351742,4.99436430785137,382.862356938767));
#2276=CARTESIAN_POINT('',(6.55000022351741,0.999999999999999,382.862356938767));
#2277=CARTESIAN_POINT('',(10.9000002421278,9.34436487648258,388.084686359824));
#2278=CARTESIAN_POINT('',(-52.6409430012516,-54.1965864011131,311.801528676616));
#2279=CARTESIAN_POINT('',(19.0999999141664,9.34436487648258,397.929077016545));
#2280=CARTESIAN_POINT('',(-74.9729383102239,9.34436487648258,284.991175657305));
#2281=CARTESIAN_POINT('',(23.4500002235174,4.99436430785137,403.151406786646));
#2282=CARTESIAN_POINT('',(-45.0872664419244,73.5316350584328,320.869985495962));
#2283=CARTESIAN_POINT('',(23.4500002235174,2.,403.151406786646));
#2284=CARTESIAN_POINT('',(23.4500002235174,2.49718215392568,403.151406786646));
#2285=CARTESIAN_POINT('',(19.0999335398631,2.,397.928997331838));
#2286=CARTESIAN_POINT('',(-72.4025711565179,2.,288.076992657831));
#2287=CARTESIAN_POINT('',(19.0999335398631,1.00000001490116,397.928997331838));
#2288=CARTESIAN_POINT('',(19.0999335398631,0.999999999999999,397.928997331838));
#2289=CARTESIAN_POINT('',(19.5999335398631,1.00000001490116,398.529265078817));
#2290=CARTESIAN_POINT('',(-73.293508888524,1.00000001490116,287.007390287652));
#2291=CARTESIAN_POINT('',(19.6,-2.22044604925031E-15,398.52934486657));
#2292=CARTESIAN_POINT('',(19.5999657693622,0.51505518815406,398.529303771474));
#2293=CARTESIAN_POINT('',(30.0000004470348,0.,411.014914540408));
#2294=CARTESIAN_POINT('',(-73.1910902107781,1.75908625723027E-14,287.13034754553));
#2295=CARTESIAN_POINT('',(30.0000004470348,10.4000000008731,411.014914540408));
#2296=CARTESIAN_POINT('',(30.0000004470348,4.36449887413794E-10,411.014914540408));
#2297=CARTESIAN_POINT('',(29.5000003099442,10.4000000149012,410.414646628847));
#2298=CARTESIAN_POINT('',(-71.0610646821807,10.4000030118543,289.687518795647));
#2299=CARTESIAN_POINT('',(29.5000003099452,10.4000336771119,410.414646628848));
#2300=CARTESIAN_POINT('',(29.5000001549055,5.19999268044556,410.414646442717));
#2301=CARTESIAN_POINT('',(29.0000004321337,10.4000669071717,409.814379028561));
#2302=CARTESIAN_POINT('',(-71.1633280954127,10.4067237755989,289.564747938328));
#2303=CARTESIAN_POINT('',(29.0000004321337,10.9000669071717,409.814379028561));
#2304=CARTESIAN_POINT('',(29.0000004321337,5.20003345358587,409.814379028561));
#2305=CARTESIAN_POINT('',(28.0000004470348,10.9000669071717,408.613843552493));
#2306=CARTESIAN_POINT('',(-71.2658748807854,10.9000669071717,289.441636882697));
#2307=CARTESIAN_POINT('',(28.0000004470348,6.55563494675468,408.613843552493));
#2308=CARTESIAN_POINT('',(28.0000004470349,5.45003345358587,408.613843552493));
#2309=CARTESIAN_POINT('',(24.9999994221708,6.55563494675468,405.012235840235));
#2310=CARTESIAN_POINT('',(-71.4706850098066,6.55563494675468,289.195755053285));
#2311=CARTESIAN_POINT('',(20.6556351235174,10.8999995043524,399.796672301021));
#2312=CARTESIAN_POINT('',(-42.9207403808886,74.4763787982059,323.470976930819));
#2313=CARTESIAN_POINT('',(20.6556351235174,19.1000004956476,399.796672301021));
#2314=CARTESIAN_POINT('',(20.6556351235174,5.4499997521762,399.796672301021));
#2315=CARTESIAN_POINT('',(24.9999994221708,23.4443655002802,405.012235840235));
#2316=CARTESIAN_POINT('',(-48.5419978090708,-50.0976436818737,316.722457867615));
#2317=CARTESIAN_POINT('',(28.0000004470348,23.4443655002802,408.613843552493));
#2318=CARTESIAN_POINT('',(-72.0851156159285,23.4443655002802,288.458109302062));
#2319=CARTESIAN_POINT('',(28.0000004470348,19.0999335398631,408.613843552493));
#2320=CARTESIAN_POINT('',(28.0000004470349,11.7221827501401,408.613843552493));
#2321=CARTESIAN_POINT('',(29.0000004321337,19.0999335398631,409.814379028561));
#2322=CARTESIAN_POINT('',(-71.4706850098066,19.0999335398631,289.195755053285));
#2323=CARTESIAN_POINT('',(29.0000004321337,19.5999335398631,409.814379028561));
#2324=CARTESIAN_POINT('',(29.0000004321337,9.54996676993155,409.814379028561));
#2325=CARTESIAN_POINT('',(-71.2661414879726,19.5932698384439,289.441316811306));
#2326=CARTESIAN_POINT('',(11.5000002235174,15.0000002235174,388.805007633856));
#2327=CARTESIAN_POINT('Origin',(15.0000002235174,15.0000002235174,393.006881862706));
#2328=CARTESIAN_POINT('',(1.00000001490116,5.20000001490116,376.199384696852));
#2329=CARTESIAN_POINT('',(1.00000001490116,1.00000001490116,376.199384696852));
#2330=CARTESIAN_POINT('',(1.00000001490117,0.500000007450581,376.199384696852));
#2331=CARTESIAN_POINT('',(5.20000001490116,5.20000001490116,381.241633771473));
#2332=CARTESIAN_POINT('',(-77.0005586642861,5.20000001490116,282.556945453983));
#2333=CARTESIAN_POINT('',(5.20000001490116,1.00000001490116,381.241633771473));
#2334=CARTESIAN_POINT('',(5.20000001490116,2.60000000745058,381.241633771473));
#2335=CARTESIAN_POINT('',(-76.140356109579,1.00000001490116,283.589649152901));
#2336=CARTESIAN_POINT('',(1.00000001490116,24.8000004321337,376.199384696852));
#2337=CARTESIAN_POINT('',(5.20000001490116,24.8000004321337,381.241633771473));
#2338=CARTESIAN_POINT('',(-76.140356109579,24.8000004321337,283.589649152901));
#2339=CARTESIAN_POINT('',(1.00000001490116,29.0000004321337,376.199384696852));
#2340=CARTESIAN_POINT('',(1.00000001490117,12.4000002160668,376.199384696852));
#2341=CARTESIAN_POINT('',(5.20000001490116,29.0000004321337,381.241633771473));
#2342=CARTESIAN_POINT('',(-77.0005586642861,29.0000004321337,282.556945453983));
#2343=CARTESIAN_POINT('',(5.20000001490116,14.5000002160668,381.241633771473));
#2344=CARTESIAN_POINT('',(29.0000004321337,1.00000001490116,409.814379028561));
#2345=CARTESIAN_POINT('',(29.0000004321337,5.20000001490116,409.814379028561));
#2346=CARTESIAN_POINT('',(29.0000004321337,2.60000000745058,409.814379028561));
#2347=CARTESIAN_POINT('',(24.8000004321337,1.00000001490116,404.77212995394));
#2348=CARTESIAN_POINT('',(-71.2658748807854,1.00000001490116,289.441636882697));
#2349=CARTESIAN_POINT('',(24.8000004321337,5.20000001490116,404.77212995394));
#2350=CARTESIAN_POINT('',(24.8000004321337,0.500000007450581,404.77212995394));
#2351=CARTESIAN_POINT('',(-72.1260774354925,5.20000001490116,288.408933183778));
#2352=CARTESIAN_POINT('',(29.0000004321337,24.8000004321337,409.814379028561));
#2353=CARTESIAN_POINT('',(29.0000004321337,29.0000004321337,409.814379028561));
#2354=CARTESIAN_POINT('',(29.0000004321337,14.5000002160668,409.814379028561));
#2355=CARTESIAN_POINT('',(24.8000004321337,24.8000004321337,404.77212995394));
#2356=CARTESIAN_POINT('',(-71.2658748807854,24.8000004321337,289.441636882697));
#2357=CARTESIAN_POINT('',(24.8000004321337,29.0000004321337,404.77212995394));
#2358=CARTESIAN_POINT('',(24.8000004321337,12.4000002160668,404.77212995394));
#2359=CARTESIAN_POINT('',(-72.1260774354925,29.0000004321337,288.408933183778));
#2360=CARTESIAN_POINT('Origin',(24.8000004321337,24.8000004321337,0.));
#2361=CARTESIAN_POINT('',(24.8000004321337,24.8000004321337,29.7732807689346));
#2362=CARTESIAN_POINT('',(24.8000004321337,24.8000004321337,0.));
#2363=CARTESIAN_POINT('',(24.8000004321337,29.0000004321337,29.7732807689346));
#2364=CARTESIAN_POINT('',(24.8000004321337,12.4000002160668,29.7732807689346));
#2365=CARTESIAN_POINT('',(24.8000004321337,29.0000004321337,0.));
#2366=CARTESIAN_POINT('Origin',(29.0000004321337,24.8000004321337,0.));
#2367=CARTESIAN_POINT('',(29.0000004321337,24.8000004321337,34.8155298435556));
#2368=CARTESIAN_POINT('',(29.0000004321337,24.8000004321337,0.));
#2369=CARTESIAN_POINT('',(5.93949391862564,24.8000004321337,7.13057326545417));
#2370=CARTESIAN_POINT('Origin',(24.8000004321337,1.00000001490116,0.));
#2371=CARTESIAN_POINT('',(24.8000004321337,1.00000001490116,29.7732807689346));
#2372=CARTESIAN_POINT('',(24.8000004321337,1.00000001490116,0.));
#2373=CARTESIAN_POINT('',(24.8000004321337,5.20000001490116,29.7732807689346));
#2374=CARTESIAN_POINT('',(24.8000004321337,0.500000007450581,29.7732807689346));
#2375=CARTESIAN_POINT('',(24.8000004321337,5.20000001490116,0.));
#2376=CARTESIAN_POINT('Origin',(29.0000004321337,1.00000001490116,0.));
#2377=CARTESIAN_POINT('',(29.0000004321337,1.00000001490116,34.8155298435556));
#2378=CARTESIAN_POINT('',(29.0000004321337,1.00000001490116,0.));
#2379=CARTESIAN_POINT('',(5.93949391862564,1.00000001490116,7.13057326545417));
#2380=CARTESIAN_POINT('Origin',(1.00000001490116,29.0000004321337,0.));
#2381=CARTESIAN_POINT('',(1.00000001490116,29.0000004321337,1.20053551184691));
#2382=CARTESIAN_POINT('',(1.00000001490116,29.0000004321337,0.));
#2383=CARTESIAN_POINT('',(5.20000001490116,29.0000004321337,6.24278458646784));
#2384=CARTESIAN_POINT('',(0.20481013512494,29.0000004321337,0.245881836739867));
#2385=CARTESIAN_POINT('',(5.20000001490116,29.0000004321337,0.));
#2386=CARTESIAN_POINT('Origin',(1.00000001490116,24.8000004321337,0.));
#2387=CARTESIAN_POINT('',(1.00000001490116,24.8000004321337,1.20053551184691));
#2388=CARTESIAN_POINT('',(1.00000001490116,24.8000004321337,0.));
#2389=CARTESIAN_POINT('',(1.00000001490116,12.4000002160668,1.20053551184691));
#2390=CARTESIAN_POINT('Origin',(5.20000001490116,5.20000001490116,0.));
#2391=CARTESIAN_POINT('',(5.20000001490116,5.20000001490116,6.24278458646784));
#2392=CARTESIAN_POINT('',(5.20000001490116,5.20000001490116,0.));
#2393=CARTESIAN_POINT('',(5.20000001490116,1.00000001490116,6.24278458646784));
#2394=CARTESIAN_POINT('',(5.20000001490116,2.60000000745058,6.24278458646784));
#2395=CARTESIAN_POINT('',(5.20000001490116,1.00000001490116,0.));
#2396=CARTESIAN_POINT('Origin',(1.00000001490116,5.20000001490116,0.));
#2397=CARTESIAN_POINT('',(1.00000001490116,5.20000001490116,1.20053551184691));
#2398=CARTESIAN_POINT('',(1.00000001490116,5.20000001490116,0.));
#2399=CARTESIAN_POINT('',(0.20481013512494,5.20000001490116,0.245881836739867));
#2400=CARTESIAN_POINT('Origin',(30.0000004470348,19.6,0.));
#2401=CARTESIAN_POINT('',(30.0000004470348,19.6,36.0160653554023));
#2402=CARTESIAN_POINT('',(30.0000004470348,19.6,0.));
#2403=CARTESIAN_POINT('',(30.0000004461617,30.0000004470348,36.0160653543541));
#2404=CARTESIAN_POINT('',(30.0000004470348,9.80000000000002,36.0160653554023));
#2405=CARTESIAN_POINT('',(30.0000004461617,30.0000004470348,0.));
#2406=CARTESIAN_POINT('Origin',(29.0000004321337,19.5999335398631,0.));
#2407=CARTESIAN_POINT('',(29.0000004321337,19.5999335398631,34.8155298435556));
#2408=CARTESIAN_POINT('',(29.0000004321337,19.5999335398631,0.));
#2409=CARTESIAN_POINT('',(5.9392271717529,19.598400917738,7.13025302636555));
#2410=CARTESIAN_POINT('Origin',(29.0000004321337,19.0999335398631,0.));
#2411=CARTESIAN_POINT('',(29.0000004321337,19.0999335398631,34.8155298435556));
#2412=CARTESIAN_POINT('',(29.0000004321337,19.0999335398631,0.));
#2413=CARTESIAN_POINT('',(29.0000004321337,9.54996676993155,34.8155298435556));
#2414=CARTESIAN_POINT('Origin',(28.0000004470348,19.0999335398631,0.));
#2415=CARTESIAN_POINT('',(28.0000004470348,19.0999335398631,33.6149943674876));
#2416=CARTESIAN_POINT('',(28.0000004470348,19.0999335398631,0.));
#2417=CARTESIAN_POINT('',(5.73468378960443,19.0999335398631,6.88469143604222));
#2418=CARTESIAN_POINT('Origin',(28.0000004470348,23.4443655002802,0.));
#2419=CARTESIAN_POINT('',(28.0000004470348,23.4443655002802,33.6149943674876));
#2420=CARTESIAN_POINT('',(28.0000004470348,23.4443655002802,0.));
#2421=CARTESIAN_POINT('',(28.0000004470348,11.7221827501401,33.6149943674876));
#2422=CARTESIAN_POINT('Origin',(24.9999994221708,23.4443655002802,0.));
#2423=CARTESIAN_POINT('',(24.9999994221708,23.4443655002802,30.0133866552299));
#2424=CARTESIAN_POINT('',(24.9999994221708,23.4443655002802,0.));
#2425=CARTESIAN_POINT('',(5.12025318348255,23.4443655002802,6.14704568481917));
#2426=CARTESIAN_POINT('Origin',(20.6556351235174,19.1000004956476,0.));
#2427=CARTESIAN_POINT('',(20.6556351235174,19.1000004956476,24.7978231160152));
#2428=CARTESIAN_POINT('',(20.6556351235174,19.1000004956476,0.));
#2429=CARTESIAN_POINT('',(6.228328264937,4.67269129256358,7.47732915007494));
#2430=CARTESIAN_POINT('Origin',(20.6556351235174,10.8999995043524,0.));
#2431=CARTESIAN_POINT('',(20.6556351235174,10.8999995043524,24.7978231160152));
#2432=CARTESIAN_POINT('',(20.6556351235174,10.8999995043524,0.));
#2433=CARTESIAN_POINT('',(20.6556351235174,5.4499997521762,24.7978231160153));
#2434=CARTESIAN_POINT('Origin',(24.9999994221708,6.55563494675468,0.));
#2435=CARTESIAN_POINT('',(24.9999994221708,6.55563494675468,30.0133866552299));
#2436=CARTESIAN_POINT('',(24.9999994221708,6.55563494675468,0.));
#2437=CARTESIAN_POINT('',(11.8495889685603,19.7060461841908,14.2258521455625));
#2438=CARTESIAN_POINT('Origin',(28.0000004470348,6.55563494675468,0.));
#2439=CARTESIAN_POINT('',(28.0000004470348,6.55563494675468,33.6149943674876));
#2440=CARTESIAN_POINT('',(28.0000004470348,6.55563494675468,0.));
#2441=CARTESIAN_POINT('',(5.73468378960443,6.55563494675468,6.88469143604222));
#2442=CARTESIAN_POINT('Origin',(28.0000004470348,10.9000669071717,0.));
#2443=CARTESIAN_POINT('',(28.0000004470348,10.9000669071717,33.6149943674876));
#2444=CARTESIAN_POINT('',(28.0000004470348,10.9000669071717,0.));
#2445=CARTESIAN_POINT('',(28.0000004470348,5.45003345358587,33.6149943674876));
#2446=CARTESIAN_POINT('Origin',(29.0000004321337,10.9000669071717,0.));
#2447=CARTESIAN_POINT('',(29.0000004321337,10.9000669071717,34.8155298435556));
#2448=CARTESIAN_POINT('',(29.0000004321337,10.9000669071717,0.));
#2449=CARTESIAN_POINT('',(5.93949391862564,10.9000669071717,7.13057326545417));
#2450=CARTESIAN_POINT('Origin',(29.0000004321337,10.4000669071717,0.));
#2451=CARTESIAN_POINT('',(29.0000004321337,10.4000669071717,34.8155298435556));
#2452=CARTESIAN_POINT('',(29.0000004321337,10.4000669071717,0.));
#2453=CARTESIAN_POINT('',(29.0000004321337,5.20003345358587,34.8155298435556));
#2454=CARTESIAN_POINT('Origin',(29.5000003099452,10.4000336771119,0.));
#2455=CARTESIAN_POINT('',(29.5000003099452,10.4000336771119,35.4157974438426));
#2456=CARTESIAN_POINT('',(29.5000003099452,10.4000336771119,0.));
#2457=CARTESIAN_POINT('',(6.0420405643128,10.4015926963048,7.25368415338788));
#2458=CARTESIAN_POINT('Origin',(29.5000003099442,10.4000000149012,0.));
#2459=CARTESIAN_POINT('',(29.5000003099442,10.4000000149012,35.4157974438414));
#2460=CARTESIAN_POINT('',(29.5000003099442,10.4000000149012,0.));
#2461=CARTESIAN_POINT('',(29.5000001549057,5.19999830000273,35.4157972577122));
#2462=CARTESIAN_POINT('Origin',(30.0000004470348,10.4,0.));
#2463=CARTESIAN_POINT('',(30.0000004470348,10.4000000008731,36.0160653554023));
#2464=CARTESIAN_POINT('',(30.0000004470348,10.4000000008731,0.));
#2465=CARTESIAN_POINT('',(6.14430411723037,10.4000007109551,7.37645517840361));
#2466=CARTESIAN_POINT('Origin',(30.0000004470348,8.73110477146655E-10,0.));
#2467=CARTESIAN_POINT('',(30.0000004470348,0.,36.0160653554023));
#2468=CARTESIAN_POINT('',(30.0000004470348,8.73110477146641E-10,0.));
#2469=CARTESIAN_POINT('',(30.0000004470348,4.36530370190319E-10,36.0160653554023));
#2470=CARTESIAN_POINT('Origin',(19.6,-2.22044604925031E-15,0.));
#2471=CARTESIAN_POINT('',(19.6,-2.22044604925031E-15,23.5304956815645));
#2472=CARTESIAN_POINT('',(19.6,-2.22044604925031E-15,0.));
#2473=CARTESIAN_POINT('',(4.01427858863299,1.1071744827291E-15,4.81928392828715));
#2474=CARTESIAN_POINT('Origin',(19.5999335398631,1.00000001490116,0.));
#2475=CARTESIAN_POINT('',(19.5999335398631,1.00000001490116,23.5304158938112));
#2476=CARTESIAN_POINT('',(19.5999335398631,1.00000001490116,0.));
#2477=CARTESIAN_POINT('',(19.5999666018704,0.502528758928349,23.5304555859245));
#2478=CARTESIAN_POINT('Origin',(19.0999335398631,1.00000001490116,0.));
#2479=CARTESIAN_POINT('',(19.0999335398631,1.00000001490116,22.9301481468326));
#2480=CARTESIAN_POINT('',(19.0999335398631,1.00000001490116,0.));
#2481=CARTESIAN_POINT('',(3.91185991088701,1.00000001490116,4.69632667040893));
#2482=CARTESIAN_POINT('Origin',(19.0999335398631,2.,0.));
#2483=CARTESIAN_POINT('',(19.0999335398631,2.,22.9301481468326));
#2484=CARTESIAN_POINT('',(19.0999335398631,2.,0.));
#2485=CARTESIAN_POINT('',(19.0999335398631,0.999999999999999,22.9301481468326));
#2486=CARTESIAN_POINT('Origin',(23.4500002235174,2.,0.));
#2487=CARTESIAN_POINT('',(23.4500002235174,2.,28.152557601641));
#2488=CARTESIAN_POINT('',(23.4500002235174,2.,0.));
#2489=CARTESIAN_POINT('',(4.80279764289312,2.,5.76592904058813));
#2490=CARTESIAN_POINT('Origin',(23.4500002235174,4.99436430785137,0.));
#2491=CARTESIAN_POINT('',(23.4500002235174,4.99436430785137,28.152557601641));
#2492=CARTESIAN_POINT('',(23.4500002235174,4.99436430785137,0.));
#2493=CARTESIAN_POINT('',(23.4500002235174,2.49718215392568,28.152557601641));
#2494=CARTESIAN_POINT('Origin',(19.0999999141664,9.34436487648258,0.));
#2495=CARTESIAN_POINT('',(19.0999999141664,9.34436487648258,22.9302278315396));
#2496=CARTESIAN_POINT('',(19.0999999141664,9.34436487648258,0.));
#2497=CARTESIAN_POINT('',(9.6830629075245,18.7613024444177,11.6248607107053));
#2498=CARTESIAN_POINT('Origin',(10.9000002421278,9.34436487648258,0.));
#2499=CARTESIAN_POINT('',(10.9000002421278,9.34436487648258,13.0858371748185));
#2500=CARTESIAN_POINT('',(10.9000002421278,9.34436487648258,0.));
#2501=CARTESIAN_POINT('',(2.23243048918711,9.34436487648258,2.68011204006191));
#2502=CARTESIAN_POINT('Origin',(6.55000022351742,4.99436430785137,0.));
#2503=CARTESIAN_POINT('',(6.55000022351742,4.99436430785137,7.86350775376151));
#2504=CARTESIAN_POINT('',(6.55000022351742,4.99436430785137,0.));
#2505=CARTESIAN_POINT('',(2.12938422068998,0.57374774607432,2.55640133721123));
#2506=CARTESIAN_POINT('Origin',(6.55000022351742,2.,0.));
#2507=CARTESIAN_POINT('',(6.55000022351742,2.,7.86350775376151));
#2508=CARTESIAN_POINT('',(6.55000022351742,2.,0.));
#2509=CARTESIAN_POINT('',(6.55000022351742,0.999999999999999,7.86350775376151));
#2510=CARTESIAN_POINT('Origin',(10.9000669071717,2.,0.));
#2511=CARTESIAN_POINT('',(10.9000669071717,2.,13.0859172085699));
#2512=CARTESIAN_POINT('',(10.9000669071717,2.,0.));
#2513=CARTESIAN_POINT('',(2.23244414286356,2.,2.68012843178511));
#2514=CARTESIAN_POINT('Origin',(10.9000669071717,1.00000001490116,0.));
#2515=CARTESIAN_POINT('',(10.9000669071717,1.00000001490116,13.0859172085699));
#2516=CARTESIAN_POINT('',(10.9000669071717,1.00000001490116,0.));
#2517=CARTESIAN_POINT('',(10.9000669071717,0.500000007450581,13.0859172085699));
#2518=CARTESIAN_POINT('Origin',(10.4000669071717,1.00000001490116,0.));
#2519=CARTESIAN_POINT('',(10.4000669071717,1.00000001490116,12.4856494615912));
#2520=CARTESIAN_POINT('',(10.4000669071717,1.00000001490116,0.));
#2521=CARTESIAN_POINT('',(2.130039076827,1.00000001490116,2.55718751524717));
#2522=CARTESIAN_POINT('Origin',(10.4000004470348,-2.08166817117217E-15,
0.));
#2523=CARTESIAN_POINT('',(10.4000004470348,0.,12.485569673838));
#2524=CARTESIAN_POINT('',(10.4000004470348,-2.22044604925031E-15,0.));
#2525=CARTESIAN_POINT('',(10.4000003578594,-0.00134178824504568,12.4855695667797));
#2526=CARTESIAN_POINT('Origin',(8.73114913702143E-10,-4.44089219375813E-15,
0.));
#2527=CARTESIAN_POINT('',(8.73114913702173E-10,-4.44089221221062E-15,0.));
#2528=CARTESIAN_POINT('',(8.73114913702173E-10,-4.44089221221062E-15,0.));
#2529=CARTESIAN_POINT('',(1.78738214139684E-10,-4.44089219390638E-15,2.14753921998012E-10));
#2530=CARTESIAN_POINT('Origin',(-8.43769498715119E-14,0.,7.105427357601E-14));
#2531=CARTESIAN_POINT('',(19.5999999999703,30.,23.5304956815289));
#2532=CARTESIAN_POINT('',(19.5999335398631,29.0000004321337,23.5304158938112));
#2533=CARTESIAN_POINT('',(19.5990029298958,14.9974716306021,23.5292986635145));
#2534=CARTESIAN_POINT('',(6.14430405357184,30.0000004470348,7.37645510197928));
#2535=CARTESIAN_POINT('',(-4.44089209850063E-15,10.4000004470348,0.));
#2536=CARTESIAN_POINT('',(0.,4.47034833594984E-7,0.));
#2537=CARTESIAN_POINT('',(1.00000001490116,10.4000669071717,1.20053551184691));
#2538=CARTESIAN_POINT('',(0.204668573877371,10.4000140493361,0.245711887437592));
#2539=CARTESIAN_POINT('',(1.00000001490116,10.9000669071717,1.20053551184691));
#2540=CARTESIAN_POINT('',(1.00000001490116,5.45003345358587,1.20053551184691));
#2541=CARTESIAN_POINT('',(2.,10.9000669071717,2.4010709879149));
#2542=CARTESIAN_POINT('',(0.409620264146147,10.9000669071717,0.491763666151813));
#2543=CARTESIAN_POINT('',(2.,6.55563494675468,2.4010709879149));
#2544=CARTESIAN_POINT('',(2.,3.27781747337734,2.4010709879149));
#2545=CARTESIAN_POINT('',(4.99436525854548,6.55563494675468,5.99591276267157));
#2546=CARTESIAN_POINT('',(1.022896608224,6.55563494675468,1.22802368482168));
#2547=CARTESIAN_POINT('',(9.34436532351742,10.899999795093,11.2182422393872));
#2548=CARTESIAN_POINT('',(2.48623693859208,4.05075578685111,2.98481569116787));
#2549=CARTESIAN_POINT('',(9.34436532351742,19.100000204907,11.2182422393872));
#2550=CARTESIAN_POINT('',(9.34436532351742,9.5500001024535,11.2182422393872));
#2551=CARTESIAN_POINT('',(4.99436525854548,23.4443655002802,5.99591276267157));
#2552=CARTESIAN_POINT('',(5.57932811803796,22.8601603720263,6.69818143813909));
#2553=CARTESIAN_POINT('',(2.,23.4443655002802,2.4010709879149));
#2554=CARTESIAN_POINT('',(0.409620264146147,23.4443655002802,0.491763666151813));
#2555=CARTESIAN_POINT('',(2.,19.0999335398631,2.4010709879149));
#2556=CARTESIAN_POINT('',(2.,9.54996676993155,2.4010709879149));
#2557=CARTESIAN_POINT('',(1.00000001490116,19.0999335398631,1.20053551184691));
#2558=CARTESIAN_POINT('',(0.20481013512494,19.0999335398631,0.245881836739867));
#2559=CARTESIAN_POINT('',(1.00000001490116,19.5999335398631,1.20053551184691));
#2560=CARTESIAN_POINT('',(1.00000001490116,9.79996676993155,1.20053551184691));
#2561=CARTESIAN_POINT('',(-4.44089209850063E-15,19.6,0.));
#2562=CARTESIAN_POINT('',(0.000266789500013551,19.5999999822691,0.000320290264353759));
#2563=CARTESIAN_POINT('',(1.94332762539276E-22,30.0000004461617,0.));
#2564=CARTESIAN_POINT('',(0.,30.,0.));
#2565=CARTESIAN_POINT('',(10.4000004470348,30.0000004470348,12.485569673838));
#2566=CARTESIAN_POINT('',(2.13002546511759,30.0000004470348,2.55717117390688));
#2567=CARTESIAN_POINT('',(10.4000669071717,29.0000004321337,12.4856494615912));
#2568=CARTESIAN_POINT('',(10.4010304899704,14.5013421692405,12.4868062769425));
#2569=CARTESIAN_POINT('',(10.9000669071717,29.0000004321337,13.0859172085699));
#2570=CARTESIAN_POINT('',(2.23244414286356,29.0000004321337,2.68012843178511));
#2571=CARTESIAN_POINT('',(10.9000669071717,28.0000004470348,13.0859172085699));
#2572=CARTESIAN_POINT('',(10.9000669071717,14.0000002235174,13.0859172085699));
#2573=CARTESIAN_POINT('',(6.55000022351742,28.0000004470348,7.86350775376151));
#2574=CARTESIAN_POINT('',(1.34150641085746,28.0000004470348,1.6105260616059));
#2575=CARTESIAN_POINT('',(6.55000022351742,25.000000372529,7.86350775376151));
#2576=CARTESIAN_POINT('',(6.55000022351742,12.5000001862645,7.86350775376151));
#2577=CARTESIAN_POINT('',(10.9000002421278,20.6556351235174,13.0858371748185));
#2578=CARTESIAN_POINT('',(7.74602232048227,23.8055275419832,9.29937473272513));
#2579=CARTESIAN_POINT('',(19.0999999141664,20.6556351235174,22.9302278315396));
#2580=CARTESIAN_POINT('',(3.91187350501685,20.6556351235174,4.69634299064431));
#2581=CARTESIAN_POINT('',(23.4500002235174,25.0056361391835,28.152557601641));
#2582=CARTESIAN_POINT('',(6.58828972316198,8.14392290097068,7.90947565713067));
#2583=CARTESIAN_POINT('',(23.4500002235174,28.0000004470348,28.152557601641));
#2584=CARTESIAN_POINT('',(23.4500002235174,14.0000002235174,28.152557601641));
#2585=CARTESIAN_POINT('',(19.0999335398631,28.0000004470348,22.9301481468326));
#2586=CARTESIAN_POINT('',(3.91185991088701,28.0000004470348,4.69632667040893));
#2587=CARTESIAN_POINT('',(19.0999335398631,29.0000004321337,22.9301481468326));
#2588=CARTESIAN_POINT('',(19.0999335398631,14.5000002160668,22.9301481468326));
#2589=CARTESIAN_POINT('',(4.01426497692357,29.0000004321337,4.81926758694687));
#2590=CARTESIAN_POINT('',(1.00000001490116,1.00000001490116,1.20053551184691));
#2591=CARTESIAN_POINT('',(1.00000001490116,0.500000007450581,1.20053551184691));
#2592=CARTESIAN_POINT('',(1.06501268983203,1.00000001490116,1.27858553565853));
#2593=CARTESIAN_POINT('',(5.20000001490116,24.8000004321337,6.24278458646784));
#2594=CARTESIAN_POINT('',(1.06501268983203,24.8000004321337,1.27858553565853));
#2595=CARTESIAN_POINT('',(5.20000001490116,14.5000002160668,6.24278458646784));
#2596=CARTESIAN_POINT('',(29.0000004321337,5.20000001490116,34.8155298435556));
#2597=CARTESIAN_POINT('',(29.0000004321337,2.60000000745058,34.8155298435556));
#2598=CARTESIAN_POINT('',(5.07929136391855,5.20000001490116,6.09786956653551));
#2599=CARTESIAN_POINT('',(29.0000004321337,29.0000004321337,34.8155298435556));
#2600=CARTESIAN_POINT('',(29.0000004321337,14.5000002160668,34.8155298435556));
#2601=CARTESIAN_POINT('',(5.07929136391855,29.0000004321337,6.09786956653551));
#2602=CARTESIAN_POINT('',(11.5000002235174,15.0000002235174,13.8061584488505));
#2603=CARTESIAN_POINT('Origin',(15.0000002235174,15.0000002235174,18.0080326777012));
#2604=CARTESIAN_POINT('Origin',(29.0000004321337,29.0000004321337,0.));
#2605=CARTESIAN_POINT('',(29.0000004321337,29.0000004321337,0.));
#2606=CARTESIAN_POINT('Origin',(29.0000004321337,5.20000001490116,0.));
#2607=CARTESIAN_POINT('',(29.0000004321337,5.20000001490116,0.));
#2608=CARTESIAN_POINT('Origin',(5.20000001490116,24.8000004321337,0.));
#2609=CARTESIAN_POINT('',(5.20000001490116,24.8000004321337,0.));
#2610=CARTESIAN_POINT('Origin',(1.00000001490116,1.00000001490116,0.));
#2611=CARTESIAN_POINT('',(1.00000001490116,1.00000001490116,0.));
#2612=CARTESIAN_POINT('Origin',(19.0999335398631,29.0000004321337,0.));
#2613=CARTESIAN_POINT('',(19.0999335398631,29.0000004321337,0.));
#2614=CARTESIAN_POINT('',(19.0999335398631,28.0000004470348,0.));
#2615=CARTESIAN_POINT('Origin',(19.0999335398631,28.0000004470348,0.));
#2616=CARTESIAN_POINT('',(23.4500002235174,28.0000004470348,0.));
#2617=CARTESIAN_POINT('Origin',(23.4500002235174,28.0000004470348,0.));
#2618=CARTESIAN_POINT('',(23.4500002235174,25.0056361391835,0.));
#2619=CARTESIAN_POINT('Origin',(23.4500002235174,25.0056361391835,0.));
#2620=CARTESIAN_POINT('',(19.0999999141664,20.6556351235174,0.));
#2621=CARTESIAN_POINT('Origin',(19.0999999141664,20.6556351235174,0.));
#2622=CARTESIAN_POINT('',(10.9000002421278,20.6556351235174,0.));
#2623=CARTESIAN_POINT('Origin',(10.9000002421278,20.6556351235174,0.));
#2624=CARTESIAN_POINT('',(6.55000022351742,25.000000372529,0.));
#2625=CARTESIAN_POINT('Origin',(6.55000022351742,25.000000372529,0.));
#2626=CARTESIAN_POINT('',(6.55000022351742,28.0000004470348,0.));
#2627=CARTESIAN_POINT('Origin',(6.55000022351742,28.0000004470348,0.));
#2628=CARTESIAN_POINT('',(10.9000669071717,28.0000004470348,0.));
#2629=CARTESIAN_POINT('Origin',(10.9000669071717,28.0000004470348,0.));
#2630=CARTESIAN_POINT('',(10.9000669071717,29.0000004321337,0.));
#2631=CARTESIAN_POINT('Origin',(10.9000669071717,29.0000004321337,0.));
#2632=CARTESIAN_POINT('',(10.4000669071717,29.0000004321337,0.));
#2633=CARTESIAN_POINT('Origin',(10.4000669071717,29.0000004321337,0.));
#2634=CARTESIAN_POINT('',(10.4000004470348,30.0000004470348,0.));
#2635=CARTESIAN_POINT('Origin',(10.4000004470348,30.0000004470348,0.));
#2636=CARTESIAN_POINT('',(1.94332762539276E-22,30.0000004461617,0.));
#2637=CARTESIAN_POINT('Origin',(-4.57966997657877E-15,19.6,0.));
#2638=CARTESIAN_POINT('',(-4.44089209850063E-15,19.6,0.));
#2639=CARTESIAN_POINT('',(1.00000001490116,19.5999335398631,0.));
#2640=CARTESIAN_POINT('Origin',(1.00000001490116,19.5999335398631,0.));
#2641=CARTESIAN_POINT('',(1.00000001490116,19.0999335398631,0.));
#2642=CARTESIAN_POINT('Origin',(1.00000001490116,19.0999335398631,0.));
#2643=CARTESIAN_POINT('',(2.,19.0999335398631,0.));
#2644=CARTESIAN_POINT('Origin',(2.,19.0999335398631,0.));
#2645=CARTESIAN_POINT('',(2.,23.4443655002802,0.));
#2646=CARTESIAN_POINT('Origin',(2.,23.4443655002802,0.));
#2647=CARTESIAN_POINT('',(4.99436525854548,23.4443655002802,0.));
#2648=CARTESIAN_POINT('Origin',(4.99436525854548,23.4443655002802,0.));
#2649=CARTESIAN_POINT('',(9.34436532351742,19.100000204907,0.));
#2650=CARTESIAN_POINT('Origin',(9.34436532351742,19.100000204907,0.));
#2651=CARTESIAN_POINT('',(9.34436532351742,10.899999795093,0.));
#2652=CARTESIAN_POINT('Origin',(9.34436532351742,10.899999795093,0.));
#2653=CARTESIAN_POINT('',(4.99436525854548,6.55563494675468,0.));
#2654=CARTESIAN_POINT('Origin',(4.99436525854548,6.55563494675468,0.));
#2655=CARTESIAN_POINT('',(2.,6.55563494675468,0.));
#2656=CARTESIAN_POINT('Origin',(2.,6.55563494675468,0.));
#2657=CARTESIAN_POINT('',(2.,10.9000669071717,0.));
#2658=CARTESIAN_POINT('Origin',(2.,10.9000669071717,0.));
#2659=CARTESIAN_POINT('',(1.00000001490116,10.9000669071717,0.));
#2660=CARTESIAN_POINT('Origin',(1.00000001490116,10.9000669071717,0.));
#2661=CARTESIAN_POINT('',(1.00000001490116,10.4000669071717,0.));
#2662=CARTESIAN_POINT('Origin',(1.00000001490116,10.4000669071717,0.));
#2663=CARTESIAN_POINT('',(-4.44089209850063E-15,10.4000004470348,0.));
#2664=CARTESIAN_POINT('Origin',(15.0000002235174,15.0000002235174,0.));
#2665=CARTESIAN_POINT('',(11.5000002235174,15.0000002235174,0.));
#2666=CARTESIAN_POINT('Origin',(24.8000004321337,29.0000004321337,0.));
#2667=CARTESIAN_POINT('Origin',(24.8000004321337,5.20000001490116,0.));
#2668=CARTESIAN_POINT('Origin',(5.20000001490116,29.0000004321337,0.));
#2669=CARTESIAN_POINT('Origin',(5.20000001490116,1.00000001490116,0.));
#2670=CARTESIAN_POINT('Origin',(-4.44089209850063E-15,10.4000004470348,
0.));
#2671=CARTESIAN_POINT('Origin',(1.90515005865954E-22,30.0000004461617,0.));
#2672=CARTESIAN_POINT('Origin',(19.5999335398631,29.0000004321337,0.));
#2673=CARTESIAN_POINT('',(19.5999335398631,29.0000004321337,0.));
#2674=CARTESIAN_POINT('Origin',(19.6,30.0000004470348,0.));
#2675=CARTESIAN_POINT('',(19.6,30.0000004470348,0.));
#2676=CARTESIAN_POINT('Origin',(30.0000004461617,30.0000004470348,0.));
#2677=UNCERTAINTY_MEASURE_WITH_UNIT(LENGTH_MEASURE(0.01),#2681,
'DISTANCE_ACCURACY_VALUE',
'Maximum model space distance between geometric entities at asserted c
onnectivities');
#2678=UNCERTAINTY_MEASURE_WITH_UNIT(LENGTH_MEASURE(0.01),#2681,
'DISTANCE_ACCURACY_VALUE',
'Maximum model space distance between geometric entities at asserted c
onnectivities');
#2679=(
GEOMETRIC_REPRESENTATION_CONTEXT(3)
GLOBAL_UNCERTAINTY_ASSIGNED_CONTEXT((#2677))
GLOBAL_UNIT_ASSIGNED_CONTEXT((#2681,#2683,#2684))
REPRESENTATION_CONTEXT('','3D')
);
#2680=(
GEOMETRIC_REPRESENTATION_CONTEXT(3)
GLOBAL_UNCERTAINTY_ASSIGNED_CONTEXT((#2678))
GLOBAL_UNIT_ASSIGNED_CONTEXT((#2681,#2683,#2684))
REPRESENTATION_CONTEXT('','3D')
);
#2681=(
LENGTH_UNIT()
NAMED_UNIT(*)
SI_UNIT(.MILLI.,.METRE.)
);
#2682=(
LENGTH_UNIT()
NAMED_UNIT(*)
SI_UNIT($,.METRE.)
);
#2683=(
NAMED_UNIT(*)
PLANE_ANGLE_UNIT()
SI_UNIT($,.RADIAN.)
);
#2684=(
NAMED_UNIT(*)
SI_UNIT($,.STERADIAN.)
SOLID_ANGLE_UNIT()
);
#2685=SHAPE_DEFINITION_REPRESENTATION(#2686,#2687);
#2686=PRODUCT_DEFINITION_SHAPE('',$,#2689);
#2687=SHAPE_REPRESENTATION('',(#1713),#2679);
#2688=PRODUCT_DEFINITION_CONTEXT('part definition',#2693,'design');
#2689=PRODUCT_DEFINITION('KSHAPE+ROD','KSHAPE+ROD v1',#2690,#2688);
#2690=PRODUCT_DEFINITION_FORMATION('',$,#2695);
#2691=PRODUCT_RELATED_PRODUCT_CATEGORY('KSHAPE+ROD v1','KSHAPE+ROD v1',
(#2695));
#2692=APPLICATION_PROTOCOL_DEFINITION('international standard',
'automotive_design',2009,#2693);
#2693=APPLICATION_CONTEXT(
'Core Data for Automotive Mechanical Design Process');
#2694=PRODUCT_CONTEXT('part definition',#2693,'mechanical');
#2695=PRODUCT('KSHAPE+ROD','KSHAPE+ROD v1',$,(#2694));
#2696=PRESENTATION_STYLE_ASSIGNMENT((#2697));
#2697=SURFACE_STYLE_USAGE(.BOTH.,#2698);
#2698=SURFACE_SIDE_STYLE('',(#2699));
#2699=SURFACE_STYLE_FILL_AREA(#2700);
#2700=FILL_AREA_STYLE('Aluminum - Satin',(#2701));
#2701=FILL_AREA_STYLE_COLOUR('Aluminum - Satin',#2702);
#2702=COLOUR_RGB('Aluminum - Satin',0.96078431372549,0.96078431372549,0.964705882352941);
ENDSEC;
END-ISO-10303-21;
