ISO-10303-21;
HEADER;
/* Generated by software containing ST-Developer
 * from STEP Tools, Inc. (www.steptools.com) 
 */

FILE_DESCRIPTION(
/* description */ (''),
/* implementation_level */ '2;1');

FILE_NAME(
/* name */ 'Stepper Motor v1.step',
/* time_stamp */ '2025-07-18T20:18:35+05:30',
/* author */ (''),
/* organization */ (''),
/* preprocessor_version */ 'ST-DEVELOPER v20.1',
/* originating_system */ 'Autodesk Translation Framework v14.10.0.0',
/* authorisation */ '');

FILE_SCHEMA (('AUTOMOTIVE_DESIGN { 1 0 10303 214 3 1 1 }'));
ENDSEC;

DATA;
#10=MECHANICAL_DESIGN_GEOMETRIC_PRESENTATION_REPRESENTATION('',(#41,#42,
#43,#44,#45,#46,#47,#48,#49,#50,#51,#52,#53,#54,#55),#7071);
#11=ITEM_DEFINED_TRANSFORMATION($,$,#1703,#1824);
#12=(
REPRESENTATION_RELATIONSHIP($,$,#7082,#7081)
REPRESENTATION_RELATIONSHIP_WITH_TRANSFORMATION(#11)
SHAPE_REPRESENTATION_RELATIONSHIP()
);
#13=CONTEXT_DEPENDENT_SHAPE_REPRESENTATION(#12,#7080);
#14=NEXT_ASSEMBLY_USAGE_OCCURRENCE('F_M_step_motor v1:1',
'F_M_step_motor v1:1','F_M_step_motor v1:1',#7084,#7085,
'F_M_step_motor v1:1');
#15=SHAPE_REPRESENTATION_RELATIONSHIP('SRR','None',#7082,#17);
#16=SHAPE_REPRESENTATION_RELATIONSHIP('SRR','None',#7081,#18);
#17=ADVANCED_BREP_SHAPE_REPRESENTATION('',(#19),#7070);
#18=ADVANCED_BREP_SHAPE_REPRESENTATION('',(#20),#7069);
#19=MANIFOLD_SOLID_BREP('Body1',#1688);
#20=MANIFOLD_SOLID_BREP('Body1',#1689);
#21=FACE_BOUND('',#232,.T.);
#22=FACE_BOUND('',#233,.T.);
#23=FACE_BOUND('',#234,.T.);
#24=FACE_BOUND('',#235,.T.);
#25=FACE_BOUND('',#236,.T.);
#26=FACE_BOUND('',#250,.T.);
#27=FACE_BOUND('',#251,.T.);
#28=FACE_BOUND('',#252,.T.);
#29=FACE_BOUND('',#253,.T.);
#30=FACE_BOUND('',#254,.T.);
#31=FACE_BOUND('',#261,.T.);
#32=FACE_BOUND('',#264,.T.);
#33=B_SPLINE_SURFACE_WITH_KNOTS('',3,3,((#3933,#3934,#3935,#3936,#3937,
#3938,#3939,#3940,#3941,#3942,#3943,#3944,#3945,#3946,#3947,#3948,#3949,
#3950,#3951,#3952,#3953,#3954,#3955,#3956,#3957,#3958,#3959,#3960,#3961,
#3962,#3963,#3964,#3965,#3966,#3967,#3968,#3969,#3970,#3971,#3972,#3973,
#3974,#3975,#3976,#3977),(#3978,#3979,#3980,#3981,#3982,#3983,#3984,#3985,
#3986,#3987,#3988,#3989,#3990,#3991,#3992,#3993,#3994,#3995,#3996,#3997,
#3998,#3999,#4000,#4001,#4002,#4003,#4004,#4005,#4006,#4007,#4008,#4009,
#4010,#4011,#4012,#4013,#4014,#4015,#4016,#4017,#4018,#4019,#4020,#4021,
#4022),(#4023,#4024,#4025,#4026,#4027,#4028,#4029,#4030,#4031,#4032,#4033,
#4034,#4035,#4036,#4037,#4038,#4039,#4040,#4041,#4042,#4043,#4044,#4045,
#4046,#4047,#4048,#4049,#4050,#4051,#4052,#4053,#4054,#4055,#4056,#4057,
#4058,#4059,#4060,#4061,#4062,#4063,#4064,#4065,#4066,#4067),(#4068,#4069,
#4070,#4071,#4072,#4073,#4074,#4075,#4076,#4077,#4078,#4079,#4080,#4081,
#4082,#4083,#4084,#4085,#4086,#4087,#4088,#4089,#4090,#4091,#4092,#4093,
#4094,#4095,#4096,#4097,#4098,#4099,#4100,#4101,#4102,#4103,#4104,#4105,
#4106,#4107,#4108,#4109,#4110,#4111,#4112)),.UNSPECIFIED.,.F.,.F.,.F.,(4,
4),(4,1,1,1,1,1,1,1,1,1,1,1,1,1,1,1,1,1,1,1,1,1,1,1,1,1,1,1,1,1,1,1,1,1,
1,1,1,1,1,1,1,1,4),(0.,0.0511532338502008),(11.8669242345263,12.8497502099016,
13.8325761852769,14.8154021606522,15.7982281360275,16.7810541114027,17.763880086778,
18.7467060621533,19.7295320375286,20.7123580129039,21.6951839882791,22.6780099636544,
23.6608359390297,24.643661914405,25.6264878897803,26.6093138651555,27.5921398405308,
28.5749658159061,29.5577917912814,30.5406177666567,31.523443742032,32.5062697174072,
33.4890956927825,34.4719216681578,35.4547476435331,36.4375736189084,37.4203995942836,
38.4032255696589,39.3860515450342,40.3688775204095,41.3517034957848,42.33452947116,
43.3173554465353,44.3001814219106,45.2830073972859,46.2658333726612,47.2486593480364,
48.2314853234117,49.214311298787,50.1971372741623,51.1799632495376,52.1627892249128,
53.1456152002881),.UNSPECIFIED.);
#34=B_SPLINE_SURFACE_WITH_KNOTS('',3,3,((#4308,#4309,#4310,#4311,#4312,
#4313,#4314,#4315,#4316,#4317,#4318,#4319,#4320,#4321,#4322,#4323,#4324,
#4325,#4326,#4327,#4328,#4329,#4330,#4331,#4332,#4333,#4334,#4335,#4336,
#4337,#4338,#4339,#4340,#4341,#4342,#4343,#4344,#4345,#4346,#4347,#4348,
#4349,#4350,#4351,#4352),(#4353,#4354,#4355,#4356,#4357,#4358,#4359,#4360,
#4361,#4362,#4363,#4364,#4365,#4366,#4367,#4368,#4369,#4370,#4371,#4372,
#4373,#4374,#4375,#4376,#4377,#4378,#4379,#4380,#4381,#4382,#4383,#4384,
#4385,#4386,#4387,#4388,#4389,#4390,#4391,#4392,#4393,#4394,#4395,#4396,
#4397),(#4398,#4399,#4400,#4401,#4402,#4403,#4404,#4405,#4406,#4407,#4408,
#4409,#4410,#4411,#4412,#4413,#4414,#4415,#4416,#4417,#4418,#4419,#4420,
#4421,#4422,#4423,#4424,#4425,#4426,#4427,#4428,#4429,#4430,#4431,#4432,
#4433,#4434,#4435,#4436,#4437,#4438,#4439,#4440,#4441,#4442),(#4443,#4444,
#4445,#4446,#4447,#4448,#4449,#4450,#4451,#4452,#4453,#4454,#4455,#4456,
#4457,#4458,#4459,#4460,#4461,#4462,#4463,#4464,#4465,#4466,#4467,#4468,
#4469,#4470,#4471,#4472,#4473,#4474,#4475,#4476,#4477,#4478,#4479,#4480,
#4481,#4482,#4483,#4484,#4485,#4486,#4487)),.UNSPECIFIED.,.F.,.F.,.F.,(4,
4),(4,1,1,1,1,1,1,1,1,1,1,1,1,1,1,1,1,1,1,1,1,1,1,1,1,1,1,1,1,1,1,1,1,1,
1,1,1,1,1,1,1,1,4),(0.,0.0511532338502009),(14.3986268518924,15.3814528272676,
16.3642788026429,17.3471047780182,18.3299307533935,19.3127567287688,20.2955827041441,
21.2784086795193,22.2612346548946,23.2440606302699,24.2268866056452,25.2097125810205,
26.1925385563957,27.175364531771,28.1581905071463,29.1410164825216,30.1238424578969,
31.1066684332721,32.0894944086474,33.0723203840227,34.055146359398,35.0379723347733,
36.0207983101485,37.0036242855238,37.9864502608991,38.9692762362744,39.9521022116497,
40.934928187025,41.9177541624002,42.9005801377755,43.8834061131508,44.8662320885261,
45.8490580639014,46.8318840392766,47.8147100146519,48.7975359900272,49.7803619654025,
50.7631879407778,51.746013916153,52.7288398915283,53.7116658669036,54.6944918422789,
55.6773178176542),.UNSPECIFIED.);
#35=B_SPLINE_SURFACE_WITH_KNOTS('',3,3,((#4705,#4706,#4707,#4708,#4709,
#4710,#4711,#4712,#4713,#4714,#4715,#4716,#4717,#4718,#4719,#4720,#4721,
#4722,#4723,#4724,#4725,#4726,#4727,#4728,#4729,#4730,#4731,#4732,#4733,
#4734,#4735,#4736,#4737,#4738,#4739,#4740,#4741,#4742,#4743,#4744,#4745,
#4746,#4747,#4748,#4749),(#4750,#4751,#4752,#4753,#4754,#4755,#4756,#4757,
#4758,#4759,#4760,#4761,#4762,#4763,#4764,#4765,#4766,#4767,#4768,#4769,
#4770,#4771,#4772,#4773,#4774,#4775,#4776,#4777,#4778,#4779,#4780,#4781,
#4782,#4783,#4784,#4785,#4786,#4787,#4788,#4789,#4790,#4791,#4792,#4793,
#4794),(#4795,#4796,#4797,#4798,#4799,#4800,#4801,#4802,#4803,#4804,#4805,
#4806,#4807,#4808,#4809,#4810,#4811,#4812,#4813,#4814,#4815,#4816,#4817,
#4818,#4819,#4820,#4821,#4822,#4823,#4824,#4825,#4826,#4827,#4828,#4829,
#4830,#4831,#4832,#4833,#4834,#4835,#4836,#4837,#4838,#4839),(#4840,#4841,
#4842,#4843,#4844,#4845,#4846,#4847,#4848,#4849,#4850,#4851,#4852,#4853,
#4854,#4855,#4856,#4857,#4858,#4859,#4860,#4861,#4862,#4863,#4864,#4865,
#4866,#4867,#4868,#4869,#4870,#4871,#4872,#4873,#4874,#4875,#4876,#4877,
#4878,#4879,#4880,#4881,#4882,#4883,#4884)),.UNSPECIFIED.,.F.,.F.,.F.,(4,
4),(4,1,1,1,1,1,1,1,1,1,1,1,1,1,1,1,1,1,1,1,1,1,1,1,1,1,1,1,1,1,1,1,1,1,
1,1,1,1,1,1,1,1,4),(0.,0.0511532338502007),(11.8669242345263,12.8497502099016,
13.8325761852769,14.8154021606522,15.7982281360275,16.7810541114027,17.763880086778,
18.7467060621533,19.7295320375286,20.7123580129039,21.6951839882791,22.6780099636544,
23.6608359390297,24.643661914405,25.6264878897803,26.6093138651555,27.5921398405308,
28.5749658159061,29.5577917912814,30.5406177666567,31.523443742032,32.5062697174072,
33.4890956927825,34.4719216681578,35.4547476435331,36.4375736189084,37.4203995942836,
38.4032255696589,39.3860515450342,40.3688775204095,41.3517034957848,42.33452947116,
43.3173554465353,44.3001814219106,45.2830073972859,46.2658333726612,47.2486593480364,
48.2314853234117,49.214311298787,50.1971372741623,51.1799632495376,52.1627892249128,
53.1456152002881),.UNSPECIFIED.);
#36=B_SPLINE_SURFACE_WITH_KNOTS('',3,3,((#5080,#5081,#5082,#5083,#5084,
#5085,#5086,#5087,#5088,#5089,#5090,#5091,#5092,#5093,#5094,#5095,#5096,
#5097,#5098,#5099,#5100,#5101,#5102,#5103,#5104,#5105,#5106,#5107,#5108,
#5109,#5110,#5111,#5112,#5113,#5114,#5115,#5116,#5117,#5118,#5119,#5120,
#5121,#5122,#5123,#5124),(#5125,#5126,#5127,#5128,#5129,#5130,#5131,#5132,
#5133,#5134,#5135,#5136,#5137,#5138,#5139,#5140,#5141,#5142,#5143,#5144,
#5145,#5146,#5147,#5148,#5149,#5150,#5151,#5152,#5153,#5154,#5155,#5156,
#5157,#5158,#5159,#5160,#5161,#5162,#5163,#5164,#5165,#5166,#5167,#5168,
#5169),(#5170,#5171,#5172,#5173,#5174,#5175,#5176,#5177,#5178,#5179,#5180,
#5181,#5182,#5183,#5184,#5185,#5186,#5187,#5188,#5189,#5190,#5191,#5192,
#5193,#5194,#5195,#5196,#5197,#5198,#5199,#5200,#5201,#5202,#5203,#5204,
#5205,#5206,#5207,#5208,#5209,#5210,#5211,#5212,#5213,#5214),(#5215,#5216,
#5217,#5218,#5219,#5220,#5221,#5222,#5223,#5224,#5225,#5226,#5227,#5228,
#5229,#5230,#5231,#5232,#5233,#5234,#5235,#5236,#5237,#5238,#5239,#5240,
#5241,#5242,#5243,#5244,#5245,#5246,#5247,#5248,#5249,#5250,#5251,#5252,
#5253,#5254,#5255,#5256,#5257,#5258,#5259)),.UNSPECIFIED.,.F.,.F.,.F.,(4,
4),(4,1,1,1,1,1,1,1,1,1,1,1,1,1,1,1,1,1,1,1,1,1,1,1,1,1,1,1,1,1,1,1,1,1,
1,1,1,1,1,1,1,1,4),(0.,0.0511532338502007),(14.3986268518924,15.3814528272677,
16.3642788026429,17.3471047780182,18.3299307533935,19.3127567287688,20.2955827041441,
21.2784086795193,22.2612346548946,23.2440606302699,24.2268866056452,25.2097125810205,
26.1925385563957,27.175364531771,28.1581905071463,29.1410164825216,30.1238424578969,
31.1066684332721,32.0894944086474,33.0723203840227,34.055146359398,35.0379723347733,
36.0207983101485,37.0036242855238,37.9864502608991,38.9692762362744,39.9521022116497,
40.934928187025,41.9177541624002,42.9005801377755,43.8834061131508,44.8662320885261,
45.8490580639014,46.8318840392766,47.8147100146519,48.7975359900272,49.7803619654025,
50.7631879407778,51.746013916153,52.7288398915283,53.7116658669036,54.6944918422789,
55.6773178176542),.UNSPECIFIED.);
#37=B_SPLINE_SURFACE_WITH_KNOTS('',3,3,((#5477,#5478,#5479,#5480,#5481,
#5482,#5483,#5484,#5485,#5486,#5487,#5488,#5489,#5490,#5491,#5492,#5493,
#5494,#5495,#5496,#5497,#5498,#5499,#5500,#5501,#5502,#5503,#5504,#5505,
#5506,#5507,#5508,#5509,#5510,#5511,#5512,#5513,#5514,#5515,#5516,#5517,
#5518,#5519,#5520,#5521),(#5522,#5523,#5524,#5525,#5526,#5527,#5528,#5529,
#5530,#5531,#5532,#5533,#5534,#5535,#5536,#5537,#5538,#5539,#5540,#5541,
#5542,#5543,#5544,#5545,#5546,#5547,#5548,#5549,#5550,#5551,#5552,#5553,
#5554,#5555,#5556,#5557,#5558,#5559,#5560,#5561,#5562,#5563,#5564,#5565,
#5566),(#5567,#5568,#5569,#5570,#5571,#5572,#5573,#5574,#5575,#5576,#5577,
#5578,#5579,#5580,#5581,#5582,#5583,#5584,#5585,#5586,#5587,#5588,#5589,
#5590,#5591,#5592,#5593,#5594,#5595,#5596,#5597,#5598,#5599,#5600,#5601,
#5602,#5603,#5604,#5605,#5606,#5607,#5608,#5609,#5610,#5611),(#5612,#5613,
#5614,#5615,#5616,#5617,#5618,#5619,#5620,#5621,#5622,#5623,#5624,#5625,
#5626,#5627,#5628,#5629,#5630,#5631,#5632,#5633,#5634,#5635,#5636,#5637,
#5638,#5639,#5640,#5641,#5642,#5643,#5644,#5645,#5646,#5647,#5648,#5649,
#5650,#5651,#5652,#5653,#5654,#5655,#5656)),.UNSPECIFIED.,.F.,.F.,.F.,(4,
4),(4,1,1,1,1,1,1,1,1,1,1,1,1,1,1,1,1,1,1,1,1,1,1,1,1,1,1,1,1,1,1,1,1,1,
1,1,1,1,1,1,1,1,4),(0.,0.0511532338502008),(11.8669242345263,12.8497502099016,
13.8325761852769,14.8154021606522,15.7982281360275,16.7810541114027,17.763880086778,
18.7467060621533,19.7295320375286,20.7123580129039,21.6951839882791,22.6780099636544,
23.6608359390297,24.643661914405,25.6264878897803,26.6093138651555,27.5921398405308,
28.5749658159061,29.5577917912814,30.5406177666567,31.523443742032,32.5062697174072,
33.4890956927825,34.4719216681578,35.4547476435331,36.4375736189084,37.4203995942836,
38.4032255696589,39.3860515450342,40.3688775204095,41.3517034957848,42.33452947116,
43.3173554465353,44.3001814219106,45.2830073972859,46.2658333726612,47.2486593480364,
48.2314853234117,49.214311298787,50.1971372741623,51.1799632495376,52.1627892249129,
53.1456152002881),.UNSPECIFIED.);
#38=B_SPLINE_SURFACE_WITH_KNOTS('',3,3,((#5852,#5853,#5854,#5855,#5856,
#5857,#5858,#5859,#5860,#5861,#5862,#5863,#5864,#5865,#5866,#5867,#5868,
#5869,#5870,#5871,#5872,#5873,#5874,#5875,#5876,#5877,#5878,#5879,#5880,
#5881,#5882,#5883,#5884,#5885,#5886,#5887,#5888,#5889,#5890,#5891,#5892,
#5893,#5894,#5895,#5896),(#5897,#5898,#5899,#5900,#5901,#5902,#5903,#5904,
#5905,#5906,#5907,#5908,#5909,#5910,#5911,#5912,#5913,#5914,#5915,#5916,
#5917,#5918,#5919,#5920,#5921,#5922,#5923,#5924,#5925,#5926,#5927,#5928,
#5929,#5930,#5931,#5932,#5933,#5934,#5935,#5936,#5937,#5938,#5939,#5940,
#5941),(#5942,#5943,#5944,#5945,#5946,#5947,#5948,#5949,#5950,#5951,#5952,
#5953,#5954,#5955,#5956,#5957,#5958,#5959,#5960,#5961,#5962,#5963,#5964,
#5965,#5966,#5967,#5968,#5969,#5970,#5971,#5972,#5973,#5974,#5975,#5976,
#5977,#5978,#5979,#5980,#5981,#5982,#5983,#5984,#5985,#5986),(#5987,#5988,
#5989,#5990,#5991,#5992,#5993,#5994,#5995,#5996,#5997,#5998,#5999,#6000,
#6001,#6002,#6003,#6004,#6005,#6006,#6007,#6008,#6009,#6010,#6011,#6012,
#6013,#6014,#6015,#6016,#6017,#6018,#6019,#6020,#6021,#6022,#6023,#6024,
#6025,#6026,#6027,#6028,#6029,#6030,#6031)),.UNSPECIFIED.,.F.,.F.,.F.,(4,
4),(4,1,1,1,1,1,1,1,1,1,1,1,1,1,1,1,1,1,1,1,1,1,1,1,1,1,1,1,1,1,1,1,1,1,
1,1,1,1,1,1,1,1,4),(0.,0.0511532338502009),(14.3986268518924,15.3814528272676,
16.3642788026429,17.3471047780182,18.3299307533935,19.3127567287688,20.2955827041441,
21.2784086795193,22.2612346548946,23.2440606302699,24.2268866056452,25.2097125810205,
26.1925385563957,27.175364531771,28.1581905071463,29.1410164825216,30.1238424578969,
31.1066684332721,32.0894944086474,33.0723203840227,34.055146359398,35.0379723347733,
36.0207983101485,37.0036242855238,37.9864502608991,38.9692762362744,39.9521022116497,
40.934928187025,41.9177541624002,42.9005801377755,43.8834061131508,44.8662320885261,
45.8490580639014,46.8318840392766,47.8147100146519,48.7975359900272,49.7803619654025,
50.7631879407778,51.746013916153,52.7288398915283,53.7116658669036,54.6944918422789,
55.6773178176542),.UNSPECIFIED.);
#39=B_SPLINE_SURFACE_WITH_KNOTS('',3,3,((#6433,#6434,#6435,#6436,#6437,
#6438,#6439,#6440,#6441,#6442,#6443,#6444,#6445,#6446,#6447,#6448,#6449,
#6450,#6451,#6452,#6453,#6454,#6455,#6456,#6457,#6458,#6459,#6460,#6461,
#6462,#6463,#6464,#6465,#6466,#6467,#6468,#6469,#6470,#6471,#6472,#6473,
#6474,#6475,#6476,#6477),(#6478,#6479,#6480,#6481,#6482,#6483,#6484,#6485,
#6486,#6487,#6488,#6489,#6490,#6491,#6492,#6493,#6494,#6495,#6496,#6497,
#6498,#6499,#6500,#6501,#6502,#6503,#6504,#6505,#6506,#6507,#6508,#6509,
#6510,#6511,#6512,#6513,#6514,#6515,#6516,#6517,#6518,#6519,#6520,#6521,
#6522),(#6523,#6524,#6525,#6526,#6527,#6528,#6529,#6530,#6531,#6532,#6533,
#6534,#6535,#6536,#6537,#6538,#6539,#6540,#6541,#6542,#6543,#6544,#6545,
#6546,#6547,#6548,#6549,#6550,#6551,#6552,#6553,#6554,#6555,#6556,#6557,
#6558,#6559,#6560,#6561,#6562,#6563,#6564,#6565,#6566,#6567),(#6568,#6569,
#6570,#6571,#6572,#6573,#6574,#6575,#6576,#6577,#6578,#6579,#6580,#6581,
#6582,#6583,#6584,#6585,#6586,#6587,#6588,#6589,#6590,#6591,#6592,#6593,
#6594,#6595,#6596,#6597,#6598,#6599,#6600,#6601,#6602,#6603,#6604,#6605,
#6606,#6607,#6608,#6609,#6610,#6611,#6612)),.UNSPECIFIED.,.F.,.F.,.F.,(4,
4),(4,1,1,1,1,1,1,1,1,1,1,1,1,1,1,1,1,1,1,1,1,1,1,1,1,1,1,1,1,1,1,1,1,1,
1,1,1,1,1,1,1,1,4),(0.,0.0511532338502007),(11.8669242345263,12.8497502099016,
13.8325761852769,14.8154021606522,15.7982281360275,16.7810541114027,17.763880086778,
18.7467060621533,19.7295320375286,20.7123580129039,21.6951839882791,22.6780099636544,
23.6608359390297,24.643661914405,25.6264878897803,26.6093138651555,27.5921398405308,
28.5749658159061,29.5577917912814,30.5406177666567,31.523443742032,32.5062697174072,
33.4890956927825,34.4719216681578,35.4547476435331,36.4375736189084,37.4203995942836,
38.4032255696589,39.3860515450342,40.3688775204095,41.3517034957848,42.33452947116,
43.3173554465353,44.3001814219106,45.2830073972859,46.2658333726612,47.2486593480364,
48.2314853234117,49.214311298787,50.1971372741623,51.1799632495376,52.1627892249128,
53.1456152002881),.UNSPECIFIED.);
#40=B_SPLINE_SURFACE_WITH_KNOTS('',3,3,((#6723,#6724,#6725,#6726,#6727,
#6728,#6729,#6730,#6731,#6732,#6733,#6734,#6735,#6736,#6737,#6738,#6739,
#6740,#6741,#6742,#6743,#6744,#6745,#6746,#6747,#6748,#6749,#6750,#6751,
#6752,#6753,#6754,#6755,#6756,#6757,#6758,#6759,#6760,#6761,#6762,#6763,
#6764,#6765,#6766,#6767),(#6768,#6769,#6770,#6771,#6772,#6773,#6774,#6775,
#6776,#6777,#6778,#6779,#6780,#6781,#6782,#6783,#6784,#6785,#6786,#6787,
#6788,#6789,#6790,#6791,#6792,#6793,#6794,#6795,#6796,#6797,#6798,#6799,
#6800,#6801,#6802,#6803,#6804,#6805,#6806,#6807,#6808,#6809,#6810,#6811,
#6812),(#6813,#6814,#6815,#6816,#6817,#6818,#6819,#6820,#6821,#6822,#6823,
#6824,#6825,#6826,#6827,#6828,#6829,#6830,#6831,#6832,#6833,#6834,#6835,
#6836,#6837,#6838,#6839,#6840,#6841,#6842,#6843,#6844,#6845,#6846,#6847,
#6848,#6849,#6850,#6851,#6852,#6853,#6854,#6855,#6856,#6857),(#6858,#6859,
#6860,#6861,#6862,#6863,#6864,#6865,#6866,#6867,#6868,#6869,#6870,#6871,
#6872,#6873,#6874,#6875,#6876,#6877,#6878,#6879,#6880,#6881,#6882,#6883,
#6884,#6885,#6886,#6887,#6888,#6889,#6890,#6891,#6892,#6893,#6894,#6895,
#6896,#6897,#6898,#6899,#6900,#6901,#6902)),.UNSPECIFIED.,.F.,.F.,.F.,(4,
4),(4,1,1,1,1,1,1,1,1,1,1,1,1,1,1,1,1,1,1,1,1,1,1,1,1,1,1,1,1,1,1,1,1,1,
1,1,1,1,1,1,1,1,4),(0.,0.0511532338502007),(14.3986268518924,15.3814528272677,
16.3642788026429,17.3471047780182,18.3299307533935,19.3127567287688,20.2955827041441,
21.2784086795193,22.2612346548946,23.2440606302699,24.2268866056452,25.2097125810205,
26.1925385563957,27.175364531771,28.1581905071463,29.1410164825216,30.1238424578969,
31.1066684332722,32.0894944086474,33.0723203840227,34.055146359398,35.0379723347733,
36.0207983101486,37.0036242855238,37.9864502608991,38.9692762362744,39.9521022116497,
40.934928187025,41.9177541624002,42.9005801377755,43.8834061131508,44.8662320885261,
45.8490580639014,46.8318840392767,47.8147100146519,48.7975359900272,49.7803619654025,
50.7631879407778,51.7460139161531,52.7288398915283,53.7116658669036,54.6944918422789,
55.6773178176542),.UNSPECIFIED.);
#41=STYLED_ITEM('',(#7097),#1652);
#42=STYLED_ITEM('',(#7097),#1653);
#43=STYLED_ITEM('',(#7098),#1669);
#44=STYLED_ITEM('',(#7098),#1670);
#45=STYLED_ITEM('',(#7098),#1671);
#46=STYLED_ITEM('',(#7098),#1672);
#47=STYLED_ITEM('',(#7097),#1673);
#48=STYLED_ITEM('',(#7097),#1674);
#49=STYLED_ITEM('',(#7097),#1675);
#50=STYLED_ITEM('',(#7098),#1676);
#51=STYLED_ITEM('',(#7098),#1681);
#52=STYLED_ITEM('',(#7098),#1682);
#53=STYLED_ITEM('',(#7097),#1684);
#54=STYLED_ITEM('',(#7096),#19);
#55=STYLED_ITEM('',(#7095),#20);
#56=PLANE('',#1776);
#57=PLANE('',#1777);
#58=PLANE('',#1778);
#59=PLANE('',#1779);
#60=PLANE('',#1780);
#61=PLANE('',#1781);
#62=PLANE('',#1785);
#63=PLANE('',#1794);
#64=PLANE('',#1803);
#65=PLANE('',#1804);
#66=PLANE('',#1805);
#67=PLANE('',#1806);
#68=PLANE('',#1815);
#69=PLANE('',#1818);
#70=PLANE('',#1822);
#71=PLANE('',#1823);
#72=FACE_OUTER_BOUND('',#164,.T.);
#73=FACE_OUTER_BOUND('',#165,.T.);
#74=FACE_OUTER_BOUND('',#166,.T.);
#75=FACE_OUTER_BOUND('',#167,.T.);
#76=FACE_OUTER_BOUND('',#168,.T.);
#77=FACE_OUTER_BOUND('',#169,.T.);
#78=FACE_OUTER_BOUND('',#170,.T.);
#79=FACE_OUTER_BOUND('',#171,.T.);
#80=FACE_OUTER_BOUND('',#172,.T.);
#81=FACE_OUTER_BOUND('',#173,.T.);
#82=FACE_OUTER_BOUND('',#174,.T.);
#83=FACE_OUTER_BOUND('',#175,.T.);
#84=FACE_OUTER_BOUND('',#176,.T.);
#85=FACE_OUTER_BOUND('',#177,.T.);
#86=FACE_OUTER_BOUND('',#178,.T.);
#87=FACE_OUTER_BOUND('',#179,.T.);
#88=FACE_OUTER_BOUND('',#180,.T.);
#89=FACE_OUTER_BOUND('',#181,.T.);
#90=FACE_OUTER_BOUND('',#182,.T.);
#91=FACE_OUTER_BOUND('',#183,.T.);
#92=FACE_OUTER_BOUND('',#184,.T.);
#93=FACE_OUTER_BOUND('',#185,.T.);
#94=FACE_OUTER_BOUND('',#186,.T.);
#95=FACE_OUTER_BOUND('',#187,.T.);
#96=FACE_OUTER_BOUND('',#188,.T.);
#97=FACE_OUTER_BOUND('',#189,.T.);
#98=FACE_OUTER_BOUND('',#190,.T.);
#99=FACE_OUTER_BOUND('',#191,.T.);
#100=FACE_OUTER_BOUND('',#192,.T.);
#101=FACE_OUTER_BOUND('',#193,.T.);
#102=FACE_OUTER_BOUND('',#194,.T.);
#103=FACE_OUTER_BOUND('',#195,.T.);
#104=FACE_OUTER_BOUND('',#196,.T.);
#105=FACE_OUTER_BOUND('',#197,.T.);
#106=FACE_OUTER_BOUND('',#198,.T.);
#107=FACE_OUTER_BOUND('',#199,.T.);
#108=FACE_OUTER_BOUND('',#200,.T.);
#109=FACE_OUTER_BOUND('',#201,.T.);
#110=FACE_OUTER_BOUND('',#202,.T.);
#111=FACE_OUTER_BOUND('',#203,.T.);
#112=FACE_OUTER_BOUND('',#204,.T.);
#113=FACE_OUTER_BOUND('',#205,.T.);
#114=FACE_OUTER_BOUND('',#206,.T.);
#115=FACE_OUTER_BOUND('',#207,.T.);
#116=FACE_OUTER_BOUND('',#208,.T.);
#117=FACE_OUTER_BOUND('',#209,.T.);
#118=FACE_OUTER_BOUND('',#210,.T.);
#119=FACE_OUTER_BOUND('',#211,.T.);
#120=FACE_OUTER_BOUND('',#212,.T.);
#121=FACE_OUTER_BOUND('',#213,.T.);
#122=FACE_OUTER_BOUND('',#214,.T.);
#123=FACE_OUTER_BOUND('',#215,.T.);
#124=FACE_OUTER_BOUND('',#216,.T.);
#125=FACE_OUTER_BOUND('',#217,.T.);
#126=FACE_OUTER_BOUND('',#218,.T.);
#127=FACE_OUTER_BOUND('',#219,.T.);
#128=FACE_OUTER_BOUND('',#220,.T.);
#129=FACE_OUTER_BOUND('',#221,.T.);
#130=FACE_OUTER_BOUND('',#222,.T.);
#131=FACE_OUTER_BOUND('',#223,.T.);
#132=FACE_OUTER_BOUND('',#224,.T.);
#133=FACE_OUTER_BOUND('',#225,.T.);
#134=FACE_OUTER_BOUND('',#226,.T.);
#135=FACE_OUTER_BOUND('',#227,.T.);
#136=FACE_OUTER_BOUND('',#228,.T.);
#137=FACE_OUTER_BOUND('',#229,.T.);
#138=FACE_OUTER_BOUND('',#230,.T.);
#139=FACE_OUTER_BOUND('',#231,.T.);
#140=FACE_OUTER_BOUND('',#237,.T.);
#141=FACE_OUTER_BOUND('',#238,.T.);
#142=FACE_OUTER_BOUND('',#239,.T.);
#143=FACE_OUTER_BOUND('',#240,.T.);
#144=FACE_OUTER_BOUND('',#241,.T.);
#145=FACE_OUTER_BOUND('',#242,.T.);
#146=FACE_OUTER_BOUND('',#243,.T.);
#147=FACE_OUTER_BOUND('',#244,.T.);
#148=FACE_OUTER_BOUND('',#245,.T.);
#149=FACE_OUTER_BOUND('',#246,.T.);
#150=FACE_OUTER_BOUND('',#247,.T.);
#151=FACE_OUTER_BOUND('',#248,.T.);
#152=FACE_OUTER_BOUND('',#249,.T.);
#153=FACE_OUTER_BOUND('',#255,.T.);
#154=FACE_OUTER_BOUND('',#256,.T.);
#155=FACE_OUTER_BOUND('',#257,.T.);
#156=FACE_OUTER_BOUND('',#258,.T.);
#157=FACE_OUTER_BOUND('',#259,.T.);
#158=FACE_OUTER_BOUND('',#260,.T.);
#159=FACE_OUTER_BOUND('',#262,.T.);
#160=FACE_OUTER_BOUND('',#263,.T.);
#161=FACE_OUTER_BOUND('',#265,.T.);
#162=FACE_OUTER_BOUND('',#266,.T.);
#163=FACE_OUTER_BOUND('',#267,.T.);
#164=EDGE_LOOP('',(#1024,#1025,#1026,#1027));
#165=EDGE_LOOP('',(#1028,#1029,#1030,#1031));
#166=EDGE_LOOP('',(#1032,#1033,#1034,#1035));
#167=EDGE_LOOP('',(#1036,#1037,#1038,#1039));
#168=EDGE_LOOP('',(#1040,#1041,#1042,#1043));
#169=EDGE_LOOP('',(#1044,#1045,#1046,#1047));
#170=EDGE_LOOP('',(#1048,#1049,#1050,#1051));
#171=EDGE_LOOP('',(#1052,#1053,#1054,#1055));
#172=EDGE_LOOP('',(#1056,#1057,#1058,#1059));
#173=EDGE_LOOP('',(#1060,#1061,#1062,#1063));
#174=EDGE_LOOP('',(#1064,#1065,#1066,#1067));
#175=EDGE_LOOP('',(#1068,#1069,#1070,#1071));
#176=EDGE_LOOP('',(#1072,#1073,#1074,#1075));
#177=EDGE_LOOP('',(#1076,#1077,#1078,#1079));
#178=EDGE_LOOP('',(#1080,#1081,#1082,#1083));
#179=EDGE_LOOP('',(#1084,#1085,#1086,#1087));
#180=EDGE_LOOP('',(#1088,#1089,#1090,#1091));
#181=EDGE_LOOP('',(#1092,#1093,#1094,#1095));
#182=EDGE_LOOP('',(#1096,#1097,#1098,#1099));
#183=EDGE_LOOP('',(#1100,#1101,#1102,#1103));
#184=EDGE_LOOP('',(#1104,#1105,#1106,#1107));
#185=EDGE_LOOP('',(#1108,#1109,#1110,#1111));
#186=EDGE_LOOP('',(#1112,#1113,#1114,#1115));
#187=EDGE_LOOP('',(#1116,#1117,#1118,#1119));
#188=EDGE_LOOP('',(#1120,#1121,#1122));
#189=EDGE_LOOP('',(#1123,#1124,#1125,#1126,#1127));
#190=EDGE_LOOP('',(#1128,#1129,#1130,#1131));
#191=EDGE_LOOP('',(#1132,#1133,#1134,#1135));
#192=EDGE_LOOP('',(#1136,#1137,#1138,#1139));
#193=EDGE_LOOP('',(#1140,#1141,#1142,#1143));
#194=EDGE_LOOP('',(#1144,#1145,#1146,#1147));
#195=EDGE_LOOP('',(#1148,#1149,#1150));
#196=EDGE_LOOP('',(#1151,#1152,#1153,#1154,#1155));
#197=EDGE_LOOP('',(#1156,#1157,#1158,#1159));
#198=EDGE_LOOP('',(#1160,#1161,#1162,#1163));
#199=EDGE_LOOP('',(#1164,#1165,#1166,#1167));
#200=EDGE_LOOP('',(#1168,#1169,#1170,#1171));
#201=EDGE_LOOP('',(#1172,#1173,#1174,#1175));
#202=EDGE_LOOP('',(#1176,#1177,#1178));
#203=EDGE_LOOP('',(#1179,#1180,#1181,#1182,#1183));
#204=EDGE_LOOP('',(#1184,#1185,#1186,#1187));
#205=EDGE_LOOP('',(#1188,#1189,#1190,#1191));
#206=EDGE_LOOP('',(#1192,#1193,#1194,#1195));
#207=EDGE_LOOP('',(#1196,#1197,#1198,#1199));
#208=EDGE_LOOP('',(#1200,#1201,#1202,#1203));
#209=EDGE_LOOP('',(#1204,#1205,#1206));
#210=EDGE_LOOP('',(#1207,#1208,#1209,#1210,#1211));
#211=EDGE_LOOP('',(#1212,#1213,#1214,#1215));
#212=EDGE_LOOP('',(#1216,#1217,#1218,#1219));
#213=EDGE_LOOP('',(#1220,#1221,#1222,#1223));
#214=EDGE_LOOP('',(#1224,#1225,#1226,#1227));
#215=EDGE_LOOP('',(#1228,#1229,#1230,#1231));
#216=EDGE_LOOP('',(#1232,#1233,#1234,#1235));
#217=EDGE_LOOP('',(#1236,#1237,#1238,#1239));
#218=EDGE_LOOP('',(#1240,#1241,#1242,#1243));
#219=EDGE_LOOP('',(#1244,#1245,#1246,#1247));
#220=EDGE_LOOP('',(#1248,#1249,#1250,#1251));
#221=EDGE_LOOP('',(#1252,#1253,#1254,#1255));
#222=EDGE_LOOP('',(#1256,#1257,#1258,#1259));
#223=EDGE_LOOP('',(#1260,#1261,#1262,#1263,#1264,#1265,#1266,#1267,#1268,
#1269,#1270,#1271,#1272,#1273,#1274,#1275));
#224=EDGE_LOOP('',(#1276,#1277,#1278,#1279,#1280,#1281,#1282,#1283,#1284,
#1285,#1286,#1287,#1288,#1289,#1290,#1291,#1292));
#225=EDGE_LOOP('',(#1293,#1294,#1295,#1296));
#226=EDGE_LOOP('',(#1297,#1298,#1299,#1300,#1301,#1302,#1303,#1304,#1305,
#1306,#1307,#1308,#1309,#1310,#1311,#1312));
#227=EDGE_LOOP('',(#1313,#1314,#1315,#1316,#1317,#1318,#1319,#1320,#1321,
#1322,#1323,#1324,#1325,#1326,#1327,#1328,#1329));
#228=EDGE_LOOP('',(#1330,#1331,#1332,#1333));
#229=EDGE_LOOP('',(#1334,#1335,#1336,#1337,#1338,#1339,#1340,#1341,#1342,
#1343,#1344,#1345,#1346,#1347,#1348,#1349));
#230=EDGE_LOOP('',(#1350,#1351,#1352,#1353,#1354,#1355,#1356,#1357,#1358,
#1359,#1360,#1361,#1362,#1363,#1364,#1365,#1366));
#231=EDGE_LOOP('',(#1367,#1368,#1369,#1370));
#232=EDGE_LOOP('',(#1371,#1372,#1373,#1374,#1375));
#233=EDGE_LOOP('',(#1376,#1377,#1378,#1379,#1380));
#234=EDGE_LOOP('',(#1381,#1382,#1383,#1384,#1385));
#235=EDGE_LOOP('',(#1386,#1387,#1388,#1389,#1390,#1391,#1392,#1393));
#236=EDGE_LOOP('',(#1394,#1395,#1396,#1397,#1398));
#237=EDGE_LOOP('',(#1399,#1400,#1401,#1402));
#238=EDGE_LOOP('',(#1403,#1404,#1405,#1406,#1407,#1408,#1409,#1410,#1411,
#1412,#1413,#1414,#1415,#1416,#1417,#1418));
#239=EDGE_LOOP('',(#1419,#1420,#1421,#1422,#1423,#1424,#1425,#1426,#1427,
#1428,#1429,#1430,#1431,#1432,#1433,#1434,#1435));
#240=EDGE_LOOP('',(#1436,#1437,#1438,#1439));
#241=EDGE_LOOP('',(#1440));
#242=EDGE_LOOP('',(#1441,#1442,#1443,#1444));
#243=EDGE_LOOP('',(#1445,#1446,#1447,#1448));
#244=EDGE_LOOP('',(#1449,#1450,#1451,#1452));
#245=EDGE_LOOP('',(#1453,#1454,#1455,#1456));
#246=EDGE_LOOP('',(#1457,#1458,#1459,#1460));
#247=EDGE_LOOP('',(#1461,#1462,#1463,#1464));
#248=EDGE_LOOP('',(#1465,#1466,#1467,#1468,#1469,#1470,#1471,#1472));
#249=EDGE_LOOP('',(#1473,#1474,#1475,#1476));
#250=EDGE_LOOP('',(#1477,#1478,#1479,#1480));
#251=EDGE_LOOP('',(#1481,#1482,#1483,#1484));
#252=EDGE_LOOP('',(#1485,#1486,#1487,#1488));
#253=EDGE_LOOP('',(#1489,#1490,#1491,#1492));
#254=EDGE_LOOP('',(#1493));
#255=EDGE_LOOP('',(#1494,#1495,#1496,#1497));
#256=EDGE_LOOP('',(#1498,#1499,#1500,#1501));
#257=EDGE_LOOP('',(#1502,#1503,#1504,#1505));
#258=EDGE_LOOP('',(#1506,#1507,#1508,#1509));
#259=EDGE_LOOP('',(#1510,#1511,#1512,#1513));
#260=EDGE_LOOP('',(#1514));
#261=EDGE_LOOP('',(#1515));
#262=EDGE_LOOP('',(#1516,#1517,#1518,#1519));
#263=EDGE_LOOP('',(#1520));
#264=EDGE_LOOP('',(#1521));
#265=EDGE_LOOP('',(#1522,#1523,#1524,#1525));
#266=EDGE_LOOP('',(#1526));
#267=EDGE_LOOP('',(#1527));
#268=CIRCLE('',#1705,2.117);
#269=CIRCLE('',#1711,2.117);
#270=CIRCLE('',#1713,2.117);
#271=CIRCLE('',#1719,2.117);
#272=CIRCLE('',#1721,2.117);
#273=CIRCLE('',#1727,2.117);
#274=CIRCLE('',#1729,2.117);
#275=CIRCLE('',#1735,2.117);
#276=CIRCLE('',#1737,2.55999999999999);
#277=CIRCLE('',#1739,2.55999999999999);
#278=CIRCLE('',#1745,2.55999999999999);
#279=CIRCLE('',#1747,2.56);
#280=CIRCLE('',#1749,2.56);
#281=CIRCLE('',#1755,2.56);
#282=CIRCLE('',#1757,2.56000000000001);
#283=CIRCLE('',#1759,2.56000000000001);
#284=CIRCLE('',#1765,2.56000000000001);
#285=CIRCLE('',#1767,2.56);
#286=CIRCLE('',#1769,2.56);
#287=CIRCLE('',#1775,2.56);
#288=CIRCLE('',#1786,12.5);
#289=CIRCLE('',#1787,12.5);
#290=CIRCLE('',#1788,12.5);
#291=CIRCLE('',#1789,12.5);
#292=CIRCLE('',#1792,2.);
#293=CIRCLE('',#1793,2.);
#294=CIRCLE('',#1796,12.5);
#295=CIRCLE('',#1798,12.5);
#296=CIRCLE('',#1800,12.5);
#297=CIRCLE('',#1802,12.5);
#298=CIRCLE('',#1807,19.05);
#299=CIRCLE('',#1813,5.);
#300=CIRCLE('',#1814,5.);
#301=CIRCLE('',#1817,19.05);
#302=CIRCLE('',#1820,2.);
#303=CIRCLE('',#1821,2.);
#304=B_SPLINE_CURVE_WITH_KNOTS('',3,(#2162,#2163,#2164,#2165,#2166,#2167,
#2168,#2169,#2170,#2171,#2172,#2173,#2174),.UNSPECIFIED.,.F.,.F.,(4,3,3,
3,4),(-3.84103903342261,-2.94847792612584,-1.96565195075056,-0.982825975375279,
0.),.UNSPECIFIED.);
#305=B_SPLINE_CURVE_WITH_KNOTS('',3,(#2177,#2178,#2179,#2180,#2181,#2182,
#2183,#2184,#2185,#2186,#2187,#2188,#2189,#2190,#2191,#2192,#2193,#2194,
#2195),.UNSPECIFIED.,.F.,.F.,(4,3,3,3,3,3,4),(2.00878279588938,2.94847792612584,
3.93130390150113,4.91412987687641,5.89695585225169,6.87978182762697,7.59252172323616),
 .UNSPECIFIED.);
#306=B_SPLINE_CURVE_WITH_KNOTS('',3,(#2200,#2201,#2202,#2203,#2204,#2205,
#2206,#2207,#2208,#2209,#2210,#2211,#2212,#2213,#2214,#2215,#2216,#2217,
#2218,#2219,#2220,#2221,#2222,#2223,#2224),.UNSPECIFIED.,.F.,.F.,(4,3,3,
3,3,3,3,3,4),(-10.1242243406022,-9.82825975375281,-8.84543377837753,-7.86260780300224,
-6.87978182762696,-5.89695585225168,-4.9141298768764,-3.93130390150112,
-3.84103903342261),.UNSPECIFIED.);
#307=B_SPLINE_CURVE_WITH_KNOTS('',3,(#2225,#2226,#2227,#2228,#2229,#2230,
#2231,#2232,#2233,#2234,#2235,#2236,#2237,#2238,#2239,#2240,#2241,#2242,
#2243,#2244,#2245,#2246,#2247,#2248,#2249),.UNSPECIFIED.,.F.,.F.,(4,3,3,
3,3,3,3,3,4),(7.59252172323616,7.86260780300225,8.84543377837753,9.82825975375281,
10.8110857291281,11.7939117045034,12.7767376798787,13.7595636552539,13.8757070304157),
 .UNSPECIFIED.);
#308=B_SPLINE_CURVE_WITH_KNOTS('',3,(#2254,#2255,#2256,#2257,#2258,#2259,
#2260,#2261,#2262,#2263,#2264,#2265,#2266,#2267,#2268,#2269,#2270,#2271,
#2272,#2273,#2274,#2275),.UNSPECIFIED.,.F.,.F.,(4,3,3,3,3,3,3,4),(-16.4074096477818,
-15.7252156060045,-14.7423896306292,-13.7595636552539,-12.7767376798787,
-11.7939117045034,-10.8110857291281,-10.1242243406022),.UNSPECIFIED.);
#309=B_SPLINE_CURVE_WITH_KNOTS('',3,(#2276,#2277,#2278,#2279,#2280,#2281,
#2282,#2283,#2284,#2285,#2286,#2287,#2288,#2289,#2290,#2291,#2292,#2293,
#2294,#2295,#2296,#2297),.UNSPECIFIED.,.F.,.F.,(4,3,3,3,3,3,3,4),(13.8757070304157,
14.7423896306292,15.7252156060045,16.7080415813798,17.6908675567551,18.6736935321303,
19.6565195075056,20.1588923375953),.UNSPECIFIED.);
#310=B_SPLINE_CURVE_WITH_KNOTS('',3,(#2302,#2303,#2304,#2305,#2306,#2307,
#2308,#2309,#2310,#2311,#2312,#2313,#2314,#2315,#2316,#2317,#2318,#2319,
#2320,#2321,#2322,#2323,#2324,#2325,#2326),.UNSPECIFIED.,.F.,.F.,(4,3,3,
3,3,3,3,3,4),(-22.6905949549614,-22.6049974336315,-21.6221714582562,-20.6393454828809,
-19.6565195075056,-18.6736935321303,-17.6908675567551,-16.7080415813798,
-16.4074096477818),.UNSPECIFIED.);
#311=B_SPLINE_CURVE_WITH_KNOTS('',3,(#2327,#2328,#2329,#2330,#2331,#2332,
#2333,#2334,#2335,#2336,#2337,#2338,#2339,#2340,#2341,#2342,#2343,#2344,
#2345,#2346,#2347,#2348),.UNSPECIFIED.,.F.,.F.,(4,3,3,3,3,3,3,4),(20.1588923375953,
20.6393454828809,21.6221714582562,22.6049974336315,23.5878234090067,24.570649384382,
25.5534753597573,26.4420776447749),.UNSPECIFIED.);
#312=B_SPLINE_CURVE_WITH_KNOTS('',3,(#2353,#2354,#2355,#2356,#2357,#2358,
#2359,#2360,#2361,#2362,#2363,#2364,#2365,#2366,#2367,#2368,#2369,#2370,
#2371,#2372,#2373,#2374),.UNSPECIFIED.,.F.,.F.,(4,3,3,3,3,3,3,4),(-28.973780262141,
-28.5019532858831,-27.5191273105079,-26.5363013351326,-25.5534753597573,
-24.570649384382,-23.5878234090067,-22.6905949549614),.UNSPECIFIED.);
#313=B_SPLINE_CURVE_WITH_KNOTS('',3,(#2375,#2376,#2377,#2378,#2379,#2380,
#2381,#2382,#2383,#2384,#2385,#2386,#2387,#2388,#2389,#2390,#2391,#2392,
#2393,#2394,#2395,#2396,#2397,#2398,#2399),.UNSPECIFIED.,.F.,.F.,(4,3,3,
3,3,3,3,3,4),(26.4420776447749,26.5363013351326,27.5191273105079,28.5019532858832,
29.4847792612584,30.4676052366337,31.450431212009,32.4332571873843,32.7252629519545),
 .UNSPECIFIED.);
#314=B_SPLINE_CURVE_WITH_KNOTS('',3,(#2405,#2406,#2407,#2408,#2409,#2410,
#2411,#2412,#2413,#2414),.UNSPECIFIED.,.F.,.F.,(4,3,3,4),(39.0084482591341,
39.3130390150112,40.2958649903865,41.2786909657618),.UNSPECIFIED.);
#315=B_SPLINE_CURVE_WITH_KNOTS('',3,(#2417,#2418,#2419,#2420,#2421,#2422,
#2423,#2424,#2425,#2426,#2427,#2428,#2429,#2430,#2431,#2432),
 .UNSPECIFIED.,.F.,.F.,(4,3,3,3,3,4),(-39.2699081698724,-38.330213039636,
-37.3473870642607,-36.3645610888854,-35.3817351135101,-35.2569655693205),
 .UNSPECIFIED.);
#316=B_SPLINE_CURVE_WITH_KNOTS('',3,(#2438,#2439,#2440,#2441,#2442,#2443,
#2444,#2445,#2446,#2447,#2448,#2449,#2450),.UNSPECIFIED.,.F.,.F.,(4,3,3,
3,4),(-3.84103903342262,-2.94847792612585,-1.96565195075056,-0.982825975375281,
0.),.UNSPECIFIED.);
#317=B_SPLINE_CURVE_WITH_KNOTS('',3,(#2453,#2454,#2455,#2456,#2457,#2458,
#2459,#2460,#2461,#2462,#2463,#2464,#2465,#2466,#2467,#2468,#2469,#2470,
#2471),.UNSPECIFIED.,.F.,.F.,(4,3,3,3,3,3,4),(2.0087827958894,2.94847792612584,
3.93130390150113,4.91412987687641,5.89695585225169,6.87978182762697,7.59252172323617),
 .UNSPECIFIED.);
#318=B_SPLINE_CURVE_WITH_KNOTS('',3,(#2476,#2477,#2478,#2479,#2480,#2481,
#2482,#2483,#2484,#2485,#2486,#2487,#2488,#2489,#2490,#2491,#2492,#2493,
#2494,#2495,#2496,#2497,#2498,#2499,#2500),.UNSPECIFIED.,.F.,.F.,(4,3,3,
3,3,3,3,3,4),(-10.1242243406022,-9.82825975375281,-8.84543377837753,-7.86260780300225,
-6.87978182762697,-5.89695585225169,-4.91412987687641,-3.93130390150113,
-3.84103903342262),.UNSPECIFIED.);
#319=B_SPLINE_CURVE_WITH_KNOTS('',3,(#2501,#2502,#2503,#2504,#2505,#2506,
#2507,#2508,#2509,#2510,#2511,#2512,#2513,#2514,#2515,#2516,#2517,#2518,
#2519,#2520,#2521,#2522,#2523,#2524,#2525),.UNSPECIFIED.,.F.,.F.,(4,3,3,
3,3,3,3,3,4),(7.59252172323617,7.86260780300225,8.84543377837753,9.82825975375282,
10.8110857291281,11.7939117045034,12.7767376798787,13.7595636552539,13.8757070304158),
 .UNSPECIFIED.);
#320=B_SPLINE_CURVE_WITH_KNOTS('',3,(#2530,#2531,#2532,#2533,#2534,#2535,
#2536,#2537,#2538,#2539,#2540,#2541,#2542,#2543,#2544,#2545,#2546,#2547,
#2548,#2549,#2550,#2551),.UNSPECIFIED.,.F.,.F.,(4,3,3,3,3,3,3,4),(-16.4074096477818,
-15.7252156060045,-14.7423896306292,-13.7595636552539,-12.7767376798787,
-11.7939117045034,-10.8110857291281,-10.1242243406022),.UNSPECIFIED.);
#321=B_SPLINE_CURVE_WITH_KNOTS('',3,(#2552,#2553,#2554,#2555,#2556,#2557,
#2558,#2559,#2560,#2561,#2562,#2563,#2564,#2565,#2566,#2567,#2568,#2569,
#2570,#2571,#2572,#2573),.UNSPECIFIED.,.F.,.F.,(4,3,3,3,3,3,3,4),(13.8757070304158,
14.7423896306292,15.7252156060045,16.7080415813798,17.6908675567551,18.6736935321303,
19.6565195075056,20.1588923375953),.UNSPECIFIED.);
#322=B_SPLINE_CURVE_WITH_KNOTS('',3,(#2578,#2579,#2580,#2581,#2582,#2583,
#2584,#2585,#2586,#2587,#2588,#2589,#2590,#2591,#2592,#2593,#2594,#2595,
#2596,#2597,#2598,#2599,#2600,#2601,#2602),.UNSPECIFIED.,.F.,.F.,(4,3,3,
3,3,3,3,3,4),(-22.6905949549614,-22.6049974336315,-21.6221714582562,-20.6393454828809,
-19.6565195075056,-18.6736935321303,-17.6908675567551,-16.7080415813798,
-16.4074096477818),.UNSPECIFIED.);
#323=B_SPLINE_CURVE_WITH_KNOTS('',3,(#2603,#2604,#2605,#2606,#2607,#2608,
#2609,#2610,#2611,#2612,#2613,#2614,#2615,#2616,#2617,#2618,#2619,#2620,
#2621,#2622,#2623,#2624),.UNSPECIFIED.,.F.,.F.,(4,3,3,3,3,3,3,4),(20.1588923375953,
20.6393454828809,21.6221714582562,22.6049974336315,23.5878234090068,24.570649384382,
25.5534753597573,26.4420776447749),.UNSPECIFIED.);
#324=B_SPLINE_CURVE_WITH_KNOTS('',3,(#2629,#2630,#2631,#2632,#2633,#2634,
#2635,#2636,#2637,#2638,#2639,#2640,#2641,#2642,#2643,#2644,#2645,#2646,
#2647,#2648,#2649,#2650),.UNSPECIFIED.,.F.,.F.,(4,3,3,3,3,3,3,4),(-28.973780262141,
-28.5019532858832,-27.5191273105079,-26.5363013351326,-25.5534753597573,
-24.570649384382,-23.5878234090067,-22.6905949549614),.UNSPECIFIED.);
#325=B_SPLINE_CURVE_WITH_KNOTS('',3,(#2651,#2652,#2653,#2654,#2655,#2656,
#2657,#2658,#2659,#2660,#2661,#2662,#2663,#2664,#2665,#2666,#2667,#2668,
#2669,#2670,#2671,#2672,#2673,#2674,#2675),.UNSPECIFIED.,.F.,.F.,(4,3,3,
3,3,3,3,3,4),(26.4420776447749,26.5363013351326,27.5191273105079,28.5019532858832,
29.4847792612584,30.4676052366337,31.450431212009,32.4332571873843,32.7252629519545),
 .UNSPECIFIED.);
#326=B_SPLINE_CURVE_WITH_KNOTS('',3,(#2681,#2682,#2683,#2684,#2685,#2686,
#2687,#2688,#2689,#2690),.UNSPECIFIED.,.F.,.F.,(4,3,3,4),(39.0084482591341,
39.3130390150113,40.2958649903865,41.2786909657618),.UNSPECIFIED.);
#327=B_SPLINE_CURVE_WITH_KNOTS('',3,(#2693,#2694,#2695,#2696,#2697,#2698,
#2699,#2700,#2701,#2702,#2703,#2704,#2705,#2706,#2707,#2708),
 .UNSPECIFIED.,.F.,.F.,(4,3,3,3,3,4),(-39.2699081698724,-38.330213039636,
-37.3473870642607,-36.3645610888854,-35.3817351135101,-35.2569655693206),
 .UNSPECIFIED.);
#328=B_SPLINE_CURVE_WITH_KNOTS('',3,(#2714,#2715,#2716,#2717,#2718,#2719,
#2720,#2721,#2722,#2723,#2724,#2725,#2726),.UNSPECIFIED.,.F.,.F.,(4,3,3,
3,4),(-3.84103903342262,-2.94847792612584,-1.96565195075056,-0.982825975375279,
0.),.UNSPECIFIED.);
#329=B_SPLINE_CURVE_WITH_KNOTS('',3,(#2729,#2730,#2731,#2732,#2733,#2734,
#2735,#2736,#2737,#2738,#2739,#2740,#2741,#2742,#2743,#2744,#2745,#2746,
#2747),.UNSPECIFIED.,.F.,.F.,(4,3,3,3,3,3,4),(2.00878279588946,2.94847792612584,
3.93130390150112,4.91412987687641,5.89695585225168,6.87978182762697,7.59252172323616),
 .UNSPECIFIED.);
#330=B_SPLINE_CURVE_WITH_KNOTS('',3,(#2752,#2753,#2754,#2755,#2756,#2757,
#2758,#2759,#2760,#2761,#2762,#2763,#2764,#2765,#2766,#2767,#2768,#2769,
#2770,#2771,#2772,#2773,#2774,#2775,#2776),.UNSPECIFIED.,.F.,.F.,(4,3,3,
3,3,3,3,3,4),(-10.1242243406022,-9.82825975375281,-8.84543377837753,-7.86260780300225,
-6.87978182762697,-5.89695585225169,-4.9141298768764,-3.93130390150113,
-3.84103903342262),.UNSPECIFIED.);
#331=B_SPLINE_CURVE_WITH_KNOTS('',3,(#2777,#2778,#2779,#2780,#2781,#2782,
#2783,#2784,#2785,#2786,#2787,#2788,#2789,#2790,#2791,#2792,#2793,#2794,
#2795,#2796,#2797,#2798,#2799,#2800,#2801),.UNSPECIFIED.,.F.,.F.,(4,3,3,
3,3,3,3,3,4),(7.59252172323616,7.86260780300225,8.84543377837753,9.82825975375281,
10.8110857291281,11.7939117045034,12.7767376798787,13.7595636552539,13.8757070304157),
 .UNSPECIFIED.);
#332=B_SPLINE_CURVE_WITH_KNOTS('',3,(#2806,#2807,#2808,#2809,#2810,#2811,
#2812,#2813,#2814,#2815,#2816,#2817,#2818,#2819,#2820,#2821,#2822,#2823,
#2824,#2825,#2826,#2827),.UNSPECIFIED.,.F.,.F.,(4,3,3,3,3,3,3,4),(-16.4074096477818,
-15.7252156060045,-14.7423896306292,-13.7595636552539,-12.7767376798787,
-11.7939117045034,-10.8110857291281,-10.1242243406022),.UNSPECIFIED.);
#333=B_SPLINE_CURVE_WITH_KNOTS('',3,(#2828,#2829,#2830,#2831,#2832,#2833,
#2834,#2835,#2836,#2837,#2838,#2839,#2840,#2841,#2842,#2843,#2844,#2845,
#2846,#2847,#2848,#2849),.UNSPECIFIED.,.F.,.F.,(4,3,3,3,3,3,3,4),(13.8757070304157,
14.7423896306292,15.7252156060045,16.7080415813798,17.6908675567551,18.6736935321303,
19.6565195075056,20.1588923375953),.UNSPECIFIED.);
#334=B_SPLINE_CURVE_WITH_KNOTS('',3,(#2854,#2855,#2856,#2857,#2858,#2859,
#2860,#2861,#2862,#2863,#2864,#2865,#2866,#2867,#2868,#2869,#2870,#2871,
#2872,#2873,#2874,#2875,#2876,#2877,#2878),.UNSPECIFIED.,.F.,.F.,(4,3,3,
3,3,3,3,3,4),(-22.6905949549614,-22.6049974336315,-21.6221714582562,-20.6393454828809,
-19.6565195075056,-18.6736935321303,-17.6908675567551,-16.7080415813798,
-16.4074096477818),.UNSPECIFIED.);
#335=B_SPLINE_CURVE_WITH_KNOTS('',3,(#2879,#2880,#2881,#2882,#2883,#2884,
#2885,#2886,#2887,#2888,#2889,#2890,#2891,#2892,#2893,#2894,#2895,#2896,
#2897,#2898,#2899,#2900),.UNSPECIFIED.,.F.,.F.,(4,3,3,3,3,3,3,4),(20.1588923375953,
20.6393454828809,21.6221714582562,22.6049974336315,23.5878234090067,24.570649384382,
25.5534753597573,26.4420776447749),.UNSPECIFIED.);
#336=B_SPLINE_CURVE_WITH_KNOTS('',3,(#2905,#2906,#2907,#2908,#2909,#2910,
#2911,#2912,#2913,#2914,#2915,#2916,#2917,#2918,#2919,#2920,#2921,#2922,
#2923,#2924,#2925,#2926),.UNSPECIFIED.,.F.,.F.,(4,3,3,3,3,3,3,4),(-28.973780262141,
-28.5019532858832,-27.5191273105079,-26.5363013351326,-25.5534753597573,
-24.570649384382,-23.5878234090067,-22.6905949549614),.UNSPECIFIED.);
#337=B_SPLINE_CURVE_WITH_KNOTS('',3,(#2927,#2928,#2929,#2930,#2931,#2932,
#2933,#2934,#2935,#2936,#2937,#2938,#2939,#2940,#2941,#2942,#2943,#2944,
#2945,#2946,#2947,#2948,#2949,#2950,#2951),.UNSPECIFIED.,.F.,.F.,(4,3,3,
3,3,3,3,3,4),(26.4420776447749,26.5363013351326,27.5191273105079,28.5019532858831,
29.4847792612584,30.4676052366337,31.450431212009,32.4332571873843,32.7252629519545),
 .UNSPECIFIED.);
#338=B_SPLINE_CURVE_WITH_KNOTS('',3,(#2957,#2958,#2959,#2960,#2961,#2962,
#2963,#2964,#2965,#2966),.UNSPECIFIED.,.F.,.F.,(4,3,3,4),(39.0084482591341,
39.3130390150112,40.2958649903865,41.2786909657618),.UNSPECIFIED.);
#339=B_SPLINE_CURVE_WITH_KNOTS('',3,(#2969,#2970,#2971,#2972,#2973,#2974,
#2975,#2976,#2977,#2978,#2979,#2980,#2981,#2982,#2983,#2984),
 .UNSPECIFIED.,.F.,.F.,(4,3,3,3,3,4),(-39.2699081698724,-38.330213039636,
-37.3473870642607,-36.3645610888854,-35.3817351135101,-35.2569655693206),
 .UNSPECIFIED.);
#340=B_SPLINE_CURVE_WITH_KNOTS('',3,(#2990,#2991,#2992,#2993,#2994,#2995,
#2996,#2997,#2998,#2999,#3000,#3001,#3002),.UNSPECIFIED.,.F.,.F.,(4,3,3,
3,4),(-3.84103903342262,-2.94847792612585,-1.96565195075056,-0.982825975375281,
0.),.UNSPECIFIED.);
#341=B_SPLINE_CURVE_WITH_KNOTS('',3,(#3005,#3006,#3007,#3008,#3009,#3010,
#3011,#3012,#3013,#3014,#3015,#3016,#3017,#3018,#3019,#3020,#3021,#3022,
#3023),.UNSPECIFIED.,.F.,.F.,(4,3,3,3,3,3,4),(2.00878279588937,2.94847792612585,
3.93130390150113,4.91412987687641,5.89695585225169,6.87978182762697,7.59252172323616),
 .UNSPECIFIED.);
#342=B_SPLINE_CURVE_WITH_KNOTS('',3,(#3028,#3029,#3030,#3031,#3032,#3033,
#3034,#3035,#3036,#3037,#3038,#3039,#3040,#3041,#3042,#3043,#3044,#3045,
#3046,#3047,#3048,#3049,#3050,#3051,#3052),.UNSPECIFIED.,.F.,.F.,(4,3,3,
3,3,3,3,3,4),(-10.1242243406022,-9.82825975375281,-8.84543377837753,-7.86260780300225,
-6.87978182762697,-5.89695585225169,-4.91412987687641,-3.93130390150113,
-3.84103903342262),.UNSPECIFIED.);
#343=B_SPLINE_CURVE_WITH_KNOTS('',3,(#3053,#3054,#3055,#3056,#3057,#3058,
#3059,#3060,#3061,#3062,#3063,#3064,#3065,#3066,#3067,#3068,#3069,#3070,
#3071,#3072,#3073,#3074,#3075,#3076,#3077),.UNSPECIFIED.,.F.,.F.,(4,3,3,
3,3,3,3,3,4),(7.59252172323616,7.86260780300225,8.84543377837753,9.82825975375282,
10.8110857291281,11.7939117045034,12.7767376798787,13.7595636552539,13.8757070304157),
 .UNSPECIFIED.);
#344=B_SPLINE_CURVE_WITH_KNOTS('',3,(#3082,#3083,#3084,#3085,#3086,#3087,
#3088,#3089,#3090,#3091,#3092,#3093,#3094,#3095,#3096,#3097,#3098,#3099,
#3100,#3101,#3102,#3103),.UNSPECIFIED.,.F.,.F.,(4,3,3,3,3,3,3,4),(-16.4074096477818,
-15.7252156060045,-14.7423896306292,-13.7595636552539,-12.7767376798787,
-11.7939117045034,-10.8110857291281,-10.1242243406022),.UNSPECIFIED.);
#345=B_SPLINE_CURVE_WITH_KNOTS('',3,(#3104,#3105,#3106,#3107,#3108,#3109,
#3110,#3111,#3112,#3113,#3114,#3115,#3116,#3117,#3118,#3119,#3120,#3121,
#3122,#3123,#3124,#3125),.UNSPECIFIED.,.F.,.F.,(4,3,3,3,3,3,3,4),(13.8757070304157,
14.7423896306292,15.7252156060045,16.7080415813798,17.6908675567551,18.6736935321303,
19.6565195075056,20.1588923375953),.UNSPECIFIED.);
#346=B_SPLINE_CURVE_WITH_KNOTS('',3,(#3130,#3131,#3132,#3133,#3134,#3135,
#3136,#3137,#3138,#3139,#3140,#3141,#3142,#3143,#3144,#3145,#3146,#3147,
#3148,#3149,#3150,#3151,#3152,#3153,#3154),.UNSPECIFIED.,.F.,.F.,(4,3,3,
3,3,3,3,3,4),(-22.6905949549614,-22.6049974336315,-21.6221714582562,-20.6393454828809,
-19.6565195075056,-18.6736935321303,-17.6908675567551,-16.7080415813798,
-16.4074096477818),.UNSPECIFIED.);
#347=B_SPLINE_CURVE_WITH_KNOTS('',3,(#3155,#3156,#3157,#3158,#3159,#3160,
#3161,#3162,#3163,#3164,#3165,#3166,#3167,#3168,#3169,#3170,#3171,#3172,
#3173,#3174,#3175,#3176),.UNSPECIFIED.,.F.,.F.,(4,3,3,3,3,3,3,4),(20.1588923375953,
20.6393454828809,21.6221714582562,22.6049974336315,23.5878234090068,24.570649384382,
25.5534753597573,26.4420776447749),.UNSPECIFIED.);
#348=B_SPLINE_CURVE_WITH_KNOTS('',3,(#3181,#3182,#3183,#3184,#3185,#3186,
#3187,#3188,#3189,#3190,#3191,#3192,#3193,#3194,#3195,#3196,#3197,#3198,
#3199,#3200,#3201,#3202),.UNSPECIFIED.,.F.,.F.,(4,3,3,3,3,3,3,4),(-28.973780262141,
-28.5019532858832,-27.5191273105079,-26.5363013351326,-25.5534753597573,
-24.570649384382,-23.5878234090068,-22.6905949549614),.UNSPECIFIED.);
#349=B_SPLINE_CURVE_WITH_KNOTS('',3,(#3203,#3204,#3205,#3206,#3207,#3208,
#3209,#3210,#3211,#3212,#3213,#3214,#3215,#3216,#3217,#3218,#3219,#3220,
#3221,#3222,#3223,#3224,#3225,#3226,#3227),.UNSPECIFIED.,.F.,.F.,(4,3,3,
3,3,3,3,3,4),(26.4420776447749,26.5363013351326,27.5191273105079,28.5019532858832,
29.4847792612584,30.4676052366337,31.450431212009,32.4332571873843,32.7252629519545),
 .UNSPECIFIED.);
#350=B_SPLINE_CURVE_WITH_KNOTS('',3,(#3233,#3234,#3235,#3236,#3237,#3238,
#3239,#3240,#3241,#3242),.UNSPECIFIED.,.F.,.F.,(4,3,3,4),(39.0084482591341,
39.3130390150113,40.2958649903865,41.2786909657618),.UNSPECIFIED.);
#351=B_SPLINE_CURVE_WITH_KNOTS('',3,(#3245,#3246,#3247,#3248,#3249,#3250,
#3251,#3252,#3253,#3254,#3255,#3256,#3257,#3258,#3259,#3260),
 .UNSPECIFIED.,.F.,.F.,(4,3,3,3,3,4),(-39.2699081698724,-38.330213039636,
-37.3473870642607,-36.3645610888854,-35.3817351135101,-35.2569655693205),
 .UNSPECIFIED.);
#352=B_SPLINE_CURVE_WITH_KNOTS('',3,(#3267,#3268,#3269,#3270),
 .UNSPECIFIED.,.F.,.F.,(4,4),(53.4070751110265,53.6685350217648),
 .UNSPECIFIED.);
#353=B_SPLINE_CURVE_WITH_KNOTS('',3,(#3276,#3277,#3278,#3279,#3280,#3281,
#3282,#3283,#3284,#3285),.UNSPECIFIED.,.F.,.F.,(4,1,1,1,1,1,1,4),(47.1238898038469,
47.2486593480364,48.2314853234117,49.214311298787,50.1971372741623,51.1799632495376,
52.1627892249128,53.1456152002881),.UNSPECIFIED.);
#354=B_SPLINE_CURVE_WITH_KNOTS('',3,(#3287,#3288,#3289,#3290,#3291,#3292,
#3293,#3294,#3295,#3296),.UNSPECIFIED.,.F.,.F.,(4,1,1,1,1,1,1,4),(47.1238898038469,
47.8147100146519,48.7975359900272,49.7803619654025,50.7631879407778,51.7460139161531,
52.7288398915283,53.4070751110265),.UNSPECIFIED.);
#355=B_SPLINE_CURVE_WITH_KNOTS('',3,(#3301,#3302,#3303,#3304,#3305,#3306,
#3307,#3308,#3309,#3310),.UNSPECIFIED.,.F.,.F.,(4,1,1,1,1,1,1,4),(40.8407044966673,
41.3517034957848,42.33452947116,43.3173554465353,44.3001814219106,45.2830073972859,
46.2658333726612,47.1238898038469),.UNSPECIFIED.);
#356=B_SPLINE_CURVE_WITH_KNOTS('',3,(#3311,#3312,#3313,#3314,#3315,#3316,
#3317,#3318,#3319,#3320,#3321),.UNSPECIFIED.,.F.,.F.,(4,1,1,1,1,1,1,1,4),
(40.8407044966673,40.934928187025,41.9177541624002,42.9005801377755,43.8834061131508,
44.8662320885261,45.8490580639014,46.8318840392767,47.1238898038469),
 .UNSPECIFIED.);
#357=B_SPLINE_CURVE_WITH_KNOTS('',3,(#3326,#3327,#3328,#3329,#3330,#3331,
#3332,#3333,#3334,#3335),.UNSPECIFIED.,.F.,.F.,(4,1,1,1,1,1,1,4),(34.5575191894877,
35.4547476435331,36.4375736189084,37.4203995942836,38.4032255696589,39.3860515450342,
40.3688775204095,40.8407044966673),.UNSPECIFIED.);
#358=B_SPLINE_CURVE_WITH_KNOTS('',3,(#3336,#3337,#3338,#3339,#3340,#3341,
#3342,#3343,#3344,#3345),.UNSPECIFIED.,.F.,.F.,(4,1,1,1,1,1,1,4),(34.5575191894877,
35.0379723347733,36.0207983101486,37.0036242855238,37.9864502608991,38.9692762362744,
39.9521022116497,40.8407044966673),.UNSPECIFIED.);
#359=B_SPLINE_CURVE_WITH_KNOTS('',3,(#3350,#3351,#3352,#3353,#3354,#3355,
#3356,#3357,#3358,#3359,#3360),.UNSPECIFIED.,.F.,.F.,(4,1,1,1,1,1,1,1,4),
(28.2743338823081,28.5749658159061,29.5577917912814,30.5406177666567,31.523443742032,
32.5062697174072,33.4890956927825,34.4719216681578,34.5575191894877),
 .UNSPECIFIED.);
#360=B_SPLINE_CURVE_WITH_KNOTS('',3,(#3361,#3362,#3363,#3364,#3365,#3366,
#3367,#3368,#3369,#3370),.UNSPECIFIED.,.F.,.F.,(4,1,1,1,1,1,1,4),(28.2743338823081,
29.1410164825216,30.1238424578969,31.1066684332722,32.0894944086474,33.0723203840227,
34.055146359398,34.5575191894877),.UNSPECIFIED.);
#361=B_SPLINE_CURVE_WITH_KNOTS('',3,(#3375,#3376,#3377,#3378,#3379,#3380,
#3381,#3382,#3383,#3384),.UNSPECIFIED.,.F.,.F.,(4,1,1,1,1,1,1,4),(21.9911485751285,
22.6780099636544,23.6608359390297,24.643661914405,25.6264878897803,26.6093138651555,
27.5921398405308,28.2743338823081),.UNSPECIFIED.);
#362=B_SPLINE_CURVE_WITH_KNOTS('',3,(#3385,#3386,#3387,#3388,#3389,#3390,
#3391,#3392,#3393,#3394,#3395),.UNSPECIFIED.,.F.,.F.,(4,1,1,1,1,1,1,1,4),
(21.9911485751285,22.2612346548946,23.2440606302699,24.2268866056452,25.2097125810205,
26.1925385563957,27.175364531771,28.1581905071463,28.2743338823081),
 .UNSPECIFIED.);
#363=B_SPLINE_CURVE_WITH_KNOTS('',3,(#3401,#3402,#3403,#3404,#3405),
 .UNSPECIFIED.,.F.,.F.,(4,1,4),(14.3986268518924,15.3814528272677,15.7079632679489),
 .UNSPECIFIED.);
#364=B_SPLINE_CURVE_WITH_KNOTS('',3,(#3408,#3409,#3410,#3411,#3412),
 .UNSPECIFIED.,.F.,.F.,(4,1,4),(13.8757070304157,14.8154021606522,15.707963267949),
 .UNSPECIFIED.);
#365=B_SPLINE_CURVE_WITH_KNOTS('',3,(#3419,#3420,#3421,#3422),
 .UNSPECIFIED.,.F.,.F.,(4,4),(53.4070751110265,53.6685350217648),
 .UNSPECIFIED.);
#366=B_SPLINE_CURVE_WITH_KNOTS('',3,(#3428,#3429,#3430,#3431,#3432,#3433,
#3434,#3435,#3436,#3437),.UNSPECIFIED.,.F.,.F.,(4,1,1,1,1,1,1,4),(47.1238898038469,
47.2486593480364,48.2314853234117,49.214311298787,50.1971372741623,51.1799632495376,
52.1627892249129,53.1456152002881),.UNSPECIFIED.);
#367=B_SPLINE_CURVE_WITH_KNOTS('',3,(#3439,#3440,#3441,#3442,#3443,#3444,
#3445,#3446,#3447,#3448),.UNSPECIFIED.,.F.,.F.,(4,1,1,1,1,1,1,4),(47.1238898038469,
47.8147100146519,48.7975359900272,49.7803619654025,50.7631879407778,51.746013916153,
52.7288398915283,53.4070751110265),.UNSPECIFIED.);
#368=B_SPLINE_CURVE_WITH_KNOTS('',3,(#3453,#3454,#3455,#3456,#3457,#3458,
#3459,#3460,#3461,#3462),.UNSPECIFIED.,.F.,.F.,(4,1,1,1,1,1,1,4),(40.8407044966673,
41.3517034957848,42.33452947116,43.3173554465353,44.3001814219106,45.2830073972859,
46.2658333726612,47.1238898038469),.UNSPECIFIED.);
#369=B_SPLINE_CURVE_WITH_KNOTS('',3,(#3463,#3464,#3465,#3466,#3467,#3468,
#3469,#3470,#3471,#3472,#3473),.UNSPECIFIED.,.F.,.F.,(4,1,1,1,1,1,1,1,4),
(40.8407044966673,40.934928187025,41.9177541624002,42.9005801377755,43.8834061131508,
44.8662320885261,45.8490580639014,46.8318840392766,47.1238898038469),
 .UNSPECIFIED.);
#370=B_SPLINE_CURVE_WITH_KNOTS('',3,(#3478,#3479,#3480,#3481,#3482,#3483,
#3484,#3485,#3486,#3487),.UNSPECIFIED.,.F.,.F.,(4,1,1,1,1,1,1,4),(34.5575191894877,
35.4547476435331,36.4375736189084,37.4203995942836,38.4032255696589,39.3860515450342,
40.3688775204095,40.8407044966673),.UNSPECIFIED.);
#371=B_SPLINE_CURVE_WITH_KNOTS('',3,(#3488,#3489,#3490,#3491,#3492,#3493,
#3494,#3495,#3496,#3497),.UNSPECIFIED.,.F.,.F.,(4,1,1,1,1,1,1,4),(34.5575191894877,
35.0379723347733,36.0207983101485,37.0036242855238,37.9864502608991,38.9692762362744,
39.9521022116497,40.8407044966673),.UNSPECIFIED.);
#372=B_SPLINE_CURVE_WITH_KNOTS('',3,(#3502,#3503,#3504,#3505,#3506,#3507,
#3508,#3509,#3510,#3511,#3512),.UNSPECIFIED.,.F.,.F.,(4,1,1,1,1,1,1,1,4),
(28.2743338823081,28.5749658159061,29.5577917912814,30.5406177666567,31.523443742032,
32.5062697174072,33.4890956927825,34.4719216681578,34.5575191894877),
 .UNSPECIFIED.);
#373=B_SPLINE_CURVE_WITH_KNOTS('',3,(#3513,#3514,#3515,#3516,#3517,#3518,
#3519,#3520,#3521,#3522),.UNSPECIFIED.,.F.,.F.,(4,1,1,1,1,1,1,4),(28.2743338823081,
29.1410164825216,30.1238424578969,31.1066684332721,32.0894944086474,33.0723203840227,
34.055146359398,34.5575191894877),.UNSPECIFIED.);
#374=B_SPLINE_CURVE_WITH_KNOTS('',3,(#3527,#3528,#3529,#3530,#3531,#3532,
#3533,#3534,#3535,#3536),.UNSPECIFIED.,.F.,.F.,(4,1,1,1,1,1,1,4),(21.9911485751285,
22.6780099636544,23.6608359390297,24.643661914405,25.6264878897803,26.6093138651555,
27.5921398405308,28.2743338823081),.UNSPECIFIED.);
#375=B_SPLINE_CURVE_WITH_KNOTS('',3,(#3537,#3538,#3539,#3540,#3541,#3542,
#3543,#3544,#3545,#3546,#3547),.UNSPECIFIED.,.F.,.F.,(4,1,1,1,1,1,1,1,4),
(21.9911485751285,22.2612346548946,23.2440606302699,24.2268866056452,25.2097125810205,
26.1925385563957,27.175364531771,28.1581905071463,28.2743338823081),
 .UNSPECIFIED.);
#376=B_SPLINE_CURVE_WITH_KNOTS('',3,(#3553,#3554,#3555,#3556,#3557),
 .UNSPECIFIED.,.F.,.F.,(4,1,4),(14.3986268518924,15.3814528272676,15.7079632679489),
 .UNSPECIFIED.);
#377=B_SPLINE_CURVE_WITH_KNOTS('',3,(#3560,#3561,#3562,#3563,#3564),
 .UNSPECIFIED.,.F.,.F.,(4,1,4),(13.8757070304157,14.8154021606522,15.7079632679489),
 .UNSPECIFIED.);
#378=B_SPLINE_CURVE_WITH_KNOTS('',3,(#3571,#3572,#3573,#3574),
 .UNSPECIFIED.,.F.,.F.,(4,4),(53.4070751110265,53.6685350217648),
 .UNSPECIFIED.);
#379=B_SPLINE_CURVE_WITH_KNOTS('',3,(#3580,#3581,#3582,#3583,#3584,#3585,
#3586,#3587,#3588,#3589),.UNSPECIFIED.,.F.,.F.,(4,1,1,1,1,1,1,4),(47.1238898038469,
47.2486593480364,48.2314853234117,49.214311298787,50.1971372741623,51.1799632495376,
52.1627892249128,53.1456152002881),.UNSPECIFIED.);
#380=B_SPLINE_CURVE_WITH_KNOTS('',3,(#3591,#3592,#3593,#3594,#3595,#3596,
#3597,#3598,#3599,#3600),.UNSPECIFIED.,.F.,.F.,(4,1,1,1,1,1,1,4),(47.1238898038469,
47.8147100146519,48.7975359900272,49.7803619654025,50.7631879407778,51.746013916153,
52.7288398915283,53.4070751110265),.UNSPECIFIED.);
#381=B_SPLINE_CURVE_WITH_KNOTS('',3,(#3605,#3606,#3607,#3608,#3609,#3610,
#3611,#3612,#3613,#3614),.UNSPECIFIED.,.F.,.F.,(4,1,1,1,1,1,1,4),(40.8407044966673,
41.3517034957848,42.33452947116,43.3173554465353,44.3001814219106,45.2830073972859,
46.2658333726612,47.1238898038469),.UNSPECIFIED.);
#382=B_SPLINE_CURVE_WITH_KNOTS('',3,(#3615,#3616,#3617,#3618,#3619,#3620,
#3621,#3622,#3623,#3624,#3625),.UNSPECIFIED.,.F.,.F.,(4,1,1,1,1,1,1,1,4),
(40.8407044966673,40.934928187025,41.9177541624002,42.9005801377755,43.8834061131508,
44.8662320885261,45.8490580639014,46.8318840392766,47.1238898038469),
 .UNSPECIFIED.);
#383=B_SPLINE_CURVE_WITH_KNOTS('',3,(#3630,#3631,#3632,#3633,#3634,#3635,
#3636,#3637,#3638,#3639),.UNSPECIFIED.,.F.,.F.,(4,1,1,1,1,1,1,4),(34.5575191894877,
35.4547476435331,36.4375736189084,37.4203995942836,38.4032255696589,39.3860515450342,
40.3688775204095,40.8407044966673),.UNSPECIFIED.);
#384=B_SPLINE_CURVE_WITH_KNOTS('',3,(#3640,#3641,#3642,#3643,#3644,#3645,
#3646,#3647,#3648,#3649),.UNSPECIFIED.,.F.,.F.,(4,1,1,1,1,1,1,4),(34.5575191894877,
35.0379723347733,36.0207983101485,37.0036242855238,37.9864502608991,38.9692762362744,
39.9521022116497,40.8407044966673),.UNSPECIFIED.);
#385=B_SPLINE_CURVE_WITH_KNOTS('',3,(#3654,#3655,#3656,#3657,#3658,#3659,
#3660,#3661,#3662,#3663,#3664),.UNSPECIFIED.,.F.,.F.,(4,1,1,1,1,1,1,1,4),
(28.2743338823081,28.5749658159061,29.5577917912814,30.5406177666567,31.523443742032,
32.5062697174072,33.4890956927825,34.4719216681578,34.5575191894877),
 .UNSPECIFIED.);
#386=B_SPLINE_CURVE_WITH_KNOTS('',3,(#3665,#3666,#3667,#3668,#3669,#3670,
#3671,#3672,#3673,#3674),.UNSPECIFIED.,.F.,.F.,(4,1,1,1,1,1,1,4),(28.2743338823081,
29.1410164825216,30.1238424578969,31.1066684332721,32.0894944086474,33.0723203840227,
34.055146359398,34.5575191894877),.UNSPECIFIED.);
#387=B_SPLINE_CURVE_WITH_KNOTS('',3,(#3679,#3680,#3681,#3682,#3683,#3684,
#3685,#3686,#3687,#3688),.UNSPECIFIED.,.F.,.F.,(4,1,1,1,1,1,1,4),(21.9911485751285,
22.6780099636544,23.6608359390297,24.643661914405,25.6264878897803,26.6093138651555,
27.5921398405308,28.2743338823081),.UNSPECIFIED.);
#388=B_SPLINE_CURVE_WITH_KNOTS('',3,(#3689,#3690,#3691,#3692,#3693,#3694,
#3695,#3696,#3697,#3698,#3699),.UNSPECIFIED.,.F.,.F.,(4,1,1,1,1,1,1,1,4),
(21.9911485751285,22.2612346548946,23.2440606302699,24.2268866056452,25.2097125810205,
26.1925385563957,27.175364531771,28.1581905071463,28.2743338823081),
 .UNSPECIFIED.);
#389=B_SPLINE_CURVE_WITH_KNOTS('',3,(#3705,#3706,#3707,#3708,#3709),
 .UNSPECIFIED.,.F.,.F.,(4,1,4),(14.3986268518924,15.3814528272677,15.7079632679489),
 .UNSPECIFIED.);
#390=B_SPLINE_CURVE_WITH_KNOTS('',3,(#3712,#3713,#3714,#3715,#3716),
 .UNSPECIFIED.,.F.,.F.,(4,1,4),(13.8757070304157,14.8154021606522,15.7079632679489),
 .UNSPECIFIED.);
#391=B_SPLINE_CURVE_WITH_KNOTS('',3,(#3723,#3724,#3725,#3726),
 .UNSPECIFIED.,.F.,.F.,(4,4),(53.4070751110265,53.6685350217648),
 .UNSPECIFIED.);
#392=B_SPLINE_CURVE_WITH_KNOTS('',3,(#3732,#3733,#3734,#3735,#3736,#3737,
#3738,#3739,#3740,#3741),.UNSPECIFIED.,.F.,.F.,(4,1,1,1,1,1,1,4),(47.1238898038469,
47.2486593480364,48.2314853234117,49.214311298787,50.1971372741623,51.1799632495376,
52.1627892249128,53.1456152002881),.UNSPECIFIED.);
#393=B_SPLINE_CURVE_WITH_KNOTS('',3,(#3743,#3744,#3745,#3746,#3747,#3748,
#3749,#3750,#3751,#3752),.UNSPECIFIED.,.F.,.F.,(4,1,1,1,1,1,1,4),(47.1238898038469,
47.8147100146519,48.7975359900272,49.7803619654025,50.7631879407778,51.746013916153,
52.7288398915283,53.4070751110265),.UNSPECIFIED.);
#394=B_SPLINE_CURVE_WITH_KNOTS('',3,(#3757,#3758,#3759,#3760,#3761,#3762,
#3763,#3764,#3765,#3766),.UNSPECIFIED.,.F.,.F.,(4,1,1,1,1,1,1,4),(40.8407044966673,
41.3517034957848,42.33452947116,43.3173554465353,44.3001814219106,45.2830073972859,
46.2658333726612,47.1238898038469),.UNSPECIFIED.);
#395=B_SPLINE_CURVE_WITH_KNOTS('',3,(#3767,#3768,#3769,#3770,#3771,#3772,
#3773,#3774,#3775,#3776,#3777),.UNSPECIFIED.,.F.,.F.,(4,1,1,1,1,1,1,1,4),
(40.8407044966673,40.934928187025,41.9177541624002,42.9005801377755,43.8834061131508,
44.8662320885261,45.8490580639014,46.8318840392766,47.1238898038469),
 .UNSPECIFIED.);
#396=B_SPLINE_CURVE_WITH_KNOTS('',3,(#3782,#3783,#3784,#3785,#3786,#3787,
#3788,#3789,#3790,#3791),.UNSPECIFIED.,.F.,.F.,(4,1,1,1,1,1,1,4),(34.5575191894877,
35.4547476435331,36.4375736189084,37.4203995942836,38.4032255696589,39.3860515450342,
40.3688775204095,40.8407044966673),.UNSPECIFIED.);
#397=B_SPLINE_CURVE_WITH_KNOTS('',3,(#3792,#3793,#3794,#3795,#3796,#3797,
#3798,#3799,#3800,#3801),.UNSPECIFIED.,.F.,.F.,(4,1,1,1,1,1,1,4),(34.5575191894877,
35.0379723347733,36.0207983101485,37.0036242855238,37.9864502608991,38.9692762362744,
39.9521022116497,40.8407044966673),.UNSPECIFIED.);
#398=B_SPLINE_CURVE_WITH_KNOTS('',3,(#3806,#3807,#3808,#3809,#3810,#3811,
#3812,#3813,#3814,#3815,#3816),.UNSPECIFIED.,.F.,.F.,(4,1,1,1,1,1,1,1,4),
(28.2743338823081,28.5749658159061,29.5577917912814,30.5406177666567,31.523443742032,
32.5062697174072,33.4890956927825,34.4719216681578,34.5575191894877),
 .UNSPECIFIED.);
#399=B_SPLINE_CURVE_WITH_KNOTS('',3,(#3817,#3818,#3819,#3820,#3821,#3822,
#3823,#3824,#3825,#3826),.UNSPECIFIED.,.F.,.F.,(4,1,1,1,1,1,1,4),(28.2743338823081,
29.1410164825216,30.1238424578969,31.1066684332721,32.0894944086474,33.0723203840227,
34.055146359398,34.5575191894877),.UNSPECIFIED.);
#400=B_SPLINE_CURVE_WITH_KNOTS('',3,(#3831,#3832,#3833,#3834,#3835,#3836,
#3837,#3838,#3839,#3840),.UNSPECIFIED.,.F.,.F.,(4,1,1,1,1,1,1,4),(21.9911485751285,
22.6780099636544,23.6608359390297,24.643661914405,25.6264878897803,26.6093138651555,
27.5921398405308,28.2743338823081),.UNSPECIFIED.);
#401=B_SPLINE_CURVE_WITH_KNOTS('',3,(#3841,#3842,#3843,#3844,#3845,#3846,
#3847,#3848,#3849,#3850,#3851),.UNSPECIFIED.,.F.,.F.,(4,1,1,1,1,1,1,1,4),
(21.9911485751285,22.2612346548946,23.2440606302699,24.2268866056452,25.2097125810205,
26.1925385563957,27.175364531771,28.1581905071463,28.2743338823081),
 .UNSPECIFIED.);
#402=B_SPLINE_CURVE_WITH_KNOTS('',3,(#3857,#3858,#3859,#3860,#3861),
 .UNSPECIFIED.,.F.,.F.,(4,1,4),(14.3986268518924,15.3814528272676,15.7079632679489),
 .UNSPECIFIED.);
#403=B_SPLINE_CURVE_WITH_KNOTS('',3,(#3864,#3865,#3866,#3867,#3868),
 .UNSPECIFIED.,.F.,.F.,(4,1,4),(13.8757070304157,14.8154021606522,15.7079632679489),
 .UNSPECIFIED.);
#404=B_SPLINE_CURVE_WITH_KNOTS('',3,(#3912,#3913,#3914,#3915,#3916,#3917,
#3918,#3919,#3920,#3921,#3922),.UNSPECIFIED.,.F.,.F.,(4,1,1,1,1,1,1,1,4),
(15.7079632679489,15.7982281360275,16.7810541114027,17.763880086778,18.7467060621533,
19.7295320375286,20.7123580129039,21.6951839882791,21.9911485751285),
 .UNSPECIFIED.);
#405=B_SPLINE_CURVE_WITH_KNOTS('',3,(#3923,#3924,#3925,#3926,#3927,#3928,
#3929,#3930,#3931,#3932),.UNSPECIFIED.,.F.,.F.,(4,1,1,1,1,1,1,4),(15.7079632679489,
16.3642788026429,17.3471047780182,18.3299307533935,19.3127567287688,20.2955827041441,
21.2784086795193,21.9911485751285),.UNSPECIFIED.);
#406=B_SPLINE_CURVE_WITH_KNOTS('',3,(#4113,#4114,#4115,#4116,#4117,#4118,
#4119,#4120,#4121,#4122,#4123,#4124,#4125,#4126,#4127,#4128,#4129,#4130,
#4131,#4132,#4133,#4134,#4135,#4136,#4137,#4138,#4139,#4140,#4141,#4142,
#4143,#4144,#4145,#4146,#4147,#4148,#4149,#4150,#4151,#4152,#4153,#4154,
#4155,#4156,#4157,#4158,#4159,#4160,#4161,#4162,#4163,#4164,#4165,#4166,
#4167,#4168,#4169,#4170,#4171,#4172,#4173,#4174,#4175,#4176,#4177,#4178,
#4179,#4180,#4181,#4182,#4183,#4184,#4185,#4186,#4187,#4188,#4189,#4190,
#4191,#4192,#4193,#4194,#4195,#4196,#4197),.UNSPECIFIED.,.F.,.F.,(4,3,3,
3,3,3,3,3,3,3,3,3,3,3,3,3,3,3,3,3,3,3,3,3,3,3,3,3,4),(0.,0.0259383097202002,
0.0530627370734456,0.0767966110075354,0.0884378457524403,0.0946207967541795,
0.0985970772606934,0.124589462592386,0.15046122090388,0.173579347814451,
0.192486025962713,0.196594891161632,0.221323601723389,0.242933728546164,
0.268241812334015,0.280710170674117,0.284777442258935,0.309356133384957,
0.33400718292521,0.35829875325018,0.368634354595541,0.372721153918085,0.396437810062785,
0.413524695025273,0.420868299258943,0.42725222884819,0.450046695596512,
0.464785349912738,0.47402260125482),.UNSPECIFIED.);
#407=B_SPLINE_CURVE_WITH_KNOTS('',3,(#4198,#4199,#4200,#4201,#4202,#4203,
#4204,#4205,#4206,#4207,#4208,#4209,#4210,#4211,#4212,#4213,#4214,#4215,
#4216,#4217,#4218,#4219,#4220,#4221,#4222,#4223,#4224,#4225,#4226,#4227,
#4228,#4229,#4230,#4231,#4232,#4233,#4234,#4235,#4236,#4237,#4238,#4239,
#4240,#4241,#4242,#4243,#4244,#4245,#4246,#4247,#4248,#4249,#4250,#4251,
#4252,#4253,#4254,#4255,#4256,#4257,#4258,#4259,#4260,#4261,#4262,#4263,
#4264,#4265,#4266,#4267,#4268,#4269,#4270,#4271,#4272,#4273,#4274,#4275,
#4276,#4277,#4278,#4279,#4280,#4281,#4282,#4283,#4284,#4285),
 .UNSPECIFIED.,.F.,.F.,(4,3,3,3,3,3,3,3,3,3,3,3,3,3,3,3,3,3,3,3,3,3,3,3,
3,3,3,3,3,4),(0.,0.0222998491320179,0.0452181758339854,0.0670979983724315,
0.0766704207330017,0.0830539306201595,0.0867739608807383,0.110752324111898,
0.13511651481249,0.156401575144756,0.165638212236157,0.169983682348227,
0.173778968866202,0.198851090236633,0.220256756141555,0.24466560031908,
0.258420461305669,0.264117515276858,0.289104746180041,0.314632137742039,
0.340405492807676,0.352550537020312,0.358108741135317,0.384470860224727,
0.403625696687134,0.412260779377691,0.417462802576965,0.44407565842094,
0.461090206074358,0.472119585381884),.UNSPECIFIED.);
#408=B_SPLINE_CURVE_WITH_KNOTS('',3,(#4286,#4287,#4288,#4289,#4290,#4291,
#4292,#4293,#4294,#4295,#4296,#4297,#4298,#4299,#4300,#4301,#4302,#4303,
#4304,#4305,#4306,#4307),.UNSPECIFIED.,.F.,.F.,(4,3,3,3,3,3,3,4),(-35.2569655693206,
-34.3989091381348,-33.4160831627596,-32.4332571873843,-31.450431212009,
-30.4676052366337,-29.4847792612584,-28.973780262141),.UNSPECIFIED.);
#409=B_SPLINE_CURVE_WITH_KNOTS('',3,(#4488,#4489,#4490,#4491,#4492,#4493,
#4494,#4495,#4496,#4497,#4498,#4499,#4500,#4501,#4502,#4503,#4504,#4505,
#4506,#4507,#4508,#4509,#4510,#4511,#4512,#4513,#4514,#4515,#4516,#4517,
#4518,#4519,#4520,#4521,#4522,#4523,#4524,#4525,#4526,#4527,#4528,#4529,
#4530,#4531,#4532,#4533,#4534,#4535,#4536,#4537,#4538,#4539,#4540,#4541,
#4542,#4543,#4544,#4545,#4546,#4547,#4548,#4549,#4550,#4551,#4552,#4553,
#4554,#4555,#4556,#4557,#4558,#4559,#4560,#4561,#4562,#4563,#4564,#4565,
#4566,#4567,#4568,#4569,#4570,#4571,#4572,#4573,#4574,#4575),
 .UNSPECIFIED.,.F.,.F.,(4,3,3,3,3,3,3,3,3,3,3,3,3,3,3,3,3,3,3,3,3,3,3,3,
3,3,3,3,3,4),(0.,0.0222997441929566,0.0452179783128162,0.0670978255414065,
0.0766702587039148,0.0830537395892137,0.0867736982062196,0.110751986084483,
0.135116145972783,0.156401298514972,0.165638164200832,0.169983412793531,
0.173778706527451,0.19885084123504,0.220256756141539,0.24466565505168,0.258420577526555,
0.264117517252846,0.289104807864816,0.314632229994773,0.340405590166338,
0.352550595213187,0.358108756065891,0.38447087748687,0.403625709633734,
0.412260840797562,0.417462907864338,0.444075763178914,0.461090206074325,
0.472119585381855),.UNSPECIFIED.);
#410=B_SPLINE_CURVE_WITH_KNOTS('',3,(#4576,#4577,#4578,#4579,#4580,#4581,
#4582,#4583,#4584,#4585,#4586,#4587,#4588,#4589,#4590,#4591,#4592,#4593,
#4594,#4595,#4596,#4597),.UNSPECIFIED.,.F.,.F.,(4,3,3,3,3,3,3,4),(32.7252629519545,
33.4160831627596,34.3989091381349,35.3817351135101,36.3645610888854,37.3473870642607,
38.330213039636,39.0084482591341),.UNSPECIFIED.);
#411=B_SPLINE_CURVE_WITH_KNOTS('',3,(#4598,#4599,#4600,#4601,#4602,#4603,
#4604,#4605,#4606,#4607,#4608,#4609,#4610,#4611,#4612,#4613,#4614,#4615,
#4616,#4617,#4618,#4619,#4620,#4621,#4622,#4623,#4624,#4625,#4626,#4627,
#4628,#4629,#4630,#4631,#4632,#4633,#4634,#4635,#4636,#4637,#4638,#4639,
#4640,#4641,#4642,#4643,#4644,#4645,#4646,#4647,#4648,#4649,#4650,#4651,
#4652,#4653,#4654,#4655,#4656,#4657,#4658,#4659,#4660,#4661,#4662,#4663,
#4664,#4665,#4666,#4667,#4668,#4669,#4670,#4671,#4672,#4673,#4674,#4675,
#4676,#4677,#4678,#4679,#4680,#4681,#4682),.UNSPECIFIED.,.F.,.F.,(4,3,3,
3,3,3,3,3,3,3,3,3,3,3,3,3,3,3,3,3,3,3,3,3,3,3,3,3,4),(0.,0.0259382222145776,
0.053062660506026,0.0767965440110434,0.0884377469420073,0.094620751372723,
0.0985970291608605,0.124589411369609,0.150461195476396,0.173579328743838,
0.192485994369604,0.196594882743011,0.221323623240883,0.242933728546165,
0.268241810395038,0.280710182611373,0.284777456968575,0.309356148027733,
0.334007198893633,0.358298792730068,0.368634511644793,0.372721203857435,
0.396437887068968,0.413524752779912,0.420868392103186,0.427252249938124,
0.450046768737532,0.464785349912745,0.474022601254828),.UNSPECIFIED.);
#412=B_SPLINE_CURVE_WITH_KNOTS('',3,(#4684,#4685,#4686,#4687,#4688,#4689,
#4690,#4691,#4692,#4693,#4694),.UNSPECIFIED.,.F.,.F.,(4,1,1,1,1,1,1,1,4),
(15.7079632679489,15.7982281360275,16.7810541114027,17.763880086778,18.7467060621533,
19.7295320375286,20.7123580129039,21.6951839882791,21.9911485751285),
 .UNSPECIFIED.);
#413=B_SPLINE_CURVE_WITH_KNOTS('',3,(#4695,#4696,#4697,#4698,#4699,#4700,
#4701,#4702,#4703,#4704),.UNSPECIFIED.,.F.,.F.,(4,1,1,1,1,1,1,4),(15.7079632679489,
16.3642788026429,17.3471047780182,18.3299307533935,19.3127567287688,20.2955827041441,
21.2784086795193,21.9911485751285),.UNSPECIFIED.);
#414=B_SPLINE_CURVE_WITH_KNOTS('',3,(#4885,#4886,#4887,#4888,#4889,#4890,
#4891,#4892,#4893,#4894,#4895,#4896,#4897,#4898,#4899,#4900,#4901,#4902,
#4903,#4904,#4905,#4906,#4907,#4908,#4909,#4910,#4911,#4912,#4913,#4914,
#4915,#4916,#4917,#4918,#4919,#4920,#4921,#4922,#4923,#4924,#4925,#4926,
#4927,#4928,#4929,#4930,#4931,#4932,#4933,#4934,#4935,#4936,#4937,#4938,
#4939,#4940,#4941,#4942,#4943,#4944,#4945,#4946,#4947,#4948,#4949,#4950,
#4951,#4952,#4953,#4954,#4955,#4956,#4957,#4958,#4959,#4960,#4961,#4962,
#4963,#4964,#4965,#4966,#4967,#4968,#4969),.UNSPECIFIED.,.F.,.F.,(4,3,3,
3,3,3,3,3,3,3,3,3,3,3,3,3,3,3,3,3,3,3,3,3,3,3,3,3,4),(0.,0.025933925812226,
0.0530589011539688,0.0767932545779938,0.0884328751855889,0.0946181210999046,
0.0985943167154033,0.124586507363096,0.150459519235686,0.173578071563307,
0.192483679556333,0.196594342813077,0.221324516469541,0.242933728546169,
0.268241699739939,0.280710700977394,0.284778106243617,0.309356781678016,
0.334007847298957,0.358300472733617,0.368641325659385,0.372723469186004,
0.396441349057989,0.413527349271685,0.420872643161436,0.427253237986409,
0.450050118685921,0.464785349912775,0.47402260125486),.UNSPECIFIED.);
#415=B_SPLINE_CURVE_WITH_KNOTS('',3,(#4970,#4971,#4972,#4973,#4974,#4975,
#4976,#4977,#4978,#4979,#4980,#4981,#4982,#4983,#4984,#4985,#4986,#4987,
#4988,#4989,#4990,#4991,#4992,#4993,#4994,#4995,#4996,#4997,#4998,#4999,
#5000,#5001,#5002,#5003,#5004,#5005,#5006,#5007,#5008,#5009,#5010,#5011,
#5012,#5013,#5014,#5015,#5016,#5017,#5018,#5019,#5020,#5021,#5022,#5023,
#5024,#5025,#5026,#5027,#5028,#5029,#5030,#5031,#5032,#5033,#5034,#5035,
#5036,#5037,#5038,#5039,#5040,#5041,#5042,#5043,#5044,#5045,#5046,#5047,
#5048,#5049,#5050,#5051,#5052,#5053,#5054,#5055,#5056,#5057),
 .UNSPECIFIED.,.F.,.F.,(4,3,3,3,3,3,3,3,3,3,3,3,3,3,3,3,3,3,3,3,3,3,3,3,
3,3,3,3,3,4),(0.,0.0222946082416272,0.0452082972982302,0.0670893546536445,
0.0766623172466383,0.0830444047924735,0.086760994308802,0.110735567634477,
0.135098168941856,0.156387815741778,0.165635830129307,0.16997026484671,
0.173766093571442,0.198838814374231,0.220256756141544,0.244668271382566,
0.258426107669522,0.264117615467018,0.289107757537329,0.314636656346619,
0.340410273317134,0.35255331253576,0.35810945422537,0.384471696185805,0.403626323657943,
0.412263767827948,0.417467939046922,0.444080745531438,0.461090206074355,
0.472119585381881),.UNSPECIFIED.);
#416=B_SPLINE_CURVE_WITH_KNOTS('',3,(#5058,#5059,#5060,#5061,#5062,#5063,
#5064,#5065,#5066,#5067,#5068,#5069,#5070,#5071,#5072,#5073,#5074,#5075,
#5076,#5077,#5078,#5079),.UNSPECIFIED.,.F.,.F.,(4,3,3,3,3,3,3,4),(-35.2569655693206,
-34.3989091381348,-33.4160831627596,-32.4332571873843,-31.450431212009,
-30.4676052366337,-29.4847792612584,-28.973780262141),.UNSPECIFIED.);
#417=B_SPLINE_CURVE_WITH_KNOTS('',3,(#5260,#5261,#5262,#5263,#5264,#5265,
#5266,#5267,#5268,#5269,#5270,#5271,#5272,#5273,#5274,#5275,#5276,#5277,
#5278,#5279,#5280,#5281,#5282,#5283,#5284,#5285,#5286,#5287,#5288,#5289,
#5290,#5291,#5292,#5293,#5294,#5295,#5296,#5297,#5298,#5299,#5300,#5301,
#5302,#5303,#5304,#5305,#5306,#5307,#5308,#5309,#5310,#5311,#5312,#5313,
#5314,#5315,#5316,#5317,#5318,#5319,#5320,#5321,#5322,#5323,#5324,#5325,
#5326,#5327,#5328,#5329,#5330,#5331,#5332,#5333,#5334,#5335,#5336,#5337,
#5338,#5339,#5340,#5341,#5342,#5343,#5344,#5345,#5346,#5347),
 .UNSPECIFIED.,.F.,.F.,(4,3,3,3,3,3,3,3,3,3,3,3,3,3,3,3,3,3,3,3,3,3,3,3,
3,3,3,3,3,4),(0.,0.0222945380672341,0.0452081648323696,0.0670892387460175,
0.0766622085832385,0.0830442774280247,0.0867608227418052,0.110735344943153,
0.135097924241009,0.156387632216145,0.165635798439577,0.169970085576386,
0.173765924079801,0.198838651930874,0.220256756141553,0.244668306191456,
0.258426180873377,0.264117616797169,0.289107796768403,0.314636715423843,
0.340410335966108,0.352553347754496,0.358109463297079,0.384471706967474,
0.403626331744194,0.412263806558957,0.417468005828401,0.444080811328417,
0.461090206074354,0.472119585381872),.UNSPECIFIED.);
#418=B_SPLINE_CURVE_WITH_KNOTS('',3,(#5348,#5349,#5350,#5351,#5352,#5353,
#5354,#5355,#5356,#5357,#5358,#5359,#5360,#5361,#5362,#5363,#5364,#5365,
#5366,#5367,#5368,#5369),.UNSPECIFIED.,.F.,.F.,(4,3,3,3,3,3,3,4),(32.7252629519545,
33.4160831627596,34.3989091381348,35.3817351135101,36.3645610888854,37.3473870642607,
38.330213039636,39.0084482591341),.UNSPECIFIED.);
#419=B_SPLINE_CURVE_WITH_KNOTS('',3,(#5370,#5371,#5372,#5373,#5374,#5375,
#5376,#5377,#5378,#5379,#5380,#5381,#5382,#5383,#5384,#5385,#5386,#5387,
#5388,#5389,#5390,#5391,#5392,#5393,#5394,#5395,#5396,#5397,#5398,#5399,
#5400,#5401,#5402,#5403,#5404,#5405,#5406,#5407,#5408,#5409,#5410,#5411,
#5412,#5413,#5414,#5415,#5416,#5417,#5418,#5419,#5420,#5421,#5422,#5423,
#5424,#5425,#5426,#5427,#5428,#5429,#5430,#5431,#5432,#5433,#5434,#5435,
#5436,#5437,#5438,#5439,#5440,#5441,#5442,#5443,#5444,#5445,#5446,#5447,
#5448,#5449,#5450,#5451,#5452,#5453,#5454),.UNSPECIFIED.,.F.,.F.,(4,3,3,
3,3,3,3,3,3,3,3,3,3,3,3,3,3,3,3,3,3,3,3,3,3,3,3,3,4),(0.,0.0259338669415695,
0.0530588496421453,0.0767932095051492,0.0884328081463307,0.0946180794654028,
0.0985942748051403,0.124586462284765,0.150459490408938,0.173578049943247,
0.192483637346703,0.196594333675724,0.221324526413456,0.242933728546176,
0.268241697988297,0.280710707086338,0.284778114052484,0.309356789074868,
0.33400785420077,0.358300492094357,0.368641406275395,0.37272349718099,0.396441391646986,
0.413527381213425,0.420872696706645,0.427253250765996,0.450050161173857,
0.464785349912739,0.474022601254817),.UNSPECIFIED.);
#420=B_SPLINE_CURVE_WITH_KNOTS('',3,(#5456,#5457,#5458,#5459,#5460,#5461,
#5462,#5463,#5464,#5465,#5466),.UNSPECIFIED.,.F.,.F.,(4,1,1,1,1,1,1,1,4),
(15.7079632679489,15.7982281360275,16.7810541114027,17.763880086778,18.7467060621533,
19.7295320375286,20.7123580129039,21.6951839882791,21.9911485751285),
 .UNSPECIFIED.);
#421=B_SPLINE_CURVE_WITH_KNOTS('',3,(#5467,#5468,#5469,#5470,#5471,#5472,
#5473,#5474,#5475,#5476),.UNSPECIFIED.,.F.,.F.,(4,1,1,1,1,1,1,4),(15.7079632679489,
16.3642788026429,17.3471047780182,18.3299307533935,19.3127567287688,20.2955827041441,
21.2784086795193,21.9911485751285),.UNSPECIFIED.);
#422=B_SPLINE_CURVE_WITH_KNOTS('',3,(#5657,#5658,#5659,#5660,#5661,#5662,
#5663,#5664,#5665,#5666,#5667,#5668,#5669,#5670,#5671,#5672,#5673,#5674,
#5675,#5676,#5677,#5678,#5679,#5680,#5681,#5682,#5683,#5684,#5685,#5686,
#5687,#5688,#5689,#5690,#5691,#5692,#5693,#5694,#5695,#5696,#5697,#5698,
#5699,#5700,#5701,#5702,#5703,#5704,#5705,#5706,#5707,#5708,#5709,#5710,
#5711,#5712,#5713,#5714,#5715,#5716,#5717,#5718,#5719,#5720,#5721,#5722,
#5723,#5724,#5725,#5726,#5727,#5728,#5729,#5730,#5731,#5732,#5733,#5734,
#5735,#5736,#5737,#5738,#5739,#5740,#5741),.UNSPECIFIED.,.F.,.F.,(4,3,3,
3,3,3,3,3,3,3,3,3,3,3,3,3,3,3,3,3,3,3,3,3,3,3,3,3,4),(0.,0.0259339258124725,
0.0530589011541829,0.0767932545781796,0.088432875185816,0.0946181211041593,
0.0985943166861434,0.124586507333367,0.150459519206026,0.173578071541058,
0.192483679507383,0.196594342805403,0.221324516462054,0.242933728546156,
0.268241699744335,0.280710700985278,0.284778106215173,0.309356781649494,
0.334007847270425,0.358300472710153,0.368641325578285,0.372723469146443,
0.396441349019263,0.413527349242632,0.420872643125952,0.42725323797257,
0.450050118672651,0.464785349912736,0.474022601254813),.UNSPECIFIED.);
#423=B_SPLINE_CURVE_WITH_KNOTS('',3,(#5742,#5743,#5744,#5745,#5746,#5747,
#5748,#5749,#5750,#5751,#5752,#5753,#5754,#5755,#5756,#5757,#5758,#5759,
#5760,#5761,#5762,#5763,#5764,#5765,#5766,#5767,#5768,#5769,#5770,#5771,
#5772,#5773,#5774,#5775,#5776,#5777,#5778,#5779,#5780,#5781,#5782,#5783,
#5784,#5785,#5786,#5787,#5788,#5789,#5790,#5791,#5792,#5793,#5794,#5795,
#5796,#5797,#5798,#5799,#5800,#5801,#5802,#5803,#5804,#5805,#5806,#5807,
#5808,#5809,#5810,#5811,#5812,#5813,#5814,#5815,#5816,#5817,#5818,#5819,
#5820,#5821,#5822,#5823,#5824,#5825,#5826,#5827,#5828,#5829),
 .UNSPECIFIED.,.F.,.F.,(4,3,3,3,3,3,3,3,3,3,3,3,3,3,3,3,3,3,3,3,3,3,3,3,
3,3,3,3,3,4),(0.,0.0222946082419472,0.0452082972987621,0.0670893546541123,
0.0766623172470779,0.0830444047928076,0.0867609943065154,0.110735567632005,
0.13509816893948,0.156387815740001,0.165635830129056,0.169970264872802,
0.173766093595035,0.198838814397754,0.220256756141563,0.24466827138258,
0.258426107669452,0.264117615462778,0.289107757533169,0.314636656342518,
0.340410273313237,0.352553312534097,0.358109454232248,0.384471696192914,
0.403626323663277,0.412263767838976,0.417467939056242,0.444080745540441,
0.461090206074368,0.472119585381894),.UNSPECIFIED.);
#424=B_SPLINE_CURVE_WITH_KNOTS('',3,(#5830,#5831,#5832,#5833,#5834,#5835,
#5836,#5837,#5838,#5839,#5840,#5841,#5842,#5843,#5844,#5845,#5846,#5847,
#5848,#5849,#5850,#5851),.UNSPECIFIED.,.F.,.F.,(4,3,3,3,3,3,3,4),(-35.2569655693205,
-34.3989091381348,-33.4160831627596,-32.4332571873843,-31.450431212009,
-30.4676052366337,-29.4847792612584,-28.973780262141),.UNSPECIFIED.);
#425=B_SPLINE_CURVE_WITH_KNOTS('',3,(#6032,#6033,#6034,#6035,#6036,#6037,
#6038,#6039,#6040,#6041,#6042,#6043,#6044,#6045,#6046,#6047,#6048,#6049,
#6050,#6051,#6052,#6053,#6054,#6055,#6056,#6057,#6058,#6059,#6060,#6061,
#6062,#6063,#6064,#6065,#6066,#6067,#6068,#6069,#6070,#6071,#6072,#6073,
#6074,#6075,#6076,#6077,#6078,#6079,#6080,#6081,#6082,#6083,#6084,#6085,
#6086,#6087,#6088,#6089,#6090,#6091,#6092,#6093,#6094,#6095,#6096,#6097,
#6098,#6099,#6100,#6101,#6102,#6103,#6104,#6105,#6106,#6107,#6108,#6109,
#6110,#6111,#6112,#6113,#6114,#6115,#6116,#6117,#6118,#6119),
 .UNSPECIFIED.,.F.,.F.,(4,3,3,3,3,3,3,3,3,3,3,3,3,3,3,3,3,3,3,3,3,3,3,3,
3,3,3,3,3,4),(0.,0.0222945380683958,0.0452081648346275,0.0670892387479935,
0.0766622085850911,0.0830442774308512,0.0867608227500814,0.110735344951435,
0.135097924247372,0.156387632220918,0.165635798440388,0.169970085499631,
0.173765923950032,0.198838651802064,0.220256756141555,0.244668306190046,
0.25842618087072,0.264117616811103,0.289107796782463,0.314636715438535,
0.34041033598032,0.352553347762669,0.358109463302855,0.384471706972114,
0.403626331747677,0.412263806566111,0.417468005825655,0.444080811328187,
0.461090206074366,0.472119585381895),.UNSPECIFIED.);
#426=B_SPLINE_CURVE_WITH_KNOTS('',3,(#6120,#6121,#6122,#6123,#6124,#6125,
#6126,#6127,#6128,#6129,#6130,#6131,#6132,#6133,#6134,#6135,#6136,#6137,
#6138,#6139,#6140,#6141),.UNSPECIFIED.,.F.,.F.,(4,3,3,3,3,3,3,4),(32.7252629519545,
33.4160831627596,34.3989091381349,35.3817351135101,36.3645610888854,37.3473870642607,
38.330213039636,39.0084482591341),.UNSPECIFIED.);
#427=B_SPLINE_CURVE_WITH_KNOTS('',3,(#6142,#6143,#6144,#6145,#6146,#6147,
#6148,#6149,#6150,#6151,#6152,#6153,#6154,#6155,#6156,#6157,#6158,#6159,
#6160,#6161,#6162,#6163,#6164,#6165,#6166,#6167,#6168,#6169,#6170,#6171,
#6172,#6173,#6174,#6175,#6176,#6177,#6178,#6179,#6180,#6181,#6182,#6183,
#6184,#6185,#6186,#6187,#6188,#6189,#6190,#6191,#6192,#6193,#6194,#6195,
#6196,#6197,#6198,#6199,#6200,#6201,#6202,#6203,#6204,#6205,#6206,#6207,
#6208,#6209,#6210,#6211,#6212,#6213,#6214,#6215,#6216,#6217,#6218,#6219,
#6220,#6221,#6222,#6223,#6224,#6225,#6226),.UNSPECIFIED.,.F.,.F.,(4,3,3,
3,3,3,3,3,3,3,3,3,3,3,3,3,3,3,3,3,3,3,3,3,3,3,3,3,4),(0.,0.025933866941738,
0.0530588496422883,0.0767932095052698,0.0884328081464588,0.0946180794654742,
0.0985942748027167,0.124586462282577,0.150459490406833,0.17357804994166,
0.192483637343335,0.1965943336752,0.221324526412939,0.24293372854614,0.268241697989765,
0.280710707088919,0.284778114064805,0.309356789087377,0.334007854213121,
0.35830049210665,0.368641406316898,0.372723497207897,0.396441391673361,
0.41352738123319,0.420872696729947,0.427253250764663,0.450050161172849,
0.464785349912679,0.47402260125476),.UNSPECIFIED.);
#428=B_SPLINE_CURVE_WITH_KNOTS('',3,(#6228,#6229,#6230,#6231,#6232,#6233,
#6234,#6235,#6236,#6237,#6238,#6239,#6240,#6241,#6242,#6243,#6244,#6245,
#6246,#6247,#6248,#6249,#6250,#6251,#6252,#6253,#6254,#6255,#6256,#6257,
#6258,#6259,#6260,#6261,#6262,#6263,#6264,#6265,#6266,#6267,#6268,#6269,
#6270,#6271,#6272,#6273,#6274,#6275,#6276,#6277,#6278,#6279,#6280,#6281,
#6282,#6283,#6284,#6285,#6286,#6287,#6288,#6289,#6290,#6291,#6292,#6293,
#6294,#6295,#6296,#6297,#6298,#6299,#6300,#6301,#6302,#6303,#6304,#6305,
#6306,#6307,#6308,#6309,#6310,#6311,#6312,#6313,#6314,#6315),
 .UNSPECIFIED.,.F.,.F.,(4,3,3,3,3,3,3,3,3,3,3,3,3,3,3,3,3,3,3,3,3,3,3,3,
3,3,3,3,3,4),(0.,0.0222908691104612,0.045201231812414,0.0670831723535553,
0.0766565213403046,0.0830376240117939,0.0867519238759966,0.110723758363479,
0.135085157937461,0.156378057488482,0.165634147218379,0.169960708944488,
0.173757147972349,0.198830204711222,0.220256756141545,0.244670084782179,
0.258429905638938,0.264117684351253,0.2891097996149,0.31463973899092,0.340413546497622,
0.352555109080945,0.358109916310767,0.384472249898155,0.403626738942199,
0.412265767591654,0.417471393417705,0.444084135342265,0.461090206074332,
0.472119585381853),.UNSPECIFIED.);
#429=B_SPLINE_CURVE_WITH_KNOTS('',3,(#6316,#6317,#6318,#6319,#6320,#6321,
#6322,#6323,#6324,#6325,#6326,#6327,#6328,#6329,#6330,#6331,#6332,#6333,
#6334,#6335,#6336,#6337,#6338,#6339,#6340,#6341,#6342,#6343,#6344,#6345,
#6346,#6347,#6348,#6349,#6350,#6351,#6352,#6353,#6354,#6355,#6356,#6357,
#6358,#6359,#6360,#6361,#6362,#6363,#6364,#6365,#6366,#6367,#6368,#6369,
#6370,#6371,#6372,#6373,#6374,#6375,#6376,#6377,#6378,#6379,#6380,#6381,
#6382,#6383,#6384,#6385,#6386,#6387,#6388,#6389,#6390,#6391,#6392,#6393,
#6394,#6395,#6396,#6397,#6398,#6399,#6400),.UNSPECIFIED.,.F.,.F.,(4,3,3,
3,3,3,3,3,3,3,3,3,3,3,3,3,3,3,3,3,3,3,3,3,3,3,3,3,4),(0.,0.0259308275077637,
0.0530561901375649,0.0767908824386411,0.0884293359336093,0.09461571620038,
0.0985919432961203,0.124583945704336,0.150457789181338,0.173576774022547,
0.192481073832239,0.196593798255594,0.221324952019006,0.242933728546174,
0.268241597314203,0.280710981335683,0.284778473500606,0.30935711809925,
0.334008131335826,0.358301350341009,0.368645072406663,0.372724807022534,
0.396443388511509,0.413528878861824,0.420875262492107,0.427253876501248,
0.450052222223434,0.464785349912768,0.474022601254853),.UNSPECIFIED.);
#430=B_SPLINE_CURVE_WITH_KNOTS('',3,(#6412,#6413,#6414,#6415,#6416,#6417,
#6418,#6419,#6420,#6421,#6422),.UNSPECIFIED.,.F.,.F.,(4,1,1,1,1,1,1,1,4),
(15.707963267949,15.7982281360275,16.7810541114027,17.763880086778,18.7467060621533,
19.7295320375286,20.7123580129039,21.6951839882791,21.9911485751285),
 .UNSPECIFIED.);
#431=B_SPLINE_CURVE_WITH_KNOTS('',3,(#6423,#6424,#6425,#6426,#6427,#6428,
#6429,#6430,#6431,#6432),.UNSPECIFIED.,.F.,.F.,(4,1,1,1,1,1,1,4),(15.7079632679489,
16.3642788026429,17.3471047780182,18.3299307533935,19.3127567287688,20.2955827041441,
21.2784086795193,21.9911485751285),.UNSPECIFIED.);
#432=B_SPLINE_CURVE_WITH_KNOTS('',3,(#6613,#6614,#6615,#6616,#6617,#6618,
#6619,#6620,#6621,#6622,#6623,#6624,#6625,#6626,#6627,#6628,#6629,#6630,
#6631,#6632,#6633,#6634,#6635,#6636,#6637,#6638,#6639,#6640,#6641,#6642,
#6643,#6644,#6645,#6646,#6647,#6648,#6649,#6650,#6651,#6652,#6653,#6654,
#6655,#6656,#6657,#6658,#6659,#6660,#6661,#6662,#6663,#6664,#6665,#6666,
#6667,#6668,#6669,#6670,#6671,#6672,#6673,#6674,#6675,#6676,#6677,#6678,
#6679,#6680,#6681,#6682,#6683,#6684,#6685,#6686,#6687,#6688,#6689,#6690,
#6691,#6692,#6693,#6694,#6695,#6696,#6697,#6698,#6699,#6700),
 .UNSPECIFIED.,.F.,.F.,(4,3,3,3,3,3,3,3,3,3,3,3,3,3,3,3,3,3,3,3,3,3,3,3,
3,3,3,3,3,4),(0.,0.0222909209471018,0.0452013298682951,0.0670832581524513,
0.0766566017767696,0.0830377179479476,0.0867520486729774,0.110723921342348,
0.135085337993329,0.156378192530383,0.165634170484435,0.169960841650188,
0.17375727095016,0.198830323605464,0.220256756141545,0.24467006025109,0.258429854493301,
0.264117683429573,0.28910977202015,0.314639697232979,0.340413502109281,
0.352555085337268,0.358109910220704,0.384472242541007,0.403626733424334,
0.412265740854885,0.417471347164989,0.444084090155116,0.461090206074314,
0.472119585381835),.UNSPECIFIED.);
#433=B_SPLINE_CURVE_WITH_KNOTS('',3,(#6701,#6702,#6703,#6704,#6705,#6706,
#6707,#6708,#6709,#6710,#6711,#6712,#6713,#6714,#6715,#6716,#6717,#6718,
#6719,#6720,#6721,#6722),.UNSPECIFIED.,.F.,.F.,(4,3,3,3,3,3,3,4),(-35.2569655693205,
-34.3989091381348,-33.4160831627595,-32.4332571873843,-31.450431212009,
-30.4676052366337,-29.4847792612584,-28.973780262141),.UNSPECIFIED.);
#434=B_SPLINE_CURVE_WITH_KNOTS('',3,(#6903,#6904,#6905,#6906,#6907,#6908,
#6909,#6910,#6911,#6912,#6913,#6914,#6915,#6916,#6917,#6918,#6919,#6920,
#6921,#6922,#6923,#6924),.UNSPECIFIED.,.F.,.F.,(4,3,3,3,3,3,3,4),(32.7252629519545,
33.4160831627596,34.3989091381348,35.3817351135101,36.3645610888854,37.3473870642607,
38.330213039636,39.0084482591341),.UNSPECIFIED.);
#435=B_SPLINE_CURVE_WITH_KNOTS('',3,(#6925,#6926,#6927,#6928,#6929,#6930,
#6931,#6932,#6933,#6934,#6935,#6936,#6937,#6938,#6939,#6940,#6941,#6942,
#6943,#6944,#6945,#6946,#6947,#6948,#6949,#6950,#6951,#6952,#6953,#6954,
#6955,#6956,#6957,#6958,#6959,#6960,#6961,#6962,#6963,#6964,#6965,#6966,
#6967,#6968,#6969,#6970,#6971,#6972,#6973,#6974,#6975,#6976,#6977,#6978,
#6979,#6980,#6981,#6982,#6983,#6984,#6985,#6986,#6987,#6988,#6989,#6990,
#6991,#6992,#6993,#6994,#6995,#6996,#6997,#6998,#6999,#7000,#7001,#7002,
#7003,#7004,#7005,#7006,#7007,#7008,#7009),.UNSPECIFIED.,.F.,.F.,(4,3,3,
3,3,3,3,3,3,3,3,3,3,3,3,3,3,3,3,3,3,3,3,3,3,3,3,3,4),(0.,0.0259307838827348,
0.0530561519656661,0.0767908490382311,0.0884292859355444,0.0946156791795806,
0.0985919074319488,0.124583906867619,0.150457761689451,0.173576753403635,
0.192481031479156,0.196593789651975,0.221324956841207,0.242933728546186,
0.268241595713392,0.280710984654978,0.284778478014969,0.309357122034726,
0.33400813414666,0.358301360605299,0.368645117796747,0.372724823667184,
0.396443414068398,0.413528898029492,0.420875296254154,0.42725388495243,
0.450052249863842,0.464785349912774,0.474022601254858),.UNSPECIFIED.);
#436=LINE('',#2160,#520);
#437=LINE('',#2199,#521);
#438=LINE('',#2253,#522);
#439=LINE('',#2301,#523);
#440=LINE('',#2352,#524);
#441=LINE('',#2403,#525);
#442=LINE('',#2436,#526);
#443=LINE('',#2475,#527);
#444=LINE('',#2529,#528);
#445=LINE('',#2577,#529);
#446=LINE('',#2628,#530);
#447=LINE('',#2679,#531);
#448=LINE('',#2712,#532);
#449=LINE('',#2751,#533);
#450=LINE('',#2805,#534);
#451=LINE('',#2853,#535);
#452=LINE('',#2904,#536);
#453=LINE('',#2955,#537);
#454=LINE('',#2988,#538);
#455=LINE('',#3027,#539);
#456=LINE('',#3081,#540);
#457=LINE('',#3129,#541);
#458=LINE('',#3180,#542);
#459=LINE('',#3231,#543);
#460=LINE('',#3264,#544);
#461=LINE('',#3274,#545);
#462=LINE('',#3300,#546);
#463=LINE('',#3325,#547);
#464=LINE('',#3349,#548);
#465=LINE('',#3374,#549);
#466=LINE('',#3399,#550);
#467=LINE('',#3416,#551);
#468=LINE('',#3426,#552);
#469=LINE('',#3452,#553);
#470=LINE('',#3477,#554);
#471=LINE('',#3501,#555);
#472=LINE('',#3526,#556);
#473=LINE('',#3551,#557);
#474=LINE('',#3568,#558);
#475=LINE('',#3578,#559);
#476=LINE('',#3604,#560);
#477=LINE('',#3629,#561);
#478=LINE('',#3653,#562);
#479=LINE('',#3678,#563);
#480=LINE('',#3703,#564);
#481=LINE('',#3720,#565);
#482=LINE('',#3730,#566);
#483=LINE('',#3756,#567);
#484=LINE('',#3781,#568);
#485=LINE('',#3805,#569);
#486=LINE('',#3830,#570);
#487=LINE('',#3855,#571);
#488=LINE('',#3872,#572);
#489=LINE('',#3874,#573);
#490=LINE('',#3876,#574);
#491=LINE('',#3877,#575);
#492=LINE('',#3880,#576);
#493=LINE('',#3882,#577);
#494=LINE('',#3883,#578);
#495=LINE('',#3886,#579);
#496=LINE('',#3888,#580);
#497=LINE('',#3889,#581);
#498=LINE('',#3891,#582);
#499=LINE('',#3892,#583);
#500=LINE('',#3896,#584);
#501=LINE('',#3898,#585);
#502=LINE('',#3900,#586);
#503=LINE('',#3901,#587);
#504=LINE('',#3905,#588);
#505=LINE('',#3907,#589);
#506=LINE('',#3909,#590);
#507=LINE('',#3910,#591);
#508=LINE('',#6404,#592);
#509=LINE('',#6408,#593);
#510=LINE('',#7014,#594);
#511=LINE('',#7020,#595);
#512=LINE('',#7027,#596);
#513=LINE('',#7028,#597);
#514=LINE('',#7032,#598);
#515=LINE('',#7034,#599);
#516=LINE('',#7036,#600);
#517=LINE('',#7049,#601);
#518=LINE('',#7055,#602);
#519=LINE('',#7061,#603);
#520=VECTOR('',#1831,2.5);
#521=VECTOR('',#1836,2.5);
#522=VECTOR('',#1839,2.5);
#523=VECTOR('',#1842,2.5);
#524=VECTOR('',#1845,2.5);
#525=VECTOR('',#1848,2.5);
#526=VECTOR('',#1853,2.5);
#527=VECTOR('',#1858,2.5);
#528=VECTOR('',#1861,2.5);
#529=VECTOR('',#1864,2.5);
#530=VECTOR('',#1867,2.5);
#531=VECTOR('',#1870,2.5);
#532=VECTOR('',#1875,2.5);
#533=VECTOR('',#1880,2.5);
#534=VECTOR('',#1883,2.5);
#535=VECTOR('',#1886,2.5);
#536=VECTOR('',#1889,2.5);
#537=VECTOR('',#1892,2.5);
#538=VECTOR('',#1897,2.5);
#539=VECTOR('',#1902,2.5);
#540=VECTOR('',#1905,2.5);
#541=VECTOR('',#1908,2.5);
#542=VECTOR('',#1911,2.5);
#543=VECTOR('',#1914,2.5);
#544=VECTOR('',#1919,2.55999999999999);
#545=VECTOR('',#1924,2.55999999999999);
#546=VECTOR('',#1929,2.55999999999999);
#547=VECTOR('',#1932,2.55999999999999);
#548=VECTOR('',#1935,2.55999999999999);
#549=VECTOR('',#1938,2.55999999999999);
#550=VECTOR('',#1941,2.55999999999999);
#551=VECTOR('',#1946,2.56);
#552=VECTOR('',#1951,2.56);
#553=VECTOR('',#1956,2.56);
#554=VECTOR('',#1959,2.56);
#555=VECTOR('',#1962,2.56);
#556=VECTOR('',#1965,2.56);
#557=VECTOR('',#1968,2.56);
#558=VECTOR('',#1973,2.56000000000001);
#559=VECTOR('',#1978,2.56000000000001);
#560=VECTOR('',#1983,2.56000000000001);
#561=VECTOR('',#1986,2.56000000000001);
#562=VECTOR('',#1989,2.56000000000001);
#563=VECTOR('',#1992,2.56000000000001);
#564=VECTOR('',#1995,2.56000000000001);
#565=VECTOR('',#2000,2.56);
#566=VECTOR('',#2005,2.56);
#567=VECTOR('',#2010,2.56);
#568=VECTOR('',#2013,2.56);
#569=VECTOR('',#2016,2.56);
#570=VECTOR('',#2019,2.56);
#571=VECTOR('',#2022,2.56);
#572=VECTOR('',#2027,10.);
#573=VECTOR('',#2028,10.);
#574=VECTOR('',#2029,10.);
#575=VECTOR('',#2030,10.);
#576=VECTOR('',#2033,10.);
#577=VECTOR('',#2034,10.);
#578=VECTOR('',#2035,10.);
#579=VECTOR('',#2038,10.);
#580=VECTOR('',#2039,10.);
#581=VECTOR('',#2040,10.);
#582=VECTOR('',#2043,10.);
#583=VECTOR('',#2044,10.);
#584=VECTOR('',#2047,10.);
#585=VECTOR('',#2048,10.);
#586=VECTOR('',#2049,10.);
#587=VECTOR('',#2050,10.);
#588=VECTOR('',#2053,10.);
#589=VECTOR('',#2054,10.);
#590=VECTOR('',#2055,10.);
#591=VECTOR('',#2056,10.);
#592=VECTOR('',#2067,10.);
#593=VECTOR('',#2070,10.);
#594=VECTOR('',#2081,2.);
#595=VECTOR('',#2090,10.);
#596=VECTOR('',#2099,10.);
#597=VECTOR('',#2100,10.);
#598=VECTOR('',#2105,10.);
#599=VECTOR('',#2108,10.);
#600=VECTOR('',#2111,10.);
#601=VECTOR('',#2130,5.);
#602=VECTOR('',#2139,19.05);
#603=VECTOR('',#2146,2.);
#604=VERTEX_POINT('',#2158);
#605=VERTEX_POINT('',#2159);
#606=VERTEX_POINT('',#2161);
#607=VERTEX_POINT('',#2175);
#608=VERTEX_POINT('',#2197);
#609=VERTEX_POINT('',#2198);
#610=VERTEX_POINT('',#2251);
#611=VERTEX_POINT('',#2252);
#612=VERTEX_POINT('',#2299);
#613=VERTEX_POINT('',#2300);
#614=VERTEX_POINT('',#2350);
#615=VERTEX_POINT('',#2351);
#616=VERTEX_POINT('',#2401);
#617=VERTEX_POINT('',#2402);
#618=VERTEX_POINT('',#2404);
#619=VERTEX_POINT('',#2415);
#620=VERTEX_POINT('',#2434);
#621=VERTEX_POINT('',#2435);
#622=VERTEX_POINT('',#2437);
#623=VERTEX_POINT('',#2451);
#624=VERTEX_POINT('',#2473);
#625=VERTEX_POINT('',#2474);
#626=VERTEX_POINT('',#2527);
#627=VERTEX_POINT('',#2528);
#628=VERTEX_POINT('',#2575);
#629=VERTEX_POINT('',#2576);
#630=VERTEX_POINT('',#2626);
#631=VERTEX_POINT('',#2627);
#632=VERTEX_POINT('',#2677);
#633=VERTEX_POINT('',#2678);
#634=VERTEX_POINT('',#2680);
#635=VERTEX_POINT('',#2691);
#636=VERTEX_POINT('',#2710);
#637=VERTEX_POINT('',#2711);
#638=VERTEX_POINT('',#2713);
#639=VERTEX_POINT('',#2727);
#640=VERTEX_POINT('',#2749);
#641=VERTEX_POINT('',#2750);
#642=VERTEX_POINT('',#2803);
#643=VERTEX_POINT('',#2804);
#644=VERTEX_POINT('',#2851);
#645=VERTEX_POINT('',#2852);
#646=VERTEX_POINT('',#2902);
#647=VERTEX_POINT('',#2903);
#648=VERTEX_POINT('',#2953);
#649=VERTEX_POINT('',#2954);
#650=VERTEX_POINT('',#2956);
#651=VERTEX_POINT('',#2967);
#652=VERTEX_POINT('',#2986);
#653=VERTEX_POINT('',#2987);
#654=VERTEX_POINT('',#2989);
#655=VERTEX_POINT('',#3003);
#656=VERTEX_POINT('',#3025);
#657=VERTEX_POINT('',#3026);
#658=VERTEX_POINT('',#3079);
#659=VERTEX_POINT('',#3080);
#660=VERTEX_POINT('',#3127);
#661=VERTEX_POINT('',#3128);
#662=VERTEX_POINT('',#3178);
#663=VERTEX_POINT('',#3179);
#664=VERTEX_POINT('',#3229);
#665=VERTEX_POINT('',#3230);
#666=VERTEX_POINT('',#3232);
#667=VERTEX_POINT('',#3243);
#668=VERTEX_POINT('',#3262);
#669=VERTEX_POINT('',#3263);
#670=VERTEX_POINT('',#3265);
#671=VERTEX_POINT('',#3272);
#672=VERTEX_POINT('',#3273);
#673=VERTEX_POINT('',#3275);
#674=VERTEX_POINT('',#3298);
#675=VERTEX_POINT('',#3299);
#676=VERTEX_POINT('',#3323);
#677=VERTEX_POINT('',#3324);
#678=VERTEX_POINT('',#3347);
#679=VERTEX_POINT('',#3348);
#680=VERTEX_POINT('',#3372);
#681=VERTEX_POINT('',#3373);
#682=VERTEX_POINT('',#3397);
#683=VERTEX_POINT('',#3398);
#684=VERTEX_POINT('',#3400);
#685=VERTEX_POINT('',#3406);
#686=VERTEX_POINT('',#3414);
#687=VERTEX_POINT('',#3415);
#688=VERTEX_POINT('',#3417);
#689=VERTEX_POINT('',#3424);
#690=VERTEX_POINT('',#3425);
#691=VERTEX_POINT('',#3427);
#692=VERTEX_POINT('',#3450);
#693=VERTEX_POINT('',#3451);
#694=VERTEX_POINT('',#3475);
#695=VERTEX_POINT('',#3476);
#696=VERTEX_POINT('',#3499);
#697=VERTEX_POINT('',#3500);
#698=VERTEX_POINT('',#3524);
#699=VERTEX_POINT('',#3525);
#700=VERTEX_POINT('',#3549);
#701=VERTEX_POINT('',#3550);
#702=VERTEX_POINT('',#3552);
#703=VERTEX_POINT('',#3558);
#704=VERTEX_POINT('',#3566);
#705=VERTEX_POINT('',#3567);
#706=VERTEX_POINT('',#3569);
#707=VERTEX_POINT('',#3576);
#708=VERTEX_POINT('',#3577);
#709=VERTEX_POINT('',#3579);
#710=VERTEX_POINT('',#3602);
#711=VERTEX_POINT('',#3603);
#712=VERTEX_POINT('',#3627);
#713=VERTEX_POINT('',#3628);
#714=VERTEX_POINT('',#3651);
#715=VERTEX_POINT('',#3652);
#716=VERTEX_POINT('',#3676);
#717=VERTEX_POINT('',#3677);
#718=VERTEX_POINT('',#3701);
#719=VERTEX_POINT('',#3702);
#720=VERTEX_POINT('',#3704);
#721=VERTEX_POINT('',#3710);
#722=VERTEX_POINT('',#3718);
#723=VERTEX_POINT('',#3719);
#724=VERTEX_POINT('',#3721);
#725=VERTEX_POINT('',#3728);
#726=VERTEX_POINT('',#3729);
#727=VERTEX_POINT('',#3731);
#728=VERTEX_POINT('',#3754);
#729=VERTEX_POINT('',#3755);
#730=VERTEX_POINT('',#3779);
#731=VERTEX_POINT('',#3780);
#732=VERTEX_POINT('',#3803);
#733=VERTEX_POINT('',#3804);
#734=VERTEX_POINT('',#3828);
#735=VERTEX_POINT('',#3829);
#736=VERTEX_POINT('',#3853);
#737=VERTEX_POINT('',#3854);
#738=VERTEX_POINT('',#3856);
#739=VERTEX_POINT('',#3862);
#740=VERTEX_POINT('',#3870);
#741=VERTEX_POINT('',#3871);
#742=VERTEX_POINT('',#3873);
#743=VERTEX_POINT('',#3875);
#744=VERTEX_POINT('',#3879);
#745=VERTEX_POINT('',#3881);
#746=VERTEX_POINT('',#3885);
#747=VERTEX_POINT('',#3887);
#748=VERTEX_POINT('',#3894);
#749=VERTEX_POINT('',#3895);
#750=VERTEX_POINT('',#3897);
#751=VERTEX_POINT('',#3899);
#752=VERTEX_POINT('',#3903);
#753=VERTEX_POINT('',#3904);
#754=VERTEX_POINT('',#3906);
#755=VERTEX_POINT('',#3908);
#756=VERTEX_POINT('',#6401);
#757=VERTEX_POINT('',#6403);
#758=VERTEX_POINT('',#6405);
#759=VERTEX_POINT('',#6407);
#760=VERTEX_POINT('',#7011);
#761=VERTEX_POINT('',#7013);
#762=VERTEX_POINT('',#7018);
#763=VERTEX_POINT('',#7024);
#764=VERTEX_POINT('',#7025);
#765=VERTEX_POINT('',#7030);
#766=VERTEX_POINT('',#7039);
#767=VERTEX_POINT('',#7046);
#768=VERTEX_POINT('',#7048);
#769=VERTEX_POINT('',#7053);
#770=VERTEX_POINT('',#7058);
#771=VERTEX_POINT('',#7060);
#772=EDGE_CURVE('',#604,#605,#436,.T.);
#773=EDGE_CURVE('',#605,#606,#304,.T.);
#774=EDGE_CURVE('',#607,#606,#268,.F.);
#775=EDGE_CURVE('',#607,#604,#305,.T.);
#776=EDGE_CURVE('',#608,#609,#437,.T.);
#777=EDGE_CURVE('',#609,#605,#306,.T.);
#778=EDGE_CURVE('',#604,#608,#307,.T.);
#779=EDGE_CURVE('',#610,#611,#438,.T.);
#780=EDGE_CURVE('',#611,#609,#308,.T.);
#781=EDGE_CURVE('',#608,#610,#309,.T.);
#782=EDGE_CURVE('',#612,#613,#439,.T.);
#783=EDGE_CURVE('',#613,#611,#310,.T.);
#784=EDGE_CURVE('',#610,#612,#311,.T.);
#785=EDGE_CURVE('',#614,#615,#440,.T.);
#786=EDGE_CURVE('',#615,#613,#312,.T.);
#787=EDGE_CURVE('',#612,#614,#313,.T.);
#788=EDGE_CURVE('',#616,#617,#441,.T.);
#789=EDGE_CURVE('',#616,#618,#314,.T.);
#790=EDGE_CURVE('',#618,#619,#269,.T.);
#791=EDGE_CURVE('',#619,#617,#315,.T.);
#792=EDGE_CURVE('',#620,#621,#442,.T.);
#793=EDGE_CURVE('',#621,#622,#316,.T.);
#794=EDGE_CURVE('',#623,#622,#270,.F.);
#795=EDGE_CURVE('',#623,#620,#317,.T.);
#796=EDGE_CURVE('',#624,#625,#443,.T.);
#797=EDGE_CURVE('',#625,#621,#318,.T.);
#798=EDGE_CURVE('',#620,#624,#319,.T.);
#799=EDGE_CURVE('',#626,#627,#444,.T.);
#800=EDGE_CURVE('',#627,#625,#320,.T.);
#801=EDGE_CURVE('',#624,#626,#321,.T.);
#802=EDGE_CURVE('',#628,#629,#445,.T.);
#803=EDGE_CURVE('',#629,#627,#322,.T.);
#804=EDGE_CURVE('',#626,#628,#323,.T.);
#805=EDGE_CURVE('',#630,#631,#446,.T.);
#806=EDGE_CURVE('',#631,#629,#324,.T.);
#807=EDGE_CURVE('',#628,#630,#325,.T.);
#808=EDGE_CURVE('',#632,#633,#447,.T.);
#809=EDGE_CURVE('',#632,#634,#326,.T.);
#810=EDGE_CURVE('',#634,#635,#271,.T.);
#811=EDGE_CURVE('',#635,#633,#327,.T.);
#812=EDGE_CURVE('',#636,#637,#448,.T.);
#813=EDGE_CURVE('',#637,#638,#328,.T.);
#814=EDGE_CURVE('',#639,#638,#272,.F.);
#815=EDGE_CURVE('',#639,#636,#329,.T.);
#816=EDGE_CURVE('',#640,#641,#449,.T.);
#817=EDGE_CURVE('',#641,#637,#330,.T.);
#818=EDGE_CURVE('',#636,#640,#331,.T.);
#819=EDGE_CURVE('',#642,#643,#450,.T.);
#820=EDGE_CURVE('',#643,#641,#332,.T.);
#821=EDGE_CURVE('',#640,#642,#333,.T.);
#822=EDGE_CURVE('',#644,#645,#451,.T.);
#823=EDGE_CURVE('',#645,#643,#334,.T.);
#824=EDGE_CURVE('',#642,#644,#335,.T.);
#825=EDGE_CURVE('',#646,#647,#452,.T.);
#826=EDGE_CURVE('',#647,#645,#336,.T.);
#827=EDGE_CURVE('',#644,#646,#337,.T.);
#828=EDGE_CURVE('',#648,#649,#453,.T.);
#829=EDGE_CURVE('',#648,#650,#338,.T.);
#830=EDGE_CURVE('',#650,#651,#273,.T.);
#831=EDGE_CURVE('',#651,#649,#339,.T.);
#832=EDGE_CURVE('',#652,#653,#454,.T.);
#833=EDGE_CURVE('',#653,#654,#340,.T.);
#834=EDGE_CURVE('',#655,#654,#274,.F.);
#835=EDGE_CURVE('',#655,#652,#341,.T.);
#836=EDGE_CURVE('',#656,#657,#455,.T.);
#837=EDGE_CURVE('',#657,#653,#342,.T.);
#838=EDGE_CURVE('',#652,#656,#343,.T.);
#839=EDGE_CURVE('',#658,#659,#456,.T.);
#840=EDGE_CURVE('',#659,#657,#344,.T.);
#841=EDGE_CURVE('',#656,#658,#345,.T.);
#842=EDGE_CURVE('',#660,#661,#457,.T.);
#843=EDGE_CURVE('',#661,#659,#346,.T.);
#844=EDGE_CURVE('',#658,#660,#347,.T.);
#845=EDGE_CURVE('',#662,#663,#458,.T.);
#846=EDGE_CURVE('',#663,#661,#348,.T.);
#847=EDGE_CURVE('',#660,#662,#349,.T.);
#848=EDGE_CURVE('',#664,#665,#459,.T.);
#849=EDGE_CURVE('',#664,#666,#350,.T.);
#850=EDGE_CURVE('',#666,#667,#275,.T.);
#851=EDGE_CURVE('',#667,#665,#351,.T.);
#852=EDGE_CURVE('',#668,#669,#460,.T.);
#853=EDGE_CURVE('',#670,#669,#276,.T.);
#854=EDGE_CURVE('',#668,#670,#352,.T.);
#855=EDGE_CURVE('',#671,#672,#461,.T.);
#856=EDGE_CURVE('',#672,#673,#353,.T.);
#857=EDGE_CURVE('',#669,#673,#277,.T.);
#858=EDGE_CURVE('',#671,#668,#354,.T.);
#859=EDGE_CURVE('',#674,#675,#462,.T.);
#860=EDGE_CURVE('',#675,#672,#355,.T.);
#861=EDGE_CURVE('',#674,#671,#356,.T.);
#862=EDGE_CURVE('',#676,#677,#463,.T.);
#863=EDGE_CURVE('',#677,#675,#357,.T.);
#864=EDGE_CURVE('',#676,#674,#358,.T.);
#865=EDGE_CURVE('',#678,#679,#464,.T.);
#866=EDGE_CURVE('',#679,#677,#359,.T.);
#867=EDGE_CURVE('',#678,#676,#360,.T.);
#868=EDGE_CURVE('',#680,#681,#465,.T.);
#869=EDGE_CURVE('',#681,#679,#361,.T.);
#870=EDGE_CURVE('',#680,#678,#362,.T.);
#871=EDGE_CURVE('',#682,#683,#466,.T.);
#872=EDGE_CURVE('',#684,#682,#363,.T.);
#873=EDGE_CURVE('',#685,#684,#278,.T.);
#874=EDGE_CURVE('',#685,#683,#364,.T.);
#875=EDGE_CURVE('',#686,#687,#467,.T.);
#876=EDGE_CURVE('',#688,#687,#279,.T.);
#877=EDGE_CURVE('',#686,#688,#365,.T.);
#878=EDGE_CURVE('',#689,#690,#468,.T.);
#879=EDGE_CURVE('',#690,#691,#366,.T.);
#880=EDGE_CURVE('',#687,#691,#280,.T.);
#881=EDGE_CURVE('',#689,#686,#367,.T.);
#882=EDGE_CURVE('',#692,#693,#469,.T.);
#883=EDGE_CURVE('',#693,#690,#368,.T.);
#884=EDGE_CURVE('',#692,#689,#369,.T.);
#885=EDGE_CURVE('',#694,#695,#470,.T.);
#886=EDGE_CURVE('',#695,#693,#370,.T.);
#887=EDGE_CURVE('',#694,#692,#371,.T.);
#888=EDGE_CURVE('',#696,#697,#471,.T.);
#889=EDGE_CURVE('',#697,#695,#372,.T.);
#890=EDGE_CURVE('',#696,#694,#373,.T.);
#891=EDGE_CURVE('',#698,#699,#472,.T.);
#892=EDGE_CURVE('',#699,#697,#374,.T.);
#893=EDGE_CURVE('',#698,#696,#375,.T.);
#894=EDGE_CURVE('',#700,#701,#473,.T.);
#895=EDGE_CURVE('',#702,#700,#376,.T.);
#896=EDGE_CURVE('',#703,#702,#281,.T.);
#897=EDGE_CURVE('',#703,#701,#377,.T.);
#898=EDGE_CURVE('',#704,#705,#474,.T.);
#899=EDGE_CURVE('',#706,#705,#282,.T.);
#900=EDGE_CURVE('',#704,#706,#378,.T.);
#901=EDGE_CURVE('',#707,#708,#475,.T.);
#902=EDGE_CURVE('',#708,#709,#379,.T.);
#903=EDGE_CURVE('',#705,#709,#283,.T.);
#904=EDGE_CURVE('',#707,#704,#380,.T.);
#905=EDGE_CURVE('',#710,#711,#476,.T.);
#906=EDGE_CURVE('',#711,#708,#381,.T.);
#907=EDGE_CURVE('',#710,#707,#382,.T.);
#908=EDGE_CURVE('',#712,#713,#477,.T.);
#909=EDGE_CURVE('',#713,#711,#383,.T.);
#910=EDGE_CURVE('',#712,#710,#384,.T.);
#911=EDGE_CURVE('',#714,#715,#478,.T.);
#912=EDGE_CURVE('',#715,#713,#385,.T.);
#913=EDGE_CURVE('',#714,#712,#386,.T.);
#914=EDGE_CURVE('',#716,#717,#479,.T.);
#915=EDGE_CURVE('',#717,#715,#387,.T.);
#916=EDGE_CURVE('',#716,#714,#388,.T.);
#917=EDGE_CURVE('',#718,#719,#480,.T.);
#918=EDGE_CURVE('',#720,#718,#389,.T.);
#919=EDGE_CURVE('',#721,#720,#284,.T.);
#920=EDGE_CURVE('',#721,#719,#390,.T.);
#921=EDGE_CURVE('',#722,#723,#481,.T.);
#922=EDGE_CURVE('',#724,#723,#285,.T.);
#923=EDGE_CURVE('',#722,#724,#391,.T.);
#924=EDGE_CURVE('',#725,#726,#482,.T.);
#925=EDGE_CURVE('',#726,#727,#392,.T.);
#926=EDGE_CURVE('',#723,#727,#286,.T.);
#927=EDGE_CURVE('',#725,#722,#393,.T.);
#928=EDGE_CURVE('',#728,#729,#483,.T.);
#929=EDGE_CURVE('',#729,#726,#394,.T.);
#930=EDGE_CURVE('',#728,#725,#395,.T.);
#931=EDGE_CURVE('',#730,#731,#484,.T.);
#932=EDGE_CURVE('',#731,#729,#396,.T.);
#933=EDGE_CURVE('',#730,#728,#397,.T.);
#934=EDGE_CURVE('',#732,#733,#485,.T.);
#935=EDGE_CURVE('',#733,#731,#398,.T.);
#936=EDGE_CURVE('',#732,#730,#399,.T.);
#937=EDGE_CURVE('',#734,#735,#486,.T.);
#938=EDGE_CURVE('',#735,#733,#400,.T.);
#939=EDGE_CURVE('',#734,#732,#401,.T.);
#940=EDGE_CURVE('',#736,#737,#487,.T.);
#941=EDGE_CURVE('',#738,#736,#402,.T.);
#942=EDGE_CURVE('',#739,#738,#287,.T.);
#943=EDGE_CURVE('',#739,#737,#403,.T.);
#944=EDGE_CURVE('',#740,#741,#488,.T.);
#945=EDGE_CURVE('',#741,#742,#489,.T.);
#946=EDGE_CURVE('',#743,#742,#490,.T.);
#947=EDGE_CURVE('',#740,#743,#491,.T.);
#948=EDGE_CURVE('',#744,#740,#492,.T.);
#949=EDGE_CURVE('',#745,#743,#493,.T.);
#950=EDGE_CURVE('',#744,#745,#494,.T.);
#951=EDGE_CURVE('',#746,#744,#495,.T.);
#952=EDGE_CURVE('',#747,#745,#496,.T.);
#953=EDGE_CURVE('',#746,#747,#497,.T.);
#954=EDGE_CURVE('',#746,#741,#498,.T.);
#955=EDGE_CURVE('',#742,#747,#499,.T.);
#956=EDGE_CURVE('',#748,#749,#500,.T.);
#957=EDGE_CURVE('',#749,#750,#501,.T.);
#958=EDGE_CURVE('',#751,#750,#502,.T.);
#959=EDGE_CURVE('',#751,#748,#503,.T.);
#960=EDGE_CURVE('',#752,#753,#504,.T.);
#961=EDGE_CURVE('',#753,#754,#505,.T.);
#962=EDGE_CURVE('',#755,#754,#506,.T.);
#963=EDGE_CURVE('',#755,#752,#507,.T.);
#964=EDGE_CURVE('',#737,#735,#404,.T.);
#965=EDGE_CURVE('',#736,#734,#405,.T.);
#966=EDGE_CURVE('',#727,#635,#406,.T.);
#967=EDGE_CURVE('',#622,#739,#407,.T.);
#968=EDGE_CURVE('',#633,#631,#408,.T.);
#969=EDGE_CURVE('',#634,#724,#409,.T.);
#970=EDGE_CURVE('',#630,#632,#410,.T.);
#971=EDGE_CURVE('',#738,#623,#411,.T.);
#972=EDGE_CURVE('',#719,#717,#412,.T.);
#973=EDGE_CURVE('',#718,#716,#413,.T.);
#974=EDGE_CURVE('',#709,#651,#414,.T.);
#975=EDGE_CURVE('',#638,#721,#415,.T.);
#976=EDGE_CURVE('',#649,#647,#416,.T.);
#977=EDGE_CURVE('',#650,#706,#417,.T.);
#978=EDGE_CURVE('',#646,#648,#418,.T.);
#979=EDGE_CURVE('',#720,#639,#419,.T.);
#980=EDGE_CURVE('',#701,#699,#420,.T.);
#981=EDGE_CURVE('',#700,#698,#421,.T.);
#982=EDGE_CURVE('',#691,#667,#422,.T.);
#983=EDGE_CURVE('',#654,#703,#423,.T.);
#984=EDGE_CURVE('',#665,#663,#424,.T.);
#985=EDGE_CURVE('',#666,#688,#425,.T.);
#986=EDGE_CURVE('',#662,#664,#426,.T.);
#987=EDGE_CURVE('',#702,#655,#427,.T.);
#988=EDGE_CURVE('',#618,#670,#428,.T.);
#989=EDGE_CURVE('',#673,#619,#429,.T.);
#990=EDGE_CURVE('',#756,#748,#288,.T.);
#991=EDGE_CURVE('',#757,#756,#508,.T.);
#992=EDGE_CURVE('',#758,#757,#289,.T.);
#993=EDGE_CURVE('',#759,#758,#509,.T.);
#994=EDGE_CURVE('',#753,#759,#290,.T.);
#995=EDGE_CURVE('',#749,#752,#291,.T.);
#996=EDGE_CURVE('',#683,#681,#430,.T.);
#997=EDGE_CURVE('',#682,#680,#431,.T.);
#998=EDGE_CURVE('',#606,#685,#432,.T.);
#999=EDGE_CURVE('',#617,#615,#433,.T.);
#1000=EDGE_CURVE('',#614,#616,#434,.T.);
#1001=EDGE_CURVE('',#684,#607,#435,.T.);
#1002=EDGE_CURVE('',#760,#760,#292,.T.);
#1003=EDGE_CURVE('',#760,#761,#510,.T.);
#1004=EDGE_CURVE('',#761,#761,#293,.T.);
#1005=EDGE_CURVE('',#754,#762,#294,.T.);
#1006=EDGE_CURVE('',#762,#759,#511,.T.);
#1007=EDGE_CURVE('',#750,#755,#295,.T.);
#1008=EDGE_CURVE('',#763,#764,#296,.T.);
#1009=EDGE_CURVE('',#758,#763,#512,.T.);
#1010=EDGE_CURVE('',#764,#757,#513,.T.);
#1011=EDGE_CURVE('',#765,#751,#297,.T.);
#1012=EDGE_CURVE('',#756,#765,#514,.T.);
#1013=EDGE_CURVE('',#762,#763,#515,.T.);
#1014=EDGE_CURVE('',#764,#765,#516,.T.);
#1015=EDGE_CURVE('',#766,#766,#298,.T.);
#1016=EDGE_CURVE('',#767,#767,#299,.T.);
#1017=EDGE_CURVE('',#767,#768,#517,.T.);
#1018=EDGE_CURVE('',#768,#768,#300,.T.);
#1019=EDGE_CURVE('',#769,#769,#301,.T.);
#1020=EDGE_CURVE('',#769,#766,#518,.T.);
#1021=EDGE_CURVE('',#770,#770,#302,.T.);
#1022=EDGE_CURVE('',#770,#771,#519,.T.);
#1023=EDGE_CURVE('',#771,#771,#303,.T.);
#1024=ORIENTED_EDGE('',*,*,#772,.T.);
#1025=ORIENTED_EDGE('',*,*,#773,.T.);
#1026=ORIENTED_EDGE('',*,*,#774,.F.);
#1027=ORIENTED_EDGE('',*,*,#775,.T.);
#1028=ORIENTED_EDGE('',*,*,#776,.T.);
#1029=ORIENTED_EDGE('',*,*,#777,.T.);
#1030=ORIENTED_EDGE('',*,*,#772,.F.);
#1031=ORIENTED_EDGE('',*,*,#778,.T.);
#1032=ORIENTED_EDGE('',*,*,#779,.T.);
#1033=ORIENTED_EDGE('',*,*,#780,.T.);
#1034=ORIENTED_EDGE('',*,*,#776,.F.);
#1035=ORIENTED_EDGE('',*,*,#781,.T.);
#1036=ORIENTED_EDGE('',*,*,#782,.T.);
#1037=ORIENTED_EDGE('',*,*,#783,.T.);
#1038=ORIENTED_EDGE('',*,*,#779,.F.);
#1039=ORIENTED_EDGE('',*,*,#784,.T.);
#1040=ORIENTED_EDGE('',*,*,#785,.T.);
#1041=ORIENTED_EDGE('',*,*,#786,.T.);
#1042=ORIENTED_EDGE('',*,*,#782,.F.);
#1043=ORIENTED_EDGE('',*,*,#787,.T.);
#1044=ORIENTED_EDGE('',*,*,#788,.F.);
#1045=ORIENTED_EDGE('',*,*,#789,.T.);
#1046=ORIENTED_EDGE('',*,*,#790,.T.);
#1047=ORIENTED_EDGE('',*,*,#791,.T.);
#1048=ORIENTED_EDGE('',*,*,#792,.T.);
#1049=ORIENTED_EDGE('',*,*,#793,.T.);
#1050=ORIENTED_EDGE('',*,*,#794,.F.);
#1051=ORIENTED_EDGE('',*,*,#795,.T.);
#1052=ORIENTED_EDGE('',*,*,#796,.T.);
#1053=ORIENTED_EDGE('',*,*,#797,.T.);
#1054=ORIENTED_EDGE('',*,*,#792,.F.);
#1055=ORIENTED_EDGE('',*,*,#798,.T.);
#1056=ORIENTED_EDGE('',*,*,#799,.T.);
#1057=ORIENTED_EDGE('',*,*,#800,.T.);
#1058=ORIENTED_EDGE('',*,*,#796,.F.);
#1059=ORIENTED_EDGE('',*,*,#801,.T.);
#1060=ORIENTED_EDGE('',*,*,#802,.T.);
#1061=ORIENTED_EDGE('',*,*,#803,.T.);
#1062=ORIENTED_EDGE('',*,*,#799,.F.);
#1063=ORIENTED_EDGE('',*,*,#804,.T.);
#1064=ORIENTED_EDGE('',*,*,#805,.T.);
#1065=ORIENTED_EDGE('',*,*,#806,.T.);
#1066=ORIENTED_EDGE('',*,*,#802,.F.);
#1067=ORIENTED_EDGE('',*,*,#807,.T.);
#1068=ORIENTED_EDGE('',*,*,#808,.F.);
#1069=ORIENTED_EDGE('',*,*,#809,.T.);
#1070=ORIENTED_EDGE('',*,*,#810,.T.);
#1071=ORIENTED_EDGE('',*,*,#811,.T.);
#1072=ORIENTED_EDGE('',*,*,#812,.T.);
#1073=ORIENTED_EDGE('',*,*,#813,.T.);
#1074=ORIENTED_EDGE('',*,*,#814,.F.);
#1075=ORIENTED_EDGE('',*,*,#815,.T.);
#1076=ORIENTED_EDGE('',*,*,#816,.T.);
#1077=ORIENTED_EDGE('',*,*,#817,.T.);
#1078=ORIENTED_EDGE('',*,*,#812,.F.);
#1079=ORIENTED_EDGE('',*,*,#818,.T.);
#1080=ORIENTED_EDGE('',*,*,#819,.T.);
#1081=ORIENTED_EDGE('',*,*,#820,.T.);
#1082=ORIENTED_EDGE('',*,*,#816,.F.);
#1083=ORIENTED_EDGE('',*,*,#821,.T.);
#1084=ORIENTED_EDGE('',*,*,#822,.T.);
#1085=ORIENTED_EDGE('',*,*,#823,.T.);
#1086=ORIENTED_EDGE('',*,*,#819,.F.);
#1087=ORIENTED_EDGE('',*,*,#824,.T.);
#1088=ORIENTED_EDGE('',*,*,#825,.T.);
#1089=ORIENTED_EDGE('',*,*,#826,.T.);
#1090=ORIENTED_EDGE('',*,*,#822,.F.);
#1091=ORIENTED_EDGE('',*,*,#827,.T.);
#1092=ORIENTED_EDGE('',*,*,#828,.F.);
#1093=ORIENTED_EDGE('',*,*,#829,.T.);
#1094=ORIENTED_EDGE('',*,*,#830,.T.);
#1095=ORIENTED_EDGE('',*,*,#831,.T.);
#1096=ORIENTED_EDGE('',*,*,#832,.T.);
#1097=ORIENTED_EDGE('',*,*,#833,.T.);
#1098=ORIENTED_EDGE('',*,*,#834,.F.);
#1099=ORIENTED_EDGE('',*,*,#835,.T.);
#1100=ORIENTED_EDGE('',*,*,#836,.T.);
#1101=ORIENTED_EDGE('',*,*,#837,.T.);
#1102=ORIENTED_EDGE('',*,*,#832,.F.);
#1103=ORIENTED_EDGE('',*,*,#838,.T.);
#1104=ORIENTED_EDGE('',*,*,#839,.T.);
#1105=ORIENTED_EDGE('',*,*,#840,.T.);
#1106=ORIENTED_EDGE('',*,*,#836,.F.);
#1107=ORIENTED_EDGE('',*,*,#841,.T.);
#1108=ORIENTED_EDGE('',*,*,#842,.T.);
#1109=ORIENTED_EDGE('',*,*,#843,.T.);
#1110=ORIENTED_EDGE('',*,*,#839,.F.);
#1111=ORIENTED_EDGE('',*,*,#844,.T.);
#1112=ORIENTED_EDGE('',*,*,#845,.T.);
#1113=ORIENTED_EDGE('',*,*,#846,.T.);
#1114=ORIENTED_EDGE('',*,*,#842,.F.);
#1115=ORIENTED_EDGE('',*,*,#847,.T.);
#1116=ORIENTED_EDGE('',*,*,#848,.F.);
#1117=ORIENTED_EDGE('',*,*,#849,.T.);
#1118=ORIENTED_EDGE('',*,*,#850,.T.);
#1119=ORIENTED_EDGE('',*,*,#851,.T.);
#1120=ORIENTED_EDGE('',*,*,#852,.T.);
#1121=ORIENTED_EDGE('',*,*,#853,.F.);
#1122=ORIENTED_EDGE('',*,*,#854,.F.);
#1123=ORIENTED_EDGE('',*,*,#855,.T.);
#1124=ORIENTED_EDGE('',*,*,#856,.T.);
#1125=ORIENTED_EDGE('',*,*,#857,.F.);
#1126=ORIENTED_EDGE('',*,*,#852,.F.);
#1127=ORIENTED_EDGE('',*,*,#858,.F.);
#1128=ORIENTED_EDGE('',*,*,#859,.T.);
#1129=ORIENTED_EDGE('',*,*,#860,.T.);
#1130=ORIENTED_EDGE('',*,*,#855,.F.);
#1131=ORIENTED_EDGE('',*,*,#861,.F.);
#1132=ORIENTED_EDGE('',*,*,#862,.T.);
#1133=ORIENTED_EDGE('',*,*,#863,.T.);
#1134=ORIENTED_EDGE('',*,*,#859,.F.);
#1135=ORIENTED_EDGE('',*,*,#864,.F.);
#1136=ORIENTED_EDGE('',*,*,#865,.T.);
#1137=ORIENTED_EDGE('',*,*,#866,.T.);
#1138=ORIENTED_EDGE('',*,*,#862,.F.);
#1139=ORIENTED_EDGE('',*,*,#867,.F.);
#1140=ORIENTED_EDGE('',*,*,#868,.T.);
#1141=ORIENTED_EDGE('',*,*,#869,.T.);
#1142=ORIENTED_EDGE('',*,*,#865,.F.);
#1143=ORIENTED_EDGE('',*,*,#870,.F.);
#1144=ORIENTED_EDGE('',*,*,#871,.F.);
#1145=ORIENTED_EDGE('',*,*,#872,.F.);
#1146=ORIENTED_EDGE('',*,*,#873,.F.);
#1147=ORIENTED_EDGE('',*,*,#874,.T.);
#1148=ORIENTED_EDGE('',*,*,#875,.T.);
#1149=ORIENTED_EDGE('',*,*,#876,.F.);
#1150=ORIENTED_EDGE('',*,*,#877,.F.);
#1151=ORIENTED_EDGE('',*,*,#878,.T.);
#1152=ORIENTED_EDGE('',*,*,#879,.T.);
#1153=ORIENTED_EDGE('',*,*,#880,.F.);
#1154=ORIENTED_EDGE('',*,*,#875,.F.);
#1155=ORIENTED_EDGE('',*,*,#881,.F.);
#1156=ORIENTED_EDGE('',*,*,#882,.T.);
#1157=ORIENTED_EDGE('',*,*,#883,.T.);
#1158=ORIENTED_EDGE('',*,*,#878,.F.);
#1159=ORIENTED_EDGE('',*,*,#884,.F.);
#1160=ORIENTED_EDGE('',*,*,#885,.T.);
#1161=ORIENTED_EDGE('',*,*,#886,.T.);
#1162=ORIENTED_EDGE('',*,*,#882,.F.);
#1163=ORIENTED_EDGE('',*,*,#887,.F.);
#1164=ORIENTED_EDGE('',*,*,#888,.T.);
#1165=ORIENTED_EDGE('',*,*,#889,.T.);
#1166=ORIENTED_EDGE('',*,*,#885,.F.);
#1167=ORIENTED_EDGE('',*,*,#890,.F.);
#1168=ORIENTED_EDGE('',*,*,#891,.T.);
#1169=ORIENTED_EDGE('',*,*,#892,.T.);
#1170=ORIENTED_EDGE('',*,*,#888,.F.);
#1171=ORIENTED_EDGE('',*,*,#893,.F.);
#1172=ORIENTED_EDGE('',*,*,#894,.F.);
#1173=ORIENTED_EDGE('',*,*,#895,.F.);
#1174=ORIENTED_EDGE('',*,*,#896,.F.);
#1175=ORIENTED_EDGE('',*,*,#897,.T.);
#1176=ORIENTED_EDGE('',*,*,#898,.T.);
#1177=ORIENTED_EDGE('',*,*,#899,.F.);
#1178=ORIENTED_EDGE('',*,*,#900,.F.);
#1179=ORIENTED_EDGE('',*,*,#901,.T.);
#1180=ORIENTED_EDGE('',*,*,#902,.T.);
#1181=ORIENTED_EDGE('',*,*,#903,.F.);
#1182=ORIENTED_EDGE('',*,*,#898,.F.);
#1183=ORIENTED_EDGE('',*,*,#904,.F.);
#1184=ORIENTED_EDGE('',*,*,#905,.T.);
#1185=ORIENTED_EDGE('',*,*,#906,.T.);
#1186=ORIENTED_EDGE('',*,*,#901,.F.);
#1187=ORIENTED_EDGE('',*,*,#907,.F.);
#1188=ORIENTED_EDGE('',*,*,#908,.T.);
#1189=ORIENTED_EDGE('',*,*,#909,.T.);
#1190=ORIENTED_EDGE('',*,*,#905,.F.);
#1191=ORIENTED_EDGE('',*,*,#910,.F.);
#1192=ORIENTED_EDGE('',*,*,#911,.T.);
#1193=ORIENTED_EDGE('',*,*,#912,.T.);
#1194=ORIENTED_EDGE('',*,*,#908,.F.);
#1195=ORIENTED_EDGE('',*,*,#913,.F.);
#1196=ORIENTED_EDGE('',*,*,#914,.T.);
#1197=ORIENTED_EDGE('',*,*,#915,.T.);
#1198=ORIENTED_EDGE('',*,*,#911,.F.);
#1199=ORIENTED_EDGE('',*,*,#916,.F.);
#1200=ORIENTED_EDGE('',*,*,#917,.F.);
#1201=ORIENTED_EDGE('',*,*,#918,.F.);
#1202=ORIENTED_EDGE('',*,*,#919,.F.);
#1203=ORIENTED_EDGE('',*,*,#920,.T.);
#1204=ORIENTED_EDGE('',*,*,#921,.T.);
#1205=ORIENTED_EDGE('',*,*,#922,.F.);
#1206=ORIENTED_EDGE('',*,*,#923,.F.);
#1207=ORIENTED_EDGE('',*,*,#924,.T.);
#1208=ORIENTED_EDGE('',*,*,#925,.T.);
#1209=ORIENTED_EDGE('',*,*,#926,.F.);
#1210=ORIENTED_EDGE('',*,*,#921,.F.);
#1211=ORIENTED_EDGE('',*,*,#927,.F.);
#1212=ORIENTED_EDGE('',*,*,#928,.T.);
#1213=ORIENTED_EDGE('',*,*,#929,.T.);
#1214=ORIENTED_EDGE('',*,*,#924,.F.);
#1215=ORIENTED_EDGE('',*,*,#930,.F.);
#1216=ORIENTED_EDGE('',*,*,#931,.T.);
#1217=ORIENTED_EDGE('',*,*,#932,.T.);
#1218=ORIENTED_EDGE('',*,*,#928,.F.);
#1219=ORIENTED_EDGE('',*,*,#933,.F.);
#1220=ORIENTED_EDGE('',*,*,#934,.T.);
#1221=ORIENTED_EDGE('',*,*,#935,.T.);
#1222=ORIENTED_EDGE('',*,*,#931,.F.);
#1223=ORIENTED_EDGE('',*,*,#936,.F.);
#1224=ORIENTED_EDGE('',*,*,#937,.T.);
#1225=ORIENTED_EDGE('',*,*,#938,.T.);
#1226=ORIENTED_EDGE('',*,*,#934,.F.);
#1227=ORIENTED_EDGE('',*,*,#939,.F.);
#1228=ORIENTED_EDGE('',*,*,#940,.F.);
#1229=ORIENTED_EDGE('',*,*,#941,.F.);
#1230=ORIENTED_EDGE('',*,*,#942,.F.);
#1231=ORIENTED_EDGE('',*,*,#943,.T.);
#1232=ORIENTED_EDGE('',*,*,#944,.T.);
#1233=ORIENTED_EDGE('',*,*,#945,.T.);
#1234=ORIENTED_EDGE('',*,*,#946,.F.);
#1235=ORIENTED_EDGE('',*,*,#947,.F.);
#1236=ORIENTED_EDGE('',*,*,#948,.T.);
#1237=ORIENTED_EDGE('',*,*,#947,.T.);
#1238=ORIENTED_EDGE('',*,*,#949,.F.);
#1239=ORIENTED_EDGE('',*,*,#950,.F.);
#1240=ORIENTED_EDGE('',*,*,#951,.T.);
#1241=ORIENTED_EDGE('',*,*,#950,.T.);
#1242=ORIENTED_EDGE('',*,*,#952,.F.);
#1243=ORIENTED_EDGE('',*,*,#953,.F.);
#1244=ORIENTED_EDGE('',*,*,#954,.F.);
#1245=ORIENTED_EDGE('',*,*,#953,.T.);
#1246=ORIENTED_EDGE('',*,*,#955,.F.);
#1247=ORIENTED_EDGE('',*,*,#945,.F.);
#1248=ORIENTED_EDGE('',*,*,#956,.T.);
#1249=ORIENTED_EDGE('',*,*,#957,.T.);
#1250=ORIENTED_EDGE('',*,*,#958,.F.);
#1251=ORIENTED_EDGE('',*,*,#959,.T.);
#1252=ORIENTED_EDGE('',*,*,#960,.T.);
#1253=ORIENTED_EDGE('',*,*,#961,.T.);
#1254=ORIENTED_EDGE('',*,*,#962,.F.);
#1255=ORIENTED_EDGE('',*,*,#963,.T.);
#1256=ORIENTED_EDGE('',*,*,#940,.T.);
#1257=ORIENTED_EDGE('',*,*,#964,.T.);
#1258=ORIENTED_EDGE('',*,*,#937,.F.);
#1259=ORIENTED_EDGE('',*,*,#965,.F.);
#1260=ORIENTED_EDGE('',*,*,#966,.F.);
#1261=ORIENTED_EDGE('',*,*,#925,.F.);
#1262=ORIENTED_EDGE('',*,*,#929,.F.);
#1263=ORIENTED_EDGE('',*,*,#932,.F.);
#1264=ORIENTED_EDGE('',*,*,#935,.F.);
#1265=ORIENTED_EDGE('',*,*,#938,.F.);
#1266=ORIENTED_EDGE('',*,*,#964,.F.);
#1267=ORIENTED_EDGE('',*,*,#943,.F.);
#1268=ORIENTED_EDGE('',*,*,#967,.F.);
#1269=ORIENTED_EDGE('',*,*,#793,.F.);
#1270=ORIENTED_EDGE('',*,*,#797,.F.);
#1271=ORIENTED_EDGE('',*,*,#800,.F.);
#1272=ORIENTED_EDGE('',*,*,#803,.F.);
#1273=ORIENTED_EDGE('',*,*,#806,.F.);
#1274=ORIENTED_EDGE('',*,*,#968,.F.);
#1275=ORIENTED_EDGE('',*,*,#811,.F.);
#1276=ORIENTED_EDGE('',*,*,#969,.F.);
#1277=ORIENTED_EDGE('',*,*,#809,.F.);
#1278=ORIENTED_EDGE('',*,*,#970,.F.);
#1279=ORIENTED_EDGE('',*,*,#807,.F.);
#1280=ORIENTED_EDGE('',*,*,#804,.F.);
#1281=ORIENTED_EDGE('',*,*,#801,.F.);
#1282=ORIENTED_EDGE('',*,*,#798,.F.);
#1283=ORIENTED_EDGE('',*,*,#795,.F.);
#1284=ORIENTED_EDGE('',*,*,#971,.F.);
#1285=ORIENTED_EDGE('',*,*,#941,.T.);
#1286=ORIENTED_EDGE('',*,*,#965,.T.);
#1287=ORIENTED_EDGE('',*,*,#939,.T.);
#1288=ORIENTED_EDGE('',*,*,#936,.T.);
#1289=ORIENTED_EDGE('',*,*,#933,.T.);
#1290=ORIENTED_EDGE('',*,*,#930,.T.);
#1291=ORIENTED_EDGE('',*,*,#927,.T.);
#1292=ORIENTED_EDGE('',*,*,#923,.T.);
#1293=ORIENTED_EDGE('',*,*,#917,.T.);
#1294=ORIENTED_EDGE('',*,*,#972,.T.);
#1295=ORIENTED_EDGE('',*,*,#914,.F.);
#1296=ORIENTED_EDGE('',*,*,#973,.F.);
#1297=ORIENTED_EDGE('',*,*,#974,.F.);
#1298=ORIENTED_EDGE('',*,*,#902,.F.);
#1299=ORIENTED_EDGE('',*,*,#906,.F.);
#1300=ORIENTED_EDGE('',*,*,#909,.F.);
#1301=ORIENTED_EDGE('',*,*,#912,.F.);
#1302=ORIENTED_EDGE('',*,*,#915,.F.);
#1303=ORIENTED_EDGE('',*,*,#972,.F.);
#1304=ORIENTED_EDGE('',*,*,#920,.F.);
#1305=ORIENTED_EDGE('',*,*,#975,.F.);
#1306=ORIENTED_EDGE('',*,*,#813,.F.);
#1307=ORIENTED_EDGE('',*,*,#817,.F.);
#1308=ORIENTED_EDGE('',*,*,#820,.F.);
#1309=ORIENTED_EDGE('',*,*,#823,.F.);
#1310=ORIENTED_EDGE('',*,*,#826,.F.);
#1311=ORIENTED_EDGE('',*,*,#976,.F.);
#1312=ORIENTED_EDGE('',*,*,#831,.F.);
#1313=ORIENTED_EDGE('',*,*,#977,.F.);
#1314=ORIENTED_EDGE('',*,*,#829,.F.);
#1315=ORIENTED_EDGE('',*,*,#978,.F.);
#1316=ORIENTED_EDGE('',*,*,#827,.F.);
#1317=ORIENTED_EDGE('',*,*,#824,.F.);
#1318=ORIENTED_EDGE('',*,*,#821,.F.);
#1319=ORIENTED_EDGE('',*,*,#818,.F.);
#1320=ORIENTED_EDGE('',*,*,#815,.F.);
#1321=ORIENTED_EDGE('',*,*,#979,.F.);
#1322=ORIENTED_EDGE('',*,*,#918,.T.);
#1323=ORIENTED_EDGE('',*,*,#973,.T.);
#1324=ORIENTED_EDGE('',*,*,#916,.T.);
#1325=ORIENTED_EDGE('',*,*,#913,.T.);
#1326=ORIENTED_EDGE('',*,*,#910,.T.);
#1327=ORIENTED_EDGE('',*,*,#907,.T.);
#1328=ORIENTED_EDGE('',*,*,#904,.T.);
#1329=ORIENTED_EDGE('',*,*,#900,.T.);
#1330=ORIENTED_EDGE('',*,*,#894,.T.);
#1331=ORIENTED_EDGE('',*,*,#980,.T.);
#1332=ORIENTED_EDGE('',*,*,#891,.F.);
#1333=ORIENTED_EDGE('',*,*,#981,.F.);
#1334=ORIENTED_EDGE('',*,*,#982,.F.);
#1335=ORIENTED_EDGE('',*,*,#879,.F.);
#1336=ORIENTED_EDGE('',*,*,#883,.F.);
#1337=ORIENTED_EDGE('',*,*,#886,.F.);
#1338=ORIENTED_EDGE('',*,*,#889,.F.);
#1339=ORIENTED_EDGE('',*,*,#892,.F.);
#1340=ORIENTED_EDGE('',*,*,#980,.F.);
#1341=ORIENTED_EDGE('',*,*,#897,.F.);
#1342=ORIENTED_EDGE('',*,*,#983,.F.);
#1343=ORIENTED_EDGE('',*,*,#833,.F.);
#1344=ORIENTED_EDGE('',*,*,#837,.F.);
#1345=ORIENTED_EDGE('',*,*,#840,.F.);
#1346=ORIENTED_EDGE('',*,*,#843,.F.);
#1347=ORIENTED_EDGE('',*,*,#846,.F.);
#1348=ORIENTED_EDGE('',*,*,#984,.F.);
#1349=ORIENTED_EDGE('',*,*,#851,.F.);
#1350=ORIENTED_EDGE('',*,*,#985,.F.);
#1351=ORIENTED_EDGE('',*,*,#849,.F.);
#1352=ORIENTED_EDGE('',*,*,#986,.F.);
#1353=ORIENTED_EDGE('',*,*,#847,.F.);
#1354=ORIENTED_EDGE('',*,*,#844,.F.);
#1355=ORIENTED_EDGE('',*,*,#841,.F.);
#1356=ORIENTED_EDGE('',*,*,#838,.F.);
#1357=ORIENTED_EDGE('',*,*,#835,.F.);
#1358=ORIENTED_EDGE('',*,*,#987,.F.);
#1359=ORIENTED_EDGE('',*,*,#895,.T.);
#1360=ORIENTED_EDGE('',*,*,#981,.T.);
#1361=ORIENTED_EDGE('',*,*,#893,.T.);
#1362=ORIENTED_EDGE('',*,*,#890,.T.);
#1363=ORIENTED_EDGE('',*,*,#887,.T.);
#1364=ORIENTED_EDGE('',*,*,#884,.T.);
#1365=ORIENTED_EDGE('',*,*,#881,.T.);
#1366=ORIENTED_EDGE('',*,*,#877,.T.);
#1367=ORIENTED_EDGE('',*,*,#955,.T.);
#1368=ORIENTED_EDGE('',*,*,#952,.T.);
#1369=ORIENTED_EDGE('',*,*,#949,.T.);
#1370=ORIENTED_EDGE('',*,*,#946,.T.);
#1371=ORIENTED_EDGE('',*,*,#969,.T.);
#1372=ORIENTED_EDGE('',*,*,#922,.T.);
#1373=ORIENTED_EDGE('',*,*,#926,.T.);
#1374=ORIENTED_EDGE('',*,*,#966,.T.);
#1375=ORIENTED_EDGE('',*,*,#810,.F.);
#1376=ORIENTED_EDGE('',*,*,#977,.T.);
#1377=ORIENTED_EDGE('',*,*,#899,.T.);
#1378=ORIENTED_EDGE('',*,*,#903,.T.);
#1379=ORIENTED_EDGE('',*,*,#974,.T.);
#1380=ORIENTED_EDGE('',*,*,#830,.F.);
#1381=ORIENTED_EDGE('',*,*,#988,.T.);
#1382=ORIENTED_EDGE('',*,*,#853,.T.);
#1383=ORIENTED_EDGE('',*,*,#857,.T.);
#1384=ORIENTED_EDGE('',*,*,#989,.T.);
#1385=ORIENTED_EDGE('',*,*,#790,.F.);
#1386=ORIENTED_EDGE('',*,*,#990,.F.);
#1387=ORIENTED_EDGE('',*,*,#991,.F.);
#1388=ORIENTED_EDGE('',*,*,#992,.F.);
#1389=ORIENTED_EDGE('',*,*,#993,.F.);
#1390=ORIENTED_EDGE('',*,*,#994,.F.);
#1391=ORIENTED_EDGE('',*,*,#960,.F.);
#1392=ORIENTED_EDGE('',*,*,#995,.F.);
#1393=ORIENTED_EDGE('',*,*,#956,.F.);
#1394=ORIENTED_EDGE('',*,*,#985,.T.);
#1395=ORIENTED_EDGE('',*,*,#876,.T.);
#1396=ORIENTED_EDGE('',*,*,#880,.T.);
#1397=ORIENTED_EDGE('',*,*,#982,.T.);
#1398=ORIENTED_EDGE('',*,*,#850,.F.);
#1399=ORIENTED_EDGE('',*,*,#871,.T.);
#1400=ORIENTED_EDGE('',*,*,#996,.T.);
#1401=ORIENTED_EDGE('',*,*,#868,.F.);
#1402=ORIENTED_EDGE('',*,*,#997,.F.);
#1403=ORIENTED_EDGE('',*,*,#989,.F.);
#1404=ORIENTED_EDGE('',*,*,#856,.F.);
#1405=ORIENTED_EDGE('',*,*,#860,.F.);
#1406=ORIENTED_EDGE('',*,*,#863,.F.);
#1407=ORIENTED_EDGE('',*,*,#866,.F.);
#1408=ORIENTED_EDGE('',*,*,#869,.F.);
#1409=ORIENTED_EDGE('',*,*,#996,.F.);
#1410=ORIENTED_EDGE('',*,*,#874,.F.);
#1411=ORIENTED_EDGE('',*,*,#998,.F.);
#1412=ORIENTED_EDGE('',*,*,#773,.F.);
#1413=ORIENTED_EDGE('',*,*,#777,.F.);
#1414=ORIENTED_EDGE('',*,*,#780,.F.);
#1415=ORIENTED_EDGE('',*,*,#783,.F.);
#1416=ORIENTED_EDGE('',*,*,#786,.F.);
#1417=ORIENTED_EDGE('',*,*,#999,.F.);
#1418=ORIENTED_EDGE('',*,*,#791,.F.);
#1419=ORIENTED_EDGE('',*,*,#988,.F.);
#1420=ORIENTED_EDGE('',*,*,#789,.F.);
#1421=ORIENTED_EDGE('',*,*,#1000,.F.);
#1422=ORIENTED_EDGE('',*,*,#787,.F.);
#1423=ORIENTED_EDGE('',*,*,#784,.F.);
#1424=ORIENTED_EDGE('',*,*,#781,.F.);
#1425=ORIENTED_EDGE('',*,*,#778,.F.);
#1426=ORIENTED_EDGE('',*,*,#775,.F.);
#1427=ORIENTED_EDGE('',*,*,#1001,.F.);
#1428=ORIENTED_EDGE('',*,*,#872,.T.);
#1429=ORIENTED_EDGE('',*,*,#997,.T.);
#1430=ORIENTED_EDGE('',*,*,#870,.T.);
#1431=ORIENTED_EDGE('',*,*,#867,.T.);
#1432=ORIENTED_EDGE('',*,*,#864,.T.);
#1433=ORIENTED_EDGE('',*,*,#861,.T.);
#1434=ORIENTED_EDGE('',*,*,#858,.T.);
#1435=ORIENTED_EDGE('',*,*,#854,.T.);
#1436=ORIENTED_EDGE('',*,*,#1002,.F.);
#1437=ORIENTED_EDGE('',*,*,#1003,.T.);
#1438=ORIENTED_EDGE('',*,*,#1004,.T.);
#1439=ORIENTED_EDGE('',*,*,#1003,.F.);
#1440=ORIENTED_EDGE('',*,*,#1004,.F.);
#1441=ORIENTED_EDGE('',*,*,#1005,.F.);
#1442=ORIENTED_EDGE('',*,*,#961,.F.);
#1443=ORIENTED_EDGE('',*,*,#994,.T.);
#1444=ORIENTED_EDGE('',*,*,#1006,.F.);
#1445=ORIENTED_EDGE('',*,*,#1007,.F.);
#1446=ORIENTED_EDGE('',*,*,#957,.F.);
#1447=ORIENTED_EDGE('',*,*,#995,.T.);
#1448=ORIENTED_EDGE('',*,*,#963,.F.);
#1449=ORIENTED_EDGE('',*,*,#1008,.F.);
#1450=ORIENTED_EDGE('',*,*,#1009,.F.);
#1451=ORIENTED_EDGE('',*,*,#992,.T.);
#1452=ORIENTED_EDGE('',*,*,#1010,.F.);
#1453=ORIENTED_EDGE('',*,*,#1011,.F.);
#1454=ORIENTED_EDGE('',*,*,#1012,.F.);
#1455=ORIENTED_EDGE('',*,*,#990,.T.);
#1456=ORIENTED_EDGE('',*,*,#959,.F.);
#1457=ORIENTED_EDGE('',*,*,#993,.T.);
#1458=ORIENTED_EDGE('',*,*,#1009,.T.);
#1459=ORIENTED_EDGE('',*,*,#1013,.F.);
#1460=ORIENTED_EDGE('',*,*,#1006,.T.);
#1461=ORIENTED_EDGE('',*,*,#991,.T.);
#1462=ORIENTED_EDGE('',*,*,#1012,.T.);
#1463=ORIENTED_EDGE('',*,*,#1014,.F.);
#1464=ORIENTED_EDGE('',*,*,#1010,.T.);
#1465=ORIENTED_EDGE('',*,*,#1005,.T.);
#1466=ORIENTED_EDGE('',*,*,#1013,.T.);
#1467=ORIENTED_EDGE('',*,*,#1008,.T.);
#1468=ORIENTED_EDGE('',*,*,#1014,.T.);
#1469=ORIENTED_EDGE('',*,*,#1011,.T.);
#1470=ORIENTED_EDGE('',*,*,#958,.T.);
#1471=ORIENTED_EDGE('',*,*,#1007,.T.);
#1472=ORIENTED_EDGE('',*,*,#962,.T.);
#1473=ORIENTED_EDGE('',*,*,#954,.T.);
#1474=ORIENTED_EDGE('',*,*,#944,.F.);
#1475=ORIENTED_EDGE('',*,*,#948,.F.);
#1476=ORIENTED_EDGE('',*,*,#951,.F.);
#1477=ORIENTED_EDGE('',*,*,#971,.T.);
#1478=ORIENTED_EDGE('',*,*,#794,.T.);
#1479=ORIENTED_EDGE('',*,*,#967,.T.);
#1480=ORIENTED_EDGE('',*,*,#942,.T.);
#1481=ORIENTED_EDGE('',*,*,#979,.T.);
#1482=ORIENTED_EDGE('',*,*,#814,.T.);
#1483=ORIENTED_EDGE('',*,*,#975,.T.);
#1484=ORIENTED_EDGE('',*,*,#919,.T.);
#1485=ORIENTED_EDGE('',*,*,#987,.T.);
#1486=ORIENTED_EDGE('',*,*,#834,.T.);
#1487=ORIENTED_EDGE('',*,*,#983,.T.);
#1488=ORIENTED_EDGE('',*,*,#896,.T.);
#1489=ORIENTED_EDGE('',*,*,#1001,.T.);
#1490=ORIENTED_EDGE('',*,*,#774,.T.);
#1491=ORIENTED_EDGE('',*,*,#998,.T.);
#1492=ORIENTED_EDGE('',*,*,#873,.T.);
#1493=ORIENTED_EDGE('',*,*,#1015,.F.);
#1494=ORIENTED_EDGE('',*,*,#848,.T.);
#1495=ORIENTED_EDGE('',*,*,#984,.T.);
#1496=ORIENTED_EDGE('',*,*,#845,.F.);
#1497=ORIENTED_EDGE('',*,*,#986,.T.);
#1498=ORIENTED_EDGE('',*,*,#828,.T.);
#1499=ORIENTED_EDGE('',*,*,#976,.T.);
#1500=ORIENTED_EDGE('',*,*,#825,.F.);
#1501=ORIENTED_EDGE('',*,*,#978,.T.);
#1502=ORIENTED_EDGE('',*,*,#808,.T.);
#1503=ORIENTED_EDGE('',*,*,#968,.T.);
#1504=ORIENTED_EDGE('',*,*,#805,.F.);
#1505=ORIENTED_EDGE('',*,*,#970,.T.);
#1506=ORIENTED_EDGE('',*,*,#788,.T.);
#1507=ORIENTED_EDGE('',*,*,#999,.T.);
#1508=ORIENTED_EDGE('',*,*,#785,.F.);
#1509=ORIENTED_EDGE('',*,*,#1000,.T.);
#1510=ORIENTED_EDGE('',*,*,#1016,.F.);
#1511=ORIENTED_EDGE('',*,*,#1017,.T.);
#1512=ORIENTED_EDGE('',*,*,#1018,.F.);
#1513=ORIENTED_EDGE('',*,*,#1017,.F.);
#1514=ORIENTED_EDGE('',*,*,#1016,.T.);
#1515=ORIENTED_EDGE('',*,*,#1002,.T.);
#1516=ORIENTED_EDGE('',*,*,#1019,.F.);
#1517=ORIENTED_EDGE('',*,*,#1020,.T.);
#1518=ORIENTED_EDGE('',*,*,#1015,.T.);
#1519=ORIENTED_EDGE('',*,*,#1020,.F.);
#1520=ORIENTED_EDGE('',*,*,#1019,.T.);
#1521=ORIENTED_EDGE('',*,*,#1018,.T.);
#1522=ORIENTED_EDGE('',*,*,#1021,.F.);
#1523=ORIENTED_EDGE('',*,*,#1022,.T.);
#1524=ORIENTED_EDGE('',*,*,#1023,.F.);
#1525=ORIENTED_EDGE('',*,*,#1022,.F.);
#1526=ORIENTED_EDGE('',*,*,#1023,.T.);
#1527=ORIENTED_EDGE('',*,*,#1021,.T.);
#1528=CYLINDRICAL_SURFACE('',#1704,2.117);
#1529=CYLINDRICAL_SURFACE('',#1706,2.117);
#1530=CYLINDRICAL_SURFACE('',#1707,2.117);
#1531=CYLINDRICAL_SURFACE('',#1708,2.117);
#1532=CYLINDRICAL_SURFACE('',#1709,2.117);
#1533=CYLINDRICAL_SURFACE('',#1710,2.117);
#1534=CYLINDRICAL_SURFACE('',#1712,2.117);
#1535=CYLINDRICAL_SURFACE('',#1714,2.117);
#1536=CYLINDRICAL_SURFACE('',#1715,2.117);
#1537=CYLINDRICAL_SURFACE('',#1716,2.117);
#1538=CYLINDRICAL_SURFACE('',#1717,2.117);
#1539=CYLINDRICAL_SURFACE('',#1718,2.117);
#1540=CYLINDRICAL_SURFACE('',#1720,2.117);
#1541=CYLINDRICAL_SURFACE('',#1722,2.117);
#1542=CYLINDRICAL_SURFACE('',#1723,2.117);
#1543=CYLINDRICAL_SURFACE('',#1724,2.117);
#1544=CYLINDRICAL_SURFACE('',#1725,2.117);
#1545=CYLINDRICAL_SURFACE('',#1726,2.117);
#1546=CYLINDRICAL_SURFACE('',#1728,2.117);
#1547=CYLINDRICAL_SURFACE('',#1730,2.117);
#1548=CYLINDRICAL_SURFACE('',#1731,2.117);
#1549=CYLINDRICAL_SURFACE('',#1732,2.117);
#1550=CYLINDRICAL_SURFACE('',#1733,2.117);
#1551=CYLINDRICAL_SURFACE('',#1734,2.117);
#1552=CYLINDRICAL_SURFACE('',#1736,2.55999999999999);
#1553=CYLINDRICAL_SURFACE('',#1738,2.55999999999999);
#1554=CYLINDRICAL_SURFACE('',#1740,2.55999999999999);
#1555=CYLINDRICAL_SURFACE('',#1741,2.55999999999999);
#1556=CYLINDRICAL_SURFACE('',#1742,2.55999999999999);
#1557=CYLINDRICAL_SURFACE('',#1743,2.55999999999999);
#1558=CYLINDRICAL_SURFACE('',#1744,2.55999999999999);
#1559=CYLINDRICAL_SURFACE('',#1746,2.56);
#1560=CYLINDRICAL_SURFACE('',#1748,2.56);
#1561=CYLINDRICAL_SURFACE('',#1750,2.56);
#1562=CYLINDRICAL_SURFACE('',#1751,2.56);
#1563=CYLINDRICAL_SURFACE('',#1752,2.56);
#1564=CYLINDRICAL_SURFACE('',#1753,2.56);
#1565=CYLINDRICAL_SURFACE('',#1754,2.56);
#1566=CYLINDRICAL_SURFACE('',#1756,2.56000000000001);
#1567=CYLINDRICAL_SURFACE('',#1758,2.56000000000001);
#1568=CYLINDRICAL_SURFACE('',#1760,2.56000000000001);
#1569=CYLINDRICAL_SURFACE('',#1761,2.56000000000001);
#1570=CYLINDRICAL_SURFACE('',#1762,2.56000000000001);
#1571=CYLINDRICAL_SURFACE('',#1763,2.56000000000001);
#1572=CYLINDRICAL_SURFACE('',#1764,2.56000000000001);
#1573=CYLINDRICAL_SURFACE('',#1766,2.56);
#1574=CYLINDRICAL_SURFACE('',#1768,2.56);
#1575=CYLINDRICAL_SURFACE('',#1770,2.56);
#1576=CYLINDRICAL_SURFACE('',#1771,2.56);
#1577=CYLINDRICAL_SURFACE('',#1772,2.56);
#1578=CYLINDRICAL_SURFACE('',#1773,2.56);
#1579=CYLINDRICAL_SURFACE('',#1774,2.56);
#1580=CYLINDRICAL_SURFACE('',#1782,2.56);
#1581=CYLINDRICAL_SURFACE('',#1783,2.56000000000001);
#1582=CYLINDRICAL_SURFACE('',#1784,2.56);
#1583=CYLINDRICAL_SURFACE('',#1790,2.55999999999999);
#1584=CYLINDRICAL_SURFACE('',#1791,2.);
#1585=CYLINDRICAL_SURFACE('',#1795,12.5);
#1586=CYLINDRICAL_SURFACE('',#1797,12.5);
#1587=CYLINDRICAL_SURFACE('',#1799,12.5);
#1588=CYLINDRICAL_SURFACE('',#1801,12.5);
#1589=CYLINDRICAL_SURFACE('',#1808,2.117);
#1590=CYLINDRICAL_SURFACE('',#1809,2.117);
#1591=CYLINDRICAL_SURFACE('',#1810,2.117);
#1592=CYLINDRICAL_SURFACE('',#1811,2.117);
#1593=CYLINDRICAL_SURFACE('',#1812,5.);
#1594=CYLINDRICAL_SURFACE('',#1816,19.05);
#1595=CYLINDRICAL_SURFACE('',#1819,2.);
#1596=ADVANCED_FACE('',(#72),#1528,.F.);
#1597=ADVANCED_FACE('',(#73),#1529,.F.);
#1598=ADVANCED_FACE('',(#74),#1530,.F.);
#1599=ADVANCED_FACE('',(#75),#1531,.F.);
#1600=ADVANCED_FACE('',(#76),#1532,.F.);
#1601=ADVANCED_FACE('',(#77),#1533,.F.);
#1602=ADVANCED_FACE('',(#78),#1534,.F.);
#1603=ADVANCED_FACE('',(#79),#1535,.F.);
#1604=ADVANCED_FACE('',(#80),#1536,.F.);
#1605=ADVANCED_FACE('',(#81),#1537,.F.);
#1606=ADVANCED_FACE('',(#82),#1538,.F.);
#1607=ADVANCED_FACE('',(#83),#1539,.F.);
#1608=ADVANCED_FACE('',(#84),#1540,.F.);
#1609=ADVANCED_FACE('',(#85),#1541,.F.);
#1610=ADVANCED_FACE('',(#86),#1542,.F.);
#1611=ADVANCED_FACE('',(#87),#1543,.F.);
#1612=ADVANCED_FACE('',(#88),#1544,.F.);
#1613=ADVANCED_FACE('',(#89),#1545,.F.);
#1614=ADVANCED_FACE('',(#90),#1546,.F.);
#1615=ADVANCED_FACE('',(#91),#1547,.F.);
#1616=ADVANCED_FACE('',(#92),#1548,.F.);
#1617=ADVANCED_FACE('',(#93),#1549,.F.);
#1618=ADVANCED_FACE('',(#94),#1550,.F.);
#1619=ADVANCED_FACE('',(#95),#1551,.F.);
#1620=ADVANCED_FACE('',(#96),#1552,.F.);
#1621=ADVANCED_FACE('',(#97),#1553,.F.);
#1622=ADVANCED_FACE('',(#98),#1554,.F.);
#1623=ADVANCED_FACE('',(#99),#1555,.F.);
#1624=ADVANCED_FACE('',(#100),#1556,.F.);
#1625=ADVANCED_FACE('',(#101),#1557,.F.);
#1626=ADVANCED_FACE('',(#102),#1558,.F.);
#1627=ADVANCED_FACE('',(#103),#1559,.F.);
#1628=ADVANCED_FACE('',(#104),#1560,.F.);
#1629=ADVANCED_FACE('',(#105),#1561,.F.);
#1630=ADVANCED_FACE('',(#106),#1562,.F.);
#1631=ADVANCED_FACE('',(#107),#1563,.F.);
#1632=ADVANCED_FACE('',(#108),#1564,.F.);
#1633=ADVANCED_FACE('',(#109),#1565,.F.);
#1634=ADVANCED_FACE('',(#110),#1566,.F.);
#1635=ADVANCED_FACE('',(#111),#1567,.F.);
#1636=ADVANCED_FACE('',(#112),#1568,.F.);
#1637=ADVANCED_FACE('',(#113),#1569,.F.);
#1638=ADVANCED_FACE('',(#114),#1570,.F.);
#1639=ADVANCED_FACE('',(#115),#1571,.F.);
#1640=ADVANCED_FACE('',(#116),#1572,.F.);
#1641=ADVANCED_FACE('',(#117),#1573,.F.);
#1642=ADVANCED_FACE('',(#118),#1574,.F.);
#1643=ADVANCED_FACE('',(#119),#1575,.F.);
#1644=ADVANCED_FACE('',(#120),#1576,.F.);
#1645=ADVANCED_FACE('',(#121),#1577,.F.);
#1646=ADVANCED_FACE('',(#122),#1578,.F.);
#1647=ADVANCED_FACE('',(#123),#1579,.F.);
#1648=ADVANCED_FACE('',(#124),#56,.T.);
#1649=ADVANCED_FACE('',(#125),#57,.T.);
#1650=ADVANCED_FACE('',(#126),#58,.T.);
#1651=ADVANCED_FACE('',(#127),#59,.T.);
#1652=ADVANCED_FACE('',(#128),#60,.T.);
#1653=ADVANCED_FACE('',(#129),#61,.T.);
#1654=ADVANCED_FACE('',(#130),#1580,.F.);
#1655=ADVANCED_FACE('',(#131),#33,.F.);
#1656=ADVANCED_FACE('',(#132),#34,.F.);
#1657=ADVANCED_FACE('',(#133),#1581,.F.);
#1658=ADVANCED_FACE('',(#134),#35,.F.);
#1659=ADVANCED_FACE('',(#135),#36,.F.);
#1660=ADVANCED_FACE('',(#136),#1582,.F.);
#1661=ADVANCED_FACE('',(#137),#37,.F.);
#1662=ADVANCED_FACE('',(#138),#38,.F.);
#1663=ADVANCED_FACE('',(#139,#21,#22,#23,#24,#25),#62,.T.);
#1664=ADVANCED_FACE('',(#140),#1583,.F.);
#1665=ADVANCED_FACE('',(#141),#39,.F.);
#1666=ADVANCED_FACE('',(#142),#40,.F.);
#1667=ADVANCED_FACE('',(#143),#1584,.F.);
#1668=ADVANCED_FACE('',(#144),#63,.F.);
#1669=ADVANCED_FACE('',(#145),#1585,.F.);
#1670=ADVANCED_FACE('',(#146),#1586,.F.);
#1671=ADVANCED_FACE('',(#147),#1587,.F.);
#1672=ADVANCED_FACE('',(#148),#1588,.F.);
#1673=ADVANCED_FACE('',(#149),#64,.T.);
#1674=ADVANCED_FACE('',(#150),#65,.T.);
#1675=ADVANCED_FACE('',(#151),#66,.F.);
#1676=ADVANCED_FACE('',(#152,#26,#27,#28,#29,#30),#67,.T.);
#1677=ADVANCED_FACE('',(#153),#1589,.F.);
#1678=ADVANCED_FACE('',(#154),#1590,.F.);
#1679=ADVANCED_FACE('',(#155),#1591,.F.);
#1680=ADVANCED_FACE('',(#156),#1592,.F.);
#1681=ADVANCED_FACE('',(#157),#1593,.T.);
#1682=ADVANCED_FACE('',(#158,#31),#68,.T.);
#1683=ADVANCED_FACE('',(#159),#1594,.T.);
#1684=ADVANCED_FACE('',(#160,#32),#69,.T.);
#1685=ADVANCED_FACE('',(#161),#1595,.T.);
#1686=ADVANCED_FACE('',(#162),#70,.T.);
#1687=ADVANCED_FACE('',(#163),#71,.F.);
#1688=CLOSED_SHELL('',(#1596,#1597,#1598,#1599,#1600,#1601,#1602,#1603,
#1604,#1605,#1606,#1607,#1608,#1609,#1610,#1611,#1612,#1613,#1614,#1615,
#1616,#1617,#1618,#1619,#1620,#1621,#1622,#1623,#1624,#1625,#1626,#1627,
#1628,#1629,#1630,#1631,#1632,#1633,#1634,#1635,#1636,#1637,#1638,#1639,
#1640,#1641,#1642,#1643,#1644,#1645,#1646,#1647,#1648,#1649,#1650,#1651,
#1652,#1653,#1654,#1655,#1656,#1657,#1658,#1659,#1660,#1661,#1662,#1663,
#1664,#1665,#1666,#1667,#1668,#1669,#1670,#1671,#1672,#1673,#1674,#1675,
#1676,#1677,#1678,#1679,#1680,#1681,#1682,#1683,#1684));
#1689=CLOSED_SHELL('',(#1685,#1686,#1687));
#1690=DERIVED_UNIT_ELEMENT(#1692,1.);
#1691=DERIVED_UNIT_ELEMENT(#7073,-3.);
#1692=(
MASS_UNIT()
NAMED_UNIT(*)
SI_UNIT(.KILO.,.GRAM.)
);
#1693=DERIVED_UNIT((#1690,#1691));
#1694=MEASURE_REPRESENTATION_ITEM('density measure',
POSITIVE_RATIO_MEASURE(7850.),#1693);
#1695=PROPERTY_DEFINITION_REPRESENTATION(#1700,#1697);
#1696=PROPERTY_DEFINITION_REPRESENTATION(#1701,#1698);
#1697=REPRESENTATION('material name',(#1699),#7070);
#1698=REPRESENTATION('density',(#1694),#7070);
#1699=DESCRIPTIVE_REPRESENTATION_ITEM('Steel','Steel');
#1700=PROPERTY_DEFINITION('material property','material name',#7085);
#1701=PROPERTY_DEFINITION('material property','density of part',#7085);
#1702=AXIS2_PLACEMENT_3D('',#2155,#1825,#1826);
#1703=AXIS2_PLACEMENT_3D('',#2156,#1827,#1828);
#1704=AXIS2_PLACEMENT_3D('',#2157,#1829,#1830);
#1705=AXIS2_PLACEMENT_3D('',#2176,#1832,#1833);
#1706=AXIS2_PLACEMENT_3D('',#2196,#1834,#1835);
#1707=AXIS2_PLACEMENT_3D('',#2250,#1837,#1838);
#1708=AXIS2_PLACEMENT_3D('',#2298,#1840,#1841);
#1709=AXIS2_PLACEMENT_3D('',#2349,#1843,#1844);
#1710=AXIS2_PLACEMENT_3D('',#2400,#1846,#1847);
#1711=AXIS2_PLACEMENT_3D('',#2416,#1849,#1850);
#1712=AXIS2_PLACEMENT_3D('',#2433,#1851,#1852);
#1713=AXIS2_PLACEMENT_3D('',#2452,#1854,#1855);
#1714=AXIS2_PLACEMENT_3D('',#2472,#1856,#1857);
#1715=AXIS2_PLACEMENT_3D('',#2526,#1859,#1860);
#1716=AXIS2_PLACEMENT_3D('',#2574,#1862,#1863);
#1717=AXIS2_PLACEMENT_3D('',#2625,#1865,#1866);
#1718=AXIS2_PLACEMENT_3D('',#2676,#1868,#1869);
#1719=AXIS2_PLACEMENT_3D('',#2692,#1871,#1872);
#1720=AXIS2_PLACEMENT_3D('',#2709,#1873,#1874);
#1721=AXIS2_PLACEMENT_3D('',#2728,#1876,#1877);
#1722=AXIS2_PLACEMENT_3D('',#2748,#1878,#1879);
#1723=AXIS2_PLACEMENT_3D('',#2802,#1881,#1882);
#1724=AXIS2_PLACEMENT_3D('',#2850,#1884,#1885);
#1725=AXIS2_PLACEMENT_3D('',#2901,#1887,#1888);
#1726=AXIS2_PLACEMENT_3D('',#2952,#1890,#1891);
#1727=AXIS2_PLACEMENT_3D('',#2968,#1893,#1894);
#1728=AXIS2_PLACEMENT_3D('',#2985,#1895,#1896);
#1729=AXIS2_PLACEMENT_3D('',#3004,#1898,#1899);
#1730=AXIS2_PLACEMENT_3D('',#3024,#1900,#1901);
#1731=AXIS2_PLACEMENT_3D('',#3078,#1903,#1904);
#1732=AXIS2_PLACEMENT_3D('',#3126,#1906,#1907);
#1733=AXIS2_PLACEMENT_3D('',#3177,#1909,#1910);
#1734=AXIS2_PLACEMENT_3D('',#3228,#1912,#1913);
#1735=AXIS2_PLACEMENT_3D('',#3244,#1915,#1916);
#1736=AXIS2_PLACEMENT_3D('',#3261,#1917,#1918);
#1737=AXIS2_PLACEMENT_3D('',#3266,#1920,#1921);
#1738=AXIS2_PLACEMENT_3D('',#3271,#1922,#1923);
#1739=AXIS2_PLACEMENT_3D('',#3286,#1925,#1926);
#1740=AXIS2_PLACEMENT_3D('',#3297,#1927,#1928);
#1741=AXIS2_PLACEMENT_3D('',#3322,#1930,#1931);
#1742=AXIS2_PLACEMENT_3D('',#3346,#1933,#1934);
#1743=AXIS2_PLACEMENT_3D('',#3371,#1936,#1937);
#1744=AXIS2_PLACEMENT_3D('',#3396,#1939,#1940);
#1745=AXIS2_PLACEMENT_3D('',#3407,#1942,#1943);
#1746=AXIS2_PLACEMENT_3D('',#3413,#1944,#1945);
#1747=AXIS2_PLACEMENT_3D('',#3418,#1947,#1948);
#1748=AXIS2_PLACEMENT_3D('',#3423,#1949,#1950);
#1749=AXIS2_PLACEMENT_3D('',#3438,#1952,#1953);
#1750=AXIS2_PLACEMENT_3D('',#3449,#1954,#1955);
#1751=AXIS2_PLACEMENT_3D('',#3474,#1957,#1958);
#1752=AXIS2_PLACEMENT_3D('',#3498,#1960,#1961);
#1753=AXIS2_PLACEMENT_3D('',#3523,#1963,#1964);
#1754=AXIS2_PLACEMENT_3D('',#3548,#1966,#1967);
#1755=AXIS2_PLACEMENT_3D('',#3559,#1969,#1970);
#1756=AXIS2_PLACEMENT_3D('',#3565,#1971,#1972);
#1757=AXIS2_PLACEMENT_3D('',#3570,#1974,#1975);
#1758=AXIS2_PLACEMENT_3D('',#3575,#1976,#1977);
#1759=AXIS2_PLACEMENT_3D('',#3590,#1979,#1980);
#1760=AXIS2_PLACEMENT_3D('',#3601,#1981,#1982);
#1761=AXIS2_PLACEMENT_3D('',#3626,#1984,#1985);
#1762=AXIS2_PLACEMENT_3D('',#3650,#1987,#1988);
#1763=AXIS2_PLACEMENT_3D('',#3675,#1990,#1991);
#1764=AXIS2_PLACEMENT_3D('',#3700,#1993,#1994);
#1765=AXIS2_PLACEMENT_3D('',#3711,#1996,#1997);
#1766=AXIS2_PLACEMENT_3D('',#3717,#1998,#1999);
#1767=AXIS2_PLACEMENT_3D('',#3722,#2001,#2002);
#1768=AXIS2_PLACEMENT_3D('',#3727,#2003,#2004);
#1769=AXIS2_PLACEMENT_3D('',#3742,#2006,#2007);
#1770=AXIS2_PLACEMENT_3D('',#3753,#2008,#2009);
#1771=AXIS2_PLACEMENT_3D('',#3778,#2011,#2012);
#1772=AXIS2_PLACEMENT_3D('',#3802,#2014,#2015);
#1773=AXIS2_PLACEMENT_3D('',#3827,#2017,#2018);
#1774=AXIS2_PLACEMENT_3D('',#3852,#2020,#2021);
#1775=AXIS2_PLACEMENT_3D('',#3863,#2023,#2024);
#1776=AXIS2_PLACEMENT_3D('',#3869,#2025,#2026);
#1777=AXIS2_PLACEMENT_3D('',#3878,#2031,#2032);
#1778=AXIS2_PLACEMENT_3D('',#3884,#2036,#2037);
#1779=AXIS2_PLACEMENT_3D('',#3890,#2041,#2042);
#1780=AXIS2_PLACEMENT_3D('',#3893,#2045,#2046);
#1781=AXIS2_PLACEMENT_3D('',#3902,#2051,#2052);
#1782=AXIS2_PLACEMENT_3D('',#3911,#2057,#2058);
#1783=AXIS2_PLACEMENT_3D('',#4683,#2059,#2060);
#1784=AXIS2_PLACEMENT_3D('',#5455,#2061,#2062);
#1785=AXIS2_PLACEMENT_3D('',#6227,#2063,#2064);
#1786=AXIS2_PLACEMENT_3D('',#6402,#2065,#2066);
#1787=AXIS2_PLACEMENT_3D('',#6406,#2068,#2069);
#1788=AXIS2_PLACEMENT_3D('',#6409,#2071,#2072);
#1789=AXIS2_PLACEMENT_3D('',#6410,#2073,#2074);
#1790=AXIS2_PLACEMENT_3D('',#6411,#2075,#2076);
#1791=AXIS2_PLACEMENT_3D('',#7010,#2077,#2078);
#1792=AXIS2_PLACEMENT_3D('',#7012,#2079,#2080);
#1793=AXIS2_PLACEMENT_3D('',#7015,#2082,#2083);
#1794=AXIS2_PLACEMENT_3D('',#7016,#2084,#2085);
#1795=AXIS2_PLACEMENT_3D('',#7017,#2086,#2087);
#1796=AXIS2_PLACEMENT_3D('',#7019,#2088,#2089);
#1797=AXIS2_PLACEMENT_3D('',#7021,#2091,#2092);
#1798=AXIS2_PLACEMENT_3D('',#7022,#2093,#2094);
#1799=AXIS2_PLACEMENT_3D('',#7023,#2095,#2096);
#1800=AXIS2_PLACEMENT_3D('',#7026,#2097,#2098);
#1801=AXIS2_PLACEMENT_3D('',#7029,#2101,#2102);
#1802=AXIS2_PLACEMENT_3D('',#7031,#2103,#2104);
#1803=AXIS2_PLACEMENT_3D('',#7033,#2106,#2107);
#1804=AXIS2_PLACEMENT_3D('',#7035,#2109,#2110);
#1805=AXIS2_PLACEMENT_3D('',#7037,#2112,#2113);
#1806=AXIS2_PLACEMENT_3D('',#7038,#2114,#2115);
#1807=AXIS2_PLACEMENT_3D('',#7040,#2116,#2117);
#1808=AXIS2_PLACEMENT_3D('',#7041,#2118,#2119);
#1809=AXIS2_PLACEMENT_3D('',#7042,#2120,#2121);
#1810=AXIS2_PLACEMENT_3D('',#7043,#2122,#2123);
#1811=AXIS2_PLACEMENT_3D('',#7044,#2124,#2125);
#1812=AXIS2_PLACEMENT_3D('',#7045,#2126,#2127);
#1813=AXIS2_PLACEMENT_3D('',#7047,#2128,#2129);
#1814=AXIS2_PLACEMENT_3D('',#7050,#2131,#2132);
#1815=AXIS2_PLACEMENT_3D('',#7051,#2133,#2134);
#1816=AXIS2_PLACEMENT_3D('',#7052,#2135,#2136);
#1817=AXIS2_PLACEMENT_3D('',#7054,#2137,#2138);
#1818=AXIS2_PLACEMENT_3D('',#7056,#2140,#2141);
#1819=AXIS2_PLACEMENT_3D('',#7057,#2142,#2143);
#1820=AXIS2_PLACEMENT_3D('',#7059,#2144,#2145);
#1821=AXIS2_PLACEMENT_3D('',#7062,#2147,#2148);
#1822=AXIS2_PLACEMENT_3D('',#7063,#2149,#2150);
#1823=AXIS2_PLACEMENT_3D('',#7064,#2151,#2152);
#1824=AXIS2_PLACEMENT_3D('',#7065,#2153,#2154);
#1825=DIRECTION('axis',(0.,0.,1.));
#1826=DIRECTION('refdir',(1.,0.,0.));
#1827=DIRECTION('axis',(0.,0.,1.));
#1828=DIRECTION('refdir',(1.,0.,0.));
#1829=DIRECTION('center_axis',(0.,0.,-1.));
#1830=DIRECTION('ref_axis',(0.93936463858122,-0.342919926197319,0.));
#1831=DIRECTION('',(0.,0.,1.));
#1832=DIRECTION('center_axis',(0.,0.,1.));
#1833=DIRECTION('ref_axis',(1.,0.,0.));
#1834=DIRECTION('center_axis',(0.,0.,-1.));
#1835=DIRECTION('ref_axis',(1.,0.,0.));
#1836=DIRECTION('',(0.,0.,1.));
#1837=DIRECTION('center_axis',(0.,0.,-1.));
#1838=DIRECTION('ref_axis',(1.,0.,0.));
#1839=DIRECTION('',(0.,0.,1.));
#1840=DIRECTION('center_axis',(0.,0.,-1.));
#1841=DIRECTION('ref_axis',(1.,0.,0.));
#1842=DIRECTION('',(0.,0.,1.));
#1843=DIRECTION('center_axis',(0.,0.,-1.));
#1844=DIRECTION('ref_axis',(1.,0.,0.));
#1845=DIRECTION('',(0.,0.,1.));
#1846=DIRECTION('center_axis',(0.,0.,-1.));
#1847=DIRECTION('ref_axis',(1.,0.,0.));
#1848=DIRECTION('',(0.,0.,1.));
#1849=DIRECTION('center_axis',(0.,0.,-1.));
#1850=DIRECTION('ref_axis',(1.,0.,0.));
#1851=DIRECTION('center_axis',(0.,0.,-1.));
#1852=DIRECTION('ref_axis',(0.939358644125828,-0.342936346434855,0.));
#1853=DIRECTION('',(0.,0.,1.));
#1854=DIRECTION('center_axis',(0.,0.,1.));
#1855=DIRECTION('ref_axis',(1.,0.,0.));
#1856=DIRECTION('center_axis',(0.,0.,-1.));
#1857=DIRECTION('ref_axis',(1.,0.,0.));
#1858=DIRECTION('',(0.,0.,1.));
#1859=DIRECTION('center_axis',(0.,0.,-1.));
#1860=DIRECTION('ref_axis',(1.,0.,0.));
#1861=DIRECTION('',(0.,0.,1.));
#1862=DIRECTION('center_axis',(0.,0.,-1.));
#1863=DIRECTION('ref_axis',(1.,0.,0.));
#1864=DIRECTION('',(0.,0.,1.));
#1865=DIRECTION('center_axis',(0.,0.,-1.));
#1866=DIRECTION('ref_axis',(1.,0.,0.));
#1867=DIRECTION('',(0.,0.,1.));
#1868=DIRECTION('center_axis',(0.,0.,-1.));
#1869=DIRECTION('ref_axis',(1.,0.,0.));
#1870=DIRECTION('',(0.,0.,1.));
#1871=DIRECTION('center_axis',(0.,0.,-1.));
#1872=DIRECTION('ref_axis',(1.,0.,0.));
#1873=DIRECTION('center_axis',(0.,0.,-1.));
#1874=DIRECTION('ref_axis',(0.939363376882526,-0.34292338236384,0.));
#1875=DIRECTION('',(0.,0.,1.));
#1876=DIRECTION('center_axis',(0.,0.,1.));
#1877=DIRECTION('ref_axis',(1.,0.,0.));
#1878=DIRECTION('center_axis',(0.,0.,-1.));
#1879=DIRECTION('ref_axis',(1.,0.,0.));
#1880=DIRECTION('',(0.,0.,1.));
#1881=DIRECTION('center_axis',(0.,0.,-1.));
#1882=DIRECTION('ref_axis',(1.,0.,0.));
#1883=DIRECTION('',(0.,0.,1.));
#1884=DIRECTION('center_axis',(0.,0.,-1.));
#1885=DIRECTION('ref_axis',(1.,0.,0.));
#1886=DIRECTION('',(0.,0.,1.));
#1887=DIRECTION('center_axis',(0.,0.,-1.));
#1888=DIRECTION('ref_axis',(1.,0.,0.));
#1889=DIRECTION('',(0.,0.,1.));
#1890=DIRECTION('center_axis',(0.,0.,-1.));
#1891=DIRECTION('ref_axis',(1.,0.,0.));
#1892=DIRECTION('',(0.,0.,1.));
#1893=DIRECTION('center_axis',(0.,0.,-1.));
#1894=DIRECTION('ref_axis',(1.,0.,0.));
#1895=DIRECTION('center_axis',(0.,0.,-1.));
#1896=DIRECTION('ref_axis',(0.939363376882543,-0.342923382363796,0.));
#1897=DIRECTION('',(0.,0.,1.));
#1898=DIRECTION('center_axis',(0.,0.,1.));
#1899=DIRECTION('ref_axis',(1.,0.,0.));
#1900=DIRECTION('center_axis',(0.,0.,-1.));
#1901=DIRECTION('ref_axis',(1.,0.,0.));
#1902=DIRECTION('',(0.,0.,1.));
#1903=DIRECTION('center_axis',(0.,0.,-1.));
#1904=DIRECTION('ref_axis',(1.,0.,0.));
#1905=DIRECTION('',(0.,0.,1.));
#1906=DIRECTION('center_axis',(0.,0.,-1.));
#1907=DIRECTION('ref_axis',(1.,0.,0.));
#1908=DIRECTION('',(0.,0.,1.));
#1909=DIRECTION('center_axis',(0.,0.,-1.));
#1910=DIRECTION('ref_axis',(1.,0.,0.));
#1911=DIRECTION('',(0.,0.,1.));
#1912=DIRECTION('center_axis',(0.,0.,-1.));
#1913=DIRECTION('ref_axis',(1.,0.,0.));
#1914=DIRECTION('',(0.,0.,1.));
#1915=DIRECTION('center_axis',(0.,0.,-1.));
#1916=DIRECTION('ref_axis',(1.,0.,0.));
#1917=DIRECTION('center_axis',(0.,0.,-1.));
#1918=DIRECTION('ref_axis',(1.,-1.73472347597681E-14,0.));
#1919=DIRECTION('',(1.22464679914735E-16,-2.13942115008739E-30,-1.));
#1920=DIRECTION('center_axis',(0.,0.,1.));
#1921=DIRECTION('ref_axis',(1.,-1.73472347597681E-14,0.));
#1922=DIRECTION('center_axis',(0.,0.,-1.));
#1923=DIRECTION('ref_axis',(1.,-1.73472347597681E-14,0.));
#1924=DIRECTION('',(1.22464679914735E-16,-2.13942115008739E-30,-1.));
#1925=DIRECTION('center_axis',(0.,0.,1.));
#1926=DIRECTION('ref_axis',(1.,-1.73472347597681E-14,0.));
#1927=DIRECTION('center_axis',(0.,0.,-1.));
#1928=DIRECTION('ref_axis',(1.,-1.73472347597681E-14,0.));
#1929=DIRECTION('',(1.22464679914735E-16,-2.13942115008739E-30,-1.));
#1930=DIRECTION('center_axis',(0.,0.,-1.));
#1931=DIRECTION('ref_axis',(1.,-1.73472347597681E-14,0.));
#1932=DIRECTION('',(1.22464679914735E-16,-2.13942115008739E-30,-1.));
#1933=DIRECTION('center_axis',(0.,0.,-1.));
#1934=DIRECTION('ref_axis',(1.,-1.73472347597681E-14,0.));
#1935=DIRECTION('',(1.22464679914735E-16,-2.13942115008739E-30,-1.));
#1936=DIRECTION('center_axis',(0.,0.,-1.));
#1937=DIRECTION('ref_axis',(1.,-1.73472347597681E-14,0.));
#1938=DIRECTION('',(1.22464679914735E-16,-2.13942115008739E-30,-1.));
#1939=DIRECTION('center_axis',(0.,0.,-1.));
#1940=DIRECTION('ref_axis',(-0.608991125483383,-0.793177035145674,0.));
#1941=DIRECTION('',(1.22464679914735E-16,-2.13942115008739E-30,-1.));
#1942=DIRECTION('center_axis',(0.,0.,-1.));
#1943=DIRECTION('ref_axis',(1.,-1.73472347597681E-14,0.));
#1944=DIRECTION('center_axis',(0.,0.,-1.));
#1945=DIRECTION('ref_axis',(1.,-2.42861286636753E-14,0.));
#1946=DIRECTION('',(1.22464679914735E-16,-2.98919057099169E-30,-1.));
#1947=DIRECTION('center_axis',(0.,0.,1.));
#1948=DIRECTION('ref_axis',(1.,-2.42861286636753E-14,0.));
#1949=DIRECTION('center_axis',(0.,0.,-1.));
#1950=DIRECTION('ref_axis',(1.,-2.42861286636753E-14,0.));
#1951=DIRECTION('',(1.22464679914735E-16,-2.98919057099169E-30,-1.));
#1952=DIRECTION('center_axis',(0.,0.,1.));
#1953=DIRECTION('ref_axis',(1.,-2.42861286636753E-14,0.));
#1954=DIRECTION('center_axis',(0.,0.,-1.));
#1955=DIRECTION('ref_axis',(1.,-2.42861286636753E-14,0.));
#1956=DIRECTION('',(1.22464679914735E-16,-2.98919057099169E-30,-1.));
#1957=DIRECTION('center_axis',(0.,0.,-1.));
#1958=DIRECTION('ref_axis',(1.,-2.42861286636753E-14,0.));
#1959=DIRECTION('',(1.22464679914735E-16,-2.98919057099169E-30,-1.));
#1960=DIRECTION('center_axis',(0.,0.,-1.));
#1961=DIRECTION('ref_axis',(1.,-2.42861286636753E-14,0.));
#1962=DIRECTION('',(1.22464679914735E-16,-2.98919057099169E-30,-1.));
#1963=DIRECTION('center_axis',(0.,0.,-1.));
#1964=DIRECTION('ref_axis',(1.,-2.42861286636753E-14,0.));
#1965=DIRECTION('',(1.22464679914735E-16,-2.98919057099169E-30,-1.));
#1966=DIRECTION('center_axis',(0.,0.,-1.));
#1967=DIRECTION('ref_axis',(-0.608992508421619,-0.793175973341569,0.));
#1968=DIRECTION('',(1.22464679914735E-16,-2.98919057099169E-30,-1.));
#1969=DIRECTION('center_axis',(0.,0.,-1.));
#1970=DIRECTION('ref_axis',(1.,-2.42861286636753E-14,0.));
#1971=DIRECTION('center_axis',(0.,0.,-1.));
#1972=DIRECTION('ref_axis',(1.,-1.99493199737332E-14,0.));
#1973=DIRECTION('',(1.22464679914735E-16,-2.45808468292649E-30,-1.));
#1974=DIRECTION('center_axis',(0.,0.,1.));
#1975=DIRECTION('ref_axis',(1.,-1.99493199737332E-14,0.));
#1976=DIRECTION('center_axis',(0.,0.,-1.));
#1977=DIRECTION('ref_axis',(1.,-1.99493199737332E-14,0.));
#1978=DIRECTION('',(1.22464679914735E-16,-2.45808468292649E-30,-1.));
#1979=DIRECTION('center_axis',(0.,0.,1.));
#1980=DIRECTION('ref_axis',(1.,-1.99493199737332E-14,0.));
#1981=DIRECTION('center_axis',(0.,0.,-1.));
#1982=DIRECTION('ref_axis',(1.,-1.99493199737332E-14,0.));
#1983=DIRECTION('',(1.22464679914735E-16,-2.45808468292649E-30,-1.));
#1984=DIRECTION('center_axis',(0.,0.,-1.));
#1985=DIRECTION('ref_axis',(1.,-1.99493199737332E-14,0.));
#1986=DIRECTION('',(1.22464679914735E-16,-2.45808468292649E-30,-1.));
#1987=DIRECTION('center_axis',(0.,0.,-1.));
#1988=DIRECTION('ref_axis',(1.,-1.99493199737332E-14,0.));
#1989=DIRECTION('',(1.22464679914735E-16,-2.45808468292649E-30,-1.));
#1990=DIRECTION('center_axis',(0.,0.,-1.));
#1991=DIRECTION('ref_axis',(1.,-1.99493199737332E-14,0.));
#1992=DIRECTION('',(1.22464679914735E-16,-2.45808468292649E-30,-1.));
#1993=DIRECTION('center_axis',(0.,0.,-1.));
#1994=DIRECTION('ref_axis',(-0.608992508421613,-0.793175973341573,0.));
#1995=DIRECTION('',(1.22464679914735E-16,-2.45808468292649E-30,-1.));
#1996=DIRECTION('center_axis',(0.,0.,-1.));
#1997=DIRECTION('ref_axis',(1.,-1.99493199737332E-14,0.));
#1998=DIRECTION('center_axis',(0.,0.,-1.));
#1999=DIRECTION('ref_axis',(1.,-1.95156391047391E-14,0.));
#2000=DIRECTION('',(1.22464679914735E-16,-2.40497409411998E-30,-1.));
#2001=DIRECTION('center_axis',(0.,0.,1.));
#2002=DIRECTION('ref_axis',(1.,-1.95156391047391E-14,0.));
#2003=DIRECTION('center_axis',(0.,0.,-1.));
#2004=DIRECTION('ref_axis',(1.,-1.95156391047391E-14,0.));
#2005=DIRECTION('',(1.22464679914735E-16,-2.40497409411998E-30,-1.));
#2006=DIRECTION('center_axis',(0.,0.,1.));
#2007=DIRECTION('ref_axis',(1.,-1.95156391047391E-14,0.));
#2008=DIRECTION('center_axis',(0.,0.,-1.));
#2009=DIRECTION('ref_axis',(1.,-1.95156391047391E-14,0.));
#2010=DIRECTION('',(1.22464679914735E-16,-2.40497409411998E-30,-1.));
#2011=DIRECTION('center_axis',(0.,0.,-1.));
#2012=DIRECTION('ref_axis',(1.,-1.95156391047391E-14,0.));
#2013=DIRECTION('',(1.22464679914735E-16,-2.40497409411998E-30,-1.));
#2014=DIRECTION('center_axis',(0.,0.,-1.));
#2015=DIRECTION('ref_axis',(1.,-1.95156391047391E-14,0.));
#2016=DIRECTION('',(1.22464679914735E-16,-2.40497409411998E-30,-1.));
#2017=DIRECTION('center_axis',(0.,0.,-1.));
#2018=DIRECTION('ref_axis',(1.,-1.95156391047391E-14,0.));
#2019=DIRECTION('',(1.22464679914735E-16,-2.40497409411998E-30,-1.));
#2020=DIRECTION('center_axis',(0.,0.,-1.));
#2021=DIRECTION('ref_axis',(-0.609000305294193,-0.793169986920571,0.));
#2022=DIRECTION('',(1.22464679914735E-16,-2.40497409411998E-30,-1.));
#2023=DIRECTION('center_axis',(0.,0.,-1.));
#2024=DIRECTION('ref_axis',(1.,-1.95156391047391E-14,0.));
#2025=DIRECTION('center_axis',(0.,1.,0.));
#2026=DIRECTION('ref_axis',(1.,0.,0.));
#2027=DIRECTION('',(1.,0.,0.));
#2028=DIRECTION('',(0.,0.,-1.));
#2029=DIRECTION('',(1.,0.,0.));
#2030=DIRECTION('',(0.,0.,-1.));
#2031=DIRECTION('center_axis',(-1.,0.,0.));
#2032=DIRECTION('ref_axis',(0.,1.,0.));
#2033=DIRECTION('',(0.,1.,0.));
#2034=DIRECTION('',(0.,1.,0.));
#2035=DIRECTION('',(0.,0.,-1.));
#2036=DIRECTION('center_axis',(0.,-1.,0.));
#2037=DIRECTION('ref_axis',(-1.,0.,0.));
#2038=DIRECTION('',(-1.,0.,0.));
#2039=DIRECTION('',(-1.,0.,0.));
#2040=DIRECTION('',(0.,0.,-1.));
#2041=DIRECTION('center_axis',(1.,0.,0.));
#2042=DIRECTION('ref_axis',(0.,-1.,0.));
#2043=DIRECTION('',(0.,1.,0.));
#2044=DIRECTION('',(0.,-1.,0.));
#2045=DIRECTION('center_axis',(-1.88173394004264E-16,1.,0.));
#2046=DIRECTION('ref_axis',(1.,1.88173394004264E-16,0.));
#2047=DIRECTION('',(1.,1.88173394004264E-16,0.));
#2048=DIRECTION('',(0.,0.,-1.));
#2049=DIRECTION('',(1.,1.88173394004264E-16,0.));
#2050=DIRECTION('',(0.,0.,1.));
#2051=DIRECTION('center_axis',(1.,0.,0.));
#2052=DIRECTION('ref_axis',(0.,-1.,0.));
#2053=DIRECTION('',(0.,-1.,0.));
#2054=DIRECTION('',(0.,0.,-1.));
#2055=DIRECTION('',(0.,-1.,0.));
#2056=DIRECTION('',(0.,0.,1.));
#2057=DIRECTION('center_axis',(0.,0.,-1.));
#2058=DIRECTION('ref_axis',(1.,-1.95156391047391E-14,0.));
#2059=DIRECTION('center_axis',(0.,0.,-1.));
#2060=DIRECTION('ref_axis',(1.,-1.99493199737332E-14,0.));
#2061=DIRECTION('center_axis',(0.,0.,-1.));
#2062=DIRECTION('ref_axis',(1.,-2.42861286636753E-14,0.));
#2063=DIRECTION('center_axis',(0.,0.,-1.));
#2064=DIRECTION('ref_axis',(1.,0.,0.));
#2065=DIRECTION('center_axis',(0.,0.,1.));
#2066=DIRECTION('ref_axis',(1.,0.,0.));
#2067=DIRECTION('',(-7.05650227515989E-17,1.,0.));
#2068=DIRECTION('center_axis',(0.,0.,1.));
#2069=DIRECTION('ref_axis',(1.,0.,0.));
#2070=DIRECTION('',(-1.,0.,0.));
#2071=DIRECTION('center_axis',(0.,0.,1.));
#2072=DIRECTION('ref_axis',(1.,0.,0.));
#2073=DIRECTION('center_axis',(0.,0.,1.));
#2074=DIRECTION('ref_axis',(1.,0.,0.));
#2075=DIRECTION('center_axis',(0.,0.,-1.));
#2076=DIRECTION('ref_axis',(1.,-1.73472347597681E-14,0.));
#2077=DIRECTION('center_axis',(0.,0.,-1.));
#2078=DIRECTION('ref_axis',(1.,0.,0.));
#2079=DIRECTION('center_axis',(0.,0.,-1.));
#2080=DIRECTION('ref_axis',(1.,0.,0.));
#2081=DIRECTION('',(0.,0.,-1.));
#2082=DIRECTION('center_axis',(0.,0.,-1.));
#2083=DIRECTION('ref_axis',(1.,0.,0.));
#2084=DIRECTION('center_axis',(0.,0.,-1.));
#2085=DIRECTION('ref_axis',(1.,0.,0.));
#2086=DIRECTION('center_axis',(0.,0.,1.));
#2087=DIRECTION('ref_axis',(1.,0.,0.));
#2088=DIRECTION('center_axis',(0.,0.,1.));
#2089=DIRECTION('ref_axis',(1.,0.,0.));
#2090=DIRECTION('',(0.,0.,1.));
#2091=DIRECTION('center_axis',(0.,0.,1.));
#2092=DIRECTION('ref_axis',(-0.707106781186548,-0.707106781186547,0.));
#2093=DIRECTION('center_axis',(0.,0.,1.));
#2094=DIRECTION('ref_axis',(1.,0.,0.));
#2095=DIRECTION('center_axis',(0.,0.,1.));
#2096=DIRECTION('ref_axis',(1.,0.,0.));
#2097=DIRECTION('center_axis',(0.,0.,1.));
#2098=DIRECTION('ref_axis',(1.,0.,0.));
#2099=DIRECTION('',(0.,0.,-1.));
#2100=DIRECTION('',(0.,0.,1.));
#2101=DIRECTION('center_axis',(0.,0.,1.));
#2102=DIRECTION('ref_axis',(1.,0.,0.));
#2103=DIRECTION('center_axis',(0.,0.,1.));
#2104=DIRECTION('ref_axis',(1.,0.,0.));
#2105=DIRECTION('',(0.,0.,-1.));
#2106=DIRECTION('center_axis',(0.,-1.,0.));
#2107=DIRECTION('ref_axis',(-1.,0.,0.));
#2108=DIRECTION('',(-1.,0.,0.));
#2109=DIRECTION('center_axis',(-1.,-7.05650227515989E-17,0.));
#2110=DIRECTION('ref_axis',(-7.05650227515989E-17,1.,0.));
#2111=DIRECTION('',(-7.05650227515989E-17,1.,0.));
#2112=DIRECTION('center_axis',(0.,0.,1.));
#2113=DIRECTION('ref_axis',(1.,0.,0.));
#2114=DIRECTION('center_axis',(0.,0.,1.));
#2115=DIRECTION('ref_axis',(1.,0.,0.));
#2116=DIRECTION('center_axis',(0.,0.,1.));
#2117=DIRECTION('ref_axis',(1.,0.,0.));
#2118=DIRECTION('center_axis',(0.,0.,-1.));
#2119=DIRECTION('ref_axis',(1.,0.,0.));
#2120=DIRECTION('center_axis',(0.,0.,-1.));
#2121=DIRECTION('ref_axis',(1.,0.,0.));
#2122=DIRECTION('center_axis',(0.,0.,-1.));
#2123=DIRECTION('ref_axis',(1.,0.,0.));
#2124=DIRECTION('center_axis',(0.,0.,-1.));
#2125=DIRECTION('ref_axis',(1.,0.,0.));
#2126=DIRECTION('center_axis',(0.,0.,1.));
#2127=DIRECTION('ref_axis',(1.,0.,0.));
#2128=DIRECTION('center_axis',(0.,0.,1.));
#2129=DIRECTION('ref_axis',(1.,0.,0.));
#2130=DIRECTION('',(0.,0.,-1.));
#2131=DIRECTION('center_axis',(0.,0.,-1.));
#2132=DIRECTION('ref_axis',(1.,0.,0.));
#2133=DIRECTION('center_axis',(0.,0.,1.));
#2134=DIRECTION('ref_axis',(1.,0.,0.));
#2135=DIRECTION('center_axis',(0.,0.,1.));
#2136=DIRECTION('ref_axis',(1.,0.,0.));
#2137=DIRECTION('center_axis',(0.,0.,1.));
#2138=DIRECTION('ref_axis',(1.,0.,0.));
#2139=DIRECTION('',(0.,0.,-1.));
#2140=DIRECTION('center_axis',(0.,0.,1.));
#2141=DIRECTION('ref_axis',(1.,0.,0.));
#2142=DIRECTION('center_axis',(0.,0.,-1.));
#2143=DIRECTION('ref_axis',(-1.,0.,0.));
#2144=DIRECTION('center_axis',(0.,0.,-1.));
#2145=DIRECTION('ref_axis',(-1.,0.,0.));
#2146=DIRECTION('',(0.,0.,1.));
#2147=DIRECTION('center_axis',(0.,0.,1.));
#2148=DIRECTION('ref_axis',(-1.,0.,0.));
#2149=DIRECTION('center_axis',(0.,0.,1.));
#2150=DIRECTION('ref_axis',(-1.,0.,0.));
#2151=DIRECTION('center_axis',(0.,0.,1.));
#2152=DIRECTION('ref_axis',(-1.,0.,0.));
#2153=DIRECTION('',(0.,0.,1.));
#2154=DIRECTION('',(1.,0.,0.));
#2155=CARTESIAN_POINT('',(0.,0.,0.));
#2156=CARTESIAN_POINT('',(0.,0.,0.));
#2157=CARTESIAN_POINT('Origin',(52.2,52.2,0.));
#2158=CARTESIAN_POINT('',(50.0837472055629,52.2017505640395,-0.710943720977505));
#2159=CARTESIAN_POINT('',(50.0803738917312,52.2009879607396,-0.489056279022495));
#2160=CARTESIAN_POINT('',(50.083,52.2,0.));
#2161=CARTESIAN_POINT('',(53.8199256943887,53.5629122292573,0.));
#2162=CARTESIAN_POINT('Ctrl Pts',(50.0803738917312,52.2009879607396,-0.489056279022495));
#2163=CARTESIAN_POINT('Ctrl Pts',(50.0841826901429,51.5733732920887,-0.4511748090924));
#2164=CARTESIAN_POINT('Ctrl Pts',(50.3812466237424,50.9427367553886,-0.413293339162305));
#2165=CARTESIAN_POINT('Ctrl Pts',(50.8696391874238,50.5490897205638,-0.37541186923221));
#2166=CARTESIAN_POINT('Ctrl Pts',(51.4074229804237,50.1156330890879,-0.333699439317519));
#2167=CARTESIAN_POINT('Ctrl Pts',(52.1771903801934,49.9695233088806,-0.291987009402829));
#2168=CARTESIAN_POINT('Ctrl Pts',(52.8359327036908,50.1769650045465,-0.250274579488138));
#2169=CARTESIAN_POINT('Ctrl Pts',(53.4946750271882,50.3844067002124,-0.208562149573448));
#2170=CARTESIAN_POINT('Ctrl Pts',(54.0423922744132,50.9453998717513,-0.166849719658758));
#2171=CARTESIAN_POINT('Ctrl Pts',(54.2353304029693,51.6073508331273,-0.125137289744068));
#2172=CARTESIAN_POINT('Ctrl Pts',(54.4282685315253,52.2693017945033,-0.0834248598293773));
#2173=CARTESIAN_POINT('Ctrl Pts',(54.2664275414123,53.0322105457163,-0.0417124299146871));
#2174=CARTESIAN_POINT('Ctrl Pts',(53.8199256943887,53.5629122292573,3.23816042983749E-15));
#2175=CARTESIAN_POINT('',(50.5771000063202,53.5647899055719,-5.43063436884539E-15));
#2176=CARTESIAN_POINT('Origin',(52.2,52.2,0.));
#2177=CARTESIAN_POINT('Ctrl Pts',(50.5770861666649,53.5647986425518,-3.64291929955129E-15));
#2178=CARTESIAN_POINT('Ctrl Pts',(51.0038075160906,54.0688872779044,-0.0398818999937411));
#2179=CARTESIAN_POINT('Ctrl Pts',(51.686046699758,54.3604744635297,-0.0797637999874787));
#2180=CARTESIAN_POINT('Ctrl Pts',(52.3449074340622,54.3152706289865,-0.119645699981216));
#2181=CARTESIAN_POINT('Ctrl Pts',(53.0340090618061,54.2679919943037,-0.161358129895907));
#2182=CARTESIAN_POINT('Ctrl Pts',(53.6975369050221,53.8522962397794,-0.203070559810597));
#2183=CARTESIAN_POINT('Ctrl Pts',(54.0404011156508,53.2529082530689,-0.244782989725287));
#2184=CARTESIAN_POINT('Ctrl Pts',(54.3832653262795,52.6535202663585,-0.286495419639978));
#2185=CARTESIAN_POINT('Ctrl Pts',(54.4054659043211,51.8704400474619,-0.328207849554668));
#2186=CARTESIAN_POINT('Ctrl Pts',(54.0969238911913,51.2525849563345,-0.369920279469359));
#2187=CARTESIAN_POINT('Ctrl Pts',(53.7883818780615,50.6347298652071,-0.41163270938405));
#2188=CARTESIAN_POINT('Ctrl Pts',(53.1490972737603,50.1820999018489,-0.45334513929874));
#2189=CARTESIAN_POINT('Ctrl Pts',(52.4638538749448,50.0961706464675,-0.495057569213431));
#2190=CARTESIAN_POINT('Ctrl Pts',(51.7786104761293,50.0102413910862,-0.536769999128121));
#2191=CARTESIAN_POINT('Ctrl Pts',(51.0474082827994,50.2910128436817,-0.578482429042811));
#2192=CARTESIAN_POINT('Ctrl Pts',(50.5958258410158,50.8134949073728,-0.620194858957501));
#2193=CARTESIAN_POINT('Ctrl Pts',(50.2683407821346,51.1923959751744,-0.650444479630836));
#2194=CARTESIAN_POINT('Ctrl Pts',(50.0879096858061,51.6984143262011,-0.680694100304171));
#2195=CARTESIAN_POINT('Ctrl Pts',(50.0837472055629,52.2017505640395,-0.710943720977505));
#2196=CARTESIAN_POINT('Origin',(52.2,52.2,0.));
#2197=CARTESIAN_POINT('',(50.0807585959883,52.1987312352184,-1.51094372097751));
#2198=CARTESIAN_POINT('',(50.0842301671168,52.1983297497507,-1.28905627902249));
#2199=CARTESIAN_POINT('',(50.083,52.2,0.));
#2200=CARTESIAN_POINT('Ctrl Pts',(50.0842301671168,52.1983297497507,-1.28905627902249));
#2201=CARTESIAN_POINT('Ctrl Pts',(50.082615110603,51.9891999341298,-1.27649515182857));
#2202=CARTESIAN_POINT('Ctrl Pts',(50.1112103136981,51.7805018982473,-1.26393402463464));
#2203=CARTESIAN_POINT('Ctrl Pts',(50.1718656740463,51.5815799304473,-1.25137289744071));
#2204=CARTESIAN_POINT('Ctrl Pts',(50.3732872844172,50.9210087482402,-1.20966046752602));
#2205=CARTESIAN_POINT('Ctrl Pts',(50.9282495818135,50.3682423343948,-1.16794803761133));
#2206=CARTESIAN_POINT('Ctrl Pts',(51.5896143658773,50.1694351165298,-1.12623560769664));
#2207=CARTESIAN_POINT('Ctrl Pts',(52.250979149941,49.9706278986647,-1.08452317778195));
#2208=CARTESIAN_POINT('Ctrl Pts',(53.018746420672,50.1257798767801,-1.04281074786726));
#2209=CARTESIAN_POINT('Ctrl Pts',(53.5510062912896,50.5658125443469,-1.00109831795257));
#2210=CARTESIAN_POINT('Ctrl Pts',(54.0832661619071,51.0058452119137,-0.959385888037876));
#2211=CARTESIAN_POINT('Ctrl Pts',(54.3800186324111,51.7307585689318,-0.917673458123186));
#2212=CARTESIAN_POINT('Ctrl Pts',(54.309117421798,52.4176988768846,-0.875961028208496));
#2213=CARTESIAN_POINT('Ctrl Pts',(54.2382162111849,53.1046391848375,-0.834248598293805));
#2214=CARTESIAN_POINT('Ctrl Pts',(53.7996613194546,53.753606443725,-0.792536168379115));
#2215=CARTESIAN_POINT('Ctrl Pts',(53.1887415877172,54.0756611275307,-0.750823738464424));
#2216=CARTESIAN_POINT('Ctrl Pts',(52.5778218559797,54.3977158113364,-0.709111308549733));
#2217=CARTESIAN_POINT('Ctrl Pts',(51.7945372842351,54.3928579200603,-0.667398878635043));
#2218=CARTESIAN_POINT('Ctrl Pts',(51.1877287166083,54.063121189213,-0.625686448720352));
#2219=CARTESIAN_POINT('Ctrl Pts',(50.5809201489815,53.7333844583658,-0.583974018805662));
#2220=CARTESIAN_POINT('Ctrl Pts',(50.1505875854726,53.0787688879474,-0.542261588890971));
#2221=CARTESIAN_POINT('Ctrl Pts',(50.0883213968332,52.3910593613658,-0.500549158976281));
#2222=CARTESIAN_POINT('Ctrl Pts',(50.0826027350924,52.3278986276769,-0.496718198991686));
#2223=CARTESIAN_POINT('Ctrl Pts',(50.079988707251,52.2644587470048,-0.49288723900709));
#2224=CARTESIAN_POINT('Ctrl Pts',(50.0803738917312,52.2009879607396,-0.489056279022495));
#2225=CARTESIAN_POINT('Ctrl Pts',(50.0837472055629,52.2017505640395,-0.710943720977505));
#2226=CARTESIAN_POINT('Ctrl Pts',(50.0821698728249,52.3924850972395,-0.722406530218861));
#2227=CARTESIAN_POINT('Ctrl Pts',(50.1059040037275,52.5828344897833,-0.733869339460217));
#2228=CARTESIAN_POINT('Ctrl Pts',(50.1565392944725,52.7657357926875,-0.745332148701573));
#2229=CARTESIAN_POINT('Ctrl Pts',(50.3407978799501,53.4313019395245,-0.787044578616264));
#2230=CARTESIAN_POINT('Ctrl Pts',(50.8812777411425,53.998241558412,-0.828757008530953));
#2231=CARTESIAN_POINT('Ctrl Pts',(51.5372781477576,54.2140918997327,-0.870469438445644));
#2232=CARTESIAN_POINT('Ctrl Pts',(52.1932785543728,54.4299422410533,-0.912181868360335));
#2233=CARTESIAN_POINT('Ctrl Pts',(52.9647995064107,54.2947033048073,-0.953894298275026));
#2234=CARTESIAN_POINT('Ctrl Pts',(53.508267336658,53.8685954672945,-0.995606728189717));
#2235=CARTESIAN_POINT('Ctrl Pts',(54.0517351669053,53.4424876297818,-1.03731915810441));
#2236=CARTESIAN_POINT('Ctrl Pts',(54.367149875362,52.7255108910024,-1.0790315880191));
#2237=CARTESIAN_POINT('Ctrl Pts',(54.3140463843664,52.0369565782638,-1.12074401793379));
#2238=CARTESIAN_POINT('Ctrl Pts',(54.2609428933708,51.3484022655252,-1.16245644784848));
#2239=CARTESIAN_POINT('Ctrl Pts',(53.8393212029229,50.6882703788275,-1.20416887776317));
#2240=CARTESIAN_POINT('Ctrl Pts',(53.2369418988123,50.35053402724,-1.24588130767786));
#2241=CARTESIAN_POINT('Ctrl Pts',(52.6345625947017,50.0127976756525,-1.28759373759255));
#2242=CARTESIAN_POINT('Ctrl Pts',(51.8514256769285,49.9974568591753,-1.32930616750724));
#2243=CARTESIAN_POINT('Ctrl Pts',(51.2362822878717,50.3113438368303,-1.37101859742193));
#2244=CARTESIAN_POINT('Ctrl Pts',(50.6211388988149,50.6252308144853,-1.41273102733662));
#2245=CARTESIAN_POINT('Ctrl Pts',(50.1739890384746,51.2683455862725,-1.45444345725131));
#2246=CARTESIAN_POINT('Ctrl Pts',(50.0939607373972,51.9542917284509,-1.496155887166));
#2247=CARTESIAN_POINT('Ctrl Pts',(50.0845035626497,52.0353519589779,-1.50108516510317));
#2248=CARTESIAN_POINT('Ctrl Pts',(50.0801731778294,52.1170103222834,-1.50601444304034));
#2249=CARTESIAN_POINT('Ctrl Pts',(50.0807585959883,52.1987312352184,-1.51094372097751));
#2250=CARTESIAN_POINT('Origin',(52.2,52.2,0.));
#2251=CARTESIAN_POINT('',(50.0861679239721,52.2001195219888,-2.3109437209775));
#2252=CARTESIAN_POINT('',(50.0843135521682,52.2016495192404,-2.08905627902249));
#2253=CARTESIAN_POINT('',(50.083,52.2,0.));
#2254=CARTESIAN_POINT('Ctrl Pts',(50.0843135521682,52.2016495192404,-2.08905627902249));
#2255=CARTESIAN_POINT('Ctrl Pts',(50.0879814470418,51.7195601976479,-2.06010306465004));
#2256=CARTESIAN_POINT('Ctrl Pts',(50.2519915172613,51.2352121326875,-2.03114985027759));
#2257=CARTESIAN_POINT('Ctrl Pts',(50.554223452172,50.8631412435585,-2.00219663590514));
#2258=CARTESIAN_POINT('Ctrl Pts',(50.9896441360645,50.3271047024533,-1.96048420599045));
#2259=CARTESIAN_POINT('Ctrl Pts',(51.7119539910197,50.0241073116704,-1.91877177607576));
#2260=CARTESIAN_POINT('Ctrl Pts',(52.3994892135946,50.0890817873064,-1.87705934616107));
#2261=CARTESIAN_POINT('Ctrl Pts',(53.0870244361695,50.1540562629425,-1.83534691624638));
#2262=CARTESIAN_POINT('Ctrl Pts',(53.7397850263641,50.5870026049975,-1.79363448633169));
#2263=CARTESIAN_POINT('Ctrl Pts',(54.0670792693618,51.195118466996,-1.75192205641699));
#2264=CARTESIAN_POINT('Ctrl Pts',(54.3943735123595,51.8032343289945,-1.7102096265023));
#2265=CARTESIAN_POINT('Ctrl Pts',(54.3962014081603,52.5865197109363,-1.66849719658761));
#2266=CARTESIAN_POINT('Ctrl Pts',(54.071749017811,53.1961563679747,-1.62678476667292));
#2267=CARTESIAN_POINT('Ctrl Pts',(53.7472966274617,53.8057930250131,-1.58507233675823));
#2268=CARTESIAN_POINT('Ctrl Pts',(53.0965639509621,54.2417809571481,-1.54335990684354));
#2269=CARTESIAN_POINT('Ctrl Pts',(52.4093394364661,54.309963943967,-1.50164747692885));
#2270=CARTESIAN_POINT('Ctrl Pts',(51.72211492197,54.378146930786,-1.45993504701416));
#2271=CARTESIAN_POINT('Ctrl Pts',(50.9983985694773,54.0785249722891,-1.41822261709947));
#2272=CARTESIAN_POINT('Ctrl Pts',(50.5604808549037,53.5445260177562,-1.37651018718478));
#2273=CARTESIAN_POINT('Ctrl Pts',(50.2544360646474,53.1713335375292,-1.34735888446402));
#2274=CARTESIAN_POINT('Ctrl Pts',(50.0879783181082,52.6836688812619,-1.31820758174326));
#2275=CARTESIAN_POINT('Ctrl Pts',(50.0842301671168,52.1983297497507,-1.28905627902249));
#2276=CARTESIAN_POINT('Ctrl Pts',(50.0807585959883,52.1987312352184,-1.51094372097751));
#2277=CARTESIAN_POINT('Ctrl Pts',(50.0851270908034,52.808547276948,-1.54772687295503));
#2278=CARTESIAN_POINT('Ctrl Pts',(50.3632276914485,53.4218463390236,-1.58451002493255));
#2279=CARTESIAN_POINT('Ctrl Pts',(50.8273900973883,53.816080363152,-1.62129317691007));
#2280=CARTESIAN_POINT('Ctrl Pts',(51.3537545002713,54.263145343105,-1.66300560682476));
#2281=CARTESIAN_POINT('Ctrl Pts',(52.1193900478515,54.4284977904414,-1.70471803673945));
#2282=CARTESIAN_POINT('Ctrl Pts',(52.7833389019704,54.2385017887296,-1.74643046665415));
#2283=CARTESIAN_POINT('Ctrl Pts',(53.4472877560892,54.0485057870177,-1.78814289656884));
#2284=CARTESIAN_POINT('Ctrl Pts',(54.0095499167467,53.5031613362576,-1.82985532648353));
#2285=CARTESIAN_POINT('Ctrl Pts',(54.2197350327533,52.8453248804295,-1.87156775639822));
#2286=CARTESIAN_POINT('Ctrl Pts',(54.4299201487598,52.1874884246014,-1.91328018631291));
#2287=CARTESIAN_POINT('Ctrl Pts',(54.2880282201153,51.4171599637053,-1.9549926162276));
#2288=CARTESIAN_POINT('Ctrl Pts',(53.857247518531,50.8773872667859,-1.99670504614229));
#2289=CARTESIAN_POINT('Ctrl Pts',(53.4264668169468,50.3376145698664,-2.03841747605698));
#2290=CARTESIAN_POINT('Ctrl Pts',(52.7067973424228,50.0283976369237,-2.08012990597167));
#2291=CARTESIAN_POINT('Ctrl Pts',(52.0187270756072,50.0874390132338,-2.12184233588636));
#2292=CARTESIAN_POINT('Ctrl Pts',(51.3306568087916,50.146480389544,-2.16355476580105));
#2293=CARTESIAN_POINT('Ctrl Pts',(50.6741857496845,50.5737800751071,-2.20526719571574));
#2294=CARTESIAN_POINT('Ctrl Pts',(50.3416579532494,51.1790501331107,-2.24697962563043));
#2295=CARTESIAN_POINT('Ctrl Pts',(50.171685919172,51.4884347440453,-2.26830099074612));
#2296=CARTESIAN_POINT('Ctrl Pts',(50.0863523906627,51.8443186901861,-2.28962235586181));
#2297=CARTESIAN_POINT('Ctrl Pts',(50.0861679239721,52.2001195219888,-2.3109437209775));
#2298=CARTESIAN_POINT('Origin',(52.2,52.2,0.));
#2299=CARTESIAN_POINT('',(50.0804212557026,52.2010714483208,-3.11094372097751));
#2300=CARTESIAN_POINT('',(50.0803021847699,52.1990132709894,-2.8890562790225));
#2301=CARTESIAN_POINT('',(50.083,52.2,0.));
#2302=CARTESIAN_POINT('Ctrl Pts',(50.0803021847699,52.1990132709894,-2.8890562790225));
#2303=CARTESIAN_POINT('Ctrl Pts',(50.0799486077119,52.1388193466012,-2.88542340738621));
#2304=CARTESIAN_POINT('Ctrl Pts',(50.0822973869389,52.0786533879393,-2.88179053574993));
#2305=CARTESIAN_POINT('Ctrl Pts',(50.0874394918984,52.0187271166864,-2.87815766411364));
#2306=CARTESIAN_POINT('Ctrl Pts',(50.1464808548237,51.3306570057805,-2.83644523419895));
#2307=CARTESIAN_POINT('Ctrl Pts',(50.5737804435822,50.6741860954067,-2.79473280428426));
#2308=CARTESIAN_POINT('Ctrl Pts',(51.1790503644451,50.3416583743156,-2.75302037436957));
#2309=CARTESIAN_POINT('Ctrl Pts',(51.7843202853081,50.0091306532245,-2.71130794445488));
#2310=CARTESIAN_POINT('Ctrl Pts',(52.5675605382754,50.0005461214162,-2.66959551454019));
#2311=CARTESIAN_POINT('Ctrl Pts',(53.1799733756315,50.3197276965553,-2.6278830846255));
#2312=CARTESIAN_POINT('Ctrl Pts',(53.7923862129876,50.6389092716944,-2.58617065471081));
#2313=CARTESIAN_POINT('Ctrl Pts',(54.2339716347325,51.285856953781,-2.54445822479612));
#2314=CARTESIAN_POINT('Ctrl Pts',(54.3080798876382,51.9724677090468,-2.50274579488142));
#2315=CARTESIAN_POINT('Ctrl Pts',(54.3821881405439,52.6590784643126,-2.46103336496673));
#2316=CARTESIAN_POINT('Ctrl Pts',(54.0888192246106,53.3853522927576,-2.41932093505204));
#2317=CARTESIAN_POINT('Ctrl Pts',(53.558618134652,53.8278601054174,-2.37760850513735));
#2318=CARTESIAN_POINT('Ctrl Pts',(53.0284170446935,54.2703679180773,-2.33589607522266));
#2319=CARTESIAN_POINT('Ctrl Pts',(52.2613837807098,54.4291097149519,-2.29418364530797));
#2320=CARTESIAN_POINT('Ctrl Pts',(51.5990986863669,54.2333935560046,-2.25247121539328));
#2321=CARTESIAN_POINT('Ctrl Pts',(50.936813592024,54.0376773970573,-2.21075878547859));
#2322=CARTESIAN_POINT('Ctrl Pts',(50.3792766673219,53.487503282288,-2.1690463555639));
#2323=CARTESIAN_POINT('Ctrl Pts',(50.1747739613857,52.8278783791896,-2.12733392564921));
#2324=CARTESIAN_POINT('Ctrl Pts',(50.1122196074594,52.6261088746828,-2.11457471010697));
#2325=CARTESIAN_POINT('Ctrl Pts',(50.0826971699359,52.4140985235438,-2.10181549456473));
#2326=CARTESIAN_POINT('Ctrl Pts',(50.0843135521682,52.2016495192404,-2.08905627902249));
#2327=CARTESIAN_POINT('Ctrl Pts',(50.0861679239721,52.2001195219888,-2.3109437209775));
#2328=CARTESIAN_POINT('Ctrl Pts',(50.0859915059884,52.5403959431964,-2.3313347857765));
#2329=CARTESIAN_POINT('Ctrl Pts',(50.1636957549822,52.8805963447751,-2.3517258505755));
#2330=CARTESIAN_POINT('Ctrl Pts',(50.3197272705124,53.1799735976794,-2.3721169153745));
#2331=CARTESIAN_POINT('Ctrl Pts',(50.6389089179739,53.7923865738002,-2.41382934528919));
#2332=CARTESIAN_POINT('Ctrl Pts',(51.2858567466599,54.2339720955974,-2.45554177520388));
#2333=CARTESIAN_POINT('Ctrl Pts',(51.9724676574969,54.3080803652939,-2.49725420511857));
#2334=CARTESIAN_POINT('Ctrl Pts',(52.6590785683339,54.3821886349904,-2.53896663503327));
#2335=CARTESIAN_POINT('Ctrl Pts',(53.3853525613218,54.0888196525861,-2.58067906494796));
#2336=CARTESIAN_POINT('Ctrl Pts',(53.8278604742549,53.5586184424933,-2.62239149486265));
#2337=CARTESIAN_POINT('Ctrl Pts',(54.270368387188,53.0284172324006,-2.66410392477734));
#2338=CARTESIAN_POINT('Ctrl Pts',(54.4291102200661,52.2613837946193,-2.70581635469203));
#2339=CARTESIAN_POINT('Ctrl Pts',(54.2333940167563,51.5990985502124,-2.74752878460672));
#2340=CARTESIAN_POINT('Ctrl Pts',(54.0376778134465,50.9368133058056,-2.78924121452141));
#2341=CARTESIAN_POINT('Ctrl Pts',(53.4875035739486,50.3792762547731,-2.8309536444361));
#2342=CARTESIAN_POINT('Ctrl Pts',(52.8278785214221,50.1747735025018,-2.87266607435079));
#2343=CARTESIAN_POINT('Ctrl Pts',(52.1682534688956,49.9702707502305,-2.91437850426548));
#2344=CARTESIAN_POINT('Ctrl Pts',(51.3991776033404,50.1188022967203,-2.95609093418017));
#2345=CARTESIAN_POINT('Ctrl Pts',(50.8631409407155,50.5542230792678,-2.99780336409486));
#2346=CARTESIAN_POINT('Ctrl Pts',(50.3784942024364,50.947899998692,-3.03551681638907));
#2347=CARTESIAN_POINT('Ctrl Pts',(50.084345536533,51.5760947407278,-3.07323026868329));
#2348=CARTESIAN_POINT('Ctrl Pts',(50.0804212557026,52.2010714483208,-3.11094372097751));
#2349=CARTESIAN_POINT('Origin',(52.2,52.2,0.));
#2350=CARTESIAN_POINT('',(50.0841565946471,52.1983156139549,-3.9109437209775));
#2351=CARTESIAN_POINT('',(50.0861538603184,52.1997866159673,-3.6890562790225));
#2352=CARTESIAN_POINT('',(50.083,52.2,0.));
#2353=CARTESIAN_POINT('Ctrl Pts',(50.0861538603184,52.1997866159673,-3.6890562790225));
#2354=CARTESIAN_POINT('Ctrl Pts',(50.0858445405167,51.8656255576612,-3.66903132020769));
#2355=CARTESIAN_POINT('Ctrl Pts',(50.1606560311045,51.5315953966983,-3.64900636139288));
#2356=CARTESIAN_POINT('Ctrl Pts',(50.3113442643422,51.2362825064886,-3.62898140257807));
#2357=CARTESIAN_POINT('Ctrl Pts',(50.625231170479,50.6211392570222,-3.58726897266338));
#2358=CARTESIAN_POINT('Ctrl Pts',(51.2683457973841,50.1739894975146,-3.54555654274869));
#2359=CARTESIAN_POINT('Ctrl Pts',(51.9542917843425,50.093961214457,-3.503844112834));
#2360=CARTESIAN_POINT('Ctrl Pts',(52.640237771301,50.0139329313995,-3.46213168291931));
#2361=CARTESIAN_POINT('Ctrl Pts',(53.3690151183129,50.301026124792,-3.42041925300462));
#2362=CARTESIAN_POINT('Ctrl Pts',(53.8160799968634,50.8273904084701,-3.37870682308993));
#2363=CARTESIAN_POINT('Ctrl Pts',(54.2631448754139,51.3537546921481,-3.33699439317524));
#2364=CARTESIAN_POINT('Ctrl Pts',(54.428497285503,52.1193900661118,-3.29528196326054));
#2365=CARTESIAN_POINT('Ctrl Pts',(54.2385013268948,52.7833387697584,-3.25356953334585));
#2366=CARTESIAN_POINT('Ctrl Pts',(54.0485053682866,53.447287473405,-3.21185710343116));
#2367=CARTESIAN_POINT('Ctrl Pts',(53.5031610409812,54.0095495067346,-3.17014467351647));
#2368=CARTESIAN_POINT('Ctrl Pts',(52.8453247341807,54.2197345751335,-3.12843224360178));
#2369=CARTESIAN_POINT('Ctrl Pts',(52.1874884273802,54.4299196435324,-3.08671981368709));
#2370=CARTESIAN_POINT('Ctrl Pts',(51.4171601410847,54.2880277470005,-3.0450073837724));
#2371=CARTESIAN_POINT('Ctrl Pts',(50.8773875664829,53.8572471430155,-3.00329495385771));
#2372=CARTESIAN_POINT('Ctrl Pts',(50.3846255467763,53.4639846275446,-2.96521539557931));
#2373=CARTESIAN_POINT('Ctrl Pts',(50.0840083598103,52.8299626359089,-2.9271358373009));
#2374=CARTESIAN_POINT('Ctrl Pts',(50.0803021847699,52.1990132709894,-2.8890562790225));
#2375=CARTESIAN_POINT('Ctrl Pts',(50.0804212557026,52.2010714483208,-3.11094372097751));
#2376=CARTESIAN_POINT('Ctrl Pts',(50.0800051412855,52.267341378941,-3.11494269859798));
#2377=CARTESIAN_POINT('Ctrl Pts',(50.0828521936243,52.3335751272706,-3.11894167621846));
#2378=CARTESIAN_POINT('Ctrl Pts',(50.0890813088751,52.3994892587899,-3.12294065383893));
#2379=CARTESIAN_POINT('Ctrl Pts',(50.154055799354,53.0870246371594,-3.16465308375362));
#2380=CARTESIAN_POINT('Ctrl Pts',(50.5870022400066,53.7397853752932,-3.20636551366831));
#2381=CARTESIAN_POINT('Ctrl Pts',(51.1951182395619,54.0670796924263,-3.248077943583));
#2382=CARTESIAN_POINT('Ctrl Pts',(51.8032342391172,54.3943740095595,-3.28979037349769));
#2383=CARTESIAN_POINT('Ctrl Pts',(52.5865197975753,54.3962019056918,-3.33150280341239));
#2384=CARTESIAN_POINT('Ctrl Pts',(53.1961565931921,54.0717494418828,-3.37321523332708));
#2385=CARTESIAN_POINT('Ctrl Pts',(53.8057933888089,53.7472969780738,-3.41492766324177));
#2386=CARTESIAN_POINT('Ctrl Pts',(54.2417814215844,53.0965641543235,-3.45664009315646));
#2387=CARTESIAN_POINT('Ctrl Pts',(54.3099644230068,52.4093394839853,-3.49835252307115));
#2388=CARTESIAN_POINT('Ctrl Pts',(54.3781474244291,51.7221148136471,-3.54006495298584));
#2389=CARTESIAN_POINT('Ctrl Pts',(54.0785253944985,50.9983982967211,-3.58177738290053));
#2390=CARTESIAN_POINT('Ctrl Pts',(53.5445263205675,50.560480483213,-3.62348981281522));
#2391=CARTESIAN_POINT('Ctrl Pts',(53.0105272466366,50.122562669705,-3.66520224272991));
#2392=CARTESIAN_POINT('Ctrl Pts',(52.2421511287055,49.9704435596148,-3.7069146726446));
#2393=CARTESIAN_POINT('Ctrl Pts',(51.5815797938316,50.171865214971,-3.74862710255929));
#2394=CARTESIAN_POINT('Ctrl Pts',(50.9210084589577,50.3732868703273,-3.79033953247398));
#2395=CARTESIAN_POINT('Ctrl Pts',(50.3682419071411,50.92824929113,-3.83205196238867));
#2396=CARTESIAN_POINT('Ctrl Pts',(50.169434649777,51.5896142265075,-3.87376439230336));
#2397=CARTESIAN_POINT('Ctrl Pts',(50.1103673615253,51.7861112447523,-3.88615750186141));
#2398=CARTESIAN_POINT('Ctrl Pts',(50.0825452452056,51.9920007691807,-3.89855061141946));
#2399=CARTESIAN_POINT('Ctrl Pts',(50.0841565946471,52.1983156139549,-3.9109437209775));
#2400=CARTESIAN_POINT('Origin',(52.2,52.2,0.));
#2401=CARTESIAN_POINT('',(50.0839991621081,52.2016934593773,-4.71094372097751));
#2402=CARTESIAN_POINT('',(50.0809188702653,52.2013234257052,-4.4890562790225));
#2403=CARTESIAN_POINT('',(50.083,52.2,0.));
#2404=CARTESIAN_POINT('',(53.5629122292573,53.8199256943887,-5.));
#2405=CARTESIAN_POINT('Ctrl Pts',(50.0839991621081,52.2016934593773,-4.71094372097751));
#2406=CARTESIAN_POINT('Ctrl Pts',(50.0823442023241,52.4169635299442,-4.72387095415563));
#2407=CARTESIAN_POINT('Ctrl Pts',(50.1126758179719,52.6317799901098,-4.73679818733375));
#2408=CARTESIAN_POINT('Ctrl Pts',(50.1769646033236,52.8359327980457,-4.74972542051186));
#2409=CARTESIAN_POINT('Ctrl Pts',(50.3844058567096,53.4946746630358,-4.79143785042655));
#2410=CARTESIAN_POINT('Ctrl Pts',(50.9453974831635,54.0423902482463,-4.83315028034124));
#2411=CARTESIAN_POINT('Ctrl Pts',(51.6073486554152,54.2353284678405,-4.87486271025593));
#2412=CARTESIAN_POINT('Ctrl Pts',(52.2692998276668,54.4282666874346,-4.91657514017062));
#2413=CARTESIAN_POINT('Ctrl Pts',(53.0322105457163,54.2664275414123,-4.95828757008531));
#2414=CARTESIAN_POINT('Ctrl Pts',(53.5629122292573,53.8199256943887,-5.));
#2415=CARTESIAN_POINT('',(53.5629122292574,50.5800743056113,-5.));
#2416=CARTESIAN_POINT('Origin',(52.2,52.2,-5.));
#2417=CARTESIAN_POINT('Ctrl Pts',(53.5647984410106,50.5770864879319,-5.));
#2418=CARTESIAN_POINT('Ctrl Pts',(54.0688875447792,51.0038079254248,-4.96011810000626));
#2419=CARTESIAN_POINT('Ctrl Pts',(54.3604738380114,51.6860468881683,-4.92023620001253));
#2420=CARTESIAN_POINT('Ctrl Pts',(54.3152698361194,52.3449074283476,-4.88035430001879));
#2421=CARTESIAN_POINT('Ctrl Pts',(54.2679910264066,53.0340088530566,-4.8386418701041));
#2422=CARTESIAN_POINT('Ctrl Pts',(53.8522958899814,53.6975365225532,-4.79692944018941));
#2423=CARTESIAN_POINT('Ctrl Pts',(53.2529081600697,54.0404006653706,-4.75521701027471));
#2424=CARTESIAN_POINT('Ctrl Pts',(52.653520430158,54.3832648081881,-4.71350458036002));
#2425=CARTESIAN_POINT('Ctrl Pts',(51.8704401067598,54.4054654243265,-4.67179215044533));
#2426=CARTESIAN_POINT('Ctrl Pts',(51.2525850907076,54.0969234846257,-4.63007972053064));
#2427=CARTESIAN_POINT('Ctrl Pts',(50.6347300746555,53.788381544925,-4.58836729061595));
#2428=CARTESIAN_POINT('Ctrl Pts',(50.1821003659493,53.1490970493852,-4.54665486070126));
#2429=CARTESIAN_POINT('Ctrl Pts',(50.0961711655385,52.4638538002364,-4.50494243078657));
#2430=CARTESIAN_POINT('Ctrl Pts',(50.0852624722027,52.3768623185322,-4.49964704686521));
#2431=CARTESIAN_POINT('Ctrl Pts',(50.0802636149711,52.2891301541857,-4.49435166294385));
#2432=CARTESIAN_POINT('Ctrl Pts',(50.0809188702653,52.2013234257052,-4.4890562790225));
#2433=CARTESIAN_POINT('Origin',(5.,5.,0.));
#2434=CARTESIAN_POINT('',(2.88381193958317,5.00175018444465,-0.710943720977501));
#2435=CARTESIAN_POINT('',(2.88042837157055,5.00096106344078,-0.4890562790225));
#2436=CARTESIAN_POINT('',(2.883,5.,0.));
#2437=CARTESIAN_POINT('',(6.61992569438872,6.36291222925735,0.));
#2438=CARTESIAN_POINT('Ctrl Pts',(2.88042837157055,5.00096106344078,-0.4890562790225));
#2439=CARTESIAN_POINT('Ctrl Pts',(2.8842607495252,4.37339589246196,-0.451174809092405));
#2440=CARTESIAN_POINT('Ctrl Pts',(3.1813702499477,3.74286022237539,-0.41329333916231));
#2441=CARTESIAN_POINT('Ctrl Pts',(3.66971491366681,3.34919741106994,-0.375411869232215));
#2442=CARTESIAN_POINT('Ctrl Pts',(4.20744596257243,2.91572340763501,-0.333699439317524));
#2443=CARTESIAN_POINT('Ctrl Pts',(4.97704729092207,2.76945482715408,-0.291987009402834));
#2444=CARTESIAN_POINT('Ctrl Pts',(5.63586444017941,2.97696577399882,-0.250274579488143));
#2445=CARTESIAN_POINT('Ctrl Pts',(6.29468158943674,3.18447672084356,-0.208562149573452));
#2446=CARTESIAN_POINT('Ctrl Pts',(6.84271455960179,3.74576719501397,-0.166849719658762));
#2447=CARTESIAN_POINT('Ctrl Pts',(7.03565104759567,4.40770065123216,-0.125137289744071));
#2448=CARTESIAN_POINT('Ctrl Pts',(7.22858753558956,5.06963410745035,-0.083424859829381));
#2449=CARTESIAN_POINT('Ctrl Pts',(7.0664275414123,5.83221054571632,-0.0417124299146905));
#2450=CARTESIAN_POINT('Ctrl Pts',(6.61992569438872,6.36291222925735,0.));
#2451=CARTESIAN_POINT('',(3.37715444104714,6.3648402867229,-6.91567718866971E-17));
#2452=CARTESIAN_POINT('Origin',(5.,5.,0.));
#2453=CARTESIAN_POINT('Ctrl Pts',(3.37714463872956,6.3648467594312,-6.93889390390723E-17));
#2454=CARTESIAN_POINT('Ctrl Pts',(3.80388116014449,6.86900413328858,-0.0398818999937366));
#2455=CARTESIAN_POINT('Ctrl Pts',(4.48607799042525,7.16038568752542,-0.079763799987473));
#2456=CARTESIAN_POINT('Ctrl Pts',(5.14490706091843,7.1151398067463,-0.119645699981209));
#2457=CARTESIAN_POINT('Ctrl Pts',(5.83397557152157,7.06781719595735,-0.1613581298959));
#2458=CARTESIAN_POINT('Ctrl Pts',(6.49748199096867,6.65225641181643,-0.203070559810591));
#2459=CARTESIAN_POINT('Ctrl Pts',(6.84033879342318,6.05291319358873,-0.244782989725281));
#2460=CARTESIAN_POINT('Ctrl Pts',(7.18319559587769,5.45356997536103,-0.286495419639972));
#2461=CARTESIAN_POINT('Ctrl Pts',(7.20540278133961,4.67044432304654,-0.328207849554662));
#2462=CARTESIAN_POINT('Ctrl Pts',(6.89687034703591,4.05259302617357,-0.369920279469353));
#2463=CARTESIAN_POINT('Ctrl Pts',(6.58833791273221,3.43474172930059,-0.411632709384043));
#2464=CARTESIAN_POINT('Ctrl Pts',(5.94906585866289,2.98216478786914,-0.453345139298734));
#2465=CARTESIAN_POINT('Ctrl Pts',(5.26384258093242,2.89624683430492,-0.495057569213425));
#2466=CARTESIAN_POINT('Ctrl Pts',(4.57861930320196,2.8103288807407,-0.536769999128115));
#2467=CARTESIAN_POINT('Ctrl Pts',(3.84744480181035,3.09106991504372,-0.578482429042806));
#2468=CARTESIAN_POINT('Ctrl Pts',(3.3958770972679,3.61353106255248,-0.620194858957496));
#2469=CARTESIAN_POINT('Ctrl Pts',(3.06840272575143,3.99241696205576,-0.650444479630831));
#2470=CARTESIAN_POINT('Ctrl Pts',(2.88797550382284,4.49842514200969,-0.680694100304166));
#2471=CARTESIAN_POINT('Ctrl Pts',(2.88381193958317,5.00175018444465,-0.710943720977501));
#2472=CARTESIAN_POINT('Origin',(5.,5.,0.));
#2473=CARTESIAN_POINT('',(2.88082357599637,4.9987313729461,-1.5109437209775));
#2474=CARTESIAN_POINT('',(2.88429489681368,4.99832861440428,-1.2890562790225));
#2475=CARTESIAN_POINT('',(2.883,5.,0.));
#2476=CARTESIAN_POINT('Ctrl Pts',(2.88429489681368,4.99832861440428,-1.2890562790225));
#2477=CARTESIAN_POINT('Ctrl Pts',(2.88267986102552,4.78920507637568,-1.27649515182857));
#2478=CARTESIAN_POINT('Ctrl Pts',(2.91127419357498,4.58051344537537,-1.26393402463464));
#2479=CARTESIAN_POINT('Ctrl Pts',(2.97192776575461,4.38159784541541,-1.25137289744071));
#2480=CARTESIAN_POINT('Ctrl Pts',(3.17334343805519,3.72104780924674,-1.20966046752602));
#2481=CARTESIAN_POINT('Ctrl Pts',(3.72828967837122,3.16830213296003,-1.16794803761133));
#2482=CARTESIAN_POINT('Ctrl Pts',(4.38963362245846,2.96949952387837,-1.12623560769664));
#2483=CARTESIAN_POINT('Ctrl Pts',(5.05097756654569,2.77069691479671,-1.08452317778195));
#2484=CARTESIAN_POINT('Ctrl Pts',(5.81871921440414,2.92583737292011,-1.04281074786726));
#2485=CARTESIAN_POINT('Ctrl Pts',(6.35096376383106,3.3658591563428,-1.00109831795257));
#2486=CARTESIAN_POINT('Ctrl Pts',(6.88320831325798,3.80588093976548,-0.959385888037882));
#2487=CARTESIAN_POINT('Ctrl Pts',(7.17995576425337,4.53078404848746,-0.917673458123191));
#2488=CARTESIAN_POINT('Ctrl Pts',(7.10905462597213,5.21769867873692,-0.875961028208501));
#2489=CARTESIAN_POINT('Ctrl Pts',(7.0381534876909,5.90461330898639,-0.83424859829381));
#2490=CARTESIAN_POINT('Ctrl Pts',(6.59960376013303,6.55353946076334,-0.79253616837912));
#2491=CARTESIAN_POINT('Ctrl Pts',(5.98870708488334,6.87559195516717,-0.750823738464429));
#2492=CARTESIAN_POINT('Ctrl Pts',(5.37781040963364,7.197644449571,-0.709111308549739));
#2493=CARTESIAN_POINT('Ctrl Pts',(4.59456678669212,7.19282328660171,-0.667398878635048));
#2494=CARTESIAN_POINT('Ctrl Pts',(3.98776816890259,6.86308406239213,-0.625686448720358));
#2495=CARTESIAN_POINT('Ctrl Pts',(3.38096955111306,6.53334483818254,-0.583974018805667));
#2496=CARTESIAN_POINT('Ctrl Pts',(2.95061593847553,5.87868755273266,-0.542261588890977));
#2497=CARTESIAN_POINT('Ctrl Pts',(2.88836951688756,5.19101919681324,-0.500549158976286));
#2498=CARTESIAN_POINT('Ctrl Pts',(2.88265267059557,5.12786224432719,-0.496718198991691));
#2499=CARTESIAN_POINT('Ctrl Pts',(2.88004080248685,5.0644268439974,-0.492887239007095));
#2500=CARTESIAN_POINT('Ctrl Pts',(2.88042837157055,5.00096106344078,-0.4890562790225));
#2501=CARTESIAN_POINT('Ctrl Pts',(2.88381193958317,5.00175018444465,-0.710943720977501));
#2502=CARTESIAN_POINT('Ctrl Pts',(2.88223419607495,5.19248047525174,-0.722406530218856));
#2503=CARTESIAN_POINT('Ctrl Pts',(2.90596720420159,5.38282547831299,-0.733869339460212));
#2504=CARTESIAN_POINT('Ctrl Pts',(2.95660076108,5.56572191698581,-0.745332148701568));
#2505=CARTESIAN_POINT('Ctrl Pts',(3.14085303712787,6.23127036319587,-0.787044578616258));
#2506=CARTESIAN_POINT('Ctrl Pts',(3.68131849691689,6.7981859949015,-0.828757008530949));
#2507=CARTESIAN_POINT('Ctrl Pts',(4.33729921066135,7.01402821064612,-0.870469438445639));
#2508=CARTESIAN_POINT('Ctrl Pts',(4.9932799244058,7.22987042639075,-0.912181868360329));
#2509=CARTESIAN_POINT('Ctrl Pts',(5.76477589210569,7.09463922617437,-0.95389429827502));
#2510=CARTESIAN_POINT('Ctrl Pts',(6.30822677406964,6.66854528628594,-0.995606728189711));
#2511=CARTESIAN_POINT('Ctrl Pts',(6.85167765603358,6.2424513463975,-1.0373191581044));
#2512=CARTESIAN_POINT('Ctrl Pts',(7.16708345226159,5.52549466683701,-1.07903158801909));
#2513=CARTESIAN_POINT('Ctrl Pts',(7.1139817543091,4.83696103410272,-1.12074401793378));
#2514=CARTESIAN_POINT('Ctrl Pts',(7.06088005635662,4.14842740136843,-1.16245644784847));
#2515=CARTESIAN_POINT('Ctrl Pts',(6.63927086422362,3.48831681546034,-1.20416887776316));
#2516=CARTESIAN_POINT('Ctrl Pts',(6.03690994802883,3.15059106932492,-1.24588130767785));
#2517=CARTESIAN_POINT('Ctrl Pts',(5.43454903183404,2.81286532318951,-1.28759373759254));
#2518=CARTESIAN_POINT('Ctrl Pts',(4.65143639157745,2.79752441682676,-1.32930616750724));
#2519=CARTESIAN_POINT('Ctrl Pts',(4.03631193247242,3.11140163262272,-1.37101859742193));
#2520=CARTESIAN_POINT('Ctrl Pts',(3.42118747336738,3.42527884841868,-1.41273102733662));
#2521=CARTESIAN_POINT('Ctrl Pts',(2.97405119541389,4.06837418637335,-1.45444345725131));
#2522=CARTESIAN_POINT('Ctrl Pts',(2.89402531904604,4.75429935083558,-1.496155887166));
#2523=CARTESIAN_POINT('Ctrl Pts',(2.88456843083335,4.83535710236545,-1.50108516510316));
#2524=CARTESIAN_POINT('Ctrl Pts',(2.88023817673296,4.91701296511376,-1.50601444304033));
#2525=CARTESIAN_POINT('Ctrl Pts',(2.88082357599637,4.9987313729461,-1.5109437209775));
#2526=CARTESIAN_POINT('Origin',(5.,5.,0.));
#2527=CARTESIAN_POINT('',(2.88623278535811,5.00011951968491,-2.3109437209775));
#2528=CARTESIAN_POINT('',(2.88437857910401,5.00164946402078,-2.0890562790225));
#2529=CARTESIAN_POINT('',(2.883,5.,0.));
#2530=CARTESIAN_POINT('Ctrl Pts',(2.88437857910401,5.00164946402078,-2.0890562790225));
#2531=CARTESIAN_POINT('Ctrl Pts',(2.88804635871569,4.51957494242565,-2.06010306465005));
#2532=CARTESIAN_POINT('Ctrl Pts',(3.05205138522222,4.0352417445878,-2.0311498502776));
#2533=CARTESIAN_POINT('Ctrl Pts',(3.35427403330859,3.6631823068662,-2.00219663590515));
#2534=CARTESIAN_POINT('Ctrl Pts',(3.78968133782291,3.12716226361919,-1.96048420599046));
#2535=CARTESIAN_POINT('Ctrl Pts',(4.51196900652517,2.82417428113799,-1.91877177607576));
#2536=CARTESIAN_POINT('Ctrl Pts',(5.19948308942036,2.88914671844955,-1.87705934616107));
#2537=CARTESIAN_POINT('Ctrl Pts',(5.88699717231556,2.95411915576111,-1.83534691624638));
#2538=CARTESIAN_POINT('Ctrl Pts',(6.53973766940371,3.38705201286544,-1.79363448633169));
#2539=CARTESIAN_POINT('Ctrl Pts',(6.86702186780041,3.99514926013224,-1.751922056417));
#2540=CARTESIAN_POINT('Ctrl Pts',(7.19430606619712,4.60324650739904,-1.71020962650231));
#2541=CARTESIAN_POINT('Ctrl Pts',(7.1961339659024,5.38650814482832,-1.66849719658762));
#2542=CARTESIAN_POINT('Ctrl Pts',(6.87169151738412,5.99612592335664,-1.62678476667293));
#2543=CARTESIAN_POINT('Ctrl Pts',(6.54724906886585,6.60574370188494,-1.58507233675824));
#2544=CARTESIAN_POINT('Ctrl Pts',(5.89653627212403,7.04171762151229,-1.54335990684355));
#2545=CARTESIAN_POINT('Ctrl Pts',(5.20933294200338,7.10989877008357,-1.50164747692886));
#2546=CARTESIAN_POINT('Ctrl Pts',(4.52212961188273,7.17807991865485,-1.45993504701417));
#2547=CARTESIAN_POINT('Ctrl Pts',(3.79843574838324,6.87846829617007,-1.41822261709948));
#2548=CARTESIAN_POINT('Ctrl Pts',(3.36053136877606,6.34448528690237,-1.37651018718479));
#2549=CARTESIAN_POINT('Ctrl Pts',(3.05449589784368,5.97130395024224,-1.34735888446402));
#2550=CARTESIAN_POINT('Ctrl Pts',(2.88804299970593,5.4836531771597,-1.31820758174326));
#2551=CARTESIAN_POINT('Ctrl Pts',(2.88429489681368,4.99832861440428,-1.2890562790225));
#2552=CARTESIAN_POINT('Ctrl Pts',(2.88082357599637,4.9987313729461,-1.5109437209775));
#2553=CARTESIAN_POINT('Ctrl Pts',(2.88519192980967,5.6085287211526,-1.54772687295502));
#2554=CARTESIAN_POINT('Ctrl Pts',(3.16328405825437,6.2218088365957,-1.58451002493255));
#2555=CARTESIAN_POINT('Ctrl Pts',(3.62743223691908,6.61603073097836,-1.62129317691007));
#2556=CARTESIAN_POINT('Ctrl Pts',(4.15378050594219,7.06308195568911,-1.66300560682476));
#2557=CARTESIAN_POINT('Ctrl Pts',(4.91939251877064,7.22842941414082,-1.70471803673945));
#2558=CARTESIAN_POINT('Ctrl Pts',(5.58332099067305,7.03843926224011,-1.74643046665414));
#2559=CARTESIAN_POINT('Ctrl Pts',(6.24724946257547,6.8484491103394,-1.78814289656883));
#2560=CARTESIAN_POINT('Ctrl Pts',(6.80949439355185,6.30312134808627,-1.82985532648352));
#2561=CARTESIAN_POINT('Ctrl Pts',(7.01967306533706,5.64530506684557,-1.87156775639821));
#2562=CARTESIAN_POINT('Ctrl Pts',(7.22985173712227,4.98748878560486,-1.9132801863129));
#2563=CARTESIAN_POINT('Ctrl Pts',(7.08796414971629,4.21718398537657,-1.95499261622759));
#2564=CARTESIAN_POINT('Ctrl Pts',(6.65719666359287,3.67742785657815,-1.99670504614228));
#2565=CARTESIAN_POINT('Ctrl Pts',(6.22642917746944,3.13767172777975,-2.03841747605697));
#2566=CARTESIAN_POINT('Ctrl Pts',(5.50678179262857,2.82846427041121,-2.08012990597167));
#2567=CARTESIAN_POINT('Ctrl Pts',(4.81873263997474,2.88750383208746,-2.12184233588636));
#2568=CARTESIAN_POINT('Ctrl Pts',(4.13068348732091,2.94654339376371,-2.16355476580105));
#2569=CARTESIAN_POINT('Ctrl Pts',(3.47423256685412,3.37382997448474,-2.20526719571574));
#2570=CARTESIAN_POINT('Ctrl Pts',(3.14171497343332,3.97908146188281,-2.24697962563043));
#2571=CARTESIAN_POINT('Ctrl Pts',(2.97174815464055,4.28845658042714,-2.26830099074612));
#2572=CARTESIAN_POINT('Ctrl Pts',(2.88641724547822,4.64432960610643,-2.28962235586181));
#2573=CARTESIAN_POINT('Ctrl Pts',(2.88623278535811,5.00011951968491,-2.3109437209775));
#2574=CARTESIAN_POINT('Origin',(5.,5.,0.));
#2575=CARTESIAN_POINT('',(2.88048635017731,5.00107142409699,-3.1109437209775));
#2576=CARTESIAN_POINT('',(2.88036733355898,4.99901330304897,-2.8890562790225));
#2577=CARTESIAN_POINT('',(2.883,5.,0.));
#2578=CARTESIAN_POINT('Ctrl Pts',(2.88036733355898,4.99901330304897,-2.8890562790225));
#2579=CARTESIAN_POINT('Ctrl Pts',(2.88001376697293,4.93882122898157,-2.88542340738622));
#2580=CARTESIAN_POINT('Ctrl Pts',(2.88236247366693,4.87865711974582,-2.88179053574993));
#2581=CARTESIAN_POINT('Ctrl Pts',(2.88750442031134,4.81873269050614,-2.87815766411365));
#2582=CARTESIAN_POINT('Ctrl Pts',(2.946543965471,4.13068372949357,-2.83644523419896));
#2583=CARTESIAN_POINT('Ctrl Pts',(3.37383042736424,3.4742329917348,-2.79473280428427));
#2584=CARTESIAN_POINT('Ctrl Pts',(3.9790817462467,3.14171549091236,-2.75302037436957));
#2585=CARTESIAN_POINT('Ctrl Pts',(4.58433306512916,2.80919799008991,-2.71130794445488));
#2586=CARTESIAN_POINT('Ctrl Pts',(5.36754924100084,2.8006137262038,-2.66959551454019));
#2587=CARTESIAN_POINT('Ctrl Pts',(5.97994325421128,3.11978549044395,-2.6278830846255));
#2588=CARTESIAN_POINT('Ctrl Pts',(6.59233726742172,3.43895725468411,-2.58617065471081));
#2589=CARTESIAN_POINT('Ctrl Pts',(7.03390911797091,4.08588504705054,-2.54445822479612));
#2590=CARTESIAN_POINT('Ctrl Pts',(7.10801509375073,4.77247470013008,-2.50274579488143));
#2591=CARTESIAN_POINT('Ctrl Pts',(7.18212106953055,5.45906435320963,-2.46103336496674));
#2592=CARTESIAN_POINT('Ctrl Pts',(6.888761170541,6.18531586700228,-2.41932093505205));
#2593=CARTESIAN_POINT('Ctrl Pts',(6.35857637620796,6.62781007544028,-2.37760850513736));
#2594=CARTESIAN_POINT('Ctrl Pts',(5.82839158187493,7.07030428387829,-2.33589607522267));
#2595=CARTESIAN_POINT('Ctrl Pts',(5.06138189219842,7.22904118696164,-2.29418364530798));
#2596=CARTESIAN_POINT('Ctrl Pts',(4.39911715496343,7.03333104985229,-2.25247121539329));
#2597=CARTESIAN_POINT('Ctrl Pts',(3.73685241772844,6.83762091274294,-2.2107587854786));
#2598=CARTESIAN_POINT('Ctrl Pts',(3.17933263293496,6.28746373544089,-2.16904635556391));
#2599=CARTESIAN_POINT('Ctrl Pts',(2.97483621070142,5.62785909478347,-2.12733392564922));
#2600=CARTESIAN_POINT('Ctrl Pts',(2.91228377886681,5.42609578825778,-2.11457471010698));
#2601=CARTESIAN_POINT('Ctrl Pts',(2.88276224766583,5.21409194620356,-2.10181549456474));
#2602=CARTESIAN_POINT('Ctrl Pts',(2.88437857910401,5.00164946402078,-2.0890562790225));
#2603=CARTESIAN_POINT('Ctrl Pts',(2.88623278535811,5.00011951968491,-2.3109437209775));
#2604=CARTESIAN_POINT('Ctrl Pts',(2.88605637365833,5.34038549905552,-2.3313347857765));
#2605=CARTESIAN_POINT('Ctrl Pts',(2.96375823918843,5.68057546084347,-2.3517258505755));
#2606=CARTESIAN_POINT('Ctrl Pts',(3.11978496677809,5.97994352713907,-2.3721169153745));
#2607=CARTESIAN_POINT('Ctrl Pts',(3.43895681991849,6.59233771092218,-2.41382934528919));
#2608=CARTESIAN_POINT('Ctrl Pts',(4.08588479257411,7.03390968441332,-2.45554177520388));
#2609=CARTESIAN_POINT('Ctrl Pts',(4.77247463682597,7.10801568081118,-2.49725420511857));
#2610=CARTESIAN_POINT('Ctrl Pts',(5.45906448107784,7.18212167720903,-2.53896663503326));
#2611=CARTESIAN_POINT('Ctrl Pts',(6.18531619692596,6.88876169651361,-2.58067906494795));
#2612=CARTESIAN_POINT('Ctrl Pts',(6.62781052867058,6.35857675455048,-2.62239149486264));
#2613=CARTESIAN_POINT('Ctrl Pts',(7.07030486041521,5.82839181258733,-2.66410392477733));
#2614=CARTESIAN_POINT('Ctrl Pts',(7.22904180805633,5.06138190935647,-2.70581635469202));
#2615=CARTESIAN_POINT('Ctrl Pts',(7.03333161630137,4.39911698765232,-2.74752878460671));
#2616=CARTESIAN_POINT('Ctrl Pts',(6.83762142454643,3.7368520659482,-2.7892412145214));
#2617=CARTESIAN_POINT('Ctrl Pts',(6.28746409339541,3.17933212577078,-2.83095364443609));
#2618=CARTESIAN_POINT('Ctrl Pts',(5.6278592693041,2.97483564664655,-2.87266607435079));
#2619=CARTESIAN_POINT('Ctrl Pts',(4.96825444521278,2.77033916752233,-2.91437850426548));
#2620=CARTESIAN_POINT('Ctrl Pts',(4.19920212818115,2.91886614945129,-2.95609093418017));
#2621=CARTESIAN_POINT('Ctrl Pts',(3.66318193518228,3.35427357511073,-2.99780336409486));
#2622=CARTESIAN_POINT('Ctrl Pts',(3.17855008758332,3.74793841817401,-3.03551681638907));
#2623=CARTESIAN_POINT('Ctrl Pts',(2.88441052571005,4.37611389655442,-3.07323026868329));
#2624=CARTESIAN_POINT('Ctrl Pts',(2.88048635017731,5.00107142409699,-3.1109437209775));
#2625=CARTESIAN_POINT('Origin',(5.,5.,0.));
#2626=CARTESIAN_POINT('',(2.88422117096287,4.99831542722308,-3.9109437209775));
#2627=CARTESIAN_POINT('',(2.8862190278653,4.99978654229733,-3.6890562790225));
#2628=CARTESIAN_POINT('',(2.883,5.,0.));
#2629=CARTESIAN_POINT('Ctrl Pts',(2.8862190278653,4.99978654229733,-3.6890562790225));
#2630=CARTESIAN_POINT('Ctrl Pts',(2.88590959074355,4.66563581147608,-3.66903132020769));
#2631=CARTESIAN_POINT('Ctrl Pts',(2.96071861715959,4.3316159890306,-3.64900636139288));
#2632=CARTESIAN_POINT('Ctrl Pts',(3.11140215507144,4.03631220223456,-3.62898140257807));
#2633=CARTESIAN_POINT('Ctrl Pts',(3.42527928074112,3.42118791537891,-3.58726897266338));
#2634=CARTESIAN_POINT('Ctrl Pts',(4.06837444624419,2.97405175939025,-3.54555654274869));
#2635=CARTESIAN_POINT('Ctrl Pts',(4.75429942118253,2.89402590475892,-3.503844112834));
#2636=CARTESIAN_POINT('Ctrl Pts',(5.44022439612088,2.81400005012758,-3.46213168291931));
#2637=CARTESIAN_POINT('Ctrl Pts',(6.16897918049449,3.10108449685357,-3.42041925300462));
#2638=CARTESIAN_POINT('Ctrl Pts',(6.61603027987877,3.62743261960954,-3.37870682308993));
#2639=CARTESIAN_POINT('Ctrl Pts',(7.06308137926305,4.15378074236551,-3.33699439317524));
#2640=CARTESIAN_POINT('Ctrl Pts',(7.22842879365801,4.91939254115146,-3.29528196326055));
#2641=CARTESIAN_POINT('Ctrl Pts',(7.03843869512135,5.58332082797541,-3.25356953334586));
#2642=CARTESIAN_POINT('Ctrl Pts',(6.84844859658469,6.24724911479935,-3.21185710343117));
#2643=CARTESIAN_POINT('Ctrl Pts',(6.30312098511641,6.80949388966129,-3.17014467351648));
#2644=CARTESIAN_POINT('Ctrl Pts',(5.64530488682417,7.01967250301363,-3.12843224360179));
#2645=CARTESIAN_POINT('Ctrl Pts',(4.98748878853193,7.22985111636597,-3.0867198136871));
#2646=CARTESIAN_POINT('Ctrl Pts',(4.21718420341572,7.0879635682087,-3.04500738377241));
#2647=CARTESIAN_POINT('Ctrl Pts',(3.67742822507066,6.65719620199689,-3.00329495385772));
#2648=CARTESIAN_POINT('Ctrl Pts',(3.18468135619861,6.26394577137834,-2.96521539557931));
#2649=CARTESIAN_POINT('Ctrl Pts',(2.88407339883375,5.62994327300824,-2.92713583730091));
#2650=CARTESIAN_POINT('Ctrl Pts',(2.88036733355898,4.99901330304897,-2.8890562790225));
#2651=CARTESIAN_POINT('Ctrl Pts',(2.88048635017731,5.00107142409699,-3.1109437209775));
#2652=CARTESIAN_POINT('Ctrl Pts',(2.88007024692556,5.06733932094434,-3.11494269859798));
#2653=CARTESIAN_POINT('Ctrl Pts',(2.88291720925157,5.1335710364412,-3.11894167621845));
#2654=CARTESIAN_POINT('Ctrl Pts',(2.88914612948183,5.19948314473627,-3.12294065383893));
#2655=CARTESIAN_POINT('Ctrl Pts',(2.95411858574635,5.88699741931241,-3.16465308375362));
#2656=CARTESIAN_POINT('Ctrl Pts',(3.3870515672415,6.53973809907477,-3.20636551366831));
#2657=CARTESIAN_POINT('Ctrl Pts',(3.99514898231331,6.86702238820882,-3.248077943583));
#2658=CARTESIAN_POINT('Ctrl Pts',(4.6032463973851,7.19430667734287,-3.28979037349769));
#2659=CARTESIAN_POINT('Ctrl Pts',(5.38650824603355,7.19613457584861,-3.33150280341238));
#2660=CARTESIAN_POINT('Ctrl Pts',(5.99612619709992,6.87169203775793,-3.37321523332707));
#2661=CARTESIAN_POINT('Ctrl Pts',(6.6057441481663,6.54724949966725,-3.41492766324176));
#2662=CARTESIAN_POINT('Ctrl Pts',(7.0417182016506,5.89653652498015,-3.45664009315645));
#2663=CARTESIAN_POINT('Ctrl Pts',(7.10989936429758,5.20933300198143,-3.49835252307114));
#2664=CARTESIAN_POINT('Ctrl Pts',(7.17808052694456,4.5221294789827,-3.54006495298583));
#2665=CARTESIAN_POINT('Ctrl Pts',(6.87846879875421,3.79843540767236,-3.58177738290052));
#2666=CARTESIAN_POINT('Ctrl Pts',(6.34448564943599,3.36053090897897,-3.62348981281521));
#2667=CARTESIAN_POINT('Ctrl Pts',(5.81050250011776,2.92262641028557,-3.66520224272991));
#2668=CARTESIAN_POINT('Ctrl Pts',(5.04214792967167,2.77051148420913,-3.70691467264459));
#2669=CARTESIAN_POINT('Ctrl Pts',(4.38159769442582,2.97192720711504,-3.74862710255928));
#2670=CARTESIAN_POINT('Ctrl Pts',(3.72104745917999,3.17334293002094,-3.79033953247397));
#2671=CARTESIAN_POINT('Ctrl Pts',(3.1683015591344,3.72828930190921,-3.83205196238867));
#2672=CARTESIAN_POINT('Ctrl Pts',(2.96949892077595,4.38963344067809,-3.87376439230336));
#2673=CARTESIAN_POINT('Ctrl Pts',(2.91043300486925,4.58612428007772,-3.88615750186141));
#2674=CARTESIAN_POINT('Ctrl Pts',(2.88261084562858,4.79200720656605,-3.89855061141945));
#2675=CARTESIAN_POINT('Ctrl Pts',(2.88422117096287,4.99831542722308,-3.9109437209775));
#2676=CARTESIAN_POINT('Origin',(5.,5.,0.));
#2677=CARTESIAN_POINT('',(2.88399112311686,5.00161556607986,-4.7109437209775));
#2678=CARTESIAN_POINT('',(2.88099774840391,5.00132008964066,-4.4890562790225));
#2679=CARTESIAN_POINT('',(2.883,5.,0.));
#2680=CARTESIAN_POINT('',(6.36291222925732,6.61992569438874,-5.));
#2681=CARTESIAN_POINT('Ctrl Pts',(2.88399112311686,5.00161556607986,-4.7109437209775));
#2682=CARTESIAN_POINT('Ctrl Pts',(2.88232501444503,5.21687327568102,-4.72387095415562));
#2683=CARTESIAN_POINT('Ctrl Pts',(2.91265629655428,5.43168987265509,-4.73679818733374));
#2684=CARTESIAN_POINT('Ctrl Pts',(2.97696645895804,5.63586576233364,-4.74972542051186));
#2685=CARTESIAN_POINT('Ctrl Pts',(3.18447668988742,6.29468210540865,-4.79143785042655));
#2686=CARTESIAN_POINT('Ctrl Pts',(3.74576333708785,6.84271106346775,-4.83315028034124));
#2687=CARTESIAN_POINT('Ctrl Pts',(4.40769680104507,7.03564742246866,-4.87486271025593));
#2688=CARTESIAN_POINT('Ctrl Pts',(5.06963026500229,7.22858378146958,-4.91657514017062));
#2689=CARTESIAN_POINT('Ctrl Pts',(5.83221054571629,7.06642754141231,-4.95828757008531));
#2690=CARTESIAN_POINT('Ctrl Pts',(6.36291222925732,6.61992569438874,-5.));
#2691=CARTESIAN_POINT('',(6.36291222925736,3.38007430561129,-5.));
#2692=CARTESIAN_POINT('Origin',(5.,5.,-5.));
#2693=CARTESIAN_POINT('Ctrl Pts',(6.36484819150762,3.37714535840322,-5.));
#2694=CARTESIAN_POINT('Ctrl Pts',(6.86900621288218,3.80388205056767,-4.96011810000626));
#2695=CARTESIAN_POINT('Ctrl Pts',(7.16038468855692,4.48607832118295,-4.92023620001253));
#2696=CARTESIAN_POINT('Ctrl Pts',(7.1151381867511,5.1449070373927,-4.88035430001879));
#2697=CARTESIAN_POINT('Ctrl Pts',(7.0678149264311,5.83397517745123,-4.8386418701041));
#2698=CARTESIAN_POINT('Ctrl Pts',(6.65225618106748,6.497481451022,-4.79692944018941));
#2699=CARTESIAN_POINT('Ctrl Pts',(6.05291352131953,6.8403382154874,-4.75521701027472));
#2700=CARTESIAN_POINT('Ctrl Pts',(5.45357086157159,7.18319497995278,-4.71350458036003));
#2701=CARTESIAN_POINT('Ctrl Pts',(4.6704442874393,7.2054022353128,-4.67179215044534));
#2702=CARTESIAN_POINT('Ctrl Pts',(4.05259292659175,6.89686987974462,-4.63007972053065));
#2703=CARTESIAN_POINT('Ctrl Pts',(3.43474156574419,6.58833752417644,-4.58836729061596));
#2704=CARTESIAN_POINT('Ctrl Pts',(2.98216541818137,5.94906555768009,-4.54665486070127));
#2705=CARTESIAN_POINT('Ctrl Pts',(2.89624762932709,5.26384246222777,-4.50494243078658));
#2706=CARTESIAN_POINT('Ctrl Pts',(2.88534038468591,5.17685353903097,-4.49964704686522));
#2707=CARTESIAN_POINT('Ctrl Pts',(2.8803422968558,5.08912405607274,-4.49435166294386));
#2708=CARTESIAN_POINT('Ctrl Pts',(2.88099774840391,5.00132008964066,-4.4890562790225));
#2709=CARTESIAN_POINT('Origin',(52.2,5.,0.));
#2710=CARTESIAN_POINT('',(50.0837779529806,5.00175038288118,-0.710943720977494));
#2711=CARTESIAN_POINT('',(50.0804018147755,5.00097911303727,-0.489056279022505));
#2712=CARTESIAN_POINT('',(50.083,5.,0.));
#2713=CARTESIAN_POINT('',(53.8199256943887,6.36291222925735,0.));
#2714=CARTESIAN_POINT('Ctrl Pts',(50.0804018147755,5.00097911303727,-0.489056279022505));
#2715=CARTESIAN_POINT('Ctrl Pts',(50.0842185903611,4.37338429035123,-0.451174809092409));
#2716=CARTESIAN_POINT('Ctrl Pts',(50.3812962298329,3.74278521596406,-0.413293339162314));
#2717=CARTESIAN_POINT('Ctrl Pts',(50.8696703231387,3.34913420213,-0.375411869232218));
#2718=CARTESIAN_POINT('Ctrl Pts',(51.4074337778504,2.91567318924689,-0.333699439317527));
#2719=CARTESIAN_POINT('Ctrl Pts',(52.1771418260278,2.76950878053983,-0.291987009402836));
#2720=CARTESIAN_POINT('Ctrl Pts',(52.8359162954546,2.97698092100497,-0.250274579488145));
#2721=CARTESIAN_POINT('Ctrl Pts',(53.4946907648813,3.18445306147011,-0.208562149573454));
#2722=CARTESIAN_POINT('Ctrl Pts',(54.0425316555575,3.74556175110745,-0.166849719658763));
#2723=CARTESIAN_POINT('Ctrl Pts',(54.2354658496903,4.407501122169,-0.125137289744072));
#2724=CARTESIAN_POINT('Ctrl Pts',(54.428400043823,5.06944049323056,-0.0834248598293814));
#2725=CARTESIAN_POINT('Ctrl Pts',(54.2664275414123,5.83221054571633,-0.0417124299146906));
#2726=CARTESIAN_POINT('Ctrl Pts',(53.8199256943887,6.36291222925736,2.77555756156289E-16));
#2727=CARTESIAN_POINT('',(50.5771226009352,6.36479124786213,-1.19856784583419E-14));
#2728=CARTESIAN_POINT('Origin',(52.2,5.,0.));
#2729=CARTESIAN_POINT('Ctrl Pts',(50.5771096179049,6.36479951269817,-7.97972798949331E-15));
#2730=CARTESIAN_POINT('Ctrl Pts',(51.0038373041145,6.86891960918636,-0.0398818999937418));
#2731=CARTESIAN_POINT('Ctrl Pts',(51.6860601297165,7.16043480417413,-0.0797637999874756));
#2732=CARTESIAN_POINT('Ctrl Pts',(52.3449073820973,7.11521655278482,-0.119645699981209));
#2733=CARTESIAN_POINT('Ctrl Pts',(53.0339949091143,7.06792283954053,-0.1613581298959));
#2734=CARTESIAN_POINT('Ctrl Pts',(53.6975117978273,6.65227498666842,-0.20307055981059));
#2735=CARTESIAN_POINT('Ctrl Pts',(54.0403719204416,6.0529051160301,-0.24478298972528));
#2736=CARTESIAN_POINT('Ctrl Pts',(54.3832320430559,5.45353524539178,-0.28649541963997));
#2737=CARTESIAN_POINT('Ctrl Pts',(54.4054353995715,4.67044335698724,-0.328207849554661));
#2738=CARTESIAN_POINT('Ctrl Pts',(54.0968980626788,4.05259204001801,-0.369920279469351));
#2739=CARTESIAN_POINT('Ctrl Pts',(53.7883607257861,3.43474072304879,-0.411632709384041));
#2740=CARTESIAN_POINT('Ctrl Pts',(53.149082695485,2.98212997751489,-0.453345139298731));
#2741=CARTESIAN_POINT('Ctrl Pts',(52.4638488701438,2.8962048670769,-0.495057569213421));
#2742=CARTESIAN_POINT('Ctrl Pts',(51.7786150448025,2.81027975663892,-0.536769999128111));
#2743=CARTESIAN_POINT('Ctrl Pts',(51.0474254244212,3.09104028129687,-0.578482429042802));
#2744=CARTESIAN_POINT('Ctrl Pts',(50.5958499005758,3.61351315783448,-0.620194858957492));
#2745=CARTESIAN_POINT('Ctrl Pts',(50.2683698585447,3.99240756316382,-0.650444479630826));
#2746=CARTESIAN_POINT('Ctrl Pts',(50.0879408050571,4.4984201672087,-0.68069410030416));
#2747=CARTESIAN_POINT('Ctrl Pts',(50.0837779529806,5.00175038288118,-0.710943720977494));
#2748=CARTESIAN_POINT('Origin',(52.2,5.,0.));
#2749=CARTESIAN_POINT('',(50.080789421392,4.99873127874902,-1.51094372097749));
#2750=CARTESIAN_POINT('',(50.0842609371826,4.99832942434147,-1.2890562790225));
#2751=CARTESIAN_POINT('',(50.083,5.,0.));
#2752=CARTESIAN_POINT('Ctrl Pts',(50.0842609371826,4.99832942434147,-1.2890562790225));
#2753=CARTESIAN_POINT('Ctrl Pts',(50.0826458988358,4.78920261530334,-1.27649515182858));
#2754=CARTESIAN_POINT('Ctrl Pts',(50.1112406886033,4.580507621474,-1.26393402463465));
#2755=CARTESIAN_POINT('Ctrl Pts',(50.1718951841282,4.38158863091497,-1.25137289744072));
#2756=CARTESIAN_POINT('Ctrl Pts',(50.3733139226328,3.72102733539642,-1.20966046752603));
#2757=CARTESIAN_POINT('Ctrl Pts',(50.9282683693328,3.16827009352798,-1.16794803761134));
#2758=CARTESIAN_POINT('Ctrl Pts',(51.5896233756862,2.96946530148911,-1.12623560769665));
#2759=CARTESIAN_POINT('Ctrl Pts',(52.2509783820396,2.77066050945024,-1.08452317778196));
#2760=CARTESIAN_POINT('Ctrl Pts',(53.0187339480464,2.92580816724096,-1.04281074786727));
#2761=CARTESIAN_POINT('Ctrl Pts',(53.5509863553953,3.36583527258637,-1.00109831795258));
#2762=CARTESIAN_POINT('Ctrl Pts',(54.0832387627442,3.80586237793178,-0.959385888037887));
#2763=CARTESIAN_POINT('Ctrl Pts',(54.3799880114351,4.53076893083189,-0.917673458123196));
#2764=CARTESIAN_POINT('Ctrl Pts',(54.3090872036163,5.21769771436368,-0.875961028208505));
#2765=CARTESIAN_POINT('Ctrl Pts',(54.2381863957976,5.90462649789547,-0.834248598293815));
#2766=CARTESIAN_POINT('Ctrl Pts',(53.7996355314691,6.55357751205894,-0.792536168379125));
#2767=CARTESIAN_POINT('Ctrl Pts',(53.1887260505304,6.87563012652894,-0.750823738464434));
#2768=CARTESIAN_POINT('Ctrl Pts',(52.5778165695917,7.19768274099895,-0.709111308549744));
#2769=CARTESIAN_POINT('Ctrl Pts',(51.7945484720427,7.19283695577548,-0.667398878635053));
#2770=CARTESIAN_POINT('Ctrl Pts',(51.187745885175,6.86310060959364,-0.625686448720362));
#2771=CARTESIAN_POINT('Ctrl Pts',(50.5809432983073,6.53336426341181,-0.583974018805671));
#2772=CARTESIAN_POINT('Ctrl Pts',(50.1506062221209,5.87873735627161,-0.542261588890981));
#2773=CARTESIAN_POINT('Ctrl Pts',(50.0883471146507,5.19104509417193,-0.500549158976291));
#2774=CARTESIAN_POINT('Ctrl Pts',(50.0826291032598,5.12788594609047,-0.496718198991696));
#2775=CARTESIAN_POINT('Ctrl Pts',(50.0800158235623,5.06444789227647,-0.4928872390071));
#2776=CARTESIAN_POINT('Ctrl Pts',(50.0804018147755,5.00097911303727,-0.489056279022505));
#2777=CARTESIAN_POINT('Ctrl Pts',(50.0837779529806,5.00175038288118,-0.710943720977494));
#2778=CARTESIAN_POINT('Ctrl Pts',(50.0822004793399,5.19248263403798,-0.72240653021885));
#2779=CARTESIAN_POINT('Ctrl Pts',(50.1059341226023,5.38282970502338,-0.733869339460206));
#2780=CARTESIAN_POINT('Ctrl Pts',(50.1565686094055,5.56572858206403,-0.745332148701562));
#2781=CARTESIAN_POINT('Ctrl Pts',(50.34082426939,6.23128590133873,-0.787044578616253));
#2782=CARTESIAN_POINT('Ctrl Pts',(50.8812970166684,6.79821531147085,-0.828757008530944));
#2783=CARTESIAN_POINT('Ctrl Pts',(51.537288033306,7.01406205121233,-0.870469438445635));
#2784=CARTESIAN_POINT('Ctrl Pts',(52.1932790499435,7.22990879095382,-0.912181868360325));
#2785=CARTESIAN_POINT('Ctrl Pts',(52.9647883359401,7.09467286030467,-0.953894298275015));
#2786=CARTESIAN_POINT('Ctrl Pts',(53.5082481630926,6.6685714689686,-0.995606728189705));
#2787=CARTESIAN_POINT('Ctrl Pts',(54.0517079902451,6.24247007763253,-1.0373191581044));
#2788=CARTESIAN_POINT('Ctrl Pts',(54.3671183585534,5.52550322560953,-1.07903158801909));
#2789=CARTESIAN_POINT('Ctrl Pts',(54.3140156954693,4.83695880278132,-1.12074401793378));
#2790=CARTESIAN_POINT('Ctrl Pts',(54.2609130323853,4.14841437995311,-1.16245644784847));
#2791=CARTESIAN_POINT('Ctrl Pts',(53.8392973379088,3.48829238631969,-1.20416887776316));
#2792=CARTESIAN_POINT('Ctrl Pts',(53.2369267683039,3.15056101798147,-1.24588130767785));
#2793=CARTESIAN_POINT('Ctrl Pts',(52.634556198699,2.81282964964326,-1.28759373759254));
#2794=CARTESIAN_POINT('Ctrl Pts',(51.8514307539657,2.79748890660025,-1.32930616750723));
#2795=CARTESIAN_POINT('Ctrl Pts',(51.2362963340303,3.11137128063277,-1.37101859742192));
#2796=CARTESIAN_POINT('Ctrl Pts',(50.6211619140949,3.42525365466528,-1.41273102733661));
#2797=CARTESIAN_POINT('Ctrl Pts',(50.1740185189573,4.06835914577331,-1.4544434572513));
#2798=CARTESIAN_POINT('Ctrl Pts',(50.0939913728308,4.75429532476716,-1.49615588716599));
#2799=CARTESIAN_POINT('Ctrl Pts',(50.0845343345671,4.83535437791594,-1.50108516510316));
#2800=CARTESIAN_POINT('Ctrl Pts',(50.080204012074,4.91701155431216,-1.50601444304033));
#2801=CARTESIAN_POINT('Ctrl Pts',(50.080789421392,4.99873127874902,-1.51094372097749));
#2802=CARTESIAN_POINT('Origin',(52.2,5.,0.));
#2803=CARTESIAN_POINT('',(50.086198684633,5.00011952054197,-2.3109437209775));
#2804=CARTESIAN_POINT('',(50.0843443902761,5.00164949388424,-2.0890562790225));
#2805=CARTESIAN_POINT('',(50.083,5.,0.));
#2806=CARTESIAN_POINT('Ctrl Pts',(50.0843443902761,5.00164949388424,-2.0890562790225));
#2807=CARTESIAN_POINT('Ctrl Pts',(50.0880122313483,4.51956719485264,-2.06010306465005));
#2808=CARTESIAN_POINT('Ctrl Pts',(50.2520199106209,4.03522618487776,-2.0311498502776));
#2809=CARTESIAN_POINT('Ctrl Pts',(50.554247440614,3.66316072312077,-2.00219663590515));
#2810=CARTESIAN_POINT('Ctrl Pts',(50.989661778413,3.12713200114294,-1.96048420599046));
#2811=CARTESIAN_POINT('Ctrl Pts',(51.7119611071378,2.82413905126127,-1.91877177607577));
#2812=CARTESIAN_POINT('Ctrl Pts',(52.3994863068454,2.8891125686799,-1.87705934616108));
#2813=CARTESIAN_POINT('Ctrl Pts',(53.0870115065529,2.95408608609852,-1.83534691624639));
#2814=CARTESIAN_POINT('Ctrl Pts',(53.7397625772431,3.38702607081746,-1.7936344863317));
#2815=CARTESIAN_POINT('Ctrl Pts',(54.067052052503,3.99513309006429,-1.75192205641701));
#2816=CARTESIAN_POINT('Ctrl Pts',(54.3943415277628,4.60324010931113,-1.71020962650232));
#2817=CARTESIAN_POINT('Ctrl Pts',(54.3961694075923,5.38651416308587,-1.66849719658763));
#2818=CARTESIAN_POINT('Ctrl Pts',(54.0717217401291,5.99614189407902,-1.62678476667293));
#2819=CARTESIAN_POINT('Ctrl Pts',(53.747274072666,6.60576962507215,-1.58507233675824));
#2820=CARTESIAN_POINT('Ctrl Pts',(53.0965508579101,7.04175103328369,-1.54335990684355));
#2821=CARTESIAN_POINT('Ctrl Pts',(52.4093363741741,7.10993310126873,-1.50164747692886));
#2822=CARTESIAN_POINT('Ctrl Pts',(51.722121890438,7.17811516925376,-1.45993504701417));
#2823=CARTESIAN_POINT('Ctrl Pts',(50.9984161377217,6.87849789701229,-1.41822261709948));
#2824=CARTESIAN_POINT('Ctrl Pts',(50.5605047765182,6.34450658630722,-1.37651018718479));
#2825=CARTESIAN_POINT('Ctrl Pts',(50.2544644264016,5.97131944807394,-1.34735888446403));
#2826=CARTESIAN_POINT('Ctrl Pts',(50.0880090460127,5.48366157830967,-1.31820758174327));
#2827=CARTESIAN_POINT('Ctrl Pts',(50.0842609371826,4.99832942434147,-1.2890562790225));
#2828=CARTESIAN_POINT('Ctrl Pts',(50.080789421392,4.99873127874902,-1.51094372097749));
#2829=CARTESIAN_POINT('Ctrl Pts',(50.0851578502349,5.60853845169358,-1.54772687295502));
#2830=CARTESIAN_POINT('Ctrl Pts',(50.3632544219819,6.22182855651132,-1.58451002493254));
#2831=CARTESIAN_POINT('Ctrl Pts',(50.8274100780066,6.61605683510524,-1.62129317691006));
#2832=CARTESIAN_POINT('Ctrl Pts',(51.3537668264241,7.06311529956981,-1.66300560682475));
#2833=CARTESIAN_POINT('Ctrl Pts',(52.1193912203744,7.22846536161927,-1.70471803673944));
#2834=CARTESIAN_POINT('Ctrl Pts',(52.7833304098445,7.03847212980983,-1.74643046665413));
#2835=CARTESIAN_POINT('Ctrl Pts',(53.4472695993146,6.8484788980004,-1.78814289656883));
#2836=CARTESIAN_POINT('Ctrl Pts',(54.0095235843044,6.30314237233208,-1.82985532648352));
#2837=CARTESIAN_POINT('Ctrl Pts',(54.219705643172,5.64531548677179,-1.87156775639821));
#2838=CARTESIAN_POINT('Ctrl Pts',(54.4298877020397,4.98748860121151,-1.9132801863129));
#2839=CARTESIAN_POINT('Ctrl Pts',(54.2879978347852,4.21717135575926,-1.95499261622759));
#2840=CARTESIAN_POINT('Ctrl Pts',(53.8572234011856,3.6774065150083,-1.99670504614228));
#2841=CARTESIAN_POINT('Ctrl Pts',(53.426448967586,3.13764167425734,-2.03841747605697));
#2842=CARTESIAN_POINT('Ctrl Pts',(52.7067899676414,2.82842923820767,-2.08012990597166));
#2843=CARTESIAN_POINT('Ctrl Pts',(52.0187297140443,2.88746975464497,-2.12184233588635));
#2844=CARTESIAN_POINT('Ctrl Pts',(51.3306694604472,2.94651027108228,-2.16355476580104));
#2845=CARTESIAN_POINT('Ctrl Pts',(50.6742079531977,3.37380374000657,-2.20526719571573));
#2846=CARTESIAN_POINT('Ctrl Pts',(50.3416849956234,3.97906499043395,-2.24697962563042));
#2847=CARTESIAN_POINT('Ctrl Pts',(50.1717154349363,4.28844509936395,-2.26830099074611));
#2848=CARTESIAN_POINT('Ctrl Pts',(50.0863831484257,4.64432386655112,-2.2896223558618));
#2849=CARTESIAN_POINT('Ctrl Pts',(50.086198684633,5.00011952054197,-2.3109437209775));
#2850=CARTESIAN_POINT('Origin',(52.2,5.,0.));
#2851=CARTESIAN_POINT('',(50.0804521146123,5.00107143399654,-3.1109437209775));
#2852=CARTESIAN_POINT('',(50.0803330810211,4.99901328578992,-2.88905627902251));
#2853=CARTESIAN_POINT('',(50.083,5.,0.));
#2854=CARTESIAN_POINT('Ctrl Pts',(50.0803330810211,4.99901328578992,-2.88905627902251));
#2855=CARTESIAN_POINT('Ctrl Pts',(50.0799795090261,4.93882023884297,-2.88542340738622));
#2856=CARTESIAN_POINT('Ctrl Pts',(50.0823282539388,4.87865515720583,-2.88179053574993));
#2857=CARTESIAN_POINT('Ctrl Pts',(50.0874702838851,4.81872975947221,-2.87815766411365));
#2858=CARTESIAN_POINT('Ctrl Pts',(50.1465107855125,4.13066967826616,-2.83644523419896));
#2859=CARTESIAN_POINT('Ctrl Pts',(50.5738041474242,3.47420833545297,-2.79473280428427));
#2860=CARTESIAN_POINT('Ctrl Pts',(51.1790652462229,3.14168546118439,-2.75302037436958));
#2861=CARTESIAN_POINT('Ctrl Pts',(51.7843263450216,2.8091625869158,-2.71130794445489));
#2862=CARTESIAN_POINT('Ctrl Pts',(52.5675551807072,2.80057818119181,-2.6695955145402));
#2863=CARTESIAN_POINT('Ctrl Pts',(53.1799590913187,3.11975510382821,-2.62788308462551));
#2864=CARTESIAN_POINT('Ctrl Pts',(53.7923630019302,3.4389320264646,-2.58617065471082));
#2865=CARTESIAN_POINT('Ctrl Pts',(54.2339419874677,4.08587027746136,-2.54445822479613));
#2866=CARTESIAN_POINT('Ctrl Pts',(54.3080491602888,4.77247102503398,-2.50274579488144));
#2867=CARTESIAN_POINT('Ctrl Pts',(54.3821563331099,5.45907177260661,-2.46103336496675));
#2868=CARTESIAN_POINT('Ctrl Pts',(54.0887916932147,6.1853350167551,-2.41932093505205));
#2869=CARTESIAN_POINT('Ctrl Pts',(53.5585983313797,6.62783637861489,-2.37760850513736));
#2870=CARTESIAN_POINT('Ctrl Pts',(53.0284049695447,7.07033774047469,-2.33589607522267));
#2871=CARTESIAN_POINT('Ctrl Pts',(52.2613828857698,7.22907722004579,-2.29418364530798));
#2872=CARTESIAN_POINT('Ctrl Pts',(51.5991074450615,7.03336391543628,-2.25247121539329));
#2873=CARTESIAN_POINT('Ctrl Pts',(50.9368320043531,6.83765061082678,-2.2107587854786));
#2874=CARTESIAN_POINT('Ctrl Pts',(50.3793032067112,6.28748452203665,-2.16904635556391));
#2875=CARTESIAN_POINT('Ctrl Pts',(50.1748034813267,5.6278692306046,-2.12733392564922));
#2876=CARTESIAN_POINT('Ctrl Pts',(50.1122500391071,5.42610266616444,-2.11457471010698));
#2877=CARTESIAN_POINT('Ctrl Pts',(50.0827280317533,5.21409540345809,-2.10181549456474));
#2878=CARTESIAN_POINT('Ctrl Pts',(50.0843443902761,5.00164949388424,-2.0890562790225));
#2879=CARTESIAN_POINT('Ctrl Pts',(50.086198684633,5.00011952054197,-2.3109437209775));
#2880=CARTESIAN_POINT('Ctrl Pts',(50.0860222694207,5.34039098985753,-2.33133478577649));
#2881=CARTESIAN_POINT('Ctrl Pts',(50.1637253878558,5.68058644058843,-2.35172585057549));
#2882=CARTESIAN_POINT('Ctrl Pts',(50.3197546327537,5.97995933683655,-2.37211691537449));
#2883=CARTESIAN_POINT('Ctrl Pts',(50.6389316353575,6.59236340088132,-2.41382934528918));
#2884=CARTESIAN_POINT('Ctrl Pts',(51.2858700484641,7.03394249704041,-2.45554177520388));
#2885=CARTESIAN_POINT('Ctrl Pts',(51.9724709680441,7.10804968842441,-2.49725420511857));
#2886=CARTESIAN_POINT('Ctrl Pts',(52.6590718876241,7.1821568798084,-2.53896663503326));
#2887=CARTESIAN_POINT('Ctrl Pts',(53.3853353136773,6.8887921664173,-2.58067906494794));
#2888=CARTESIAN_POINT('Ctrl Pts',(53.8278367864187,6.35859867175425,-2.62239149486263));
#2889=CARTESIAN_POINT('Ctrl Pts',(54.27033825916,5.8284051770912,-2.66410392477732));
#2890=CARTESIAN_POINT('Ctrl Pts',(54.4290777785895,5.0613829011562,-2.70581635469202));
#2891=CARTESIAN_POINT('Ctrl Pts',(54.233364424908,4.39910729452051,-2.74752878460671));
#2892=CARTESIAN_POINT('Ctrl Pts',(54.0376510712264,3.73683168788482,-2.7892412145214));
#2893=CARTESIAN_POINT('Ctrl Pts',(53.4874848444339,3.17930275054844,-2.83095364443609));
#2894=CARTESIAN_POINT('Ctrl Pts',(52.8278693878211,2.97480297393918,-2.87266607435078));
#2895=CARTESIAN_POINT('Ctrl Pts',(52.1682539312082,2.77030319732992,-2.91437850426547));
#2896=CARTESIAN_POINT('Ctrl Pts',(51.3991892447751,2.91883258144781,-2.95609093418016));
#2897=CARTESIAN_POINT('Ctrl Pts',(50.8631603883614,3.35424702831356,-2.99780336409485));
#2898=CARTESIAN_POINT('Ctrl Pts',(50.3785207079107,3.74791821945891,-3.03551681638907));
#2899=CARTESIAN_POINT('Ctrl Pts',(50.0843763426472,4.37610382174063,-3.07323026868328));
#2900=CARTESIAN_POINT('Ctrl Pts',(50.0804521146123,5.00107143399654,-3.1109437209775));
#2901=CARTESIAN_POINT('Origin',(52.2,5.,0.));
#2902=CARTESIAN_POINT('',(50.0841872499905,4.99831556090968,-3.91094372097749));
#2903=CARTESIAN_POINT('',(50.0861847261481,4.99978659320597,-3.68905627902251));
#2904=CARTESIAN_POINT('',(50.083,5.,0.));
#2905=CARTESIAN_POINT('Ctrl Pts',(50.0861847261481,4.99978659320597,-3.68905627902251));
#2906=CARTESIAN_POINT('Ctrl Pts',(50.0858753774108,4.66563042303527,-3.6690313202077));
#2907=CARTESIAN_POINT('Ctrl Pts',(50.16068573346,4.33160515321224,-3.64900636139289));
#2908=CARTESIAN_POINT('Ctrl Pts',(50.3113717527915,4.0362965759854,-3.62898140257808));
#2909=CARTESIAN_POINT('Ctrl Pts',(50.6252540473128,3.42116231055699,-3.58726897266339));
#2910=CARTESIAN_POINT('Ctrl Pts',(51.2683593792466,2.97401902647484,-3.5455565427487));
#2911=CARTESIAN_POINT('Ctrl Pts',(51.9542953868521,2.89399190017773,-3.50384411283401));
#2912=CARTESIAN_POINT('Ctrl Pts',(52.6402313944576,2.81396477388062,-3.46213168291932));
#2913=CARTESIAN_POINT('Ctrl Pts',(53.3689980777348,3.10105380536856,-3.42041925300463));
#2914=CARTESIAN_POINT('Ctrl Pts',(53.8160564299528,3.62741042203713,-3.37870682308994));
#2915=CARTESIAN_POINT('Ctrl Pts',(54.2631147821707,4.15376703870571,-3.33699439317525));
#2916=CARTESIAN_POINT('Ctrl Pts',(54.4284648033294,4.91939124055491,-3.29528196326055));
#2917=CARTESIAN_POINT('Ctrl Pts',(54.2384716192475,5.58333026361988,-3.25356953334586));
#2918=CARTESIAN_POINT('Ctrl Pts',(54.0484784351656,6.24726928668484,-3.21185710343117));
#2919=CARTESIAN_POINT('Ctrl Pts',(53.5031420458431,6.80952313096556,-3.17014467351648));
#2920=CARTESIAN_POINT('Ctrl Pts',(52.8453153250237,7.01970513721089,-3.12843224360179));
#2921=CARTESIAN_POINT('Ctrl Pts',(52.1874886042043,7.22988714345622,-3.0867198136871));
#2922=CARTESIAN_POINT('Ctrl Pts',(51.417171551888,7.08799731166617,-3.04500738377241));
#2923=CARTESIAN_POINT('Ctrl Pts',(50.8774068464013,6.65722298597168,-3.00329495385772));
#2924=CARTESIAN_POINT('Ctrl Pts',(50.384652010463,6.26396620199452,-2.96521539557932));
#2925=CARTESIAN_POINT('Ctrl Pts',(50.0840392029917,5.62995345341853,-2.92713583730091));
#2926=CARTESIAN_POINT('Ctrl Pts',(50.0803330810211,4.99901328578992,-2.88905627902251));
#2927=CARTESIAN_POINT('Ctrl Pts',(50.0804521146123,5.00107143399654,-3.1109437209775));
#2928=CARTESIAN_POINT('Ctrl Pts',(50.0800360057934,5.06734040018495,-3.11494269859797));
#2929=CARTESIAN_POINT('Ctrl Pts',(50.0828830159694,5.13357318458225,-3.11894167621845));
#2930=CARTESIAN_POINT('Ctrl Pts',(50.0891120395191,5.1994863567888,-3.12294065383892));
#2931=CARTESIAN_POINT('Ctrl Pts',(50.1540855734846,5.8870117287847,-3.16465308375361));
#2932=CARTESIAN_POINT('Ctrl Pts',(50.58702566781,6.53976296316291,-3.2063655136683));
#2933=CARTESIAN_POINT('Ctrl Pts',(51.1951328389035,6.86705252033582,-3.24807794358299));
#2934=CARTESIAN_POINT('Ctrl Pts',(51.8032400099971,7.19434207750873,-3.28979037349768));
#2935=CARTESIAN_POINT('Ctrl Pts',(52.5865142578587,7.19616995747634,-3.33150280341237));
#2936=CARTESIAN_POINT('Ctrl Pts',(53.1961421425262,6.87172220890428,-3.37321523332706));
#2937=CARTESIAN_POINT('Ctrl Pts',(53.8057700271937,6.54727446033221,-3.41492766324175));
#2938=CARTESIAN_POINT('Ctrl Pts',(54.2417515486669,5.89655108322047,-3.45664009315645));
#2939=CARTESIAN_POINT('Ctrl Pts',(54.3099336319868,5.20933642694494,-3.49835252307114));
#2940=CARTESIAN_POINT('Ctrl Pts',(54.3781157153067,4.52212177066942,-3.54006495298583));
#2941=CARTESIAN_POINT('Ctrl Pts',(54.0784983604732,3.7984158352301,-3.58177738290052));
#2942=CARTESIAN_POINT('Ctrl Pts',(53.5445069192017,3.36050436508659,-3.62348981281521));
#2943=CARTESIAN_POINT('Ctrl Pts',(53.0105154779302,2.92259289494308,-3.6652022427299));
#2944=CARTESIAN_POINT('Ctrl Pts',(52.2421499502207,2.77047589009537,-3.70691467264459));
#2945=CARTESIAN_POINT('Ctrl Pts',(51.58158848334,2.97189467745054,-3.74862710255928));
#2946=CARTESIAN_POINT('Ctrl Pts',(50.9210270164594,3.1733134648057,-3.79033953247397));
#2947=CARTESIAN_POINT('Ctrl Pts',(50.3682696104076,3.72826804436374,-3.83205196238866));
#2948=CARTESIAN_POINT('Ctrl Pts',(50.1694647791556,4.3896232197703,-3.87376439230335));
#2949=CARTESIAN_POINT('Ctrl Pts',(50.110398211722,4.5861173382467,-3.8861575018614));
#2950=CARTESIAN_POINT('Ctrl Pts',(50.0825762230541,4.79200379353428,-3.89855061141944));
#2951=CARTESIAN_POINT('Ctrl Pts',(50.0841872499905,4.99831556090968,-3.91094372097749));
#2952=CARTESIAN_POINT('Origin',(52.2,5.,0.));
#2953=CARTESIAN_POINT('',(50.084007532517,5.00167000453554,-4.71094372097749));
#2954=CARTESIAN_POINT('',(50.0809540721772,5.00132218473545,-4.48905627902251));
#2955=CARTESIAN_POINT('',(50.083,5.,0.));
#2956=CARTESIAN_POINT('',(53.5629122292573,6.61992569438875,-5.));
#2957=CARTESIAN_POINT('Ctrl Pts',(50.084007532517,5.00167000453554,-4.71094372097749));
#2958=CARTESIAN_POINT('Ctrl Pts',(50.0823497489256,5.21693639655419,-4.72387095415561));
#2959=CARTESIAN_POINT('Ctrl Pts',(50.1126826541454,5.4317540493621,-4.73679818733373));
#2960=CARTESIAN_POINT('Ctrl Pts',(50.1769808388095,5.63591677597946,-4.74972542051185));
#2961=CARTESIAN_POINT('Ctrl Pts',(50.3844524210491,6.29469064567605,-4.79143785042654));
#2962=CARTESIAN_POINT('Ctrl Pts',(50.9455588121849,6.84252908811167,-4.83315028034123));
#2963=CARTESIAN_POINT('Ctrl Pts',(51.6074983433517,7.03546331204574,-4.87486271025593));
#2964=CARTESIAN_POINT('Ctrl Pts',(52.2694378745185,7.22839753597981,-4.91657514017062));
#2965=CARTESIAN_POINT('Ctrl Pts',(53.0322105457163,7.06642754141233,-4.95828757008531));
#2966=CARTESIAN_POINT('Ctrl Pts',(53.5629122292573,6.61992569438875,-5.));
#2967=CARTESIAN_POINT('',(53.5629122292574,3.38007430561128,-5.));
#2968=CARTESIAN_POINT('Origin',(52.2,5.,-5.));
#2969=CARTESIAN_POINT('Ctrl Pts',(53.5647998119874,3.37711007855844,-4.99999999999999));
#2970=CARTESIAN_POINT('Ctrl Pts',(54.0689204729114,3.80383788669123,-4.96011810000626));
#2971=CARTESIAN_POINT('Ctrl Pts',(54.3604341141133,4.48606038437033,-4.92023620001253));
#2972=CARTESIAN_POINT('Ctrl Pts',(54.3152155402584,5.14490738409194,-4.88035430001879));
#2973=CARTESIAN_POINT('Ctrl Pts',(54.2679214897477,5.83399464685298,-4.8386418701041));
#2974=CARTESIAN_POINT('Ctrl Pts',(53.8522746465555,6.49751135364121,-4.79692944018941));
#2975=CARTESIAN_POINT('Ctrl Pts',(53.2529051244628,6.84037141226734,-4.75521701027472));
#2976=CARTESIAN_POINT('Ctrl Pts',(52.6535356023701,7.18323147089347,-4.71350458036003));
#2977=CARTESIAN_POINT('Ctrl Pts',(51.8704434013769,7.20543488135751,-4.67179215044534));
#2978=CARTESIAN_POINT('Ctrl Pts',(51.2525921262824,6.89689762382322,-4.63007972053065));
#2979=CARTESIAN_POINT('Ctrl Pts',(50.6347408511879,6.58836036628893,-4.58836729061596));
#2980=CARTESIAN_POINT('Ctrl Pts',(50.1821305019921,5.94908244075632,-4.54665486070127));
#2981=CARTESIAN_POINT('Ctrl Pts',(50.0962054767491,5.26384877956859,-4.50494243078658));
#2982=CARTESIAN_POINT('Ctrl Pts',(50.0852973134499,5.17685851505397,-4.49964704686522));
#2983=CARTESIAN_POINT('Ctrl Pts',(50.0802987415404,5.08912761653523,-4.49435166294386));
#2984=CARTESIAN_POINT('Ctrl Pts',(50.0809540721772,5.00132218473545,-4.48905627902251));
#2985=CARTESIAN_POINT('Origin',(5.,52.2,0.));
#2986=CARTESIAN_POINT('',(2.88377795298062,52.2017503828812,-0.710943720977501));
#2987=CARTESIAN_POINT('',(2.88040181477556,52.2009791130373,-0.489056279022499));
#2988=CARTESIAN_POINT('',(2.883,52.2,0.));
#2989=CARTESIAN_POINT('',(6.61992569438873,53.5629122292573,0.));
#2990=CARTESIAN_POINT('Ctrl Pts',(2.88040181477556,52.2009791130373,-0.489056279022499));
#2991=CARTESIAN_POINT('Ctrl Pts',(2.88421859036111,51.5733842903512,-0.451174809092404));
#2992=CARTESIAN_POINT('Ctrl Pts',(3.18129622983284,50.9427852159641,-0.413293339162309));
#2993=CARTESIAN_POINT('Ctrl Pts',(3.66967032313864,50.54913420213,-0.375411869232214));
#2994=CARTESIAN_POINT('Ctrl Pts',(4.20743377785043,50.1156731892469,-0.333699439317523));
#2995=CARTESIAN_POINT('Ctrl Pts',(4.97714182602779,49.9695087805399,-0.291987009402833));
#2996=CARTESIAN_POINT('Ctrl Pts',(5.63591629545456,50.176980921005,-0.250274579488142));
#2997=CARTESIAN_POINT('Ctrl Pts',(6.29469076488134,50.3844530614701,-0.208562149573451));
#2998=CARTESIAN_POINT('Ctrl Pts',(6.84253165555753,50.9455617511074,-0.166849719658761));
#2999=CARTESIAN_POINT('Ctrl Pts',(7.03546584969027,51.607501122169,-0.12513728974407));
#3000=CARTESIAN_POINT('Ctrl Pts',(7.22840004382301,52.2694404932305,-0.0834248598293797));
#3001=CARTESIAN_POINT('Ctrl Pts',(7.0664275414123,53.0322105457163,-0.0417124299146892));
#3002=CARTESIAN_POINT('Ctrl Pts',(6.61992569438872,53.5629122292573,1.38288729689379E-15));
#3003=CARTESIAN_POINT('',(3.37712260093504,53.5647912478619,3.05238030672005E-15));
#3004=CARTESIAN_POINT('Origin',(5.,52.2,0.));
#3005=CARTESIAN_POINT('Ctrl Pts',(3.37710961790481,53.564799512698,2.0122792321331E-15));
#3006=CARTESIAN_POINT('Ctrl Pts',(3.80383730411436,54.0689196091863,-0.0398818999937358));
#3007=CARTESIAN_POINT('Ctrl Pts',(4.48606012971639,54.3604348041741,-0.0797637999874736));
#3008=CARTESIAN_POINT('Ctrl Pts',(5.14490738209729,54.3152165527848,-0.119645699981211));
#3009=CARTESIAN_POINT('Ctrl Pts',(5.8339949091143,54.2679228395405,-0.161358129895902));
#3010=CARTESIAN_POINT('Ctrl Pts',(6.49751179782728,53.8522749866684,-0.203070559810592));
#3011=CARTESIAN_POINT('Ctrl Pts',(6.84037192044158,53.2529051160301,-0.244782989725283));
#3012=CARTESIAN_POINT('Ctrl Pts',(7.18323204305588,52.6535352453918,-0.286495419639973));
#3013=CARTESIAN_POINT('Ctrl Pts',(7.2054353995715,51.8704433569872,-0.328207849554664));
#3014=CARTESIAN_POINT('Ctrl Pts',(6.89689806267877,51.252592040018,-0.369920279469355));
#3015=CARTESIAN_POINT('Ctrl Pts',(6.58836072578604,50.6347407230488,-0.411632709384045));
#3016=CARTESIAN_POINT('Ctrl Pts',(5.94908269548495,50.1821299775149,-0.453345139298736));
#3017=CARTESIAN_POINT('Ctrl Pts',(5.26384887014374,50.0962048670769,-0.495057569213427));
#3018=CARTESIAN_POINT('Ctrl Pts',(4.57861504480253,50.010279756639,-0.536769999128117));
#3019=CARTESIAN_POINT('Ctrl Pts',(3.84742542442119,50.2910402812969,-0.578482429042807));
#3020=CARTESIAN_POINT('Ctrl Pts',(3.39584990057581,50.8135131578345,-0.620194858957497));
#3021=CARTESIAN_POINT('Ctrl Pts',(3.06836985854463,51.1924075631638,-0.650444479630832));
#3022=CARTESIAN_POINT('Ctrl Pts',(2.88794080505714,51.6984201672087,-0.680694100304167));
#3023=CARTESIAN_POINT('Ctrl Pts',(2.88377795298062,52.2017503828812,-0.710943720977501));
#3024=CARTESIAN_POINT('Origin',(5.,52.2,0.));
#3025=CARTESIAN_POINT('',(2.88078942139202,52.198731278749,-1.5109437209775));
#3026=CARTESIAN_POINT('',(2.88426093718256,52.1983294243415,-1.2890562790225));
#3027=CARTESIAN_POINT('',(2.883,52.2,0.));
#3028=CARTESIAN_POINT('Ctrl Pts',(2.88426093718256,52.1983294243415,-1.2890562790225));
#3029=CARTESIAN_POINT('Ctrl Pts',(2.88264589883581,51.9892026153033,-1.27649515182857));
#3030=CARTESIAN_POINT('Ctrl Pts',(2.91124068860328,51.780507621474,-1.26393402463464));
#3031=CARTESIAN_POINT('Ctrl Pts',(2.97189518412824,51.581588630915,-1.25137289744071));
#3032=CARTESIAN_POINT('Ctrl Pts',(3.17331392263277,50.9210273353964,-1.20966046752602));
#3033=CARTESIAN_POINT('Ctrl Pts',(3.72826836933273,50.368270093528,-1.16794803761133));
#3034=CARTESIAN_POINT('Ctrl Pts',(4.38962337568613,50.1694653014891,-1.12623560769664));
#3035=CARTESIAN_POINT('Ctrl Pts',(5.05097838203953,49.9706605094502,-1.08452317778195));
#3036=CARTESIAN_POINT('Ctrl Pts',(5.81873394804637,50.125808167241,-1.04281074786726));
#3037=CARTESIAN_POINT('Ctrl Pts',(6.35098635539525,50.5658352725864,-1.00109831795257));
#3038=CARTESIAN_POINT('Ctrl Pts',(6.88323876274414,51.0058623779318,-0.959385888037882));
#3039=CARTESIAN_POINT('Ctrl Pts',(7.17998801143506,51.7307689308319,-0.91767345812319));
#3040=CARTESIAN_POINT('Ctrl Pts',(7.10908720361631,52.4176977143637,-0.875961028208499));
#3041=CARTESIAN_POINT('Ctrl Pts',(7.03818639579756,53.1046264978954,-0.834248598293809));
#3042=CARTESIAN_POINT('Ctrl Pts',(6.59963553146912,53.753577512059,-0.792536168379119));
#3043=CARTESIAN_POINT('Ctrl Pts',(5.98872605053042,54.075630126529,-0.750823738464429));
#3044=CARTESIAN_POINT('Ctrl Pts',(5.37781656959172,54.397682740999,-0.709111308549739));
#3045=CARTESIAN_POINT('Ctrl Pts',(4.59454847204275,54.3928369557755,-0.667398878635048));
#3046=CARTESIAN_POINT('Ctrl Pts',(3.98774588517504,54.0631006095936,-0.625686448720357));
#3047=CARTESIAN_POINT('Ctrl Pts',(3.38094329830734,53.7333642634118,-0.583974018805666));
#3048=CARTESIAN_POINT('Ctrl Pts',(2.95060622212088,53.0787373562716,-0.542261588890976));
#3049=CARTESIAN_POINT('Ctrl Pts',(2.88834711465076,52.391045094172,-0.500549158976286));
#3050=CARTESIAN_POINT('Ctrl Pts',(2.88262910325985,52.3278859460905,-0.49671819899169));
#3051=CARTESIAN_POINT('Ctrl Pts',(2.8800158235623,52.2644478922765,-0.492887239007095));
#3052=CARTESIAN_POINT('Ctrl Pts',(2.88040181477556,52.2009791130373,-0.489056279022499));
#3053=CARTESIAN_POINT('Ctrl Pts',(2.88377795298062,52.2017503828812,-0.710943720977501));
#3054=CARTESIAN_POINT('Ctrl Pts',(2.88220047933993,52.392482634038,-0.722406530218857));
#3055=CARTESIAN_POINT('Ctrl Pts',(2.90593412260235,52.5828297050234,-0.733869339460213));
#3056=CARTESIAN_POINT('Ctrl Pts',(2.9565686094055,52.765728582064,-0.745332148701569));
#3057=CARTESIAN_POINT('Ctrl Pts',(3.14082426939001,53.4312859013387,-0.787044578616259));
#3058=CARTESIAN_POINT('Ctrl Pts',(3.68129701666845,53.9982153114709,-0.82875700853095));
#3059=CARTESIAN_POINT('Ctrl Pts',(4.33728803330597,54.2140620512123,-0.87046943844564));
#3060=CARTESIAN_POINT('Ctrl Pts',(4.9932790499435,54.4299087909538,-0.912181868360331));
#3061=CARTESIAN_POINT('Ctrl Pts',(5.76478833594011,54.2946728603047,-0.953894298275022));
#3062=CARTESIAN_POINT('Ctrl Pts',(6.3082481630926,53.8685714689686,-0.995606728189713));
#3063=CARTESIAN_POINT('Ctrl Pts',(6.85170799024508,53.4424700776325,-1.0373191581044));
#3064=CARTESIAN_POINT('Ctrl Pts',(7.16711835855344,52.7255032256095,-1.07903158801909));
#3065=CARTESIAN_POINT('Ctrl Pts',(7.11401569546936,52.0369588027813,-1.12074401793378));
#3066=CARTESIAN_POINT('Ctrl Pts',(7.06091303238528,51.3484143799531,-1.16245644784847));
#3067=CARTESIAN_POINT('Ctrl Pts',(6.63929733790876,50.6882923863197,-1.20416887776316));
#3068=CARTESIAN_POINT('Ctrl Pts',(6.03692676830386,50.3505610179815,-1.24588130767785));
#3069=CARTESIAN_POINT('Ctrl Pts',(5.43455619869897,50.0128296496433,-1.28759373759255));
#3070=CARTESIAN_POINT('Ctrl Pts',(4.6514307539657,49.9974889066003,-1.32930616750724));
#3071=CARTESIAN_POINT('Ctrl Pts',(4.03629633403027,50.3113712806328,-1.37101859742193));
#3072=CARTESIAN_POINT('Ctrl Pts',(3.42116191409484,50.6252536546653,-1.41273102733662));
#3073=CARTESIAN_POINT('Ctrl Pts',(2.97401851895724,51.2683591457733,-1.45444345725131));
#3074=CARTESIAN_POINT('Ctrl Pts',(2.89399137283079,51.9542953247672,-1.496155887166));
#3075=CARTESIAN_POINT('Ctrl Pts',(2.88453433456708,52.0353543779159,-1.50108516510317));
#3076=CARTESIAN_POINT('Ctrl Pts',(2.88020401207395,52.1170115543121,-1.50601444304033));
#3077=CARTESIAN_POINT('Ctrl Pts',(2.88078942139202,52.198731278749,-1.5109437209775));
#3078=CARTESIAN_POINT('Origin',(5.,52.2,0.));
#3079=CARTESIAN_POINT('',(2.88619868463294,52.200119520542,-2.3109437209775));
#3080=CARTESIAN_POINT('',(2.8843443902761,52.2016494938843,-2.0890562790225));
#3081=CARTESIAN_POINT('',(2.883,52.2,0.));
#3082=CARTESIAN_POINT('Ctrl Pts',(2.8843443902761,52.2016494938843,-2.0890562790225));
#3083=CARTESIAN_POINT('Ctrl Pts',(2.8880122313483,51.7195671948527,-2.06010306465005));
#3084=CARTESIAN_POINT('Ctrl Pts',(3.05201991062085,51.2352261848778,-2.0311498502776));
#3085=CARTESIAN_POINT('Ctrl Pts',(3.35424744061403,50.8631607231208,-2.00219663590515));
#3086=CARTESIAN_POINT('Ctrl Pts',(3.78966177841294,50.327132001143,-1.96048420599045));
#3087=CARTESIAN_POINT('Ctrl Pts',(4.51196110713783,50.0241390512613,-1.91877177607576));
#3088=CARTESIAN_POINT('Ctrl Pts',(5.19948630684536,50.0891125686799,-1.87705934616107));
#3089=CARTESIAN_POINT('Ctrl Pts',(5.8870115065529,50.1540860860985,-1.83534691624638));
#3090=CARTESIAN_POINT('Ctrl Pts',(6.53976257724308,50.5870260708175,-1.79363448633169));
#3091=CARTESIAN_POINT('Ctrl Pts',(6.86705205250294,51.1951330900643,-1.751922056417));
#3092=CARTESIAN_POINT('Ctrl Pts',(7.1943415277628,51.8032401093112,-1.71020962650231));
#3093=CARTESIAN_POINT('Ctrl Pts',(7.19616940759233,52.5865141630859,-1.66849719658762));
#3094=CARTESIAN_POINT('Ctrl Pts',(6.87172174012916,53.196141894079,-1.62678476667293));
#3095=CARTESIAN_POINT('Ctrl Pts',(6.54727407266598,53.8057696250721,-1.58507233675824));
#3096=CARTESIAN_POINT('Ctrl Pts',(5.89655085791011,54.2417510332837,-1.54335990684355));
#3097=CARTESIAN_POINT('Ctrl Pts',(5.20933637417405,54.3099331012687,-1.50164747692886));
#3098=CARTESIAN_POINT('Ctrl Pts',(4.52212189043798,54.3781151692538,-1.45993504701417));
#3099=CARTESIAN_POINT('Ctrl Pts',(3.79841613772173,54.0784978970123,-1.41822261709948));
#3100=CARTESIAN_POINT('Ctrl Pts',(3.36050477651816,53.5445065863072,-1.37651018718479));
#3101=CARTESIAN_POINT('Ctrl Pts',(3.05446442640155,53.1713194480739,-1.34735888446402));
#3102=CARTESIAN_POINT('Ctrl Pts',(2.8880090460127,52.6836615783097,-1.31820758174326));
#3103=CARTESIAN_POINT('Ctrl Pts',(2.88426093718256,52.1983294243415,-1.2890562790225));
#3104=CARTESIAN_POINT('Ctrl Pts',(2.88078942139202,52.198731278749,-1.5109437209775));
#3105=CARTESIAN_POINT('Ctrl Pts',(2.88515785023493,52.8085384516936,-1.54772687295502));
#3106=CARTESIAN_POINT('Ctrl Pts',(3.16325442198188,53.4218285565113,-1.58451002493255));
#3107=CARTESIAN_POINT('Ctrl Pts',(3.62741007800656,53.8160568351053,-1.62129317691007));
#3108=CARTESIAN_POINT('Ctrl Pts',(4.15376682642408,54.2631152995698,-1.66300560682476));
#3109=CARTESIAN_POINT('Ctrl Pts',(4.91939122037444,54.4284653616193,-1.70471803673945));
#3110=CARTESIAN_POINT('Ctrl Pts',(5.58333040984451,54.2384721298098,-1.74643046665414));
#3111=CARTESIAN_POINT('Ctrl Pts',(6.24726959931457,54.0484788980004,-1.78814289656883));
#3112=CARTESIAN_POINT('Ctrl Pts',(6.80952358430435,53.5031423723321,-1.82985532648352));
#3113=CARTESIAN_POINT('Ctrl Pts',(7.01970564317201,52.8453154867718,-1.87156775639821));
#3114=CARTESIAN_POINT('Ctrl Pts',(7.22988770203967,52.1874886012115,-1.9132801863129));
#3115=CARTESIAN_POINT('Ctrl Pts',(7.08799783478523,51.4171713557592,-1.95499261622759));
#3116=CARTESIAN_POINT('Ctrl Pts',(6.65722340118565,50.8774065150083,-1.99670504614228));
#3117=CARTESIAN_POINT('Ctrl Pts',(6.22644896758606,50.3376416742573,-2.03841747605697));
#3118=CARTESIAN_POINT('Ctrl Pts',(5.50678996764135,50.0284292382077,-2.08012990597166));
#3119=CARTESIAN_POINT('Ctrl Pts',(4.81872971404425,50.087469754645,-2.12184233588635));
#3120=CARTESIAN_POINT('Ctrl Pts',(4.13066946044714,50.1465102710823,-2.16355476580105));
#3121=CARTESIAN_POINT('Ctrl Pts',(3.47420795319766,50.5738037400066,-2.20526719571574));
#3122=CARTESIAN_POINT('Ctrl Pts',(3.14168499562335,51.179064990434,-2.24697962563043));
#3123=CARTESIAN_POINT('Ctrl Pts',(2.97171543493625,51.488445099364,-2.26830099074612));
#3124=CARTESIAN_POINT('Ctrl Pts',(2.88638314842572,51.8443238665512,-2.28962235586181));
#3125=CARTESIAN_POINT('Ctrl Pts',(2.88619868463294,52.200119520542,-2.3109437209775));
#3126=CARTESIAN_POINT('Origin',(5.,52.2,0.));
#3127=CARTESIAN_POINT('',(2.88045211461228,52.2010714339966,-3.1109437209775));
#3128=CARTESIAN_POINT('',(2.88033308102106,52.1990132857899,-2.8890562790225));
#3129=CARTESIAN_POINT('',(2.883,52.2,0.));
#3130=CARTESIAN_POINT('Ctrl Pts',(2.88033308102106,52.1990132857899,-2.8890562790225));
#3131=CARTESIAN_POINT('Ctrl Pts',(2.8799795090261,52.1388202388429,-2.88542340738621));
#3132=CARTESIAN_POINT('Ctrl Pts',(2.88232825393876,52.0786551572058,-2.88179053574993));
#3133=CARTESIAN_POINT('Ctrl Pts',(2.88747028388506,52.0187297594722,-2.87815766411364));
#3134=CARTESIAN_POINT('Ctrl Pts',(2.94651078551243,51.3306696782661,-2.83644523419895));
#3135=CARTESIAN_POINT('Ctrl Pts',(3.37380414742419,50.674208335453,-2.79473280428426));
#3136=CARTESIAN_POINT('Ctrl Pts',(3.97906524622287,50.3416854611844,-2.75302037436957));
#3137=CARTESIAN_POINT('Ctrl Pts',(4.58432634502155,50.0091625869158,-2.71130794445488));
#3138=CARTESIAN_POINT('Ctrl Pts',(5.36755518070715,50.0005781811918,-2.66959551454019));
#3139=CARTESIAN_POINT('Ctrl Pts',(5.97995909131868,50.3197551038282,-2.6278830846255));
#3140=CARTESIAN_POINT('Ctrl Pts',(6.59236300193021,50.6389320264646,-2.58617065471081));
#3141=CARTESIAN_POINT('Ctrl Pts',(7.03394198746768,51.2858702774614,-2.54445822479612));
#3142=CARTESIAN_POINT('Ctrl Pts',(7.1080491602888,51.972471025034,-2.50274579488143));
#3143=CARTESIAN_POINT('Ctrl Pts',(7.18215633310993,52.6590717726066,-2.46103336496674));
#3144=CARTESIAN_POINT('Ctrl Pts',(6.8887916932147,53.3853350167551,-2.41932093505205));
#3145=CARTESIAN_POINT('Ctrl Pts',(6.35859833137968,53.8278363786149,-2.37760850513736));
#3146=CARTESIAN_POINT('Ctrl Pts',(5.82840496954467,54.2703377404747,-2.33589607522267));
#3147=CARTESIAN_POINT('Ctrl Pts',(5.06138288576986,54.4290772200458,-2.29418364530798));
#3148=CARTESIAN_POINT('Ctrl Pts',(4.3991074450615,54.2333639154363,-2.25247121539329));
#3149=CARTESIAN_POINT('Ctrl Pts',(3.73683200435313,54.0376506108268,-2.2107587854786));
#3150=CARTESIAN_POINT('Ctrl Pts',(3.1793032067112,53.4874845220367,-2.16904635556391));
#3151=CARTESIAN_POINT('Ctrl Pts',(2.9748034813267,52.8278692306046,-2.12733392564921));
#3152=CARTESIAN_POINT('Ctrl Pts',(2.91225003910706,52.6261026661645,-2.11457471010698));
#3153=CARTESIAN_POINT('Ctrl Pts',(2.88272803175325,52.4140954034581,-2.10181549456474));
#3154=CARTESIAN_POINT('Ctrl Pts',(2.8843443902761,52.2016494938843,-2.0890562790225));
#3155=CARTESIAN_POINT('Ctrl Pts',(2.88619868463294,52.200119520542,-2.3109437209775));
#3156=CARTESIAN_POINT('Ctrl Pts',(2.88602226942072,52.5403909898576,-2.3313347857765));
#3157=CARTESIAN_POINT('Ctrl Pts',(2.96372538785583,52.8805864405884,-2.3517258505755));
#3158=CARTESIAN_POINT('Ctrl Pts',(3.11975463275369,53.1799593368366,-2.3721169153745));
#3159=CARTESIAN_POINT('Ctrl Pts',(3.43893163535747,53.7923634008813,-2.41382934528919));
#3160=CARTESIAN_POINT('Ctrl Pts',(4.08587004846417,54.2339424970404,-2.45554177520388));
#3161=CARTESIAN_POINT('Ctrl Pts',(4.77247096804412,54.3080496884244,-2.49725420511857));
#3162=CARTESIAN_POINT('Ctrl Pts',(5.45907188762408,54.3821568798084,-2.53896663503326));
#3163=CARTESIAN_POINT('Ctrl Pts',(6.18533531367731,54.0887921664173,-2.58067906494795));
#3164=CARTESIAN_POINT('Ctrl Pts',(6.62783678641867,53.5585986717542,-2.62239149486264));
#3165=CARTESIAN_POINT('Ctrl Pts',(7.07033825916003,53.0284051770912,-2.66410392477733));
#3166=CARTESIAN_POINT('Ctrl Pts',(7.22907777858952,52.2613829011562,-2.70581635469202));
#3167=CARTESIAN_POINT('Ctrl Pts',(7.03336442490797,51.5991072945205,-2.74752878460671));
#3168=CARTESIAN_POINT('Ctrl Pts',(6.83765107122642,50.9368316878848,-2.7892412145214));
#3169=CARTESIAN_POINT('Ctrl Pts',(6.28748484443385,50.3793027505484,-2.83095364443609));
#3170=CARTESIAN_POINT('Ctrl Pts',(5.62786938782101,50.1748029739392,-2.87266607435079));
#3171=CARTESIAN_POINT('Ctrl Pts',(4.96825393120818,49.9703031973299,-2.91437850426548));
#3172=CARTESIAN_POINT('Ctrl Pts',(4.19918924477508,50.1188325814478,-2.95609093418017));
#3173=CARTESIAN_POINT('Ctrl Pts',(3.6631603883614,50.5542470283136,-2.99780336409486));
#3174=CARTESIAN_POINT('Ctrl Pts',(3.17852070791065,50.9479182194589,-3.03551681638907));
#3175=CARTESIAN_POINT('Ctrl Pts',(2.88437634264719,51.5761038217406,-3.07323026868329));
#3176=CARTESIAN_POINT('Ctrl Pts',(2.88045211461228,52.2010714339966,-3.1109437209775));
#3177=CARTESIAN_POINT('Origin',(5.,52.2,0.));
#3178=CARTESIAN_POINT('',(2.88418724999046,52.1983155609097,-3.9109437209775));
#3179=CARTESIAN_POINT('',(2.88618472614808,52.199786593206,-3.6890562790225));
#3180=CARTESIAN_POINT('',(2.883,52.2,0.));
#3181=CARTESIAN_POINT('Ctrl Pts',(2.88618472614808,52.199786593206,-3.6890562790225));
#3182=CARTESIAN_POINT('Ctrl Pts',(2.88587537741075,51.8656304230353,-3.66903132020769));
#3183=CARTESIAN_POINT('Ctrl Pts',(2.96068573346,51.5316051532123,-3.64900636139288));
#3184=CARTESIAN_POINT('Ctrl Pts',(3.11137175279146,51.2362965759854,-3.62898140257808));
#3185=CARTESIAN_POINT('Ctrl Pts',(3.4252540473128,50.621162310557,-3.58726897266339));
#3186=CARTESIAN_POINT('Ctrl Pts',(4.06835937924654,50.1740190264749,-3.54555654274869));
#3187=CARTESIAN_POINT('Ctrl Pts',(4.75429538685204,50.0939919001777,-3.503844112834));
#3188=CARTESIAN_POINT('Ctrl Pts',(5.44023139445753,50.0139647738806,-3.46213168291931));
#3189=CARTESIAN_POINT('Ctrl Pts',(6.16899807773478,50.3010538053685,-3.42041925300462));
#3190=CARTESIAN_POINT('Ctrl Pts',(6.61605642995275,50.8274104220371,-3.37870682308993));
#3191=CARTESIAN_POINT('Ctrl Pts',(7.06311478217073,51.3537670387057,-3.33699439317524));
#3192=CARTESIAN_POINT('Ctrl Pts',(7.22846480332943,52.1193912405549,-3.29528196326055));
#3193=CARTESIAN_POINT('Ctrl Pts',(7.03847161924752,52.7833302636199,-3.25356953334586));
#3194=CARTESIAN_POINT('Ctrl Pts',(6.84847843516561,53.4472692866848,-3.21185710343117));
#3195=CARTESIAN_POINT('Ctrl Pts',(6.30314204584311,54.0095231309655,-3.17014467351648));
#3196=CARTESIAN_POINT('Ctrl Pts',(5.64531532502371,54.2197051372109,-3.12843224360179));
#3197=CARTESIAN_POINT('Ctrl Pts',(4.98748860420431,54.4298871434562,-3.0867198136871));
#3198=CARTESIAN_POINT('Ctrl Pts',(4.21717155188802,54.2879973116662,-3.04500738377241));
#3199=CARTESIAN_POINT('Ctrl Pts',(3.67740684640137,53.8572229859717,-3.00329495385772));
#3200=CARTESIAN_POINT('Ctrl Pts',(3.18465201046296,53.4639662019946,-2.96521539557931));
#3201=CARTESIAN_POINT('Ctrl Pts',(2.88403920299166,52.8299534534185,-2.9271358373009));
#3202=CARTESIAN_POINT('Ctrl Pts',(2.88033308102106,52.1990132857899,-2.8890562790225));
#3203=CARTESIAN_POINT('Ctrl Pts',(2.88045211461228,52.2010714339966,-3.1109437209775));
#3204=CARTESIAN_POINT('Ctrl Pts',(2.88003600579342,52.267340400185,-3.11494269859798));
#3205=CARTESIAN_POINT('Ctrl Pts',(2.88288301596939,52.3335731845822,-3.11894167621845));
#3206=CARTESIAN_POINT('Ctrl Pts',(2.88911203951904,52.3994863567888,-3.12294065383893));
#3207=CARTESIAN_POINT('Ctrl Pts',(2.9540855734846,53.0870117287847,-3.16465308375362));
#3208=CARTESIAN_POINT('Ctrl Pts',(3.38702566781001,53.7397629631629,-3.20636551366831));
#3209=CARTESIAN_POINT('Ctrl Pts',(3.99513283890356,54.0670525203358,-3.248077943583));
#3210=CARTESIAN_POINT('Ctrl Pts',(4.6032400099971,54.3943420775087,-3.28979037349769));
#3211=CARTESIAN_POINT('Ctrl Pts',(5.38651425785879,54.3961699574763,-3.33150280341238));
#3212=CARTESIAN_POINT('Ctrl Pts',(5.99614214252623,54.0717222089043,-3.37321523332707));
#3213=CARTESIAN_POINT('Ctrl Pts',(6.60577002719367,53.7472744603322,-3.41492766324176));
#3214=CARTESIAN_POINT('Ctrl Pts',(7.04175154866687,53.0965510832205,-3.45664009315645));
#3215=CARTESIAN_POINT('Ctrl Pts',(7.10993363198674,52.409336426945,-3.49835252307114));
#3216=CARTESIAN_POINT('Ctrl Pts',(7.17811571530661,51.7221217706694,-3.54006495298583));
#3217=CARTESIAN_POINT('Ctrl Pts',(6.87849836047315,50.9984158352301,-3.58177738290052));
#3218=CARTESIAN_POINT('Ctrl Pts',(6.34450691920165,50.5605043650866,-3.62348981281521));
#3219=CARTESIAN_POINT('Ctrl Pts',(5.81051547793016,50.1225928949431,-3.66520224272991));
#3220=CARTESIAN_POINT('Ctrl Pts',(5.04214995022063,49.9704758900954,-3.7069146726446));
#3221=CARTESIAN_POINT('Ctrl Pts',(4.38158848333998,50.1718946774506,-3.74862710255929));
#3222=CARTESIAN_POINT('Ctrl Pts',(3.72102701645934,50.3733134648057,-3.79033953247398));
#3223=CARTESIAN_POINT('Ctrl Pts',(3.16826961040757,50.9282680443638,-3.83205196238867));
#3224=CARTESIAN_POINT('Ctrl Pts',(2.96946477915562,51.5896232197703,-3.87376439230336));
#3225=CARTESIAN_POINT('Ctrl Pts',(2.91039821172204,51.7861173382467,-3.88615750186141));
#3226=CARTESIAN_POINT('Ctrl Pts',(2.88257622305412,51.9920037935343,-3.89855061141945));
#3227=CARTESIAN_POINT('Ctrl Pts',(2.88418724999046,52.1983155609097,-3.9109437209775));
#3228=CARTESIAN_POINT('Origin',(5.,52.2,0.));
#3229=CARTESIAN_POINT('',(2.884007532517,52.2016700045356,-4.7109437209775));
#3230=CARTESIAN_POINT('',(2.88095407217722,52.2013221847354,-4.4890562790225));
#3231=CARTESIAN_POINT('',(2.883,52.2,0.));
#3232=CARTESIAN_POINT('',(6.36291222925733,53.8199256943887,-5.));
#3233=CARTESIAN_POINT('Ctrl Pts',(2.884007532517,52.2016700045356,-4.7109437209775));
#3234=CARTESIAN_POINT('Ctrl Pts',(2.88234974892556,52.4169363965542,-4.72387095415562));
#3235=CARTESIAN_POINT('Ctrl Pts',(2.91268265414537,52.6317540493621,-4.73679818733374));
#3236=CARTESIAN_POINT('Ctrl Pts',(2.97698083880951,52.8359167759795,-4.74972542051186));
#3237=CARTESIAN_POINT('Ctrl Pts',(3.18445242104912,53.4946906456761,-4.79143785042655));
#3238=CARTESIAN_POINT('Ctrl Pts',(3.74555881218496,54.0425290881117,-4.83315028034124));
#3239=CARTESIAN_POINT('Ctrl Pts',(4.40749834335176,54.2354633120458,-4.87486271025593));
#3240=CARTESIAN_POINT('Ctrl Pts',(5.06943787451856,54.4283975359798,-4.91657514017062));
#3241=CARTESIAN_POINT('Ctrl Pts',(5.83221054571631,54.2664275414123,-4.95828757008531));
#3242=CARTESIAN_POINT('Ctrl Pts',(6.36291222925733,53.8199256943887,-5.));
#3243=CARTESIAN_POINT('',(6.36291222925735,50.5800743056113,-5.));
#3244=CARTESIAN_POINT('Origin',(5.,52.2,-5.));
#3245=CARTESIAN_POINT('Ctrl Pts',(6.36479981198731,50.5771100785584,-5.));
#3246=CARTESIAN_POINT('Ctrl Pts',(6.86892047291134,51.0038378866912,-4.96011810000626));
#3247=CARTESIAN_POINT('Ctrl Pts',(7.16043411411333,51.6860603843703,-4.92023620001253));
#3248=CARTESIAN_POINT('Ctrl Pts',(7.11521554025839,52.3449073840919,-4.88035430001879));
#3249=CARTESIAN_POINT('Ctrl Pts',(7.06792148974769,53.0339946468529,-4.8386418701041));
#3250=CARTESIAN_POINT('Ctrl Pts',(6.65227464655553,53.6975113536412,-4.79692944018941));
#3251=CARTESIAN_POINT('Ctrl Pts',(6.05290512446283,54.0403714122674,-4.75521701027472));
#3252=CARTESIAN_POINT('Ctrl Pts',(5.45353560237014,54.3832314708935,-4.71350458036003));
#3253=CARTESIAN_POINT('Ctrl Pts',(4.67044340137691,54.4054348813575,-4.67179215044534));
#3254=CARTESIAN_POINT('Ctrl Pts',(4.0525921262824,54.0968976238232,-4.63007972053065));
#3255=CARTESIAN_POINT('Ctrl Pts',(3.43474085118789,53.7883603662889,-4.58836729061596));
#3256=CARTESIAN_POINT('Ctrl Pts',(2.9821305019921,53.1490824407563,-4.54665486070127));
#3257=CARTESIAN_POINT('Ctrl Pts',(2.89620547674908,52.4638487795686,-4.50494243078658));
#3258=CARTESIAN_POINT('Ctrl Pts',(2.88529731344992,52.376858515054,-4.49964704686522));
#3259=CARTESIAN_POINT('Ctrl Pts',(2.88029874154038,52.2891276165352,-4.49435166294386));
#3260=CARTESIAN_POINT('Ctrl Pts',(2.88095407217722,52.2013221847354,-4.4890562790225));
#3261=CARTESIAN_POINT('Origin',(52.2,52.2,1.7667098902285));
#3262=CARTESIAN_POINT('',(49.6412082451568,52.2020478299508,-4.96670989022851));
#3263=CARTESIAN_POINT('',(49.64,52.2000000000001,-5.));
#3264=CARTESIAN_POINT('',(49.64,52.2000000000001,1.7667098902285));
#3265=CARTESIAN_POINT('',(49.7270050975816,52.8617372685685,-5.));
#3266=CARTESIAN_POINT('Origin',(52.2,52.2,-5.));
#3267=CARTESIAN_POINT('Ctrl Pts',(49.6412082451568,52.2020478299509,-4.96670989022851));
#3268=CARTESIAN_POINT('Ctrl Pts',(49.6394903567772,52.4255033823297,-4.97780659348567));
#3269=CARTESIAN_POINT('Ctrl Pts',(49.6662737003754,52.648554750919,-4.98890329674284));
#3270=CARTESIAN_POINT('Ctrl Pts',(49.7230655127655,52.8633926412666,-5.));
#3271=CARTESIAN_POINT('Origin',(52.2,52.2,1.7667098902285));
#3272=CARTESIAN_POINT('',(49.6413986217745,52.1979631420523,-4.16670989022851));
#3273=CARTESIAN_POINT('',(49.637483376419,52.2016003636303,-4.2332901097715));
#3274=CARTESIAN_POINT('',(49.64,52.2000000000001,1.7667098902285));
#3275=CARTESIAN_POINT('',(49.7270050975816,51.5382627314315,-5.));
#3276=CARTESIAN_POINT('Ctrl Pts',(49.637483376419,52.2016003636303,-4.2332901097715));
#3277=CARTESIAN_POINT('Ctrl Pts',(49.6366910034606,52.3077813862615,-4.23858549369286));
#3278=CARTESIAN_POINT('Ctrl Pts',(49.6903524582495,53.2495637482155,-4.2855933075289));
#3279=CARTESIAN_POINT('Ctrl Pts',(50.854530489091,54.8938238373122,-4.37431355127965));
#3280=CARTESIAN_POINT('Ctrl Pts',(53.6953698295247,54.8132849936927,-4.49945084102371));
#3281=CARTESIAN_POINT('Ctrl Pts',(55.2034183168869,52.4061558006206,-4.62458813076779));
#3282=CARTESIAN_POINT('Ctrl Pts',(54.0384036118524,49.8134749400649,-4.74972542051185));
#3283=CARTESIAN_POINT('Ctrl Pts',(51.2320572510853,49.3504050831711,-4.87486271025593));
#3284=CARTESIAN_POINT('Ctrl Pts',(49.9437959563893,50.7280881890756,-4.95828757008531));
#3285=CARTESIAN_POINT('Ctrl Pts',(49.7270050975816,51.5382627314315,-5.));
#3286=CARTESIAN_POINT('Origin',(52.2,52.2,-5.));
#3287=CARTESIAN_POINT('Ctrl Pts',(49.6413986217745,52.1979631420523,-4.16670989022851));
#3288=CARTESIAN_POINT('Ctrl Pts',(49.6460084256643,52.7881957442606,-4.19602921058515));
#3289=CARTESIAN_POINT('Ctrl Pts',(50.1397977178946,54.2251228910711,-4.26706096085648));
#3290=CARTESIAN_POINT('Ctrl Pts',(52.5091733863518,55.1950568719483,-4.3798051410425));
#3291=CARTESIAN_POINT('Ctrl Pts',(54.8634815099135,53.6040780662627,-4.50494243078658));
#3292=CARTESIAN_POINT('Ctrl Pts',(54.8458576413738,50.7624969061822,-4.63007972053065));
#3293=CARTESIAN_POINT('Ctrl Pts',(52.4710599298242,49.2013472283897,-4.75521701027472));
#3294=CARTESIAN_POINT('Ctrl Pts',(50.1262770189781,50.1961176044231,-4.86742706684068));
#3295=CARTESIAN_POINT('Ctrl Pts',(49.645664501563,51.6223971095486,-4.93792469349194));
#3296=CARTESIAN_POINT('Ctrl Pts',(49.6412082451568,52.2020478299509,-4.96670989022851));
#3297=CARTESIAN_POINT('Origin',(52.2,52.2,1.7667098902285));
#3298=CARTESIAN_POINT('',(49.6368816318369,52.2012956578656,-3.36670989022851));
#3299=CARTESIAN_POINT('',(49.6438138320335,52.1997419635693,-3.4332901097715));
#3300=CARTESIAN_POINT('',(49.64,52.2000000000001,1.7667098902285));
#3301=CARTESIAN_POINT('Ctrl Pts',(49.6438138320335,52.1997419635693,-3.4332901097715));
#3302=CARTESIAN_POINT('Ctrl Pts',(49.6442189337769,52.6373771442385,-3.45497758087138));
#3303=CARTESIAN_POINT('Ctrl Pts',(49.956885649008,53.9172773225287,-3.51837748188595));
#3304=CARTESIAN_POINT('Ctrl Pts',(51.9684683631195,55.2020613617409,-3.62348981281521));
#3305=CARTESIAN_POINT('Ctrl Pts',(54.5694981945486,54.0578079676822,-3.74862710255928));
#3306=CARTESIAN_POINT('Ctrl Pts',(55.0601144933892,51.258904081128,-3.87376439230336));
#3307=CARTESIAN_POINT('Ctrl Pts',(53.003385578218,49.298165080131,-3.99890168204743));
#3308=CARTESIAN_POINT('Ctrl Pts',(50.3483819394339,49.8956081063726,-4.11874358787014));
#3309=CARTESIAN_POINT('Ctrl Pts',(49.642932628617,51.4713796200157,-4.19687306377817));
#3310=CARTESIAN_POINT('Ctrl Pts',(49.637483376419,52.2016003636303,-4.2332901097715));
#3311=CARTESIAN_POINT('Ctrl Pts',(49.6368816318369,52.2012956578656,-3.36670989022851));
#3312=CARTESIAN_POINT('Ctrl Pts',(49.6363784419891,52.2814331271086,-3.37070886784898));
#3313=CARTESIAN_POINT('Ctrl Pts',(49.6757325595709,53.1969662503006,-3.41642027538415));
#3314=CARTESIAN_POINT('Ctrl Pts',(50.7730130479391,54.8513547710785,-3.50384411283401));
#3315=CARTESIAN_POINT('Ctrl Pts',(53.6145969350239,54.8579859672508,-3.62898140257807));
#3316=CARTESIAN_POINT('Ctrl Pts',(55.1962634875584,52.4972735976699,-3.75411869232215));
#3317=CARTESIAN_POINT('Ctrl Pts',(54.1093021319289,49.8717927993744,-3.87925598206622));
#3318=CARTESIAN_POINT('Ctrl Pts',(51.3218063427408,49.3199388714137,-4.00439327181029));
#3319=CARTESIAN_POINT('Ctrl Pts',(49.786332805871,50.8615120876284,-4.10021124119772));
#3320=CARTESIAN_POINT('Ctrl Pts',(49.6394500839519,51.948475186161,-4.15431678067046));
#3321=CARTESIAN_POINT('Ctrl Pts',(49.6413986217745,52.1979631420523,-4.16670989022851));
#3322=CARTESIAN_POINT('Origin',(52.2,52.2,1.7667098902285));
#3323=CARTESIAN_POINT('',(49.6438308386247,52.2001445329671,-2.56670989022851));
#3324=CARTESIAN_POINT('',(49.6367376443131,52.1988067896708,-2.6332901097715));
#3325=CARTESIAN_POINT('',(49.64,52.2000000000001,1.7667098902285));
#3326=CARTESIAN_POINT('Ctrl Pts',(49.6367376443131,52.1988067896708,-2.6332901097715));
#3327=CARTESIAN_POINT('Ctrl Pts',(49.6412193675552,52.9617875993986,-2.6713696680499));
#3328=CARTESIAN_POINT('Ctrl Pts',(50.4029480316186,54.5683249020382,-2.751161656243));
#3329=CARTESIAN_POINT('Ctrl Pts',(53.1163962149315,55.0681329912916,-2.87266607435078));
#3330=CARTESIAN_POINT('Ctrl Pts',(55.0947828156427,53.0283727570113,-2.99780336409485));
#3331=CARTESIAN_POINT('Ctrl Pts',(54.494921450747,50.2508197706907,-3.12294065383893));
#3332=CARTESIAN_POINT('Ctrl Pts',(51.8510810988098,49.2093102169569,-3.248077943583));
#3333=CARTESIAN_POINT('Ctrl Pts',(49.9223497552273,50.5503336058791,-3.35152776222719));
#3334=CARTESIAN_POINT('Ctrl Pts',(49.6434397844699,51.7956549020372,-3.41326515095669));
#3335=CARTESIAN_POINT('Ctrl Pts',(49.6438138320335,52.1997419635693,-3.4332901097715));
#3336=CARTESIAN_POINT('Ctrl Pts',(49.6438308386247,52.2001445329671,-2.56670989022851));
#3337=CARTESIAN_POINT('Ctrl Pts',(49.6436175036988,52.6116266483622,-2.5871009550275));
#3338=CARTESIAN_POINT('Ctrl Pts',(49.9297979848912,53.8645660421062,-2.64920444974119));
#3339=CARTESIAN_POINT('Ctrl Pts',(51.8768916924353,55.1935888051631,-2.75302037436957));
#3340=CARTESIAN_POINT('Ctrl Pts',(54.5116504388441,54.1293120999837,-2.87815766411364));
#3341=CARTESIAN_POINT('Ctrl Pts',(55.0875301159837,51.3466872524824,-3.00329495385772));
#3342=CARTESIAN_POINT('Ctrl Pts',(53.0916216798271,49.3240681915805,-3.12843224360179));
#3343=CARTESIAN_POINT('Ctrl Pts',(50.3907477155074,49.8456877154295,-3.24957055572539));
#3344=CARTESIAN_POINT('Ctrl Pts',(49.6416271013343,51.4455373340875,-3.32899643793429));
#3345=CARTESIAN_POINT('Ctrl Pts',(49.6368816318369,52.2012956578656,-3.36670989022851));
#3346=CARTESIAN_POINT('Origin',(52.2,52.2,1.7667098902285));
#3347=CARTESIAN_POINT('',(49.6372895634058,52.1984657355499,-1.76670989022851));
#3348=CARTESIAN_POINT('',(49.6415884239729,52.2019946949719,-1.8332901097715));
#3349=CARTESIAN_POINT('',(49.64,52.2000000000001,1.7667098902285));
#3350=CARTESIAN_POINT('Ctrl Pts',(49.6415884239729,52.2019946949719,-1.8332901097715));
#3351=CARTESIAN_POINT('Ctrl Pts',(49.639633800206,52.4589004347059,-1.84604932531373));
#3352=CARTESIAN_POINT('Ctrl Pts',(49.7920453362003,53.5534178924216,-1.90052097077066));
#3353=CARTESIAN_POINT('Ctrl Pts',(51.3466874458285,55.0875294616325,-1.99670504614228));
#3354=CARTESIAN_POINT('Ctrl Pts',(54.1293116628311,54.5116499151057,-2.12184233588635));
#3355=CARTESIAN_POINT('Ctrl Pts',(55.1935881268691,51.8768917656217,-2.24697962563043));
#3356=CARTESIAN_POINT('Ctrl Pts',(53.5916155057068,49.5299110389211,-2.3721169153745));
#3357=CARTESIAN_POINT('Ctrl Pts',(50.7501959767559,49.5610537901202,-2.49725420511857));
#3358=CARTESIAN_POINT('Ctrl Pts',(49.6717623073071,51.2178780684156,-2.58431193658424));
#3359=CARTESIAN_POINT('Ctrl Pts',(49.6363100782913,52.1260167819079,-2.62965723813521));
#3360=CARTESIAN_POINT('Ctrl Pts',(49.6367376443131,52.1988067896708,-2.6332901097715));
#3361=CARTESIAN_POINT('Ctrl Pts',(49.6372895634058,52.1984657355499,-1.7667098902285));
#3362=CARTESIAN_POINT('Ctrl Pts',(49.6425722023886,52.9358908970179,-1.80349304220603));
#3363=CARTESIAN_POINT('Ctrl Pts',(50.3602298312711,54.5185510914371,-1.88198862409824));
#3364=CARTESIAN_POINT('Ctrl Pts',(53.0283729448773,55.0947834712855,-2.00219663590515));
#3365=CARTESIAN_POINT('Ctrl Pts',(55.0681336410746,53.1163964227083,-2.12733392564921));
#3366=CARTESIAN_POINT('Ctrl Pts',(54.5533816278531,50.3218179722209,-2.25247121539329));
#3367=CARTESIAN_POINT('Ctrl Pts',(51.9425825894289,49.2000484658438,-2.37760850513736));
#3368=CARTESIAN_POINT('Ctrl Pts',(49.9491223309713,50.4975998655657,-2.48235473008243));
#3369=CARTESIAN_POINT('Ctrl Pts',(49.6440539065171,51.7698893938953,-2.54538852511281));
#3370=CARTESIAN_POINT('Ctrl Pts',(49.6438308386247,52.2001445329671,-2.56670989022851));
#3371=CARTESIAN_POINT('Origin',(52.2,52.2,1.7667098902285));
#3372=CARTESIAN_POINT('',(49.6409035645919,52.2021168842425,-0.966709890228505));
#3373=CARTESIAN_POINT('',(49.6414875899004,52.1979802358818,-1.0332901097715));
#3374=CARTESIAN_POINT('',(49.64,52.2000000000001,1.7667098902285));
#3375=CARTESIAN_POINT('Ctrl Pts',(49.6414875899004,52.1979802358818,-1.0332901097715));
#3376=CARTESIAN_POINT('Ctrl Pts',(49.6460200729131,52.7848806499908,-1.06244141249226));
#3377=CARTESIAN_POINT('Ctrl Pts',(50.1353358006969,54.218409525378,-1.13330514512771));
#3378=CARTESIAN_POINT('Ctrl Pts',(52.4972735298179,55.1962628042344,-1.24588130767785));
#3379=CARTESIAN_POINT('Ctrl Pts',(54.8579853652057,53.6145966168013,-1.37101859742192));
#3380=CARTESIAN_POINT('Ctrl Pts',(54.8513541702361,50.7730133700777,-1.496155887166));
#3381=CARTESIAN_POINT('Ctrl Pts',(52.483285519932,49.2023813875636,-1.62129317691007));
#3382=CARTESIAN_POINT('Ctrl Pts',(50.1300860438931,50.1895107979406,-1.7336712511119));
#3383=CARTESIAN_POINT('Ctrl Pts',(49.6460238566022,51.6190241407551,-1.80433689539904));
#3384=CARTESIAN_POINT('Ctrl Pts',(49.6415884239729,52.2019946949719,-1.8332901097715));
#3385=CARTESIAN_POINT('Ctrl Pts',(49.6409035645919,52.2021168842425,-0.966709890228505));
#3386=CARTESIAN_POINT('Ctrl Pts',(49.6389961617533,52.4327642177294,-0.978172699469861));
#3387=CARTESIAN_POINT('Ctrl Pts',(49.772136859097,53.5005619376545,-1.03134793862591));
#3388=CARTESIAN_POINT('Ctrl Pts',(51.2589038554451,55.060115169526,-1.12623560769664));
#3389=CARTESIAN_POINT('Ctrl Pts',(54.0578083956676,54.5694987168241,-1.25137289744072));
#3390=CARTESIAN_POINT('Ctrl Pts',(55.2020620380614,51.968468318229,-1.37651018718479));
#3391=CARTESIAN_POINT('Ctrl Pts',(53.6725133452696,49.5736582616213,-1.50164747692886));
#3392=CARTESIAN_POINT('Ctrl Pts',(50.8314686931684,49.5180052287705,-1.62678476667293));
#3393=CARTESIAN_POINT('Ctrl Pts',(49.6861308518427,51.1652911831547,-1.71513890443948));
#3394=CARTESIAN_POINT('Ctrl Pts',(49.6365816415887,52.0996440363938,-1.76178061229134));
#3395=CARTESIAN_POINT('Ctrl Pts',(49.6372895634058,52.1984657355499,-1.7667098902285));
#3396=CARTESIAN_POINT('Origin',(52.2,52.2,1.7667098902285));
#3397=CARTESIAN_POINT('',(49.6428058997236,52.1977186683671,-0.166709890228504));
#3398=CARTESIAN_POINT('',(49.6368243565573,52.2011946998079,-0.233290109771497));
#3399=CARTESIAN_POINT('',(49.64,52.2000000000001,1.7667098902285));
#3400=CARTESIAN_POINT('',(51.5382627314315,49.7270050975816,0.));
#3401=CARTESIAN_POINT('Ctrl Pts',(51.5382627314315,49.7270050975816,2.77555756156289E-16));
#3402=CARTESIAN_POINT('Ctrl Pts',(50.7280881890757,49.9437959563893,-0.0417124299146902));
#3403=CARTESIAN_POINT('Ctrl Pts',(49.8104031226527,50.8019213615911,-0.0972823933241918));
#3404=CARTESIAN_POINT('Ctrl Pts',(49.6409708812645,51.9185571335083,-0.152852356733693));
#3405=CARTESIAN_POINT('Ctrl Pts',(49.6428058997236,52.1977186683671,-0.166709890228504));
#3406=CARTESIAN_POINT('',(52.8633847963606,49.7230841793341,1.53378056291557E-15));
#3407=CARTESIAN_POINT('Origin',(52.2,52.2,0.));
#3408=CARTESIAN_POINT('Ctrl Pts',(52.8633924624078,49.7230659350627,-5.00630353145182E-16));
#3409=CARTESIAN_POINT('Ctrl Pts',(52.0912579258636,49.5189539744933,-0.0398818999937371));
#3410=CARTESIAN_POINT('Ctrl Pts',(50.3788542065812,49.8767701404125,-0.117645269917569));
#3411=CARTESIAN_POINT('Ctrl Pts',(49.6414301779716,51.4422463995027,-0.195408639841402));
#3412=CARTESIAN_POINT('Ctrl Pts',(49.6368243565573,52.2011946998079,-0.233290109771497));
#3413=CARTESIAN_POINT('Origin',(5.,52.2,1.7667098902285));
#3414=CARTESIAN_POINT('',(2.44121836714385,52.2020194669868,-4.96670989022851));
#3415=CARTESIAN_POINT('',(2.44,52.2000000000001,-5.));
#3416=CARTESIAN_POINT('',(2.44,52.2000000000001,1.7667098902285));
#3417=CARTESIAN_POINT('',(2.52700509758157,52.8617372685685,-5.));
#3418=CARTESIAN_POINT('Origin',(5.,52.2,-5.));
#3419=CARTESIAN_POINT('Ctrl Pts',(2.44121836714385,52.2020194669868,-4.96670989022851));
#3420=CARTESIAN_POINT('Ctrl Pts',(2.43949754758369,52.4254712009434,-4.97780659348567));
#3421=CARTESIAN_POINT('Ctrl Pts',(2.46628162517591,52.6485230915229,-4.98890329674284));
#3422=CARTESIAN_POINT('Ctrl Pts',(2.52308089340758,52.8633687927086,-5.));
#3423=CARTESIAN_POINT('Origin',(5.,52.2,1.7667098902285));
#3424=CARTESIAN_POINT('',(2.44143569200547,52.1979630779069,-4.16670989022851));
#3425=CARTESIAN_POINT('',(2.43752594462621,52.2015988629772,-4.2332901097715));
#3426=CARTESIAN_POINT('',(2.44,52.2000000000001,1.7667098902285));
#3427=CARTESIAN_POINT('',(2.52700509758159,51.5382627314315,-5.));
#3428=CARTESIAN_POINT('Ctrl Pts',(2.43752594462621,52.2015988629772,-4.2332901097715));
#3429=CARTESIAN_POINT('Ctrl Pts',(2.43673348055898,52.3077783175863,-4.23858549369286));
#3430=CARTESIAN_POINT('Ctrl Pts',(2.4903918724889,53.2495470912037,-4.28559330752891));
#3431=CARTESIAN_POINT('Ctrl Pts',(3.65452011005301,54.8937902820326,-4.37431355127964));
#3432=CARTESIAN_POINT('Ctrl Pts',(6.49540253973085,54.8132413012279,-4.49945084102372));
#3433=CARTESIAN_POINT('Ctrl Pts',(8.00327583010206,52.4061518783966,-4.62458813076778));
#3434=CARTESIAN_POINT('Ctrl Pts',(6.83854690243482,49.8135340003259,-4.74972542051186));
#3435=CARTESIAN_POINT('Ctrl Pts',(4.03160010271766,49.3503364974406,-4.87486271025593));
#3436=CARTESIAN_POINT('Ctrl Pts',(2.74379595638926,50.7280881890757,-4.95828757008531));
#3437=CARTESIAN_POINT('Ctrl Pts',(2.52700509758158,51.5382627314315,-5.));
#3438=CARTESIAN_POINT('Origin',(5.,52.2,-5.));
#3439=CARTESIAN_POINT('Ctrl Pts',(2.44143569200547,52.1979630779069,-4.16670989022851));
#3440=CARTESIAN_POINT('Ctrl Pts',(2.44604457326125,52.7881868761871,-4.19602921058515));
#3441=CARTESIAN_POINT('Ctrl Pts',(2.9398242489967,54.225092558366,-4.26706096085648));
#3442=CARTESIAN_POINT('Ctrl Pts',(5.30917760263401,55.1950159824125,-4.37980514104251));
#3443=CARTESIAN_POINT('Ctrl Pts',(7.66342710406787,53.6040518580045,-4.50494243078657));
#3444=CARTESIAN_POINT('Ctrl Pts',(7.64584672393266,50.7625301800654,-4.63007972053065));
#3445=CARTESIAN_POINT('Ctrl Pts',(5.27100853703771,49.2013645165405,-4.75521701027472));
#3446=CARTESIAN_POINT('Ctrl Pts',(2.92637376827531,50.1961949348551,-4.86742706684067));
#3447=CARTESIAN_POINT('Ctrl Pts',(2.44568222712455,51.6223786516918,-4.93792469349194));
#3448=CARTESIAN_POINT('Ctrl Pts',(2.44121836714385,52.2020194669868,-4.96670989022851));
#3449=CARTESIAN_POINT('Origin',(5.,52.2,1.7667098902285));
#3450=CARTESIAN_POINT('',(2.43691894823214,52.2012956405438,-3.3667098902285));
#3451=CARTESIAN_POINT('',(2.44385115679693,52.1997419360451,-3.4332901097715));
#3452=CARTESIAN_POINT('',(2.44,52.2000000000001,1.7667098902285));
#3453=CARTESIAN_POINT('Ctrl Pts',(2.44385115679693,52.1997419360451,-3.4332901097715));
#3454=CARTESIAN_POINT('Ctrl Pts',(2.444256296436,52.6373707149511,-3.45497758087138));
#3455=CARTESIAN_POINT('Ctrl Pts',(2.75691853815521,53.9172521911545,-3.51837748188595));
#3456=CARTESIAN_POINT('Ctrl Pts',(4.76847104588781,55.2020179329667,-3.62348981281521));
#3457=CARTESIAN_POINT('Ctrl Pts',(7.36946497356917,54.0577803021001,-3.74862710255929));
#3458=CARTESIAN_POINT('Ctrl Pts',(7.86007031047162,51.2589188198937,-3.87376439230336));
#3459=CARTESIAN_POINT('Ctrl Pts',(5.80337856410027,49.2982056483196,-3.99890168204743));
#3460=CARTESIAN_POINT('Ctrl Pts',(3.14840071402558,49.8956443098866,-4.11874358787014));
#3461=CARTESIAN_POINT('Ctrl Pts',(2.44297582339095,51.4713889028551,-4.19687306377817));
#3462=CARTESIAN_POINT('Ctrl Pts',(2.43752594462621,52.2015988629772,-4.2332901097715));
#3463=CARTESIAN_POINT('Ctrl Pts',(2.43691894823214,52.2012956405438,-3.3667098902285));
#3464=CARTESIAN_POINT('Ctrl Pts',(2.43641576515407,52.2814319435397,-3.37070886784898));
#3465=CARTESIAN_POINT('Ctrl Pts',(2.47576929992906,53.196951742528,-3.41642027538415));
#3466=CARTESIAN_POINT('Ctrl Pts',(3.57303370385765,54.8513161765258,-3.50384411283401));
#3467=CARTESIAN_POINT('Ctrl Pts',(6.41457655864167,54.857947314056,-3.62898140257807));
#3468=CARTESIAN_POINT('Ctrl Pts',(7.99621948963561,52.4972692147559,-3.75411869232215));
#3469=CARTESIAN_POINT('Ctrl Pts',(6.90927509420765,49.8718268037149,-3.87925598206622));
#3470=CARTESIAN_POINT('Ctrl Pts',(4.12181772396243,49.3199805131006,-4.00439327181028));
#3471=CARTESIAN_POINT('Ctrl Pts',(2.58636959217513,50.8615319479256,-4.10021124119772));
#3472=CARTESIAN_POINT('Ctrl Pts',(2.43948754417503,51.9484788433859,-4.15431678067046));
#3473=CARTESIAN_POINT('Ctrl Pts',(2.44143569200547,52.1979630779069,-4.16670989022851));
#3474=CARTESIAN_POINT('Origin',(5.,52.2,1.7667098902285));
#3475=CARTESIAN_POINT('',(2.44386803621178,52.2001445312175,-2.56670989022851));
#3476=CARTESIAN_POINT('',(2.43677500586392,52.1988068075684,-2.6332901097715));
#3477=CARTESIAN_POINT('',(2.44,52.2000000000001,1.7667098902285));
#3478=CARTESIAN_POINT('Ctrl Pts',(2.43677500586392,52.1988068075684,-2.6332901097715));
#3479=CARTESIAN_POINT('Ctrl Pts',(2.44125666493088,52.9617764953951,-2.6713696680499));
#3480=CARTESIAN_POINT('Ctrl Pts',(3.20297423186876,54.5682903772064,-2.751161656243));
#3481=CARTESIAN_POINT('Ctrl Pts',(5.91638284397389,55.0680911934957,-2.87266607435078));
#3482=CARTESIAN_POINT('Ctrl Pts',(7.89474064746792,53.0283606672435,-2.99780336409486));
#3483=CARTESIAN_POINT('Ctrl Pts',(7.29488794907455,50.250848210842,-3.12294065383893));
#3484=CARTESIAN_POINT('Ctrl Pts',(4.65108628276878,49.2093537555623,-3.248077943583));
#3485=CARTESIAN_POINT('Ctrl Pts',(2.72238281524729,50.5503577243757,-3.35152776222719));
#3486=CARTESIAN_POINT('Ctrl Pts',(2.44347707424256,51.7956607855316,-3.41326515095669));
#3487=CARTESIAN_POINT('Ctrl Pts',(2.44385115679693,52.1997419360451,-3.4332901097715));
#3488=CARTESIAN_POINT('Ctrl Pts',(2.44386803621178,52.2001445312175,-2.56670989022851));
#3489=CARTESIAN_POINT('Ctrl Pts',(2.44365470463725,52.6116206584957,-2.5871009550275));
#3490=CARTESIAN_POINT('Ctrl Pts',(2.72983102204407,53.8645418185393,-2.64920444974119));
#3491=CARTESIAN_POINT('Ctrl Pts',(4.6768963918854,55.1935452426031,-2.75302037436957));
#3492=CARTESIAN_POINT('Ctrl Pts',(7.31161680383098,54.1292840244435,-2.87815766411364));
#3493=CARTESIAN_POINT('Ctrl Pts',(7.88748808829884,51.3466996696109,-3.00329495385772));
#3494=CARTESIAN_POINT('Ctrl Pts',(5.89160872043537,49.3241100433741,-3.12843224360179));
#3495=CARTESIAN_POINT('Ctrl Pts',(3.1907740154412,49.8457219733113,-3.24957055572539));
#3496=CARTESIAN_POINT('Ctrl Pts',(2.44166435388606,51.4455483153784,-3.32899643793429));
#3497=CARTESIAN_POINT('Ctrl Pts',(2.43691894823214,52.2012956405438,-3.3667098902285));
#3498=CARTESIAN_POINT('Origin',(5.,52.2,1.7667098902285));
#3499=CARTESIAN_POINT('',(2.43732683928369,52.1984657881897,-1.76670989022851));
#3500=CARTESIAN_POINT('',(2.44162571521342,52.2019946643098,-1.8332901097715));
#3501=CARTESIAN_POINT('',(2.44,52.2000000000001,1.7667098902285));
#3502=CARTESIAN_POINT('Ctrl Pts',(2.44162571521342,52.2019946643098,-1.8332901097715));
#3503=CARTESIAN_POINT('Ctrl Pts',(2.4396711201173,52.458896661716,-1.84604932531374));
#3504=CARTESIAN_POINT('Ctrl Pts',(2.59208043533219,53.553398175194,-1.90052097077066));
#3505=CARTESIAN_POINT('Ctrl Pts',(4.14669988337615,55.0874873646761,-1.99670504614228));
#3506=CARTESIAN_POINT('Ctrl Pts',(6.92928354109488,54.5116162248055,-2.12184233588636));
#3507=CARTESIAN_POINT('Ctrl Pts',(7.99354449262787,51.8768964727694,-2.24697962563043));
#3508=CARTESIAN_POINT('Ctrl Pts',(6.39159522057884,49.5299499599422,-2.3721169153745));
#3509=CARTESIAN_POINT('Ctrl Pts',(3.55021711095893,49.5610922537355,-2.49725420511857));
#3510=CARTESIAN_POINT('Ctrl Pts',(2.47179915704405,51.2178923850864,-2.58431193658423));
#3511=CARTESIAN_POINT('Ctrl Pts',(2.43634744596449,52.1260178608588,-2.62965723813521));
#3512=CARTESIAN_POINT('Ctrl Pts',(2.43677500586392,52.1988068075684,-2.6332901097715));
#3513=CARTESIAN_POINT('Ctrl Pts',(2.43732683928369,52.1984657881897,-1.76670989022851));
#3514=CARTESIAN_POINT('Ctrl Pts',(2.44260939848911,52.935880225005,-1.80349304220603));
#3515=CARTESIAN_POINT('Ctrl Pts',(3.16025663052432,54.5185173046074,-1.88198862409824));
#3516=CARTESIAN_POINT('Ctrl Pts',(5.82836087514004,55.0947413720321,-2.00219663590514));
#3517=CARTESIAN_POINT('Ctrl Pts',(7.86809191185306,53.1163830739061,-2.12733392564922));
#3518=CARTESIAN_POINT('Ctrl Pts',(7.35334737689127,50.3218453105271,-2.25247121539329));
#3519=CARTESIAN_POINT('Ctrl Pts',(4.74258633788539,49.200092117867,-2.37760850513736));
#3520=CARTESIAN_POINT('Ctrl Pts',(2.74915508489326,50.497624639952,-2.48235473008243));
#3521=CARTESIAN_POINT('Ctrl Pts',(2.44409110059983,51.7698956534582,-2.54538852511281));
#3522=CARTESIAN_POINT('Ctrl Pts',(2.44386803621178,52.2001445312175,-2.56670989022851));
#3523=CARTESIAN_POINT('Origin',(5.,52.2,1.7667098902285));
#3524=CARTESIAN_POINT('',(2.44094074616457,52.2021166651752,-0.966709890228505));
#3525=CARTESIAN_POINT('',(2.44152479886035,52.197979842378,-1.0332901097715));
#3526=CARTESIAN_POINT('',(2.44,52.2000000000001,1.7667098902285));
#3527=CARTESIAN_POINT('Ctrl Pts',(2.44152479886035,52.197979842378,-1.0332901097715));
#3528=CARTESIAN_POINT('Ctrl Pts',(2.44605723088923,52.7848718188346,-1.06244141249226));
#3529=CARTESIAN_POINT('Ctrl Pts',(2.93536600318667,54.2183807447587,-1.13330514512771));
#3530=CARTESIAN_POINT('Ctrl Pts',(5.29726913862769,55.1962187294416,-1.24588130767785));
#3531=CARTESIAN_POINT('Ctrl Pts',(7.65794664893716,53.6145762093354,-1.37101859742193));
#3532=CARTESIAN_POINT('Ctrl Pts',(7.65131551190796,50.7730340586553,-1.496155887166));
#3533=CARTESIAN_POINT('Ctrl Pts',(5.28328139622511,49.2024251391269,-1.62129317691007));
#3534=CARTESIAN_POINT('Ctrl Pts',(2.93011621339102,50.1895400815767,-1.7336712511119));
#3535=CARTESIAN_POINT('Ctrl Pts',(2.44606108278301,51.6190326021837,-1.80433689539904));
#3536=CARTESIAN_POINT('Ctrl Pts',(2.44162571521342,52.2019946643098,-1.8332901097715));
#3537=CARTESIAN_POINT('Ctrl Pts',(2.44094074616457,52.2021166651752,-0.966709890228505));
#3538=CARTESIAN_POINT('Ctrl Pts',(2.43903317293823,52.4327612390823,-0.978172699469861));
#3539=CARTESIAN_POINT('Ctrl Pts',(2.57217113478012,53.5005459358253,-1.03134793862591));
#3540=CARTESIAN_POINT('Ctrl Pts',(4.0589185619764,55.0600710851694,-1.12623560769664));
#3541=CARTESIAN_POINT('Ctrl Pts',(6.85778078042418,54.5694655360973,-1.25137289744071));
#3542=CARTESIAN_POINT('Ctrl Pts',(8.00201867773556,51.9684710044316,-1.37651018718479));
#3543=CARTESIAN_POINT('Ctrl Pts',(6.47249173697994,49.5736968376366,-1.50164747692886));
#3544=CARTESIAN_POINT('Ctrl Pts',(3.63148870648796,49.5180440711888,-1.62678476667293));
#3545=CARTESIAN_POINT('Ctrl Pts',(2.4861674252509,51.1653062538713,-1.71513890443948));
#3546=CARTESIAN_POINT('Ctrl Pts',(2.43661892815745,52.0996455262348,-1.76178061229134));
#3547=CARTESIAN_POINT('Ctrl Pts',(2.43732683928369,52.1984657881897,-1.76670989022851));
#3548=CARTESIAN_POINT('Origin',(5.,52.2,1.7667098902285));
#3549=CARTESIAN_POINT('',(2.44279009076581,52.1975200211539,-0.166709890228505));
#3550=CARTESIAN_POINT('',(2.43685812273285,52.2011840006497,-0.233290109771496));
#3551=CARTESIAN_POINT('',(2.44,52.2000000000001,1.7667098902285));
#3552=CARTESIAN_POINT('',(4.33826273143149,49.7270050975816,0.));
#3553=CARTESIAN_POINT('Ctrl Pts',(4.3382627314315,49.7270050975816,5.55111512312578E-16));
#3554=CARTESIAN_POINT('Ctrl Pts',(3.52808818907567,49.9437959563893,-0.04171242991469));
#3555=CARTESIAN_POINT('Ctrl Pts',(2.61035771215726,50.8016183247282,-0.0972823933241917));
#3556=CARTESIAN_POINT('Ctrl Pts',(2.44094783773178,51.9183293788423,-0.152852356733693));
#3557=CARTESIAN_POINT('Ctrl Pts',(2.44279009076581,52.1975200211539,-0.166709890228505));
#3558=CARTESIAN_POINT('',(5.66336100218487,49.7230980638697,2.89720357225884E-15));
#3559=CARTESIAN_POINT('Origin',(5.,52.2,0.));
#3560=CARTESIAN_POINT('Ctrl Pts',(5.66336812879087,49.7230809158045,1.54227759036063E-16));
#3561=CARTESIAN_POINT('Ctrl Pts',(4.89120541978319,49.5189420869775,-0.0398818999937364));
#3562=CARTESIAN_POINT('Ctrl Pts',(3.17893164233335,49.8768764356561,-0.117645269917568));
#3563=CARTESIAN_POINT('Ctrl Pts',(2.44147359061144,51.4422596992438,-0.195408639841401));
#3564=CARTESIAN_POINT('Ctrl Pts',(2.43685812273285,52.2011840006497,-0.233290109771496));
#3565=CARTESIAN_POINT('Origin',(52.2,5.,1.7667098902285));
#3566=CARTESIAN_POINT('',(49.6412183671438,5.00201946698683,-4.96670989022851));
#3567=CARTESIAN_POINT('',(49.64,5.00000000000005,-5.));
#3568=CARTESIAN_POINT('',(49.64,5.00000000000005,1.7667098902285));
#3569=CARTESIAN_POINT('',(49.7270050975816,5.66173726856849,-5.));
#3570=CARTESIAN_POINT('Origin',(52.2,5.,-5.));
#3571=CARTESIAN_POINT('Ctrl Pts',(49.6412183671438,5.00201946698683,-4.96670989022851));
#3572=CARTESIAN_POINT('Ctrl Pts',(49.6394975475837,5.22547120094342,-4.97780659348567));
#3573=CARTESIAN_POINT('Ctrl Pts',(49.6662816251759,5.44852309152291,-4.98890329674283));
#3574=CARTESIAN_POINT('Ctrl Pts',(49.7230808934076,5.66336879270854,-5.));
#3575=CARTESIAN_POINT('Origin',(52.2,5.,1.7667098902285));
#3576=CARTESIAN_POINT('',(49.6414356920055,4.99796307790691,-4.16670989022851));
#3577=CARTESIAN_POINT('',(49.6375259446262,5.00159886297722,-4.2332901097715));
#3578=CARTESIAN_POINT('',(49.64,5.00000000000005,1.7667098902285));
#3579=CARTESIAN_POINT('',(49.7270050975816,4.33826273143144,-5.));
#3580=CARTESIAN_POINT('Ctrl Pts',(49.6375259446262,5.00159886297721,-4.2332901097715));
#3581=CARTESIAN_POINT('Ctrl Pts',(49.636733480559,5.1077783175863,-4.23858549369286));
#3582=CARTESIAN_POINT('Ctrl Pts',(49.6903918724889,6.04954709120367,-4.2855933075289));
#3583=CARTESIAN_POINT('Ctrl Pts',(50.854520110053,7.69379028203266,-4.37431355127964));
#3584=CARTESIAN_POINT('Ctrl Pts',(53.6954025397308,7.61324130122786,-4.49945084102371));
#3585=CARTESIAN_POINT('Ctrl Pts',(55.2032758301021,5.20615187839667,-4.62458813076779));
#3586=CARTESIAN_POINT('Ctrl Pts',(54.0385469024348,2.61353400032586,-4.74972542051185));
#3587=CARTESIAN_POINT('Ctrl Pts',(51.2316001027177,2.1503364974406,-4.87486271025593));
#3588=CARTESIAN_POINT('Ctrl Pts',(49.9437959563893,3.52808818907563,-4.95828757008531));
#3589=CARTESIAN_POINT('Ctrl Pts',(49.7270050975816,4.33826273143146,-5.));
#3590=CARTESIAN_POINT('Origin',(52.2,5.,-5.));
#3591=CARTESIAN_POINT('Ctrl Pts',(49.6414356920055,4.99796307790691,-4.16670989022851));
#3592=CARTESIAN_POINT('Ctrl Pts',(49.6460445732612,5.58818687618711,-4.19602921058515));
#3593=CARTESIAN_POINT('Ctrl Pts',(50.1398242489967,7.02509255836602,-4.26706096085648));
#3594=CARTESIAN_POINT('Ctrl Pts',(52.509177602634,7.99501598241255,-4.37980514104251));
#3595=CARTESIAN_POINT('Ctrl Pts',(54.8634271040678,6.40405185800452,-4.50494243078657));
#3596=CARTESIAN_POINT('Ctrl Pts',(54.8458467239327,3.56253018006542,-4.63007972053065));
#3597=CARTESIAN_POINT('Ctrl Pts',(52.4710085370378,2.00136451654052,-4.75521701027471));
#3598=CARTESIAN_POINT('Ctrl Pts',(50.1263737682754,2.99619493485502,-4.86742706684067));
#3599=CARTESIAN_POINT('Ctrl Pts',(49.6456822271245,4.42237865169182,-4.93792469349193));
#3600=CARTESIAN_POINT('Ctrl Pts',(49.6412183671438,5.00201946698683,-4.96670989022851));
#3601=CARTESIAN_POINT('Origin',(52.2,5.,1.7667098902285));
#3602=CARTESIAN_POINT('',(49.6369189482322,5.0012956405438,-3.36670989022851));
#3603=CARTESIAN_POINT('',(49.6438511567969,4.99974193604504,-3.4332901097715));
#3604=CARTESIAN_POINT('',(49.64,5.00000000000005,1.7667098902285));
#3605=CARTESIAN_POINT('Ctrl Pts',(49.6438511567969,4.99974193604504,-3.4332901097715));
#3606=CARTESIAN_POINT('Ctrl Pts',(49.644256296436,5.43737071495102,-3.45497758087138));
#3607=CARTESIAN_POINT('Ctrl Pts',(49.9569185381552,6.71725219115451,-3.51837748188595));
#3608=CARTESIAN_POINT('Ctrl Pts',(51.9684710458878,8.00201793296676,-3.62348981281522));
#3609=CARTESIAN_POINT('Ctrl Pts',(54.5694649735691,6.85778030210007,-3.74862710255928));
#3610=CARTESIAN_POINT('Ctrl Pts',(55.0600703104717,4.05891881989374,-3.87376439230336));
#3611=CARTESIAN_POINT('Ctrl Pts',(53.0033785641003,2.09820564831959,-3.99890168204743));
#3612=CARTESIAN_POINT('Ctrl Pts',(50.3484007140256,2.69564430988666,-4.11874358787014));
#3613=CARTESIAN_POINT('Ctrl Pts',(49.6429758233909,4.27138890285504,-4.19687306377817));
#3614=CARTESIAN_POINT('Ctrl Pts',(49.6375259446262,5.00159886297721,-4.2332901097715));
#3615=CARTESIAN_POINT('Ctrl Pts',(49.6369189482322,5.0012956405438,-3.36670989022851));
#3616=CARTESIAN_POINT('Ctrl Pts',(49.6364157651541,5.08143194353968,-3.37070886784898));
#3617=CARTESIAN_POINT('Ctrl Pts',(49.6757692999291,5.99695174252793,-3.41642027538415));
#3618=CARTESIAN_POINT('Ctrl Pts',(50.7730337038575,7.65131617652588,-3.503844112834));
#3619=CARTESIAN_POINT('Ctrl Pts',(53.6145765586417,7.65794731405598,-3.62898140257807));
#3620=CARTESIAN_POINT('Ctrl Pts',(55.1962194896356,5.29726921475595,-3.75411869232215));
#3621=CARTESIAN_POINT('Ctrl Pts',(54.1092750942077,2.67182680371489,-3.87925598206622));
#3622=CARTESIAN_POINT('Ctrl Pts',(51.3218177239624,2.11998051310061,-4.00439327181029));
#3623=CARTESIAN_POINT('Ctrl Pts',(49.7863695921751,3.66153194792553,-4.10021124119772));
#3624=CARTESIAN_POINT('Ctrl Pts',(49.639487544175,4.74847884338585,-4.15431678067046));
#3625=CARTESIAN_POINT('Ctrl Pts',(49.6414356920055,4.99796307790691,-4.16670989022851));
#3626=CARTESIAN_POINT('Origin',(52.2,5.,1.7667098902285));
#3627=CARTESIAN_POINT('',(49.6438680362118,5.00014453121754,-2.56670989022851));
#3628=CARTESIAN_POINT('',(49.6367750058639,4.99880680756834,-2.6332901097715));
#3629=CARTESIAN_POINT('',(49.64,5.00000000000005,1.7667098902285));
#3630=CARTESIAN_POINT('Ctrl Pts',(49.6367750058639,4.99880680756834,-2.6332901097715));
#3631=CARTESIAN_POINT('Ctrl Pts',(49.6412566649309,5.7617764953951,-2.6713696680499));
#3632=CARTESIAN_POINT('Ctrl Pts',(50.4029742318687,7.36829037720641,-2.751161656243));
#3633=CARTESIAN_POINT('Ctrl Pts',(53.1163828439739,7.86809119349573,-2.87266607435079));
#3634=CARTESIAN_POINT('Ctrl Pts',(55.0947406474679,5.82836066724354,-2.99780336409485));
#3635=CARTESIAN_POINT('Ctrl Pts',(54.4948879490746,3.05084821084205,-3.12294065383893));
#3636=CARTESIAN_POINT('Ctrl Pts',(51.8510862827688,2.00935375556224,-3.248077943583));
#3637=CARTESIAN_POINT('Ctrl Pts',(49.9223828152473,3.35035772437563,-3.35152776222719));
#3638=CARTESIAN_POINT('Ctrl Pts',(49.6434770742425,4.59566078553158,-3.41326515095669));
#3639=CARTESIAN_POINT('Ctrl Pts',(49.6438511567969,4.99974193604504,-3.4332901097715));
#3640=CARTESIAN_POINT('Ctrl Pts',(49.6438680362118,5.00014453121754,-2.56670989022851));
#3641=CARTESIAN_POINT('Ctrl Pts',(49.6436547046372,5.41162065849567,-2.5871009550275));
#3642=CARTESIAN_POINT('Ctrl Pts',(49.9298310220441,6.66454181853928,-2.64920444974119));
#3643=CARTESIAN_POINT('Ctrl Pts',(51.8768963918854,7.99354524260309,-2.75302037436957));
#3644=CARTESIAN_POINT('Ctrl Pts',(54.5116168038309,6.92928402444359,-2.87815766411364));
#3645=CARTESIAN_POINT('Ctrl Pts',(55.0874880882989,4.1466996696109,-3.00329495385772));
#3646=CARTESIAN_POINT('Ctrl Pts',(53.0916087204354,2.12411004337403,-3.12843224360178));
#3647=CARTESIAN_POINT('Ctrl Pts',(50.3907740154412,2.64572197331132,-3.24957055572539));
#3648=CARTESIAN_POINT('Ctrl Pts',(49.6416643538861,4.24554831537839,-3.32899643793429));
#3649=CARTESIAN_POINT('Ctrl Pts',(49.6369189482322,5.0012956405438,-3.36670989022851));
#3650=CARTESIAN_POINT('Origin',(52.2,5.,1.7667098902285));
#3651=CARTESIAN_POINT('',(49.6373268392837,4.99846578818967,-1.76670989022851));
#3652=CARTESIAN_POINT('',(49.6416257152134,5.00199466430973,-1.8332901097715));
#3653=CARTESIAN_POINT('',(49.64,5.00000000000005,1.7667098902285));
#3654=CARTESIAN_POINT('Ctrl Pts',(49.6416257152134,5.00199466430973,-1.8332901097715));
#3655=CARTESIAN_POINT('Ctrl Pts',(49.6396711201173,5.25889666171599,-1.84604932531374));
#3656=CARTESIAN_POINT('Ctrl Pts',(49.7920804353322,6.35339817519402,-1.90052097077067));
#3657=CARTESIAN_POINT('Ctrl Pts',(51.3466998833761,7.88748736467608,-1.99670504614228));
#3658=CARTESIAN_POINT('Ctrl Pts',(54.1292835410949,7.31161622480548,-2.12184233588636));
#3659=CARTESIAN_POINT('Ctrl Pts',(55.1935444926279,4.67689647276939,-2.24697962563042));
#3660=CARTESIAN_POINT('Ctrl Pts',(53.5915952205789,2.32994995994219,-2.3721169153745));
#3661=CARTESIAN_POINT('Ctrl Pts',(50.7502171109589,2.3610922537354,-2.49725420511857));
#3662=CARTESIAN_POINT('Ctrl Pts',(49.6717991570441,4.01789238508637,-2.58431193658424));
#3663=CARTESIAN_POINT('Ctrl Pts',(49.6363474459645,4.92601786085876,-2.62965723813521));
#3664=CARTESIAN_POINT('Ctrl Pts',(49.6367750058639,4.99880680756834,-2.6332901097715));
#3665=CARTESIAN_POINT('Ctrl Pts',(49.6373268392837,4.99846578818967,-1.76670989022851));
#3666=CARTESIAN_POINT('Ctrl Pts',(49.6426093984891,5.73588022500501,-1.80349304220603));
#3667=CARTESIAN_POINT('Ctrl Pts',(50.3602566305244,7.31851730460742,-1.88198862409824));
#3668=CARTESIAN_POINT('Ctrl Pts',(53.02836087514,7.8947413720321,-2.00219663590514));
#3669=CARTESIAN_POINT('Ctrl Pts',(55.0680919118531,5.91638307390609,-2.12733392564922));
#3670=CARTESIAN_POINT('Ctrl Pts',(54.5533473768912,3.12184531052715,-2.25247121539329));
#3671=CARTESIAN_POINT('Ctrl Pts',(51.9425863378854,2.000092117867,-2.37760850513736));
#3672=CARTESIAN_POINT('Ctrl Pts',(49.9491550848933,3.29762463995195,-2.48235473008243));
#3673=CARTESIAN_POINT('Ctrl Pts',(49.6440911005998,4.56989565345816,-2.54538852511281));
#3674=CARTESIAN_POINT('Ctrl Pts',(49.6438680362118,5.00014453121754,-2.56670989022851));
#3675=CARTESIAN_POINT('Origin',(52.2,5.,1.7667098902285));
#3676=CARTESIAN_POINT('',(49.6409407461646,5.00211666517519,-0.966709890228505));
#3677=CARTESIAN_POINT('',(49.6415247988603,4.99797984237798,-1.0332901097715));
#3678=CARTESIAN_POINT('',(49.64,5.00000000000005,1.7667098902285));
#3679=CARTESIAN_POINT('Ctrl Pts',(49.6415247988603,4.99797984237798,-1.0332901097715));
#3680=CARTESIAN_POINT('Ctrl Pts',(49.6460572308892,5.58487181883456,-1.06244141249226));
#3681=CARTESIAN_POINT('Ctrl Pts',(50.1353660031867,7.01838074475874,-1.13330514512771));
#3682=CARTESIAN_POINT('Ctrl Pts',(52.4972691386277,7.9962187294416,-1.24588130767785));
#3683=CARTESIAN_POINT('Ctrl Pts',(54.8579466489371,6.41457620933545,-1.37101859742193));
#3684=CARTESIAN_POINT('Ctrl Pts',(54.851315511908,3.57303405865525,-1.496155887166));
#3685=CARTESIAN_POINT('Ctrl Pts',(52.4832813962251,2.00242513912694,-1.62129317691007));
#3686=CARTESIAN_POINT('Ctrl Pts',(50.130116213391,2.98954008157668,-1.7336712511119));
#3687=CARTESIAN_POINT('Ctrl Pts',(49.646061082783,4.41903260218364,-1.80433689539905));
#3688=CARTESIAN_POINT('Ctrl Pts',(49.6416257152134,5.00199466430973,-1.8332901097715));
#3689=CARTESIAN_POINT('Ctrl Pts',(49.6409407461646,5.00211666517519,-0.966709890228505));
#3690=CARTESIAN_POINT('Ctrl Pts',(49.6390331729382,5.23276123908231,-0.97817269946986));
#3691=CARTESIAN_POINT('Ctrl Pts',(49.7721711347801,6.30054593582527,-1.03134793862591));
#3692=CARTESIAN_POINT('Ctrl Pts',(51.2589185619765,7.8600710851694,-1.12623560769664));
#3693=CARTESIAN_POINT('Ctrl Pts',(54.0577807804241,7.36946553609736,-1.25137289744071));
#3694=CARTESIAN_POINT('Ctrl Pts',(55.2020186777357,4.76847100443154,-1.37651018718479));
#3695=CARTESIAN_POINT('Ctrl Pts',(53.6724917369799,2.37369683763665,-1.50164747692886));
#3696=CARTESIAN_POINT('Ctrl Pts',(50.831488706488,2.31804407118874,-1.62678476667293));
#3697=CARTESIAN_POINT('Ctrl Pts',(49.6861674252509,3.96530625387128,-1.71513890443948));
#3698=CARTESIAN_POINT('Ctrl Pts',(49.6366189281574,4.89964552623484,-1.76178061229134));
#3699=CARTESIAN_POINT('Ctrl Pts',(49.6373268392837,4.99846578818967,-1.76670989022851));
#3700=CARTESIAN_POINT('Origin',(52.2,5.,1.7667098902285));
#3701=CARTESIAN_POINT('',(49.6427900907658,4.99752002115389,-0.166709890228505));
#3702=CARTESIAN_POINT('',(49.6368581227329,5.00118400064971,-0.233290109771496));
#3703=CARTESIAN_POINT('',(49.64,5.00000000000005,1.7667098902285));
#3704=CARTESIAN_POINT('',(51.5382627314315,2.52700509758157,0.));
#3705=CARTESIAN_POINT('Ctrl Pts',(51.5382627314315,2.52700509758157,0.));
#3706=CARTESIAN_POINT('Ctrl Pts',(50.7280881890757,2.74379595638924,-0.0417124299146905));
#3707=CARTESIAN_POINT('Ctrl Pts',(49.8103577121572,3.60161832472819,-0.0972823933241922));
#3708=CARTESIAN_POINT('Ctrl Pts',(49.6409478377318,4.71832937884233,-0.152852356733694));
#3709=CARTESIAN_POINT('Ctrl Pts',(49.6427900907658,4.99752002115389,-0.166709890228505));
#3710=CARTESIAN_POINT('',(52.8633610021849,2.5230980638697,-1.36285107372697E-15));
#3711=CARTESIAN_POINT('Origin',(52.2,5.,0.));
#3712=CARTESIAN_POINT('Ctrl Pts',(52.8633681287909,2.52308091580451,-2.48824398585423E-16));
#3713=CARTESIAN_POINT('Ctrl Pts',(52.0912054197832,2.31894208697748,-0.0398818999937369));
#3714=CARTESIAN_POINT('Ctrl Pts',(50.3789316423333,2.67687643565608,-0.117645269917569));
#3715=CARTESIAN_POINT('Ctrl Pts',(49.6414735906114,4.24225969924381,-0.195408639841401));
#3716=CARTESIAN_POINT('Ctrl Pts',(49.6368581227329,5.00118400064971,-0.233290109771496));
#3717=CARTESIAN_POINT('Origin',(5.,5.,1.7667098902285));
#3718=CARTESIAN_POINT('',(2.44119852393914,5.00195363682784,-4.96670989022851));
#3719=CARTESIAN_POINT('',(2.44,5.00000000000005,-5.));
#3720=CARTESIAN_POINT('',(2.44,5.00000000000005,1.7667098902285));
#3721=CARTESIAN_POINT('',(2.52700509758157,5.66173726856846,-5.));
#3722=CARTESIAN_POINT('Origin',(5.,5.,-5.));
#3723=CARTESIAN_POINT('Ctrl Pts',(2.44119852393914,5.00195363682784,-4.96670989022851));
#3724=CARTESIAN_POINT('Ctrl Pts',(2.4394690627437,5.22539635822458,-4.97780659348567));
#3725=CARTESIAN_POINT('Ctrl Pts',(2.46625047040577,5.44844603181474,-4.98890329674283));
#3726=CARTESIAN_POINT('Ctrl Pts',(2.52305831711834,5.6633013538039,-5.));
#3727=CARTESIAN_POINT('Origin',(5.,5.,1.7667098902285));
#3728=CARTESIAN_POINT('',(2.44147671122576,4.99796291624524,-4.16670989022851));
#3729=CARTESIAN_POINT('',(2.43757876046954,5.00159632946629,-4.2332901097715));
#3730=CARTESIAN_POINT('',(2.44,5.00000000000005,1.7667098902285));
#3731=CARTESIAN_POINT('',(2.52700509758159,4.33826273143145,-5.));
#3732=CARTESIAN_POINT('Ctrl Pts',(2.43757876046954,5.00159632946629,-4.2332901097715));
#3733=CARTESIAN_POINT('Ctrl Pts',(2.43678615018935,5.10777401206719,-4.23858549369286));
#3734=CARTESIAN_POINT('Ctrl Pts',(2.49043934565028,6.04952759000415,-4.2855933075289));
#3735=CARTESIAN_POINT('Ctrl Pts',(3.65447961552479,7.69375545400209,-4.37431355127965));
#3736=CARTESIAN_POINT('Ctrl Pts',(6.49548674322245,7.61319252477916,-4.49945084102371));
#3737=CARTESIAN_POINT('Ctrl Pts',(8.00304043448014,5.20614095131507,-4.62458813076778));
#3738=CARTESIAN_POINT('Ctrl Pts',(6.83884303916731,2.61362396960717,-4.74972542051186));
#3739=CARTESIAN_POINT('Ctrl Pts',(4.0309565384535,2.15023300613337,-4.87486271025592));
#3740=CARTESIAN_POINT('Ctrl Pts',(2.74379595638927,3.52808818907564,-4.95828757008531));
#3741=CARTESIAN_POINT('Ctrl Pts',(2.52700509758159,4.33826273143146,-5.));
#3742=CARTESIAN_POINT('Origin',(5.,5.,-5.));
#3743=CARTESIAN_POINT('Ctrl Pts',(2.44147671122576,4.99796291624524,-4.16670989022851));
#3744=CARTESIAN_POINT('Ctrl Pts',(2.44608358531424,5.58817656795156,-4.19602921058515));
#3745=CARTESIAN_POINT('Ctrl Pts',(2.93984969099836,7.02505737426344,-4.26706096085648));
#3746=CARTESIAN_POINT('Ctrl Pts',(5.30919144150016,7.99497476246265,-4.3798051410425));
#3747=CARTESIAN_POINT('Ctrl Pts',(7.66335156807503,6.40401509865425,-4.50494243078658));
#3748=CARTESIAN_POINT('Ctrl Pts',(7.64585929406382,3.56258143419117,-4.63007972053065));
#3749=CARTESIAN_POINT('Ctrl Pts',(5.27091274631491,2.00135699863155,-4.75521701027472));
#3750=CARTESIAN_POINT('Ctrl Pts',(2.92652965563493,2.99632173119969,-4.86742706684068));
#3751=CARTESIAN_POINT('Ctrl Pts',(2.44568480059314,4.42233620039615,-4.93792469349194));
#3752=CARTESIAN_POINT('Ctrl Pts',(2.44119852393914,5.00195363682784,-4.96670989022851));
#3753=CARTESIAN_POINT('Origin',(5.,5.,1.7667098902285));
#3754=CARTESIAN_POINT('',(2.4369603478762,5.00129562857267,-3.36670989022851));
#3755=CARTESIAN_POINT('',(2.44389263643608,4.99974187448335,-3.4332901097715));
#3756=CARTESIAN_POINT('',(2.44,5.00000000000005,1.7667098902285));
#3757=CARTESIAN_POINT('Ctrl Pts',(2.44389263643608,4.99974187448335,-3.4332901097715));
#3758=CARTESIAN_POINT('Ctrl Pts',(2.44429789182812,5.43736352972661,-3.45497758087138));
#3759=CARTESIAN_POINT('Ctrl Pts',(2.75695532519351,6.71722421431365,-3.51837748188595));
#3760=CARTESIAN_POINT('Ctrl Pts',(4.76847296927665,8.00197011957266,-3.62348981281521));
#3761=CARTESIAN_POINT('Ctrl Pts',(7.36943001584267,6.85774908083148,-3.74862710255929));
#3762=CARTESIAN_POINT('Ctrl Pts',(7.86001801196536,4.05893603437973,-3.87376439230335));
#3763=CARTESIAN_POINT('Ctrl Pts',(5.80337659606353,2.0982492913408,-3.99890168204743));
#3764=CARTESIAN_POINT('Ctrl Pts',(3.14841213200006,2.69568621870899,-4.11874358787014));
#3765=CARTESIAN_POINT('Ctrl Pts',(2.4430296447599,4.27139855567552,-4.19687306377817));
#3766=CARTESIAN_POINT('Ctrl Pts',(2.43757876046954,5.00159632946629,-4.2332901097715));
#3767=CARTESIAN_POINT('Ctrl Pts',(2.4369603478762,5.00129562857267,-3.36670989022851));
#3768=CARTESIAN_POINT('Ctrl Pts',(2.43645717153021,5.08143063845892,-3.37070886784898));
#3769=CARTESIAN_POINT('Ctrl Pts',(2.47581004488661,5.99693566229423,-3.41642027538415));
#3770=CARTESIAN_POINT('Ctrl Pts',(3.57305642171271,7.6512733461611,-3.503844112834));
#3771=CARTESIAN_POINT('Ctrl Pts',(6.41455429493903,7.65790455094338,-3.62898140257808));
#3772=CARTESIAN_POINT('Ctrl Pts',(7.99617013374839,5.29726418930099,-3.75411869232214));
#3773=CARTESIAN_POINT('Ctrl Pts',(6.90924615051652,2.67186481865223,-3.87925598206622));
#3774=CARTESIAN_POINT('Ctrl Pts',(4.12182853075932,2.12002606935271,-4.00439327181029));
#3775=CARTESIAN_POINT('Ctrl Pts',(2.58641236032705,3.66155470493312,-4.10021124119772));
#3776=CARTESIAN_POINT('Ctrl Pts',(2.43952941181349,4.74848297062311,-4.15431678067046));
#3777=CARTESIAN_POINT('Ctrl Pts',(2.44147671122576,4.99796291624524,-4.16670989022851));
#3778=CARTESIAN_POINT('Origin',(5.,5.,1.7667098902285));
#3779=CARTESIAN_POINT('',(2.44390927279961,5.00014453018109,-2.56670989022851));
#3780=CARTESIAN_POINT('',(2.43681642603259,4.998806828439,-2.6332901097715));
#3781=CARTESIAN_POINT('',(2.44,5.00000000000005,1.7667098902285));
#3782=CARTESIAN_POINT('Ctrl Pts',(2.43681642603259,4.99880682843899,-2.6332901097715));
#3783=CARTESIAN_POINT('Ctrl Pts',(2.44129801653963,5.7617641846486,-2.6713696680499));
#3784=CARTESIAN_POINT('Ctrl Pts',(3.20300329387714,7.36825209364139,-2.751161656243));
#3785=CARTESIAN_POINT('Ctrl Pts',(5.91636799080737,7.86804486593269,-2.87266607435079));
#3786=CARTESIAN_POINT('Ctrl Pts',(7.89469395021993,5.82834724149258,-2.99780336409485));
#3787=CARTESIAN_POINT('Ctrl Pts',(7.29485070857927,3.05087978061579,-3.12294065383893));
#3788=CARTESIAN_POINT('Ctrl Pts',(4.6510922088205,2.0094019578215,-3.248077943583));
#3789=CARTESIAN_POINT('Ctrl Pts',(2.72241923090794,3.35038454914356,-3.35152776222719));
#3790=CARTESIAN_POINT('Ctrl Pts',(2.44351844700211,4.5956673015488,-3.41326515095669));
#3791=CARTESIAN_POINT('Ctrl Pts',(2.44389263643608,4.99974187448335,-3.4332901097715));
#3792=CARTESIAN_POINT('Ctrl Pts',(2.44390927279961,5.00014453018109,-2.56670989022851));
#3793=CARTESIAN_POINT('Ctrl Pts',(2.44369594547252,5.41161401869727,-2.5871009550275));
#3794=CARTESIAN_POINT('Ctrl Pts',(2.72986764849901,6.6645149632655,-2.64920444974119));
#3795=CARTESIAN_POINT('Ctrl Pts',(4.67690159612097,7.99349695051272,-2.75302037436957));
#3796=CARTESIAN_POINT('Ctrl Pts',(7.31157952607542,6.929252901509,-2.87815766411364));
#3797=CARTESIAN_POINT('Ctrl Pts',(7.88744148067333,4.14671343206498,-3.00329495385772));
#3798=CARTESIAN_POINT('Ctrl Pts',(5.89159438419731,2.12415644549788,-3.12843224360179));
#3799=CARTESIAN_POINT('Ctrl Pts',(3.19080311860343,2.64575993932399,-3.24957055572539));
#3800=CARTESIAN_POINT('Ctrl Pts',(2.44170569004144,4.24556049843143,-3.32899643793429));
#3801=CARTESIAN_POINT('Ctrl Pts',(2.4369603478762,5.00129562857267,-3.36670989022851));
#3802=CARTESIAN_POINT('Origin',(5.,5.,1.7667098902285));
#3803=CARTESIAN_POINT('',(2.43736814102537,4.99846590209827,-1.7667098902285));
#3804=CARTESIAN_POINT('',(2.44166705834023,5.00199462819709,-1.8332901097715));
#3805=CARTESIAN_POINT('',(2.44,5.00000000000005,1.7667098902285));
#3806=CARTESIAN_POINT('Ctrl Pts',(2.44166705834023,5.00199462819709,-1.8332901097715));
#3807=CARTESIAN_POINT('Ctrl Pts',(2.43971249599646,5.25889248100195,-1.84604932531373));
#3808=CARTESIAN_POINT('Ctrl Pts',(2.59211935304089,6.35337633513708,-1.90052097077066));
#3809=CARTESIAN_POINT('Ctrl Pts',(4.14671366955886,7.88744067572752,-1.99670504614228));
#3810=CARTESIAN_POINT('Ctrl Pts',(6.92925236427572,7.31157888277517,-2.12184233588635));
#3811=CARTESIAN_POINT('Ctrl Pts',(7.9934961168689,4.67690168583252,-2.24697962563043));
#3812=CARTESIAN_POINT('Ctrl Pts',(6.39157272895309,2.3299931145646,-2.3721169153745));
#3813=CARTESIAN_POINT('Ctrl Pts',(3.55024054629151,2.3611348938019,-2.49725420511857));
#3814=CARTESIAN_POINT('Ctrl Pts',(2.47184000688508,4.01790825974509,-2.58431193658424));
#3815=CARTESIAN_POINT('Ctrl Pts',(2.43638887267393,4.92601905819217,-2.62965723813521));
#3816=CARTESIAN_POINT('Ctrl Pts',(2.43681642603259,4.99880682843899,-2.6332901097715));
#3817=CARTESIAN_POINT('Ctrl Pts',(2.43736814102537,4.99846590209827,-1.7667098902285));
#3818=CARTESIAN_POINT('Ctrl Pts',(2.44265060950059,5.73586845826673,-1.80349304220603));
#3819=CARTESIAN_POINT('Ctrl Pts',(3.16028637529033,7.31847975960437,-1.88198862409824));
#3820=CARTESIAN_POINT('Ctrl Pts',(5.82834747326105,7.89469475381996,-2.00219663590514));
#3821=CARTESIAN_POINT('Ctrl Pts',(7.86804566404927,5.91636824739388,-2.12733392564922));
#3822=CARTESIAN_POINT('Ctrl Pts',(7.35330939986509,3.12187563248918,-2.25247121539329));
#3823=CARTESIAN_POINT('Ctrl Pts',(4.74259049784435,2.00014050136479,-2.37760850513736));
#3824=CARTESIAN_POINT('Ctrl Pts',(2.74919139300298,3.29765210651934,-2.48235473008243));
#3825=CARTESIAN_POINT('Ctrl Pts',(2.44413233274645,4.56990259406351,-2.54538852511281));
#3826=CARTESIAN_POINT('Ctrl Pts',(2.44390927279961,5.00014453018109,-2.56670989022851));
#3827=CARTESIAN_POINT('Origin',(5.,5.,1.7667098902285));
#3828=CARTESIAN_POINT('',(2.44098184474866,5.00211642521413,-0.966709890228506));
#3829=CARTESIAN_POINT('',(2.44156586482901,4.99797886295464,-1.0332901097715));
#3830=CARTESIAN_POINT('',(2.44,5.00000000000005,1.7667098902285));
#3831=CARTESIAN_POINT('Ctrl Pts',(2.44156586482901,4.99797886295464,-1.0332901097715));
#3832=CARTESIAN_POINT('Ctrl Pts',(2.44609828967746,5.58486165967353,-1.06244141249226));
#3833=CARTESIAN_POINT('Ctrl Pts',(2.93539976520118,7.01834972433976,-1.13330514512771));
#3834=CARTESIAN_POINT('Ctrl Pts',(5.29726409871445,7.99616927034364,-1.24588130767785));
#3835=CARTESIAN_POINT('Ctrl Pts',(7.65790381481135,6.41455391713719,-1.37101859742193));
#3836=CARTESIAN_POINT('Ctrl Pts',(7.65127260567743,3.57305681016656,-1.496155887166));
#3837=CARTESIAN_POINT('Ctrl Pts',(5.28327684864536,2.00247374802143,-1.62129317691007));
#3838=CARTESIAN_POINT('Ctrl Pts',(2.93014965277622,2.98957250727207,-1.7336712511119));
#3839=CARTESIAN_POINT('Ctrl Pts',(2.44610235158817,4.41904197100127,-1.80433689539904));
#3840=CARTESIAN_POINT('Ctrl Pts',(2.44166705834023,5.00199462819709,-1.8332901097715));
#3841=CARTESIAN_POINT('Ctrl Pts',(2.44098184474866,5.00211642521413,-0.966709890228506));
#3842=CARTESIAN_POINT('Ctrl Pts',(2.43907394518275,5.23275862855194,-0.978172699469862));
#3843=CARTESIAN_POINT('Ctrl Pts',(2.57220834412103,6.30053172491807,-1.03134793862591));
#3844=CARTESIAN_POINT('Ctrl Pts',(4.05893572468926,7.86001897218434,-1.12623560769664));
#3845=CARTESIAN_POINT('Ctrl Pts',(6.8577496273511,7.36943058405881,-1.25137289744072));
#3846=CARTESIAN_POINT('Ctrl Pts',(8.00197093818298,4.76847295579964,-1.37651018718479));
#3847=CARTESIAN_POINT('Ctrl Pts',(6.47246758646765,2.37374017366736,-1.50164747692886));
#3848=CARTESIAN_POINT('Ctrl Pts',(3.63151100773803,2.31808681473209,-1.62678476667293));
#3849=CARTESIAN_POINT('Ctrl Pts',(2.48620795658668,3.96532299094169,-1.71513890443948));
#3850=CARTESIAN_POINT('Ctrl Pts',(2.4366602420578,4.89964723225851,-1.76178061229134));
#3851=CARTESIAN_POINT('Ctrl Pts',(2.43736814102537,4.99846590209827,-1.7667098902285));
#3852=CARTESIAN_POINT('Origin',(5.,5.,1.7667098902285));
#3853=CARTESIAN_POINT('',(2.44276654697811,4.99727515131368,-0.166709890228505));
#3854=CARTESIAN_POINT('',(2.43689023675985,5.00116217402382,-0.233290109771496));
#3855=CARTESIAN_POINT('',(2.44,5.00000000000005,1.7667098902285));
#3856=CARTESIAN_POINT('',(4.3382627314315,2.52700509758158,0.));
#3857=CARTESIAN_POINT('Ctrl Pts',(4.33826273143151,2.52700509758157,5.55111512312578E-16));
#3858=CARTESIAN_POINT('Ctrl Pts',(3.52808818907568,2.74379595638924,-0.04171242991469));
#3859=CARTESIAN_POINT('Ctrl Pts',(2.61028929235218,3.60119240744064,-0.0972823933241916));
#3860=CARTESIAN_POINT('Ctrl Pts',(2.44091336256229,4.71803690889904,-0.152852356733693));
#3861=CARTESIAN_POINT('Ctrl Pts',(2.44276654697811,4.99727515131368,-0.166709890228505));
#3862=CARTESIAN_POINT('',(5.66329446177533,2.52307050153692,-2.07706105756498E-16));
#3863=CARTESIAN_POINT('Origin',(5.,5.,0.));
#3864=CARTESIAN_POINT('Ctrl Pts',(5.66329964852559,2.52305739605522,-1.21159592775255E-16));
#3865=CARTESIAN_POINT('Ctrl Pts',(4.89110225610406,2.31888768736344,-0.0398818999937368));
#3866=CARTESIAN_POINT('Ctrl Pts',(3.17906171447794,2.67704785884503,-0.117645269917569));
#3867=CARTESIAN_POINT('Ctrl Pts',(2.44152457193411,4.2422737291935,-0.195408639841401));
#3868=CARTESIAN_POINT('Ctrl Pts',(2.43689023675985,5.00116217402381,-0.233290109771496));
#3869=CARTESIAN_POINT('Origin',(-1.8,59.,0.));
#3870=CARTESIAN_POINT('',(-1.8,59.,0.));
#3871=CARTESIAN_POINT('',(59.,59.,0.));
#3872=CARTESIAN_POINT('',(-1.8,59.,0.));
#3873=CARTESIAN_POINT('',(59.,59.,-5.));
#3874=CARTESIAN_POINT('',(59.,59.,0.));
#3875=CARTESIAN_POINT('',(-1.8,59.,-5.));
#3876=CARTESIAN_POINT('',(-1.8,59.,-5.));
#3877=CARTESIAN_POINT('',(-1.8,59.,0.));
#3878=CARTESIAN_POINT('Origin',(-1.8,-1.8,0.));
#3879=CARTESIAN_POINT('',(-1.8,-1.8,0.));
#3880=CARTESIAN_POINT('',(-1.8,-1.8,0.));
#3881=CARTESIAN_POINT('',(-1.8,-1.8,-5.));
#3882=CARTESIAN_POINT('',(-1.8,-1.8,-5.));
#3883=CARTESIAN_POINT('',(-1.8,-1.8,0.));
#3884=CARTESIAN_POINT('Origin',(59.,-1.8,0.));
#3885=CARTESIAN_POINT('',(59.,-1.8,0.));
#3886=CARTESIAN_POINT('',(59.,-1.8,0.));
#3887=CARTESIAN_POINT('',(59.,-1.8,-5.));
#3888=CARTESIAN_POINT('',(59.,-1.8,-5.));
#3889=CARTESIAN_POINT('',(59.,-1.8,0.));
#3890=CARTESIAN_POINT('Origin',(59.,59.,0.));
#3891=CARTESIAN_POINT('',(59.,-1.8,0.));
#3892=CARTESIAN_POINT('',(59.,-1.8,-5.));
#3893=CARTESIAN_POINT('Origin',(5.,57.2,0.));
#3894=CARTESIAN_POINT('',(12.4999999999999,57.2,-5.));
#3895=CARTESIAN_POINT('',(44.6999987214804,57.2,-5.));
#3896=CARTESIAN_POINT('',(16.8,57.2,-5.));
#3897=CARTESIAN_POINT('',(44.6999987214804,57.2,-100.));
#3898=CARTESIAN_POINT('',(44.6999987214804,57.2,-100.));
#3899=CARTESIAN_POINT('',(12.4999999999999,57.2,-100.));
#3900=CARTESIAN_POINT('',(52.2,57.2,-100.));
#3901=CARTESIAN_POINT('',(12.4999999999999,57.2,-100.));
#3902=CARTESIAN_POINT('Origin',(57.2,52.2,0.));
#3903=CARTESIAN_POINT('',(57.2,44.6999987214804,-5.));
#3904=CARTESIAN_POINT('',(57.2,12.3885476286759,-5.));
#3905=CARTESIAN_POINT('',(57.2,40.4,-5.));
#3906=CARTESIAN_POINT('',(57.2,12.3885476286759,-100.));
#3907=CARTESIAN_POINT('',(57.2,12.3885476286759,-100.));
#3908=CARTESIAN_POINT('',(57.2,44.6999987214804,-100.));
#3909=CARTESIAN_POINT('',(57.2,5.,-100.));
#3910=CARTESIAN_POINT('',(57.2,44.6999987214804,-100.));
#3911=CARTESIAN_POINT('Origin',(5.,5.,1.7667098902285));
#3912=CARTESIAN_POINT('Ctrl Pts',(2.43689023675985,5.00116217402382,-0.233290109771496));
#3913=CARTESIAN_POINT('Ctrl Pts',(2.43642156559581,5.07790870129115,-0.237121069756091));
#3914=CARTESIAN_POINT('Ctrl Pts',(2.47396967609384,5.98985345574161,-0.282664459655377));
#3915=CARTESIAN_POINT('Ctrl Pts',(3.56258256929688,7.64585991332027,-0.369920279469353));
#3916=CARTESIAN_POINT('Ctrl Pts',(6.40401432375648,7.66335000855132,-0.495057569213425));
#3917=CARTESIAN_POINT('Ctrl Pts',(7.99497412897347,5.3091918386661,-0.620194858957496));
#3918=CARTESIAN_POINT('Ctrl Pts',(6.91844109938225,2.67940635213576,-0.745332148701568));
#3919=CARTESIAN_POINT('Ctrl Pts',(4.13324702495954,2.1165916528501,-0.87046943844564));
#3920=CARTESIAN_POINT('Ctrl Pts',(2.58901567174075,3.65469956613553,-0.966455425468948));
#3921=CARTESIAN_POINT('Ctrl Pts',(2.4396128692609,4.74509447119592,-1.02072898257757));
#3922=CARTESIAN_POINT('Ctrl Pts',(2.44156586482901,4.99797886295464,-1.0332901097715));
#3923=CARTESIAN_POINT('Ctrl Pts',(2.44276654697811,4.99727515131368,-0.166709890228505));
#3924=CARTESIAN_POINT('Ctrl Pts',(2.44649161536558,5.55856928939687,-0.194564786648384));
#3925=CARTESIAN_POINT('Ctrl Pts',(2.90071415874813,6.96775911926638,-0.264132112982954));
#3926=CARTESIAN_POINT('Ctrl Pts',(5.20614125144575,8.00304564433232,-0.375411869232214));
#3927=CARTESIAN_POINT('Ctrl Pts',(7.61319335411638,6.495484556849,-0.500549158976286));
#3928=CARTESIAN_POINT('Ctrl Pts',(7.69375602976473,3.65448077329902,-0.625686448720356));
#3929=CARTESIAN_POINT('Ctrl Pts',(5.37462075567291,2.01263339011832,-0.75082373846443));
#3930=CARTESIAN_POINT('Ctrl Pts',(2.96506137687265,2.93780541257183,-0.864498218967143));
#3931=CARTESIAN_POINT('Ctrl Pts',(2.44601666971492,4.39346639751762,-0.93646026955517));
#3932=CARTESIAN_POINT('Ctrl Pts',(2.44098184474866,5.00211642521413,-0.966709890228506));
#3933=CARTESIAN_POINT('Ctrl Pts',(6.61992569438872,6.36291222925735,0.));
#3934=CARTESIAN_POINT('Ctrl Pts',(7.0664275414123,5.83221054571632,-0.0417124299146905));
#3935=CARTESIAN_POINT('Ctrl Pts',(7.39074752976683,4.30705766918437,-0.125137289744071));
#3936=CARTESIAN_POINT('Ctrl Pts',(5.7466486192717,2.62318624667316,-0.250274579488143));
#3937=CARTESIAN_POINT('Ctrl Pts',(3.43784463422279,3.06199198811593,-0.375411869232215));
#3938=CARTESIAN_POINT('Ctrl Pts',(2.520262325838,5.22403026728277,-0.500549158976286));
#3939=CARTESIAN_POINT('Ctrl Pts',(3.81132316375059,7.18800212363243,-0.625686448720358));
#3940=CARTESIAN_POINT('Ctrl Pts',(6.16105403257517,7.20246561254029,-0.750823738464429));
#3941=CARTESIAN_POINT('Ctrl Pts',(7.47670321524876,5.25568715720944,-0.875961028208501));
#3942=CARTESIAN_POINT('Ctrl Pts',(6.58646086226258,3.08097783104351,-1.00109831795257));
#3943=CARTESIAN_POINT('Ctrl Pts',(4.28323591868725,2.61555645667331,-1.12623560769664));
#3944=CARTESIAN_POINT('Ctrl Pts',(2.61839719773916,4.27379348553347,-1.25137289744071));
#3945=CARTESIAN_POINT('Ctrl Pts',(3.07474188488375,6.57885667368528,-1.37651018718479));
#3946=CARTESIAN_POINT('Ctrl Pts',(5.24582347538222,7.47769154113963,-1.50164747692886));
#3947=CARTESIAN_POINT('Ctrl Pts',(7.19796186560767,6.16976978225759,-1.62678476667293));
#3948=CARTESIAN_POINT('Ctrl Pts',(7.19247816649185,3.81998486996977,-1.751922056417));
#3949=CARTESIAN_POINT('Ctrl Pts',(5.23425667522743,2.52118629865679,-1.87705934616107));
#3950=CARTESIAN_POINT('Ctrl Pts',(3.06739366912066,3.43015024610039,-2.00219663590515));
#3951=CARTESIAN_POINT('Ctrl Pts',(2.62181284814148,5.73730655813884,-2.12733392564921));
#3952=CARTESIAN_POINT('Ctrl Pts',(4.29437220252192,7.38777809004499,-2.25247121539329));
#3953=CARTESIAN_POINT('Ctrl Pts',(6.59540127155144,6.91156738079493,-2.37760850513736));
#3954=CARTESIAN_POINT('Ctrl Pts',(7.47548096852011,4.73281283941697,-2.50274579488143));
#3955=CARTESIAN_POINT('Ctrl Pts',(6.15076541687253,2.79202946231768,-2.6278830846255));
#3956=CARTESIAN_POINT('Ctrl Pts',(3.80111688925748,2.81778225397603,-2.75302037436958));
#3957=CARTESIAN_POINT('Ctrl Pts',(2.51925750357776,4.78713446725235,-2.87815766411365));
#3958=CARTESIAN_POINT('Ctrl Pts',(3.44687961829951,6.94607602005144,-3.00329495385771));
#3959=CARTESIAN_POINT('Ctrl Pts',(5.75779337364813,7.37173866452323,-3.12843224360179));
#3960=CARTESIAN_POINT('Ctrl Pts',(7.39377620805298,5.68500433993742,-3.25356953334586));
#3961=CARTESIAN_POINT('Ctrl Pts',(6.89773396486809,3.38816894357954,-3.37870682308993));
#3962=CARTESIAN_POINT('Ctrl Pts',(4.71146961174727,2.5269156034016,-3.503844112834));
#3963=CARTESIAN_POINT('Ctrl Pts',(2.78218411523805,3.86832407136756,-3.62898140257808));
#3964=CARTESIAN_POINT('Ctrl Pts',(2.82820685772923,6.21766132453549,-3.75411869232215));
#3965=CARTESIAN_POINT('Ctrl Pts',(4.80853799842136,7.48248857153725,-3.87925598206621));
#3966=CARTESIAN_POINT('Ctrl Pts',(6.9594075560699,6.53627140785946,-4.0043932718103));
#3967=CARTESIAN_POINT('Ctrl Pts',(7.36510083255104,4.22178421280543,-4.12953056155435));
#3968=CARTESIAN_POINT('Ctrl Pts',(5.6643547866666,2.6003881835033,-4.25466785129844));
#3969=CARTESIAN_POINT('Ctrl Pts',(3.37181098018131,3.11627091795892,-4.3798051410425));
#3970=CARTESIAN_POINT('Ctrl Pts',(2.52958927061855,5.30979359118373,-4.50494243078658));
#3971=CARTESIAN_POINT('Ctrl Pts',(3.88731771330703,7.22760949067281,-4.63007972053065));
#3972=CARTESIAN_POINT('Ctrl Pts',(6.23669743570387,7.16098772459277,-4.75521701027472));
#3973=CARTESIAN_POINT('Ctrl Pts',(7.48337367179471,5.17046890388047,-4.88035430001879));
#3974=CARTESIAN_POINT('Ctrl Pts',(6.5206369976239,3.02657888424155,-5.00549158976286));
#3975=CARTESIAN_POINT('Ctrl Pts',(4.19864648121331,2.64337627890013,-5.13062887950693));
#3976=CARTESIAN_POINT('Ctrl Pts',(3.13422501549847,3.78279792823169,-5.21405373933631));
#3977=CARTESIAN_POINT('Ctrl Pts',(2.95494913733602,4.45277429782828,-5.255766169251));
#3978=CARTESIAN_POINT('Ctrl Pts',(6.7329200389981,6.45797916636347,0.0852553897503348));
#3979=CARTESIAN_POINT('Ctrl Pts',(7.21056663775077,5.89025955717158,0.0435429598356442));
#3980=CARTESIAN_POINT('Ctrl Pts',(7.55750885171404,4.25872300495019,-0.0398818999937366));
#3981=CARTESIAN_POINT('Ctrl Pts',(5.79872944722594,2.45739684457525,-0.165019189737808));
#3982=CARTESIAN_POINT('Ctrl Pts',(3.32887993149263,2.92681051287351,-0.29015647948188));
#3983=CARTESIAN_POINT('Ctrl Pts',(2.34729369260642,5.23965700455348,-0.415293769225952));
#3984=CARTESIAN_POINT('Ctrl Pts',(3.72840963226602,7.34062138686171,-0.540431058970023));
#3985=CARTESIAN_POINT('Ctrl Pts',(6.24204079630228,7.35609374454396,-0.665568348714095));
#3986=CARTESIAN_POINT('Ctrl Pts',(7.64946018649033,5.27352205102832,-0.790705638458166));
#3987=CARTESIAN_POINT('Ctrl Pts',(6.69712094130247,2.94712067140759,-0.915842928202237));
#3988=CARTESIAN_POINT('Ctrl Pts',(4.23323962077801,2.44923485539891,-1.04098021794631));
#3989=CARTESIAN_POINT('Ctrl Pts',(2.4522737460935,4.22313855152171,-1.16611750769038));
#3990=CARTESIAN_POINT('Ctrl Pts',(2.94044975057474,6.68898633931946,-1.29125479743445));
#3991=CARTESIAN_POINT('Ctrl Pts',(5.26297034982629,7.65051745087429,-1.41639208717852));
#3992=CARTESIAN_POINT('Ctrl Pts',(7.35127584867556,6.25136449388414,-1.54152937692259));
#3993=CARTESIAN_POINT('Ctrl Pts',(7.34540964622037,3.73767551670202,-1.66666666666667));
#3994=CARTESIAN_POINT('Ctrl Pts',(5.25059673303341,2.34828211511167,-1.79180395641074));
#3995=CARTESIAN_POINT('Ctrl Pts',(2.93258897622512,3.32064883829413,-1.91694124615481));
#3996=CARTESIAN_POINT('Ctrl Pts',(2.45592764765756,5.78873575121954,-2.04207853589888));
#3997=CARTESIAN_POINT('Ctrl Pts',(4.24515269153423,7.5543322852725,-2.16721582564295));
#3998=CARTESIAN_POINT('Ctrl Pts',(6.7066849691262,7.04490454812168,-2.29235311538702));
#3999=CARTESIAN_POINT('Ctrl Pts',(7.64815268463637,4.71417578822215,-2.4174904051311));
#4000=CARTESIAN_POINT('Ctrl Pts',(6.23103452089938,2.63801734639999,-2.54262769487517));
#4001=CARTESIAN_POINT('Ctrl Pts',(3.71749144160216,2.66556646725132,-2.66776498461924));
#4002=CARTESIAN_POINT('Ctrl Pts',(2.34621878118521,4.77228650141906,-2.79290227436331));
#4003=CARTESIAN_POINT('Ctrl Pts',(3.33854513096,7.08182026141229,-2.91803956410738));
#4004=CARTESIAN_POINT('Ctrl Pts',(5.81065157936787,7.53717406499305,-3.04317685385145));
#4005=CARTESIAN_POINT('Ctrl Pts',(7.5607487887753,5.73278530712247,-3.16831414359552));
#4006=CARTESIAN_POINT('Ctrl Pts',(7.03010621277181,3.27573922259163,-3.2934514333396));
#4007=CARTESIAN_POINT('Ctrl Pts',(4.69134381077168,2.3544110548749,-3.41858872308367));
#4008=CARTESIAN_POINT('Ctrl Pts',(2.62748525884543,3.78938651249744,-3.54372601282774));
#4009=CARTESIAN_POINT('Ctrl Pts',(2.67671821625136,6.30259660508488,-3.66886330257182));
#4010=CARTESIAN_POINT('Ctrl Pts',(4.79518298870645,7.65564908754907,-3.79400059231588));
#4011=CARTESIAN_POINT('Ctrl Pts',(7.0960817093275,6.64343063218345,-3.91913788205996));
#4012=CARTESIAN_POINT('Ctrl Pts',(7.53007322568914,4.16750148666354,-4.04427517180403));
#4013=CARTESIAN_POINT('Ctrl Pts',(5.7106953897989,2.43300855278246,-4.1694124615481));
#4014=CARTESIAN_POINT('Ctrl Pts',(3.25824024552856,2.98487554977373,-4.29454975129217));
#4015=CARTESIAN_POINT('Ctrl Pts',(2.35727121785268,5.33140255999089,-4.41968704103624));
#4016=CARTESIAN_POINT('Ctrl Pts',(3.80970501404629,7.38299147844924,-4.54482433078031));
#4017=CARTESIAN_POINT('Ctrl Pts',(6.32296053821006,7.31172265798823,-4.66996162052438));
#4018=CARTESIAN_POINT('Ctrl Pts',(7.65659592602319,5.18235958635867,-4.79509891026845));
#4019=CARTESIAN_POINT('Ctrl Pts',(6.62670567813837,2.88892724603009,-4.92023620001253));
#4020=CARTESIAN_POINT('Ctrl Pts',(4.14274983362671,2.47899518797788,-5.0453734897566));
#4021=CARTESIAN_POINT('Ctrl Pts',(3.0040819957954,3.69789468184634,-5.12879834958598));
#4022=CARTESIAN_POINT('Ctrl Pts',(2.81230112408454,4.41460377569601,-5.17051077950067));
#4023=CARTESIAN_POINT('Ctrl Pts',(6.84591438360749,6.5530461034696,0.17051077950067));
#4024=CARTESIAN_POINT('Ctrl Pts',(7.35470573408925,5.94830856862684,0.128798349585979));
#4025=CARTESIAN_POINT('Ctrl Pts',(7.72427017366124,4.210388340716,0.0453734897565979));
#4026=CARTESIAN_POINT('Ctrl Pts',(5.85081027518018,2.29160744247735,-0.0797637999874738));
#4027=CARTESIAN_POINT('Ctrl Pts',(3.21991522876246,2.79162903763109,-0.204901089731545));
#4028=CARTESIAN_POINT('Ctrl Pts',(2.17432505937485,5.25528374182418,-0.330038379475617));
#4029=CARTESIAN_POINT('Ctrl Pts',(3.64549610078144,7.49324065009099,-0.455175669219688));
#4030=CARTESIAN_POINT('Ctrl Pts',(6.32302756002938,7.50972187654764,-0.580312958963761));
#4031=CARTESIAN_POINT('Ctrl Pts',(7.82221715773188,5.29135694484721,-0.70545024870783));
#4032=CARTESIAN_POINT('Ctrl Pts',(6.80778102034238,2.81326351177167,-0.830587538451904));
#4033=CARTESIAN_POINT('Ctrl Pts',(4.18324332286877,2.28291325412451,-0.955724828195974));
#4034=CARTESIAN_POINT('Ctrl Pts',(2.28615029444786,4.17248361750995,-1.08086211794005));
#4035=CARTESIAN_POINT('Ctrl Pts',(2.80615761626573,6.79911600495362,-1.20599940768412));
#4036=CARTESIAN_POINT('Ctrl Pts',(5.28011722427038,7.82334336060896,-1.33113669742819));
#4037=CARTESIAN_POINT('Ctrl Pts',(7.50458983174345,6.33295920551067,-1.45627398717226));
#4038=CARTESIAN_POINT('Ctrl Pts',(7.49834112594891,3.65536616343429,-1.58141127691633));
#4039=CARTESIAN_POINT('Ctrl Pts',(5.26693679083938,2.17537793156656,-1.7065485666604));
#4040=CARTESIAN_POINT('Ctrl Pts',(2.79778428332959,3.21114743048787,-1.83168585640447));
#4041=CARTESIAN_POINT('Ctrl Pts',(2.29004244717365,5.84016494430025,-1.95682314614855));
#4042=CARTESIAN_POINT('Ctrl Pts',(4.19593318054655,7.7208864805,-2.08196043589262));
#4043=CARTESIAN_POINT('Ctrl Pts',(6.81796866670095,7.17824171544843,-2.20709772563669));
#4044=CARTESIAN_POINT('Ctrl Pts',(7.82082440075265,4.69553873702733,-2.33223501538076));
#4045=CARTESIAN_POINT('Ctrl Pts',(6.31130362492622,2.4840052304823,-2.45737230512483));
#4046=CARTESIAN_POINT('Ctrl Pts',(3.63386599394684,2.51335068052661,-2.58250959486891));
#4047=CARTESIAN_POINT('Ctrl Pts',(2.17318005879267,4.75743853558577,-2.70764688461297));
#4048=CARTESIAN_POINT('Ctrl Pts',(3.23021064362047,7.21756450277314,-2.83278417435705));
#4049=CARTESIAN_POINT('Ctrl Pts',(5.86350978508761,7.70260946546287,-2.95792146410111));
#4050=CARTESIAN_POINT('Ctrl Pts',(7.72772136949762,5.78056627430752,-3.08305875384519));
#4051=CARTESIAN_POINT('Ctrl Pts',(7.16247846067553,3.16330950160372,-3.20819604358926));
#4052=CARTESIAN_POINT('Ctrl Pts',(4.6712180097961,2.18190650634819,-3.33333333333334));
#4053=CARTESIAN_POINT('Ctrl Pts',(2.47278640245279,3.71044895362731,-3.4584706230774));
#4054=CARTESIAN_POINT('Ctrl Pts',(2.5252295747735,6.38753188563428,-3.58360791282148));
#4055=CARTESIAN_POINT('Ctrl Pts',(4.78182797899154,7.82880960356087,-3.70874520256555));
#4056=CARTESIAN_POINT('Ctrl Pts',(7.2327558625851,6.75058985650747,-3.83388249230963));
#4057=CARTESIAN_POINT('Ctrl Pts',(7.69504561882724,4.11321876052164,-3.95901978205369));
#4058=CARTESIAN_POINT('Ctrl Pts',(5.75703599293122,2.26562892206162,-4.08415707179777));
#4059=CARTESIAN_POINT('Ctrl Pts',(3.1446695108758,2.85348018158853,-4.20929436154183));
#4060=CARTESIAN_POINT('Ctrl Pts',(2.18495316508682,5.35301152879807,-4.33443165128591));
#4061=CARTESIAN_POINT('Ctrl Pts',(3.73209231478554,7.53837346622567,-4.45956894102998));
#4062=CARTESIAN_POINT('Ctrl Pts',(6.40922364071626,7.46245759138369,-4.58470623077405));
#4063=CARTESIAN_POINT('Ctrl Pts',(7.82981818025165,5.19425026883688,-4.70984352051812));
#4064=CARTESIAN_POINT('Ctrl Pts',(6.73277435865286,2.75127560781863,-4.83498081026219));
#4065=CARTESIAN_POINT('Ctrl Pts',(4.08685318604009,2.31461409705563,-4.96011810000626));
#4066=CARTESIAN_POINT('Ctrl Pts',(2.87393897609234,3.61299143546099,-5.04354295983565));
#4067=CARTESIAN_POINT('Ctrl Pts',(2.66965311083307,4.37643325356374,-5.08525538975034));
#4068=CARTESIAN_POINT('Ctrl Pts',(6.95890872821687,6.64811304057572,0.255766169251004));
#4069=CARTESIAN_POINT('Ctrl Pts',(7.49884483042772,6.00635758008209,0.214053739336314));
#4070=CARTESIAN_POINT('Ctrl Pts',(7.89103149560845,4.16205367648181,0.130628879506933));
#4071=CARTESIAN_POINT('Ctrl Pts',(5.90289110313441,2.12581804037944,0.00549158976286115));
#4072=CARTESIAN_POINT('Ctrl Pts',(3.11095052603229,2.65644756238866,-0.11964569998121));
#4073=CARTESIAN_POINT('Ctrl Pts',(2.00135642614326,5.2709104790949,-0.244782989725282));
#4074=CARTESIAN_POINT('Ctrl Pts',(3.56258256929688,7.64585991332027,-0.369920279469353));
#4075=CARTESIAN_POINT('Ctrl Pts',(6.40401432375648,7.66335000855132,-0.495057569213425));
#4076=CARTESIAN_POINT('Ctrl Pts',(7.99497412897347,5.3091918386661,-0.620194858957496));
#4077=CARTESIAN_POINT('Ctrl Pts',(6.91844109938225,2.67940635213576,-0.745332148701568));
#4078=CARTESIAN_POINT('Ctrl Pts',(4.13324702495954,2.1165916528501,-0.87046943844564));
#4079=CARTESIAN_POINT('Ctrl Pts',(2.1200268428022,4.1218286834982,-0.99560672818971));
#4080=CARTESIAN_POINT('Ctrl Pts',(2.67186548195672,6.90924567058777,-1.12074401793378));
#4081=CARTESIAN_POINT('Ctrl Pts',(5.29726409871445,7.99616927034364,-1.24588130767785));
#4082=CARTESIAN_POINT('Ctrl Pts',(7.65790381481135,6.41455391713719,-1.37101859742193));
#4083=CARTESIAN_POINT('Ctrl Pts',(7.65127260567743,3.57305681016656,-1.496155887166));
#4084=CARTESIAN_POINT('Ctrl Pts',(5.28327684864536,2.00247374802143,-1.62129317691007));
#4085=CARTESIAN_POINT('Ctrl Pts',(2.66297959043405,3.10164602268163,-1.74643046665414));
#4086=CARTESIAN_POINT('Ctrl Pts',(2.12415724668974,5.89159413738093,-1.87156775639821));
#4087=CARTESIAN_POINT('Ctrl Pts',(4.14671366955886,7.88744067572752,-1.99670504614228));
#4088=CARTESIAN_POINT('Ctrl Pts',(6.92925236427572,7.31157888277517,-2.12184233588635));
#4089=CARTESIAN_POINT('Ctrl Pts',(7.9934961168689,4.67690168583252,-2.24697962563043));
#4090=CARTESIAN_POINT('Ctrl Pts',(6.39157272895309,2.3299931145646,-2.3721169153745));
#4091=CARTESIAN_POINT('Ctrl Pts',(3.55024054629151,2.3611348938019,-2.49725420511857));
#4092=CARTESIAN_POINT('Ctrl Pts',(2.00014133640013,4.74259056975249,-2.62239149486264));
#4093=CARTESIAN_POINT('Ctrl Pts',(3.12187615628094,7.35330874413399,-2.74752878460671));
#4094=CARTESIAN_POINT('Ctrl Pts',(5.91636799080737,7.86804486593269,-2.87266607435079));
#4095=CARTESIAN_POINT('Ctrl Pts',(7.89469395021993,5.82834724149258,-2.99780336409485));
#4096=CARTESIAN_POINT('Ctrl Pts',(7.29485070857927,3.05087978061579,-3.12294065383893));
#4097=CARTESIAN_POINT('Ctrl Pts',(4.6510922088205,2.0094019578215,-3.248077943583));
#4098=CARTESIAN_POINT('Ctrl Pts',(2.31808754606018,3.63151139475717,-3.37321523332707));
#4099=CARTESIAN_POINT('Ctrl Pts',(2.37374093329562,6.47246716618369,-3.49835252307114));
#4100=CARTESIAN_POINT('Ctrl Pts',(4.76847296927665,8.00197011957266,-3.62348981281521));
#4101=CARTESIAN_POINT('Ctrl Pts',(7.36943001584267,6.85774908083148,-3.74862710255929));
#4102=CARTESIAN_POINT('Ctrl Pts',(7.86001801196536,4.05893603437973,-3.87376439230335));
#4103=CARTESIAN_POINT('Ctrl Pts',(5.80337659606353,2.0982492913408,-3.99890168204743));
#4104=CARTESIAN_POINT('Ctrl Pts',(3.03109877622304,2.72208481340333,-4.1240389717915));
#4105=CARTESIAN_POINT('Ctrl Pts',(2.01263511232097,5.37462049760525,-4.24917626153557));
#4106=CARTESIAN_POINT('Ctrl Pts',(3.65447961552479,7.69375545400209,-4.37431355127965));
#4107=CARTESIAN_POINT('Ctrl Pts',(6.49548674322245,7.61319252477916,-4.49945084102371));
#4108=CARTESIAN_POINT('Ctrl Pts',(8.00304043448014,5.20614095131507,-4.62458813076778));
#4109=CARTESIAN_POINT('Ctrl Pts',(6.83884303916731,2.61362396960717,-4.74972542051186));
#4110=CARTESIAN_POINT('Ctrl Pts',(4.0309565384535,2.15023300613337,-4.87486271025592));
#4111=CARTESIAN_POINT('Ctrl Pts',(2.74379595638927,3.52808818907564,-4.95828757008531));
#4112=CARTESIAN_POINT('Ctrl Pts',(2.52700509758159,4.33826273143146,-5.));
#4113=CARTESIAN_POINT('Ctrl Pts',(2.52700509758159,4.33826273143146,-5.));
#4114=CARTESIAN_POINT('Ctrl Pts',(2.55644054914379,4.25696657952304,-5.));
#4115=CARTESIAN_POINT('Ctrl Pts',(2.59022864414231,4.17753921080496,-5.));
#4116=CARTESIAN_POINT('Ctrl Pts',(2.62805846691299,4.1001823982274,-5.));
#4117=CARTESIAN_POINT('Ctrl Pts',(2.66761818728792,4.01928818169314,-5.));
#4118=CARTESIAN_POINT('Ctrl Pts',(2.71159824186977,3.94065734570504,-5.));
#4119=CARTESIAN_POINT('Ctrl Pts',(2.75969214056553,3.86455177308264,-5.));
#4120=CARTESIAN_POINT('Ctrl Pts',(2.80177430192432,3.79795939703803,-5.));
#4121=CARTESIAN_POINT('Ctrl Pts',(2.84700724469649,3.73330061924871,-5.));
#4122=CARTESIAN_POINT('Ctrl Pts',(2.89520900861884,3.67077698943178,-5.));
#4123=CARTESIAN_POINT('Ctrl Pts',(2.91885150585704,3.64010975601579,-5.));
#4124=CARTESIAN_POINT('Ctrl Pts',(2.94320852879259,3.60995660511838,-5.));
#4125=CARTESIAN_POINT('Ctrl Pts',(2.96825999098298,3.58034387096496,-5.));
#4126=CARTESIAN_POINT('Ctrl Pts',(2.98156544926463,3.56461580703444,-5.));
#4127=CARTESIAN_POINT('Ctrl Pts',(2.9950668177669,3.54904022131425,-5.));
#4128=CARTESIAN_POINT('Ctrl Pts',(3.00876116598496,3.53362127181682,-5.));
#4129=CARTESIAN_POINT('Ctrl Pts',(3.01756805606925,3.5237052837554,-5.));
#4130=CARTESIAN_POINT('Ctrl Pts',(3.02645634111403,3.51385236023101,-5.));
#4131=CARTESIAN_POINT('Ctrl Pts',(3.03542008463879,3.50406926583638,-5.));
#4132=CARTESIAN_POINT('Ctrl Pts',(3.09401481288507,3.44011855641707,-5.));
#4133=CARTESIAN_POINT('Ctrl Pts',(3.15568000737365,3.37931083330167,-5.));
#4134=CARTESIAN_POINT('Ctrl Pts',(3.22013799607335,3.32187523497781,-5.));
#4135=CARTESIAN_POINT('Ctrl Pts',(3.28429684427458,3.26470618722214,-5.));
#4136=CARTESIAN_POINT('Ctrl Pts',(3.35122344488195,3.21087750918101,-5.));
#4137=CARTESIAN_POINT('Ctrl Pts',(3.42067187916252,3.16065815667672,-5.));
#4138=CARTESIAN_POINT('Ctrl Pts',(3.48272864770945,3.11578384428625,-5.));
#4139=CARTESIAN_POINT('Ctrl Pts',(3.54679974159045,3.07379174508143,-5.));
#4140=CARTESIAN_POINT('Ctrl Pts',(3.61272085810999,3.03490817318199,-5.));
#4141=CARTESIAN_POINT('Ctrl Pts',(3.6666330689924,3.00310805451316,-5.));
#4142=CARTESIAN_POINT('Ctrl Pts',(3.72178294990463,2.97338758458809,-5.));
#4143=CARTESIAN_POINT('Ctrl Pts',(3.77808269359235,2.9458890044954,-5.));
#4144=CARTESIAN_POINT('Ctrl Pts',(3.79031795013675,2.93991291721679,-5.));
#4145=CARTESIAN_POINT('Ctrl Pts',(3.80260014092882,2.93404546832963,-5.));
#4146=CARTESIAN_POINT('Ctrl Pts',(3.81492384583978,2.92828977330931,-5.));
#4147=CARTESIAN_POINT('Ctrl Pts',(3.88909258028056,2.89364981571789,-5.));
#4148=CARTESIAN_POINT('Ctrl Pts',(3.96481444603748,2.863029018163,-5.));
#4149=CARTESIAN_POINT('Ctrl Pts',(4.0418721744326,2.83666665853716,-5.));
#4150=CARTESIAN_POINT('Ctrl Pts',(4.10921200920218,2.81362890517597,-5.));
#4151=CARTESIAN_POINT('Ctrl Pts',(4.17757258646691,2.79384372983721,-5.));
#4152=CARTESIAN_POINT('Ctrl Pts',(4.24681484579181,2.77750294562486,-5.));
#4153=CARTESIAN_POINT('Ctrl Pts',(4.32790594326781,2.7583659021731,-5.));
#4154=CARTESIAN_POINT('Ctrl Pts',(4.41020734415644,2.74395231112101,-5.));
#4155=CARTESIAN_POINT('Ctrl Pts',(4.49332907980647,2.73419079697018,-5.));
#4156=CARTESIAN_POINT('Ctrl Pts',(4.5342800895559,2.72938165940787,-5.));
#4157=CARTESIAN_POINT('Ctrl Pts',(4.57543005894346,2.72570244772174,-5.));
#4158=CARTESIAN_POINT('Ctrl Pts',(4.61673086547713,2.72314901546021,-5.));
#4159=CARTESIAN_POINT('Ctrl Pts',(4.63020349693849,2.72231606679144,-5.));
#4160=CARTESIAN_POINT('Ctrl Pts',(4.64369446956622,2.72160283759779,-5.));
#4161=CARTESIAN_POINT('Ctrl Pts',(4.65719467117421,2.72100956335164,-5.));
#4162=CARTESIAN_POINT('Ctrl Pts',(4.73877695023822,2.71742438243984,-5.));
#4163=CARTESIAN_POINT('Ctrl Pts',(4.82045504820543,2.71822432090173,-5.));
#4164=CARTESIAN_POINT('Ctrl Pts',(4.90186855147062,2.72328335672123,-5.));
#4165=CARTESIAN_POINT('Ctrl Pts',(4.98352173194089,2.7283572860844,-5.));
#4166=CARTESIAN_POINT('Ctrl Pts',(5.0649097874475,2.73771578707061,-5.));
#4167=CARTESIAN_POINT('Ctrl Pts',(5.14565846278896,2.75128305523601,-5.));
#4168=CARTESIAN_POINT('Ctrl Pts',(5.22522960325914,2.76465247580447,-5.));
#4169=CARTESIAN_POINT('Ctrl Pts',(5.30418076579461,2.78210926413073,-5.));
#4170=CARTESIAN_POINT('Ctrl Pts',(5.38212932763761,2.80362438202753,-5.));
#4171=CARTESIAN_POINT('Ctrl Pts',(5.41529495875472,2.81277865565022,-5.));
#4172=CARTESIAN_POINT('Ctrl Pts',(5.44827870216726,2.82266812853376,-5.));
#4173=CARTESIAN_POINT('Ctrl Pts',(5.48104911702568,2.83329270369155,-5.));
#4174=CARTESIAN_POINT('Ctrl Pts',(5.49400686421114,2.83749376612675,-5.));
#4175=CARTESIAN_POINT('Ctrl Pts',(5.50693210506661,2.84181007131488,-5.));
#4176=CARTESIAN_POINT('Ctrl Pts',(5.51982017515372,2.84624074883532,-5.));
#4177=CARTESIAN_POINT('Ctrl Pts',(5.59461267228924,2.87195301091306,-5.));
#4178=CARTESIAN_POINT('Ctrl Pts',(5.66791464001998,2.90143026720206,-5.));
#4179=CARTESIAN_POINT('Ctrl Pts',(5.73937073344372,2.93461979904079,-5.));
#4180=CARTESIAN_POINT('Ctrl Pts',(5.79085193892019,2.95853150518634,-5.));
#4181=CARTESIAN_POINT('Ctrl Pts',(5.84137458951763,2.98437103045469,-5.));
#4182=CARTESIAN_POINT('Ctrl Pts',(5.89079467744241,3.0121310977999,-5.));
#4183=CARTESIAN_POINT('Ctrl Pts',(5.91203445097103,3.02406182411607,-5.));
#4184=CARTESIAN_POINT('Ctrl Pts',(5.93307043359123,3.0363474189356,-5.));
#4185=CARTESIAN_POINT('Ctrl Pts',(5.95389052992671,3.04898784184136,-5.));
#4186=CARTESIAN_POINT('Ctrl Pts',(5.97198982079504,3.05997639286357,-5.));
#4187=CARTESIAN_POINT('Ctrl Pts',(5.98992910108041,3.07123532100932,-5.));
#4188=CARTESIAN_POINT('Ctrl Pts',(6.00767779086584,3.0827497286346,-5.));
#4189=CARTESIAN_POINT('Ctrl Pts',(6.07105128417971,3.12386308649233,-5.));
#4190=CARTESIAN_POINT('Ctrl Pts',(6.13205443334513,3.16826369363561,-5.));
#4191=CARTESIAN_POINT('Ctrl Pts',(6.19034504788081,3.21592731614058,-5.));
#4192=CARTESIAN_POINT('Ctrl Pts',(6.228035125346,3.24674609612417,-5.));
#4193=CARTESIAN_POINT('Ctrl Pts',(6.26459046018261,3.27892976786482,-5.));
#4194=CARTESIAN_POINT('Ctrl Pts',(6.29990907727425,3.31247864199255,-5.));
#4195=CARTESIAN_POINT('Ctrl Pts',(6.32204454067073,3.33350494303148,-5.));
#4196=CARTESIAN_POINT('Ctrl Pts',(6.34369404509382,3.35506762482389,-5.));
#4197=CARTESIAN_POINT('Ctrl Pts',(6.3648481915076,3.37714535840321,-5.));
#4198=CARTESIAN_POINT('Ctrl Pts',(6.61992569438872,6.36291222925735,0.));
#4199=CARTESIAN_POINT('Ctrl Pts',(6.67341650921703,6.31129728558564,2.39325457536324E-17));
#4200=CARTESIAN_POINT('Ctrl Pts',(6.72378295854845,6.25683394730731,7.95446706574094E-17));
#4201=CARTESIAN_POINT('Ctrl Pts',(6.77102799924172,6.19988875142293,7.45931094670027E-17));
#4202=CARTESIAN_POINT('Ctrl Pts',(6.81958336260969,6.1413642028639,6.95042186689215E-17));
#4203=CARTESIAN_POINT('Ctrl Pts',(6.86484222893781,6.08021774888839,1.64367744699326E-16));
#4204=CARTESIAN_POINT('Ctrl Pts',(6.9067808292899,6.01679966976011,2.60208521396521E-16));
#4205=CARTESIAN_POINT('Ctrl Pts',(6.94681905481775,5.95625527072523,3.51706439780827E-16));
#4206=CARTESIAN_POINT('Ctrl Pts',(6.98383118497354,5.89363957907449,4.18988011001271E-16));
#4207=CARTESIAN_POINT('Ctrl Pts',(7.01776890205838,5.82922533697021,4.44089209850063E-16));
#4208=CARTESIAN_POINT('Ctrl Pts',(7.032616653283,5.80104410604959,4.55070984346409E-16));
#4209=CARTESIAN_POINT('Ctrl Pts',(7.04687556837607,5.77251827098647,-3.73761532420037E-16));
#4210=CARTESIAN_POINT('Ctrl Pts',(7.06053975791453,5.74366923214149,-4.02455846426619E-16));
#4211=CARTESIAN_POINT('Ctrl Pts',(7.06965192260317,5.72443082855197,-4.21591069494161E-16));
#4212=CARTESIAN_POINT('Ctrl Pts',(7.07849958409414,5.70504867678952,-1.19600918418126E-17));
#4213=CARTESIAN_POINT('Ctrl Pts',(7.08708069590858,5.68552895235469,6.93889390390723E-18));
#4214=CARTESIAN_POINT('Ctrl Pts',(7.09208139241935,5.67415371101265,1.79523958974989E-17));
#4215=CARTESIAN_POINT('Ctrl Pts',(7.09699038857728,5.66273427369654,-1.43320947650501E-16));
#4216=CARTESIAN_POINT('Ctrl Pts',(7.10180338214712,5.65128182658791,-1.38777878078145E-16));
#4217=CARTESIAN_POINT('Ctrl Pts',(7.13282670721783,5.57746228281527,-1.0949441403088E-16));
#4218=CARTESIAN_POINT('Ctrl Pts',(7.15991525316475,5.5021592747326,4.32346402565272E-17));
#4219=CARTESIAN_POINT('Ctrl Pts',(7.18304353312057,5.4257521838759,-2.77555756156289E-17));
#4220=CARTESIAN_POINT('Ctrl Pts',(7.20654396215269,5.34811565320183,-9.98880702613775E-17));
#4221=CARTESIAN_POINT('Ctrl Pts',(7.22595615495434,5.26933841075183,-5.49624401099226E-17));
#4222=CARTESIAN_POINT('Ctrl Pts',(7.2412128824771,5.18978334717068,-6.93889390390723E-17));
#4223=CARTESIAN_POINT('Ctrl Pts',(7.25454147482748,5.12028240010984,-8.19922265384949E-17));
#4224=CARTESIAN_POINT('Ctrl Pts',(7.26469812129017,5.05018688638585,9.52681930882374E-17));
#4225=CARTESIAN_POINT('Ctrl Pts',(7.27160881513698,4.97972505171669,1.11022302462516E-16));
#4226=CARTESIAN_POINT('Ctrl Pts',(7.27460770591371,4.94914818768748,1.17858787241835E-16));
#4227=CARTESIAN_POINT('Ctrl Pts',(7.27699497741056,4.91850222502853,-3.74289252841618E-16));
#4228=CARTESIAN_POINT('Ctrl Pts',(7.2787628206644,4.88780543921207,-4.16333634234434E-16));
#4229=CARTESIAN_POINT('Ctrl Pts',(7.2795945205511,4.87336382328821,-4.36113842216521E-16));
#4230=CARTESIAN_POINT('Ctrl Pts',(7.28028910473081,4.85891095661138,-1.35561584097317E-17));
#4231=CARTESIAN_POINT('Ctrl Pts',(7.28084567354063,4.8444487355623,-1.38777878078145E-17));
#4232=CARTESIAN_POINT('Ctrl Pts',(7.28133177470937,4.83181758837869,-1.41586954396348E-17));
#4233=CARTESIAN_POINT('Ctrl Pts',(7.28171246940109,4.81918081258118,-4.96958878546321E-16));
#4234=CARTESIAN_POINT('Ctrl Pts',(7.281987137569,4.80655189694495,-4.85722573273506E-16));
#4235=CARTESIAN_POINT('Ctrl Pts',(7.28380162867789,4.7231237541397,-4.11494182815776E-16));
#4236=CARTESIAN_POINT('Ctrl Pts',(7.28099888483236,4.63989640179445,-6.24820734575729E-16));
#4237=CARTESIAN_POINT('Ctrl Pts',(7.27351913749847,4.55724937626684,-5.13478148889135E-16));
#4238=CARTESIAN_POINT('Ctrl Pts',(7.26713320109856,4.48668834992441,-4.18417896308823E-16));
#4239=CARTESIAN_POINT('Ctrl Pts',(7.25733755649414,4.41654947838436,-6.02641638602734E-17));
#4240=CARTESIAN_POINT('Ctrl Pts',(7.24406646719965,4.34705945368977,-5.55111512312578E-17));
#4241=CARTESIAN_POINT('Ctrl Pts',(7.2289334668018,4.26782009752133,-4.82846816818241E-17));
#4242=CARTESIAN_POINT('Ctrl Pts',(7.20928280519665,4.18942369200552,-1.04042826801509E-16));
#4243=CARTESIAN_POINT('Ctrl Pts',(7.18537882932858,4.11210151505142,-8.32667268468867E-17));
#4244=CARTESIAN_POINT('Ctrl Pts',(7.1719084715066,4.06852895637355,-7.15589882648838E-17));
#4245=CARTESIAN_POINT('Ctrl Pts',(7.15708648428133,4.02529756306322,2.67401764905878E-16));
#4246=CARTESIAN_POINT('Ctrl Pts',(7.1409531423632,3.98244986864106,3.33066907387547E-16));
#4247=CARTESIAN_POINT('Ctrl Pts',(7.13427095780802,3.96470300606629,3.60264409500336E-16));
#4248=CARTESIAN_POINT('Ctrl Pts',(7.12736134296027,3.94701636104714,-2.33640439159166E-16));
#4249=CARTESIAN_POINT('Ctrl Pts',(7.12023999141903,3.9294242993991,-2.22044604925031E-16));
#4250=CARTESIAN_POINT('Ctrl Pts',(7.08900580332746,3.85226566465814,-1.71185373296077E-16));
#4251=CARTESIAN_POINT('Ctrl Pts',(7.05367113000638,3.77683415519356,2.51607077509479E-16));
#4252=CARTESIAN_POINT('Ctrl Pts',(7.01456392153184,3.70336669325997,1.66533453693773E-16));
#4253=CARTESIAN_POINT('Ctrl Pts',(6.97461131423837,3.62831105083559,7.96207535567999E-17));
#4254=CARTESIAN_POINT('Ctrl Pts',(6.9307209987059,3.55530450599234,-2.34591426854384E-16));
#4255=CARTESIAN_POINT('Ctrl Pts',(6.88318683077185,3.48460464063974,-3.88578058618805E-16));
#4256=CARTESIAN_POINT('Ctrl Pts',(6.83519465793513,3.41322356245947,-5.44048394324161E-16));
#4257=CARTESIAN_POINT('Ctrl Pts',(6.78348761707083,3.3441929641037,-3.85334090499367E-16));
#4258=CARTESIAN_POINT('Ctrl Pts',(6.72831781263108,3.27779548160076,-5.55111512312578E-16));
#4259=CARTESIAN_POINT('Ctrl Pts',(6.70232043229713,3.24650734086191,-6.3511484478433E-16));
#4260=CARTESIAN_POINT('Ctrl Pts',(6.67555345811721,3.21580422302331,1.10462091866232E-16));
#4261=CARTESIAN_POINT('Ctrl Pts',(6.64803990872941,3.18571789238114,1.38777878078145E-16));
#4262=CARTESIAN_POINT('Ctrl Pts',(6.63544827705247,3.17194882214534,1.5173665506464E-16));
#4263=CARTESIAN_POINT('Ctrl Pts',(6.62269788550769,3.15830664626674,2.65346385913963E-17));
#4264=CARTESIAN_POINT('Ctrl Pts',(6.60980876780651,3.14481284235243,0.));
#4265=CARTESIAN_POINT('Ctrl Pts',(6.5486767099034,3.08081280593818,-1.25851675841182E-16));
#4266=CARTESIAN_POINT('Ctrl Pts',(6.48435280202611,3.0200641921915,-1.03461022585797E-16));
#4267=CARTESIAN_POINT('Ctrl Pts',(6.41713128096963,2.96285207242708,-2.4980018054066E-16));
#4268=CARTESIAN_POINT('Ctrl Pts',(6.36828781591191,2.92128148418876,-3.56130882908133E-16));
#4269=CARTESIAN_POINT('Ctrl Pts',(6.31791342807915,2.88157828671537,1.56119569457198E-16));
#4270=CARTESIAN_POINT('Ctrl Pts',(6.26610643966801,2.84386113332785,2.22044604925031E-16));
#4271=CARTESIAN_POINT('Ctrl Pts',(6.24275162639373,2.82685807830345,2.51763894555085E-16));
#4272=CARTESIAN_POINT('Ctrl Pts',(6.21910552214635,2.81025876211614,-1.15723055294004E-16));
#4273=CARTESIAN_POINT('Ctrl Pts',(6.19517643563236,2.79407474539111,-1.66533453693773E-16));
#4274=CARTESIAN_POINT('Ctrl Pts',(6.18076086282965,2.78432502631162,-1.97143105125253E-16));
#4275=CARTESIAN_POINT('Ctrl Pts',(6.16624693065618,2.77472904458434,-1.04635728789618E-16));
#4276=CARTESIAN_POINT('Ctrl Pts',(6.15164321783029,2.76529323353022,-8.32667268468867E-17));
#4277=CARTESIAN_POINT('Ctrl Pts',(6.07693257365695,2.71702088453545,2.60542327964562E-17));
#4278=CARTESIAN_POINT('Ctrl Pts',(5.99982427764925,2.67290323973709,2.10047005474209E-16));
#4279=CARTESIAN_POINT('Ctrl Pts',(5.92058895213471,2.63324049090195,1.94289029309402E-16));
#4280=CARTESIAN_POINT('Ctrl Pts',(5.86993098330547,2.60788268135015,1.84214393278252E-16));
#4281=CARTESIAN_POINT('Ctrl Pts',(5.81840274714501,2.58434639733663,-2.23102628309059E-16));
#4282=CARTESIAN_POINT('Ctrl Pts',(5.76606745731023,2.5627184229283,-1.11022302462516E-16));
#4283=CARTESIAN_POINT('Ctrl Pts',(5.73214203216728,2.54869847139846,-3.75518773352726E-17));
#4284=CARTESIAN_POINT('Ctrl Pts',(5.69787736605051,2.53548054057459,-3.81026931591838E-16));
#4285=CARTESIAN_POINT('Ctrl Pts',(5.66329964852558,2.52305739605522,-3.88578058618805E-16));
#4286=CARTESIAN_POINT('Ctrl Pts',(2.88099774840391,5.00132008964066,-4.4890562790225));
#4287=CARTESIAN_POINT('Ctrl Pts',(2.88550537420184,4.39748075873636,-4.45263923302917));
#4288=CARTESIAN_POINT('Ctrl Pts',(3.15739671060436,3.79011873765757,-4.41622218703584));
#4289=CARTESIAN_POINT('Ctrl Pts',(3.61353132966838,3.39587757442047,-4.3798051410425));
#4290=CARTESIAN_POINT('Ctrl Pts',(4.13599224900973,2.94431000647372,-4.33809271112781));
#4291=CARTESIAN_POINT('Ctrl Pts',(4.90017351783816,2.77234909498851,-4.29638028121312));
#4292=CARTESIAN_POINT('Ctrl Pts',(5.56572182656646,2.95660131079626,-4.25466785129843));
#4293=CARTESIAN_POINT('Ctrl Pts',(6.23127013529475,3.14085352660401,-4.21295542138374));
#4294=CARTESIAN_POINT('Ctrl Pts',(6.7981854839229,3.68131886970473,-4.17124299146905));
#4295=CARTESIAN_POINT('Ctrl Pts',(7.01402761215678,4.33729940709742,-4.12953056155436));
#4296=CARTESIAN_POINT('Ctrl Pts',(7.22986974039066,4.99327994449011,-4.08781813163967));
#4297=CARTESIAN_POINT('Ctrl Pts',(7.09463864823028,5.76477567617478,-4.04610570172498));
#4298=CARTESIAN_POINT('Ctrl Pts',(6.668544842542,6.30822640263008,-4.00439327181029));
#4299=CARTESIAN_POINT('Ctrl Pts',(6.24245103685372,6.85167712908539,-3.9626808418956));
#4300=CARTESIAN_POINT('Ctrl Pts',(5.52549451763754,7.16708285031132,-3.92096841198091));
#4301=CARTESIAN_POINT('Ctrl Pts',(4.83696106791409,7.11398116975732,-3.87925598206622));
#4302=CARTESIAN_POINT('Ctrl Pts',(4.14842761819065,7.06087948920333,-3.83754355215153));
#4303=CARTESIAN_POINT('Ctrl Pts',(3.48831723795994,6.63927040686941,-3.79583112223684));
#4304=CARTESIAN_POINT('Ctrl Pts',(3.15059159076272,6.03690965684113,-3.75411869232215));
#4305=CARTESIAN_POINT('Ctrl Pts',(2.97499848270696,5.72372528027378,-3.73243122122227));
#4306=CARTESIAN_POINT('Ctrl Pts',(2.88655415507817,5.36167913766843,-3.71074375012238));
#4307=CARTESIAN_POINT('Ctrl Pts',(2.8862190278653,4.99978654229733,-3.6890562790225));
#4308=CARTESIAN_POINT('Ctrl Pts',(4.33826273143151,2.52700509758157,5.55111512312578E-16));
#4309=CARTESIAN_POINT('Ctrl Pts',(3.52808818907568,2.74379595638924,-0.04171242991469));
#4310=CARTESIAN_POINT('Ctrl Pts',(2.15023512578525,4.03096935652399,-0.125137289744071));
#4311=CARTESIAN_POINT('Ctrl Pts',(2.61362211043934,6.83883614008864,-0.250274579488143));
#4312=CARTESIAN_POINT('Ctrl Pts',(5.20614125144575,8.00304564433232,-0.375411869232214));
#4313=CARTESIAN_POINT('Ctrl Pts',(7.61319335411638,6.495484556849,-0.500549158976286));
#4314=CARTESIAN_POINT('Ctrl Pts',(7.69375602976473,3.65448077329902,-0.625686448720356));
#4315=CARTESIAN_POINT('Ctrl Pts',(5.37462075567291,2.01263339011832,-0.75082373846443));
#4316=CARTESIAN_POINT('Ctrl Pts',(2.72208406663768,3.03109873893606,-0.875961028208498));
#4317=CARTESIAN_POINT('Ctrl Pts',(2.09824855833133,5.80337652934107,-1.00109831795257));
#4318=CARTESIAN_POINT('Ctrl Pts',(4.05893572468926,7.86001897218434,-1.12623560769664));
#4319=CARTESIAN_POINT('Ctrl Pts',(6.8577496273511,7.36943058405881,-1.25137289744072));
#4320=CARTESIAN_POINT('Ctrl Pts',(8.00197093818298,4.76847295579964,-1.37651018718479));
#4321=CARTESIAN_POINT('Ctrl Pts',(6.47246758646765,2.37374017366736,-1.50164747692886));
#4322=CARTESIAN_POINT('Ctrl Pts',(3.63151100773803,2.31808681473209,-1.62678476667293));
#4323=CARTESIAN_POINT('Ctrl Pts',(2.00940112834134,4.65109210310805,-1.751922056417));
#4324=CARTESIAN_POINT('Ctrl Pts',(3.05087923588627,7.29485135235133,-1.87705934616107));
#4325=CARTESIAN_POINT('Ctrl Pts',(5.82834747326105,7.89469475381996,-2.00219663590514));
#4326=CARTESIAN_POINT('Ctrl Pts',(7.86804566404927,5.91636824739388,-2.12733392564922));
#4327=CARTESIAN_POINT('Ctrl Pts',(7.35330939986509,3.12187563248918,-2.25247121539329));
#4328=CARTESIAN_POINT('Ctrl Pts',(4.74259049784435,2.00014050136479,-2.37760850513736));
#4329=CARTESIAN_POINT('Ctrl Pts',(2.36113415907018,3.5502401423367,-2.50274579488143));
#4330=CARTESIAN_POINT('Ctrl Pts',(2.32999237080442,6.39157311659114,-2.6278830846255));
#4331=CARTESIAN_POINT('Ctrl Pts',(4.67690159612097,7.99349695051272,-2.75302037436957));
#4332=CARTESIAN_POINT('Ctrl Pts',(7.31157952607542,6.929252901509,-2.87815766411364));
#4333=CARTESIAN_POINT('Ctrl Pts',(7.88744148067333,4.14671343206498,-3.00329495385772));
#4334=CARTESIAN_POINT('Ctrl Pts',(5.89159438419731,2.12415644549788,-3.12843224360179));
#4335=CARTESIAN_POINT('Ctrl Pts',(3.10164549671362,2.66297894016696,-3.25356953334586));
#4336=CARTESIAN_POINT('Ctrl Pts',(2.00247290830567,5.28327692642802,-3.37870682308993));
#4337=CARTESIAN_POINT('Ctrl Pts',(3.57305642171271,7.6512733461611,-3.503844112834));
#4338=CARTESIAN_POINT('Ctrl Pts',(6.41455429493903,7.65790455094338,-3.62898140257808));
#4339=CARTESIAN_POINT('Ctrl Pts',(7.99617013374839,5.29726418930099,-3.75411869232214));
#4340=CARTESIAN_POINT('Ctrl Pts',(6.90924615051652,2.67186481865223,-3.87925598206622));
#4341=CARTESIAN_POINT('Ctrl Pts',(4.12182853075932,2.12002606935271,-4.00439327181029));
#4342=CARTESIAN_POINT('Ctrl Pts',(2.11659068836437,4.1332467288245,-4.12953056155436));
#4343=CARTESIAN_POINT('Ctrl Pts',(2.67940598697764,6.91844173845522,-4.25466785129843));
#4344=CARTESIAN_POINT('Ctrl Pts',(5.30919144150016,7.99497476246265,-4.3798051410425));
#4345=CARTESIAN_POINT('Ctrl Pts',(7.66335156807503,6.40401509865425,-4.50494243078658));
#4346=CARTESIAN_POINT('Ctrl Pts',(7.64585929406382,3.56258143419117,-4.63007972053065));
#4347=CARTESIAN_POINT('Ctrl Pts',(5.27091274631491,2.00135699863155,-4.75521701027472));
#4348=CARTESIAN_POINT('Ctrl Pts',(2.65644346372357,3.11094729592661,-4.8803543000188));
#4349=CARTESIAN_POINT('Ctrl Pts',(2.12582263074098,5.90289657875049,-5.00549158976285));
#4350=CARTESIAN_POINT('Ctrl Pts',(4.16204438345679,7.89102241620631,-5.13062887950694));
#4351=CARTESIAN_POINT('Ctrl Pts',(6.00635758008206,7.49884483042774,-5.21405373933631));
#4352=CARTESIAN_POINT('Ctrl Pts',(6.6481130405757,6.9589087282169,-5.255766169251));
#4353=CARTESIAN_POINT('Ctrl Pts',(4.37643325356378,2.66965311083305,0.0852553897503353));
#4354=CARTESIAN_POINT('Ctrl Pts',(3.61299143546103,2.87393897609231,0.0435429598356448));
#4355=CARTESIAN_POINT('Ctrl Pts',(2.31461609444113,4.08686526473492,-0.039881899993736));
#4356=CARTESIAN_POINT('Ctrl Pts',(2.75127385589186,6.73276785752883,-0.165019189737808));
#4357=CARTESIAN_POINT('Ctrl Pts',(5.19425055165532,7.82982308958764,-0.290156479481879));
#4358=CARTESIAN_POINT('Ctrl Pts',(7.46245837288285,6.40922158045784,-0.415293769225951));
#4359=CARTESIAN_POINT('Ctrl Pts',(7.538374008777,3.7320934057767,-0.540431058970022));
#4360=CARTESIAN_POINT('Ctrl Pts',(5.3530117719798,2.18495154222478,-0.665568348714095));
#4361=CARTESIAN_POINT('Ctrl Pts',(2.85347947789804,3.14466947573961,-0.790705638458165));
#4362=CARTESIAN_POINT('Ctrl Pts',(2.26562823133383,5.75703593005746,-0.915842928202237));
#4363=CARTESIAN_POINT('Ctrl Pts',(4.11321846869482,7.6950465236586,-1.04098021794631));
#4364=CARTESIAN_POINT('Ctrl Pts',(6.75059037150258,7.23275639802521,-1.16611750769038));
#4365=CARTESIAN_POINT('Ctrl Pts',(7.82881037495186,4.78182796629193,-1.29125479743445));
#4366=CARTESIAN_POINT('Ctrl Pts',(6.38753228167531,2.52522885896233,-1.41639208717852));
#4367=CARTESIAN_POINT('Ctrl Pts',(3.71044858893231,2.4727857133094,-1.5415293769226));
#4368=CARTESIAN_POINT('Ctrl Pts',(2.18190572471436,4.67121791018137,-1.66666666666666));
#4369=CARTESIAN_POINT('Ctrl Pts',(3.16330898829543,7.16247906731335,-1.79180395641074));
#4370=CARTESIAN_POINT('Ctrl Pts',(5.78056649270706,7.72772212674415,-1.91694124615481));
#4371=CARTESIAN_POINT('Ctrl Pts',(7.70261021754226,5.86351002687364,-2.04207853589888));
#4372=CARTESIAN_POINT('Ctrl Pts',(7.21756512068017,3.2302101500422,-2.16721582564296));
#4373=CARTESIAN_POINT('Ctrl Pts',(4.75743846782546,2.17317927192409,-2.29235311538702));
#4374=CARTESIAN_POINT('Ctrl Pts',(2.5133499881759,3.63386561329305,-2.4174904051311));
#4375=CARTESIAN_POINT('Ctrl Pts',(2.4840045296239,6.31130399020445,-2.54262769487516));
#4376=CARTESIAN_POINT('Ctrl Pts',(4.69553865249055,7.82082518630996,-2.66776498461924));
#4377=CARTESIAN_POINT('Ctrl Pts',(7.17824232164164,6.81796917294539,-2.79290227436331));
#4378=CARTESIAN_POINT('Ctrl Pts',(7.72088723901471,4.19593295675186,-2.91803956410739));
#4379=CARTESIAN_POINT('Ctrl Pts',(5.84016517687967,2.29004169219637,-3.04317685385145));
#4380=CARTESIAN_POINT('Ctrl Pts',(3.21114693485893,2.79778367057139,-3.16831414359553));
#4381=CARTESIAN_POINT('Ctrl Pts',(2.17537714028751,5.26693686413536,-3.29345143333959));
#4382=CARTESIAN_POINT('Ctrl Pts',(3.65536579738736,7.49834182371978,-3.41858872308367));
#4383=CARTESIAN_POINT('Ctrl Pts',(6.33295956152002,7.5045905254137,-3.54372601282774));
#4384=CARTESIAN_POINT('Ctrl Pts',(7.82334417421056,5.28011730963167,-3.66886330257181));
#4385=CARTESIAN_POINT('Ctrl Pts',(6.79911645719897,2.80615699122215,-3.79400059231588));
#4386=CARTESIAN_POINT('Ctrl Pts',(4.1724834735814,2.2861495656127,-3.91913788205995));
#4387=CARTESIAN_POINT('Ctrl Pts',(2.28291234527252,4.18324304381548,-4.04427517180402));
#4388=CARTESIAN_POINT('Ctrl Pts',(2.81326316767672,6.80778162255214,-4.1694124615481));
#4389=CARTESIAN_POINT('Ctrl Pts',(5.2913565705907,7.82221775467997,-4.29454975129217));
#4390=CARTESIAN_POINT('Ctrl Pts',(7.50972334611446,6.32302829022926,-4.41968704103625));
#4391=CARTESIAN_POINT('Ctrl Pts',(7.49324006655467,3.64549503115124,-4.54482433078031));
#4392=CARTESIAN_POINT('Ctrl Pts',(5.25528587826576,2.17432559884069,-4.66996162052438));
#4393=CARTESIAN_POINT('Ctrl Pts',(2.79162517538639,3.21991218497668,-4.79509891026846));
#4394=CARTESIAN_POINT('Ctrl Pts',(2.29161176805632,5.85081543495017,-4.92023620001252));
#4395=CARTESIAN_POINT('Ctrl Pts',(4.21037958373395,7.72426161797983,-5.04537348975661));
#4396=CARTESIAN_POINT('Ctrl Pts',(5.9483085686268,7.35470573408926,-5.12879834958598));
#4397=CARTESIAN_POINT('Ctrl Pts',(6.55304610346957,6.84591438360751,-5.17051077950067));
#4398=CARTESIAN_POINT('Ctrl Pts',(4.41460377569605,2.81230112408453,0.17051077950067));
#4399=CARTESIAN_POINT('Ctrl Pts',(3.69789468184638,3.00408199579538,0.12879834958598));
#4400=CARTESIAN_POINT('Ctrl Pts',(2.47899706309701,4.14276117294583,0.0453734897565988));
#4401=CARTESIAN_POINT('Ctrl Pts',(2.88892560134439,6.62669957496903,-0.0797637999874731));
#4402=CARTESIAN_POINT('Ctrl Pts',(5.1823598518649,7.65660053484294,-0.204901089731544));
#4403=CARTESIAN_POINT('Ctrl Pts',(7.31172339164931,6.32295860406668,-0.330038379475616));
#4404=CARTESIAN_POINT('Ctrl Pts',(7.38299198778926,3.80970603825438,-0.455175669219687));
#4405=CARTESIAN_POINT('Ctrl Pts',(5.33140278828668,2.35726969433123,-0.58031295896376));
#4406=CARTESIAN_POINT('Ctrl Pts',(2.98487488915839,3.25824021254318,-0.705450248707831));
#4407=CARTESIAN_POINT('Ctrl Pts',(2.43300790433634,5.71069533077385,-0.830587538451902));
#4408=CARTESIAN_POINT('Ctrl Pts',(4.16750121270036,7.53007407513287,-0.955724828195975));
#4409=CARTESIAN_POINT('Ctrl Pts',(6.64343111565408,7.0960822119916,-1.08086211794004));
#4410=CARTESIAN_POINT('Ctrl Pts',(7.65564981172072,4.79518297678422,-1.20599940768412));
#4411=CARTESIAN_POINT('Ctrl Pts',(6.30259697688297,2.67671754425729,-1.33113669742819));
#4412=CARTESIAN_POINT('Ctrl Pts',(3.78938617012659,2.6274846118867,-1.45627398717226));
#4413=CARTESIAN_POINT('Ctrl Pts',(2.35441032108738,4.6913437172547,-1.58141127691633));
#4414=CARTESIAN_POINT('Ctrl Pts',(3.2757387407046,7.03010678227538,-1.7065485666604));
#4415=CARTESIAN_POINT('Ctrl Pts',(5.73278551215307,7.56074949966834,-1.83168585640447));
#4416=CARTESIAN_POINT('Ctrl Pts',(7.53717477103525,5.81065180635339,-1.95682314614854));
#4417=CARTESIAN_POINT('Ctrl Pts',(7.08182084149524,3.33854466759525,-2.08196043589262));
#4418=CARTESIAN_POINT('Ctrl Pts',(4.77228643780658,2.34621804248338,-2.20709772563669));
#4419=CARTESIAN_POINT('Ctrl Pts',(2.66556581728162,3.71749108424942,-2.33223501538076));
#4420=CARTESIAN_POINT('Ctrl Pts',(2.63801668844339,6.23103486381774,-2.45737230512483));
#4421=CARTESIAN_POINT('Ctrl Pts',(4.71417570886014,7.64815342210721,-2.58250959486891));
#4422=CARTESIAN_POINT('Ctrl Pts',(7.04490511720786,6.70668544438179,-2.70764688461297));
#4423=CARTESIAN_POINT('Ctrl Pts',(7.55433299735608,4.24515248143874,-2.83278417435705));
#4424=CARTESIAN_POINT('Ctrl Pts',(5.78873596956203,2.45592693889487,-2.95792146410112));
#4425=CARTESIAN_POINT('Ctrl Pts',(3.32064837300423,2.93258840097582,-3.08305875384519));
#4426=CARTESIAN_POINT('Ctrl Pts',(2.34828137226935,5.25059680184271,-3.20819604358926));
#4427=CARTESIAN_POINT('Ctrl Pts',(3.73767517306201,7.34541030127845,-3.33333333333333));
#4428=CARTESIAN_POINT('Ctrl Pts',(6.251364828101,7.35127649988403,-3.45847062307741));
#4429=CARTESIAN_POINT('Ctrl Pts',(7.65051821467274,5.26297042996235,-3.58360791282148));
#4430=CARTESIAN_POINT('Ctrl Pts',(6.68898676388141,2.94044916379209,-3.70874520256555));
#4431=CARTESIAN_POINT('Ctrl Pts',(4.2231384164035,2.45227306187269,-3.83388249230962));
#4432=CARTESIAN_POINT('Ctrl Pts',(2.44923400218067,4.23323935880646,-3.95901978205369));
#4433=CARTESIAN_POINT('Ctrl Pts',(2.94712034837579,6.69712150664906,-4.08415707179777));
#4434=CARTESIAN_POINT('Ctrl Pts',(5.27352169968126,7.64946074689729,-4.20929436154183));
#4435=CARTESIAN_POINT('Ctrl Pts',(7.35609512415388,6.24204148180429,-4.33443165128591));
#4436=CARTESIAN_POINT('Ctrl Pts',(7.34062083904551,3.72840862811131,-4.45956894102998));
#4437=CARTESIAN_POINT('Ctrl Pts',(5.23965901021661,2.34729419904984,-4.58470623077405));
#4438=CARTESIAN_POINT('Ctrl Pts',(2.9268068870492,3.32887707402674,-4.70984352051812));
#4439=CARTESIAN_POINT('Ctrl Pts',(2.45740090537165,5.79873429114986,-4.83498081026219));
#4440=CARTESIAN_POINT('Ctrl Pts',(4.25871478401112,7.55750081975334,-4.96011810000626));
#4441=CARTESIAN_POINT('Ctrl Pts',(5.89025955717155,7.21056663775079,-5.04354295983564));
#4442=CARTESIAN_POINT('Ctrl Pts',(6.45797916636345,6.73292003899812,-5.08525538975033));
#4443=CARTESIAN_POINT('Ctrl Pts',(4.45277429782832,2.95494913733601,0.255766169251005));
#4444=CARTESIAN_POINT('Ctrl Pts',(3.78279792823173,3.13422501549845,0.214053739336314));
#4445=CARTESIAN_POINT('Ctrl Pts',(2.64337803175288,4.19865708115676,0.130628879506933));
#4446=CARTESIAN_POINT('Ctrl Pts',(3.0265773467969,6.52063129240923,0.00549158976286189));
#4447=CARTESIAN_POINT('Ctrl Pts',(5.17046915207448,7.48337798009826,-0.11964569998121));
#4448=CARTESIAN_POINT('Ctrl Pts',(7.16098841041577,6.23669562767551,-0.244782989725281));
#4449=CARTESIAN_POINT('Ctrl Pts',(7.22760996680154,3.88731867073204,-0.369920279469353));
#4450=CARTESIAN_POINT('Ctrl Pts',(5.30979380459357,2.52958784643769,-0.495057569213425));
#4451=CARTESIAN_POINT('Ctrl Pts',(3.11627030041875,3.37181094934673,-0.620194858957496));
#4452=CARTESIAN_POINT('Ctrl Pts',(2.60038757733883,5.66435473149025,-0.745332148701568));
#4453=CARTESIAN_POINT('Ctrl Pts',(4.22178395670593,7.36510162660713,-0.870469438445639));
#4454=CARTESIAN_POINT('Ctrl Pts',(6.53627185980556,6.959408025958,-0.995606728189711));
#4455=CARTESIAN_POINT('Ctrl Pts',(7.48248924848961,4.80853798727651,-1.12074401793378));
#4456=CARTESIAN_POINT('Ctrl Pts',(6.21766167209063,2.82820622955226,-1.24588130767785));
#4457=CARTESIAN_POINT('Ctrl Pts',(3.86832375132087,2.78218351046401,-1.37101859742193));
#4458=CARTESIAN_POINT('Ctrl Pts',(2.5269149174604,4.71146952432802,-1.496155887166));
#4459=CARTESIAN_POINT('Ctrl Pts',(3.38816849311376,6.89773449723741,-1.62129317691007));
#4460=CARTESIAN_POINT('Ctrl Pts',(5.68500453159908,7.39377687259252,-1.74643046665414));
#4461=CARTESIAN_POINT('Ctrl Pts',(7.37173932452824,5.75779358583314,-1.87156775639821));
#4462=CARTESIAN_POINT('Ctrl Pts',(6.94607656231032,3.44687918514828,-1.99670504614228));
#4463=CARTESIAN_POINT('Ctrl Pts',(4.78713440778769,2.51925681304268,-2.12184233588636));
#4464=CARTESIAN_POINT('Ctrl Pts',(2.81778164638734,3.80111655520578,-2.24697962563043));
#4465=CARTESIAN_POINT('Ctrl Pts',(2.79202884726287,6.15076573743104,-2.3721169153745));
#4466=CARTESIAN_POINT('Ctrl Pts',(4.73281276522972,7.47548165790446,-2.49725420511857));
#4467=CARTESIAN_POINT('Ctrl Pts',(6.91156791277408,6.59540171581818,-2.62239149486264));
#4468=CARTESIAN_POINT('Ctrl Pts',(7.38777875569745,4.29437200612561,-2.74752878460671));
#4469=CARTESIAN_POINT('Ctrl Pts',(5.7373067622444,2.62181218559337,-2.87266607435079));
#4470=CARTESIAN_POINT('Ctrl Pts',(3.43014981114952,3.06739313138025,-2.99780336409486));
#4471=CARTESIAN_POINT('Ctrl Pts',(2.5211856042512,5.23425673955005,-3.12294065383893));
#4472=CARTESIAN_POINT('Ctrl Pts',(3.81998454873665,7.19247877883713,-3.248077943583));
#4473=CARTESIAN_POINT('Ctrl Pts',(6.169770094682,7.19796247435435,-3.37321523332707));
#4474=CARTESIAN_POINT('Ctrl Pts',(7.4776922551349,5.24582355029304,-3.49835252307114));
#4475=CARTESIAN_POINT('Ctrl Pts',(6.57885707056386,3.07474133636202,-3.62348981281522));
#4476=CARTESIAN_POINT('Ctrl Pts',(4.27379335922557,2.61839655813268,-3.74862710255928));
#4477=CARTESIAN_POINT('Ctrl Pts',(2.61555565908882,4.28323567379745,-3.87376439230336));
#4478=CARTESIAN_POINT('Ctrl Pts',(3.08097752907486,6.58646139074597,-3.99890168204743));
#4479=CARTESIAN_POINT('Ctrl Pts',(5.25568682877181,7.47670373911462,-4.1240389717915));
#4480=CARTESIAN_POINT('Ctrl Pts',(7.2024669021933,6.16105467337931,-4.24917626153557));
#4481=CARTESIAN_POINT('Ctrl Pts',(7.18800161153637,3.81132222507137,-4.37431355127964));
#4482=CARTESIAN_POINT('Ctrl Pts',(5.22403214216746,2.52026279925899,-4.49945084102372));
#4483=CARTESIAN_POINT('Ctrl Pts',(3.06198859871202,3.4378419630768,-4.62458813076779));
#4484=CARTESIAN_POINT('Ctrl Pts',(2.62319004268698,5.74665314734955,-4.74972542051186));
#4485=CARTESIAN_POINT('Ctrl Pts',(4.30704998428828,7.39074002152685,-4.87486271025593));
#4486=CARTESIAN_POINT('Ctrl Pts',(5.83221054571629,7.06642754141231,-4.95828757008531));
#4487=CARTESIAN_POINT('Ctrl Pts',(6.36291222925732,6.61992569438874,-5.));
#4488=CARTESIAN_POINT('Ctrl Pts',(6.36291222925732,6.61992569438874,-5.));
#4489=CARTESIAN_POINT('Ctrl Pts',(6.31129752847621,6.67341625749894,-5.));
#4490=CARTESIAN_POINT('Ctrl Pts',(6.25683441626088,6.72378244190388,-5.));
#4491=CARTESIAN_POINT('Ctrl Pts',(6.19988943404435,6.77102721391383,-5.));
#4492=CARTESIAN_POINT('Ctrl Pts',(6.14136506609209,6.81958233349253,-5.));
#4493=CARTESIAN_POINT('Ctrl Pts',(6.08021877614185,6.86484094765129,-5.));
#4494=CARTESIAN_POINT('Ctrl Pts',(6.01680085008492,6.90677929748295,-5.));
#4495=CARTESIAN_POINT('Ctrl Pts',(5.95625628428536,6.94681749076332,-5.));
#4496=CARTESIAN_POINT('Ctrl Pts',(5.89364039449723,6.98382955890127,-5.));
#4497=CARTESIAN_POINT('Ctrl Pts',(5.82922593197486,7.01776719218995,-5.));
#4498=CARTESIAN_POINT('Ctrl Pts',(5.80104460462133,7.03261490675375,-5.));
#4499=CARTESIAN_POINT('Ctrl Pts',(5.77251866885429,7.04687378101258,-5.));
#4500=CARTESIAN_POINT('Ctrl Pts',(5.74366952577179,7.06053792619384,-5.));
#4501=CARTESIAN_POINT('Ctrl Pts',(5.72443116178449,7.0696500096211,-5.));
#4502=CARTESIAN_POINT('Ctrl Pts',(5.70504904968305,7.07849759128393,-5.));
#4503=CARTESIAN_POINT('Ctrl Pts',(5.68552936507974,7.08707862493006,-5.));
#4504=CARTESIAN_POINT('Ctrl Pts',(5.67415431434394,7.09207920229973,-5.));
#4505=CARTESIAN_POINT('Ctrl Pts',(5.66273506755343,7.09698808320976,-5.));
#4506=CARTESIAN_POINT('Ctrl Pts',(5.65128281226678,7.10180096485929,-5.));
#4507=CARTESIAN_POINT('Ctrl Pts',(5.57746331522633,7.13282406850049,-5.));
#4508=CARTESIAN_POINT('Ctrl Pts',(5.50216034898525,7.15991240892949,-5.));
#4509=CARTESIAN_POINT('Ctrl Pts',(5.42575330228768,7.18304051020154,-5.));
#4510=CARTESIAN_POINT('Ctrl Pts',(5.34811667069065,7.2065408018056,-5.));
#4511=CARTESIAN_POINT('Ctrl Pts',(5.26933932542797,7.22595286951508,-5.));
#4512=CARTESIAN_POINT('Ctrl Pts',(5.18978416661437,7.24120949556463,-5.));
#4513=CARTESIAN_POINT('Ctrl Pts',(5.1202827473728,7.25453807386294,-5.));
#4514=CARTESIAN_POINT('Ctrl Pts',(5.05018676059338,7.26469468881036,-5.));
#4515=CARTESIAN_POINT('Ctrl Pts',(4.9797244620253,7.2716053400633,-5.));
#4516=CARTESIAN_POINT('Ctrl Pts',(4.94914677241277,7.27460427358274,-5.));
#4517=CARTESIAN_POINT('Ctrl Pts',(4.91849998307107,7.27699156076049,-5.));
#4518=CARTESIAN_POINT('Ctrl Pts',(4.88780237140528,7.27875939264536,-5.));
#4519=CARTESIAN_POINT('Ctrl Pts',(4.87336146055669,7.27959102420428,-5.));
#4520=CARTESIAN_POINT('Ctrl Pts',(4.85890930084324,7.28028555483301,-5.));
#4521=CARTESIAN_POINT('Ctrl Pts',(4.84444778841605,7.28084208506845,-5.));
#4522=CARTESIAN_POINT('Ctrl Pts',(4.83181659221933,7.28132817825051,-5.));
#4523=CARTESIAN_POINT('Ctrl Pts',(4.81917976617513,7.28170886530364,-5.));
#4524=CARTESIAN_POINT('Ctrl Pts',(4.80655080121138,7.28198352612815,-5.));
#4525=CARTESIAN_POINT('Ctrl Pts',(4.72312244678425,7.28379796624102,-5.));
#4526=CARTESIAN_POINT('Ctrl Pts',(4.6398949089112,7.28099519763716,-5.));
#4527=CARTESIAN_POINT('Ctrl Pts',(4.55724773548371,7.27351546280709,-5.));
#4528=CARTESIAN_POINT('Ctrl Pts',(4.48668579960213,7.26712946619519,-5.));
#4529=CARTESIAN_POINT('Ctrl Pts',(4.41654605531454,7.25733371288025,-5.));
#4530=CARTESIAN_POINT('Ctrl Pts',(4.34705520931023,7.24406247092241,-5.));
#4531=CARTESIAN_POINT('Ctrl Pts',(4.26781566067573,7.22892943854441,-5.));
#4532=CARTESIAN_POINT('Ctrl Pts',(4.1894191136813,7.2092787726024,-5.));
#4533=CARTESIAN_POINT('Ctrl Pts',(4.11209683913567,7.18537481294011,-5.));
#4534=CARTESIAN_POINT('Ctrl Pts',(4.06852412838491,7.17190443423897,-5.));
#4535=CARTESIAN_POINT('Ctrl Pts',(4.02529259846906,7.15708242663912,-5.));
#4536=CARTESIAN_POINT('Ctrl Pts',(3.98244478200133,7.140949063848,-5.));
#4537=CARTESIAN_POINT('Ctrl Pts',(3.96469830409382,7.13426703451841,-5.));
#4538=CARTESIAN_POINT('Ctrl Pts',(3.94701204342994,7.12735758602558,-5.));
#4539=CARTESIAN_POINT('Ctrl Pts',(3.92942036427638,7.12023641114535,-5.));
#4540=CARTESIAN_POINT('Ctrl Pts',(3.85226167549232,7.08900229690505,-5.));
#4541=CARTESIAN_POINT('Ctrl Pts',(3.77683015298083,7.05366771092426,-5.));
#4542=CARTESIAN_POINT('Ctrl Pts',(3.70336271125462,7.01456059594697,-5.));
#4543=CARTESIAN_POINT('Ctrl Pts',(3.62830717894915,6.97460813179978,-5.));
#4544=CARTESIAN_POINT('Ctrl Pts',(3.55530077405494,6.93071797522904,-5.));
#4545=CARTESIAN_POINT('Ctrl Pts',(3.48460106994662,6.88318397330101,-5.));
#4546=CARTESIAN_POINT('Ctrl Pts',(3.41322022589859,6.8351920160305,-5.));
#4547=CARTESIAN_POINT('Ctrl Pts',(3.34418987870194,6.78348520534618,-5.));
#4548=CARTESIAN_POINT('Ctrl Pts',(3.27779265519121,6.72831563605257,-5.));
#4549=CARTESIAN_POINT('Ctrl Pts',(3.24650474359308,6.70231845551255,-5.));
#4550=CARTESIAN_POINT('Ctrl Pts',(3.21580185263432,6.67555168749948,-5.));
#4551=CARTESIAN_POINT('Ctrl Pts',(3.18571574533175,6.64803834941477,-5.));
#4552=CARTESIAN_POINT('Ctrl Pts',(3.1719468400761,6.63544687184192,-5.));
#4553=CARTESIAN_POINT('Ctrl Pts',(3.15830482741875,6.62269663705736,-5.));
#4554=CARTESIAN_POINT('Ctrl Pts',(3.14481118438031,6.60980767822138,-5.));
#4555=CARTESIAN_POINT('Ctrl Pts',(3.08081140718464,6.54867589257708,-5.));
#4556=CARTESIAN_POINT('Ctrl Pts',(3.0200630514162,6.48435225417416,-5.));
#4557=CARTESIAN_POINT('Ctrl Pts',(2.96285117852098,6.41713098971297,-5.));
#4558=CARTESIAN_POINT('Ctrl Pts',(2.92128078270133,6.36828772642272,-5.));
#4559=CARTESIAN_POINT('Ctrl Pts',(2.88157777061924,6.31791353452644,-5.));
#4560=CARTESIAN_POINT('Ctrl Pts',(2.84386079173235,6.26610673228341,-5.));
#4561=CARTESIAN_POINT('Ctrl Pts',(2.82685771609616,6.2427518665703,-5.));
#4562=CARTESIAN_POINT('Ctrl Pts',(2.81025838179785,6.21910570449769,-5.));
#4563=CARTESIAN_POINT('Ctrl Pts',(2.79407434930979,6.19517655455406,-5.));
#4564=CARTESIAN_POINT('Ctrl Pts',(2.78432459324743,6.18076090289852,-5.));
#4565=CARTESIAN_POINT('Ctrl Pts',(2.77472857651809,6.16624688968334,-5.));
#4566=CARTESIAN_POINT('Ctrl Pts',(2.76529273214005,6.15164309320276,-5.));
#4567=CARTESIAN_POINT('Ctrl Pts',(2.71702062069277,6.07693265256592,-5.));
#4568=CARTESIAN_POINT('Ctrl Pts',(2.6729031890177,5.99982453503652,-5.));
#4569=CARTESIAN_POINT('Ctrl Pts',(2.63324061914057,5.92058935273126,-5.));
#4570=CARTESIAN_POINT('Ctrl Pts',(2.60788307962507,5.86993178635198,-5.));
#4571=CARTESIAN_POINT('Ctrl Pts',(2.58434702933511,5.81840394890374,-5.));
#4572=CARTESIAN_POINT('Ctrl Pts',(2.56271924814343,5.76606905019585,-5.));
#4573=CARTESIAN_POINT('Ctrl Pts',(2.54869933554274,5.73214366971654,-5.));
#4574=CARTESIAN_POINT('Ctrl Pts',(2.53548143649709,5.69787904090143,-5.));
#4575=CARTESIAN_POINT('Ctrl Pts',(2.52305831711834,5.66330135380391,-5.));
#4576=CARTESIAN_POINT('Ctrl Pts',(2.88422117096287,4.99831542722308,-3.9109437209775));
#4577=CARTESIAN_POINT('Ctrl Pts',(2.88803083988681,5.4863944509193,-3.94026304133414));
#4578=CARTESIAN_POINT('Ctrl Pts',(3.05657105741439,5.97685380175197,-3.96958236169079));
#4579=CARTESIAN_POINT('Ctrl Pts',(3.36585876736001,6.35096416264932,-3.99890168204743));
#4580=CARTESIAN_POINT('Ctrl Pts',(3.80588062897384,6.88320884020219,-4.04061411196212));
#4581=CARTESIAN_POINT('Ctrl Pts',(4.53078372887283,7.17995628965841,-4.08232654187681));
#4582=CARTESIAN_POINT('Ctrl Pts',(5.21769862439258,7.10905517009729,-4.1240389717915));
#4583=CARTESIAN_POINT('Ctrl Pts',(5.90461351991231,7.03815405053618,-4.16575140170619));
#4584=CARTESIAN_POINT('Ctrl Pts',(6.55354021105281,6.59960436195775,-4.20746383162088));
#4585=CARTESIAN_POINT('Ctrl Pts',(6.8755926748469,5.98870744295054,-4.24917626153557));
#4586=CARTESIAN_POINT('Ctrl Pts',(7.19764513864099,5.37781052394333,-4.29088869145026));
#4587=CARTESIAN_POINT('Ctrl Pts',(7.19282337508868,4.59456637450735,-4.33260112136495));
#4588=CARTESIAN_POINT('Ctrl Pts',(6.86308424841771,3.98776772882063,-4.37431355127964));
#4589=CARTESIAN_POINT('Ctrl Pts',(6.53334512174673,3.38096908313391,-4.41602598119433));
#4590=CARTESIAN_POINT('Ctrl Pts',(5.87868863195709,2.95061594119645,-4.45773841110903));
#4591=CARTESIAN_POINT('Ctrl Pts',(5.19101979648636,2.88836923086402,-4.49945084102372));
#4592=CARTESIAN_POINT('Ctrl Pts',(4.50335096101563,2.82612252053159,-4.54116327093841));
#4593=CARTESIAN_POINT('Ctrl Pts',(3.78266977986383,3.1319822418042,-4.5828757008531));
#4594=CARTESIAN_POINT('Ctrl Pts',(3.34919609661708,3.66971396648596,-4.62458813076779));
#4595=CARTESIAN_POINT('Ctrl Pts',(3.05006163530896,4.04079552462384,-4.65337332750436));
#4596=CARTESIAN_POINT('Ctrl Pts',(2.88770106361551,4.52229911571819,-4.68215852424093));
#4597=CARTESIAN_POINT('Ctrl Pts',(2.88399112311686,5.00161556607986,-4.7109437209775));
#4598=CARTESIAN_POINT('Ctrl Pts',(4.33826273143151,2.52700509758157,5.55111512312578E-16));
#4599=CARTESIAN_POINT('Ctrl Pts',(4.25696685378422,2.55644044984018,5.78629235054294E-16));
#4600=CARTESIAN_POINT('Ctrl Pts',(4.17753975790089,2.59022848373878,8.26666648698568E-16));
#4601=CARTESIAN_POINT('Ctrl Pts',(4.10018321209734,2.62805827202412,7.71951946809679E-16));
#4602=CARTESIAN_POINT('Ctrl Pts',(4.01928896900968,2.66761810574886,7.14735012559418E-16));
#4603=CARTESIAN_POINT('Ctrl Pts',(3.94065811693281,2.71159833616723,7.73462016128509E-16));
#4604=CARTESIAN_POINT('Ctrl Pts',(3.86455253607517,2.75969245655674,8.70831184940357E-16));
#4605=CARTESIAN_POINT('Ctrl Pts',(3.79796015282473,2.80177481189756,9.56029207650725E-16));
#4606=CARTESIAN_POINT('Ctrl Pts',(3.73330137384611,2.84700798378778,4.19057230459238E-16));
#4607=CARTESIAN_POINT('Ctrl Pts',(3.6707777471433,2.89521000098161,4.78783679369599E-16));
#4608=CARTESIAN_POINT('Ctrl Pts',(3.64011061143104,2.91885254830078,5.08078830833723E-16));
#4609=CARTESIAN_POINT('Ctrl Pts',(3.60995755604943,2.94320962264715,7.52366253969975E-17));
#4610=CARTESIAN_POINT('Ctrl Pts',(3.58034491477135,2.96826113646148,4.16333634234434E-17));
#4611=CARTESIAN_POINT('Ctrl Pts',(3.56461672127508,2.98156677350163,2.37856273345596E-17));
#4612=CARTESIAN_POINT('Ctrl Pts',(3.54904100871228,2.99506832527877,6.59578175106309E-16));
#4613=CARTESIAN_POINT('Ctrl Pts',(3.53362193516744,3.0087628610184,6.52256026967279E-16));
#4614=CARTESIAN_POINT('Ctrl Pts',(3.52370595979705,3.01756978957401,6.47547168137737E-16));
#4615=CARTESIAN_POINT('Ctrl Pts',(3.51385304902154,3.02645811326539,7.27383887704856E-16));
#4616=CARTESIAN_POINT('Ctrl Pts',(3.50406996701261,3.03542189591,7.21644966006352E-16));
#4617=CARTESIAN_POINT('Ctrl Pts',(3.4401193025207,3.09401691289548,6.84130422455439E-16));
#4618=CARTESIAN_POINT('Ctrl Pts',(3.37931162465713,3.15568240784401,3.337865562152E-17));
#4619=CARTESIAN_POINT('Ctrl Pts',(3.32187606918827,3.22014069408063,1.52655665885959E-16));
#4620=CARTESIAN_POINT('Ctrl Pts',(3.26470700021991,3.28429991011609,2.71379260887037E-16));
#4621=CARTESIAN_POINT('Ctrl Pts',(3.21087830605164,3.35122688187131,3.50259271865339E-16));
#4622=CARTESIAN_POINT('Ctrl Pts',(3.16065894068938,3.42067567527205,4.44089209850063E-16));
#4623=CARTESIAN_POINT('Ctrl Pts',(3.11578464921187,3.48273271990703,5.27932403726962E-16));
#4624=CARTESIAN_POINT('Ctrl Pts',(3.07379256937506,3.54680407738038,4.86677246489956E-16));
#4625=CARTESIAN_POINT('Ctrl Pts',(3.03490901356565,3.61272543410586,4.30211422042248E-16));
#4626=CARTESIAN_POINT('Ctrl Pts',(3.00310893786211,3.66663779090331,3.84032067949696E-16));
#4627=CARTESIAN_POINT('Ctrl Pts',(2.97338850481408,3.72178779976669,7.30512939718677E-16));
#4628=CARTESIAN_POINT('Ctrl Pts',(2.94588995412092,3.77808764745302,8.32667268468867E-16));
#4629=CARTESIAN_POINT('Ctrl Pts',(2.93991383556754,3.79032300371107,8.5486794319402E-16));
#4630=CARTESIAN_POINT('Ctrl Pts',(2.93404635628766,3.80260529393366,4.05233296871858E-16));
#4631=CARTESIAN_POINT('Ctrl Pts',(2.9282906319734,3.81492909747228,4.16333634234434E-16));
#4632=CARTESIAN_POINT('Ctrl Pts',(2.89365065151886,3.88909809695781,4.83139382439848E-16));
#4633=CARTESIAN_POINT('Ctrl Pts',(2.86302983291848,3.96482018984377,8.83452104249217E-16));
#4634=CARTESIAN_POINT('Ctrl Pts',(2.83666745263955,4.04187809349151,8.74300631892311E-16));
#4635=CARTESIAN_POINT('Ctrl Pts',(2.81362973205793,4.10921793284059,8.66303286400812E-16));
#4636=CARTESIAN_POINT('Ctrl Pts',(2.79384457546087,4.17757847057277,7.19575229698815E-16));
#4637=CARTESIAN_POINT('Ctrl Pts',(2.77750379377576,4.24682063744274,7.7715611723761E-16));
#4638=CARTESIAN_POINT('Ctrl Pts',(2.75836673569486,4.32791170117348,7.86269480915102E-16));
#4639=CARTESIAN_POINT('Ctrl Pts',(2.74395311644602,4.41021299792012,6.27481232650467E-16));
#4640=CARTESIAN_POINT('Ctrl Pts',(2.73419156308565,4.4933345727029,6.10622663543836E-16));
#4641=CARTESIAN_POINT('Ctrl Pts',(2.7293824004856,4.53428555191138,6.02317059195333E-16));
#4642=CARTESIAN_POINT('Ctrl Pts',(2.7257031637753,4.57543547745875,7.15044595938501E-16));
#4643=CARTESIAN_POINT('Ctrl Pts',(2.72314970679277,4.61673622830603,6.66133814775094E-16));
#4644=CARTESIAN_POINT('Ctrl Pts',(2.72231675041907,4.63020883579158,6.50178759651217E-16));
#4645=CARTESIAN_POINT('Ctrl Pts',(2.72160351344596,4.64369978321912,9.6978943327944E-16));
#4646=CARTESIAN_POINT('Ctrl Pts',(2.72101023136856,4.65719995827596,9.71445146547012E-16));
#4647=CARTESIAN_POINT('Ctrl Pts',(2.71742500558576,4.73878202105934,9.81450683747655E-16));
#4648=CARTESIAN_POINT('Ctrl Pts',(2.71822489117382,4.82045985862498,4.88217482703107E-16));
#4649=CARTESIAN_POINT('Ctrl Pts',(2.72328386865899,4.90187307081395,4.71844785465692E-16));
#4650=CARTESIAN_POINT('Ctrl Pts',(2.72835773980275,4.98352596396421,4.55423886914175E-16));
#4651=CARTESIAN_POINT('Ctrl Pts',(2.73771617755496,5.06491370123582,5.72969543784495E-16));
#4652=CARTESIAN_POINT('Ctrl Pts',(2.75128337997206,5.14566204063313,5.27355936696949E-16));
#4653=CARTESIAN_POINT('Ctrl Pts',(2.76465274797206,5.22523292279457,4.82407458726861E-16));
#4654=CARTESIAN_POINT('Ctrl Pts',(2.78210948874988,5.30418380866955,2.5856579093023E-16));
#4655=CARTESIAN_POINT('Ctrl Pts',(2.80362456648673,5.38213208720146,8.32667268468867E-17));
#4656=CARTESIAN_POINT('Ctrl Pts',(2.81277891829311,5.4152979429381,8.67953159820536E-18));
#4657=CARTESIAN_POINT('Ctrl Pts',(2.82266848600148,5.44828190598503,3.54055443590834E-16));
#4658=CARTESIAN_POINT('Ctrl Pts',(2.83329317282397,5.48105253542263,2.77555756156289E-16));
#4659=CARTESIAN_POINT('Ctrl Pts',(2.83749412152018,5.49400988045406,2.47308157562744E-16));
#4660=CARTESIAN_POINT('Ctrl Pts',(2.84181030701744,5.50693472102861,3.33066907387547E-16));
#4661=CARTESIAN_POINT('Ctrl Pts',(2.84624085872878,5.51982239242653,3.33066907387547E-16));
#4662=CARTESIAN_POINT('Ctrl Pts',(2.87195309393578,5.59461462144075,3.33066907387547E-16));
#4663=CARTESIAN_POINT('Ctrl Pts',(2.90143033305867,5.6679163219646,5.41501324667623E-16));
#4664=CARTESIAN_POINT('Ctrl Pts',(2.93461985968776,5.73937216021942,6.66133814775094E-16));
#4665=CARTESIAN_POINT('Ctrl Pts',(2.95853150784964,5.79085306510116,7.55926244968345E-16));
#4666=CARTESIAN_POINT('Ctrl Pts',(2.98437097260399,5.84137542569434,5.28983236177547E-16));
#4667=CARTESIAN_POINT('Ctrl Pts',(3.01213097786504,5.89079523943585,6.38378239159465E-16));
#4668=CARTESIAN_POINT('Ctrl Pts',(3.0240617479488,5.91203502054495,6.8539431918596E-16));
#4669=CARTESIAN_POINT('Ctrl Pts',(3.03634739043635,5.93307101126417,5.4838750558969E-16));
#4670=CARTESIAN_POINT('Ctrl Pts',(3.04898786498641,5.95389111643004,6.10622663543836E-16));
#4671=CARTESIAN_POINT('Ctrl Pts',(3.05997628488852,5.97199012506003,6.64723958994855E-16));
#4672=CARTESIAN_POINT('Ctrl Pts',(3.07123507617009,5.98992912863199,6.97318840973935E-16));
#4673=CARTESIAN_POINT('Ctrl Pts',(3.08274934161458,6.00767754841772,6.66133814775094E-16));
#4674=CARTESIAN_POINT('Ctrl Pts',(3.12386274779029,6.07105093468761,5.54783016507141E-16));
#4675=CARTESIAN_POINT('Ctrl Pts',(3.16826342460554,6.13205399810453,5.92041870025892E-16));
#4676=CARTESIAN_POINT('Ctrl Pts',(3.21592714021137,6.1903445573701,3.33066907387547E-16));
#4677=CARTESIAN_POINT('Ctrl Pts',(3.24674575707934,6.2280343259958,1.65617726170688E-16));
#4678=CARTESIAN_POINT('Ctrl Pts',(3.27892925573352,6.26458938117268,-2.91788836509258E-16));
#4679=CARTESIAN_POINT('Ctrl Pts',(3.31247794743053,6.29990775258039,-4.9960036108132E-16));
#4680=CARTESIAN_POINT('Ctrl Pts',(3.33350423847708,6.32204317184549,-5.73649211786167E-16));
#4681=CARTESIAN_POINT('Ctrl Pts',(3.35506691192818,6.3436926406687,-7.17878638696093E-18));
#4682=CARTESIAN_POINT('Ctrl Pts',(3.37714463872956,6.3648467594312,0.));
#4683=CARTESIAN_POINT('Origin',(52.2,5.,1.7667098902285));
#4684=CARTESIAN_POINT('Ctrl Pts',(49.6368581227329,5.00118400064971,-0.233290109771496));
#4685=CARTESIAN_POINT('Ctrl Pts',(49.6363913596219,5.07793415409909,-0.237121069756091));
#4686=CARTESIAN_POINT('Ctrl Pts',(49.6739597630639,5.98991705493143,-0.282664459655377));
#4687=CARTESIAN_POINT('Ctrl Pts',(50.7625308260293,7.64584666821596,-0.369920279469352));
#4688=CARTESIAN_POINT('Ctrl Pts',(53.6040513688617,7.66342608744893,-0.495057569213425));
#4689=CARTESIAN_POINT('Ctrl Pts',(55.1950152980267,5.30917772241564,-0.620194858957495));
#4690=CARTESIAN_POINT('Ctrl Pts',(54.1184757468003,2.67937974118143,-0.745332148701568));
#4691=CARTESIAN_POINT('Ctrl Pts',(51.3332311804647,2.11653892312157,-0.87046943844564));
#4692=CARTESIAN_POINT('Ctrl Pts',(49.7889769916008,3.65467901958553,-0.966455425468949));
#4693=CARTESIAN_POINT('Ctrl Pts',(49.6395718001982,4.74509149512355,-1.02072898257757));
#4694=CARTESIAN_POINT('Ctrl Pts',(49.6415247988603,4.99797984237798,-1.0332901097715));
#4695=CARTESIAN_POINT('Ctrl Pts',(49.6427900907658,4.99752002115389,-0.166709890228505));
#4696=CARTESIAN_POINT('Ctrl Pts',(49.6464931860866,5.55871847872213,-0.194564786648384));
#4697=CARTESIAN_POINT('Ctrl Pts',(50.1006359616865,6.96752482173107,-0.264132112982954));
#4698=CARTESIAN_POINT('Ctrl Pts',(52.4061519755443,8.00327868331429,-0.375411869232214));
#4699=CARTESIAN_POINT('Ctrl Pts',(54.8132420583577,6.49540173005128,-0.500549158976286));
#4700=CARTESIAN_POINT('Ctrl Pts',(54.8937908434497,3.65452043437493,-0.625686448720358));
#4701=CARTESIAN_POINT('Ctrl Pts',(52.5746338889329,2.01255041751123,-0.750823738464429));
#4702=CARTESIAN_POINT('Ctrl Pts',(50.1650246860434,2.93778666973129,-0.864498218967145));
#4703=CARTESIAN_POINT('Ctrl Pts',(49.6459747099415,4.39346038169782,-0.93646026955517));
#4704=CARTESIAN_POINT('Ctrl Pts',(49.6409407461646,5.00211666517519,-0.966709890228505));
#4705=CARTESIAN_POINT('Ctrl Pts',(53.8199256943887,6.36291222925736,2.77555756156289E-16));
#4706=CARTESIAN_POINT('Ctrl Pts',(54.2664275414123,5.83221054571633,-0.0417124299146902));
#4707=CARTESIAN_POINT('Ctrl Pts',(54.5903725462337,4.30667044074478,-0.125137289744071));
#4708=CARTESIAN_POINT('Ctrl Pts',(52.9468498742051,2.62334437183277,-0.250274579488143));
#4709=CARTESIAN_POINT('Ctrl Pts',(50.6377257296731,3.06183759795395,-0.375411869232214));
#4710=CARTESIAN_POINT('Ctrl Pts',(49.7202691459344,5.22411044913141,-0.500549158976286));
#4711=CARTESIAN_POINT('Ctrl Pts',(51.0112803744938,7.18799117055202,-0.625686448720357));
#4712=CARTESIAN_POINT('Ctrl Pts',(53.3610846671407,7.20252852622242,-0.75082373846443));
#4713=CARTESIAN_POINT('Ctrl Pts',(54.676737260126,5.25567548373199,-0.8759610282085));
#4714=CARTESIAN_POINT('Ctrl Pts',(53.7864895140533,3.08095582503166,-1.00109831795257));
#4715=CARTESIAN_POINT('Ctrl Pts',(51.4832228160327,2.61551285165952,-1.12623560769664));
#4716=CARTESIAN_POINT('Ctrl Pts',(49.8183594759328,4.27378457726487,-1.25137289744071));
#4717=CARTESIAN_POINT('Ctrl Pts',(50.2747103850055,6.57888062477082,-1.37651018718479));
#4718=CARTESIAN_POINT('Ctrl Pts',(52.4458276431542,7.47773244149525,-1.50164747692886));
#4719=CARTESIAN_POINT('Ctrl Pts',(54.3979972874218,6.16978821686061,-1.62678476667293));
#4720=CARTESIAN_POINT('Ctrl Pts',(54.3925136479333,3.81996605553639,-1.751922056417));
#4721=CARTESIAN_POINT('Ctrl Pts',(52.4342604358627,2.52114610137958,-1.87705934616107));
#4722=CARTESIAN_POINT('Ctrl Pts',(50.2673624496881,3.43012495102461,-2.00219663590515));
#4723=CARTESIAN_POINT('Ctrl Pts',(49.8217744090693,5.73731843324653,-2.12733392564921));
#4724=CARTESIAN_POINT('Ctrl Pts',(51.494360801995,7.38781669961691,-2.25247121539329));
#4725=CARTESIAN_POINT('Ctrl Pts',(53.7954270533195,6.91159826090359,-2.37760850513736));
#4726=CARTESIAN_POINT('Ctrl Pts',(54.6755209730051,4.73280852845812,-2.50274579488143));
#4727=CARTESIAN_POINT('Ctrl Pts',(53.3507840163928,2.79199377546782,-2.6278830846255));
#4728=CARTESIAN_POINT('Ctrl Pts',(51.001097509336,2.81774699263978,-2.75302037436957));
#4729=CARTESIAN_POINT('Ctrl Pts',(49.7192174236007,4.78713102107934,-2.87815766411365));
#4730=CARTESIAN_POINT('Ctrl Pts',(50.6468544995717,6.94610747987612,-3.00329495385772));
#4731=CARTESIAN_POINT('Ctrl Pts',(52.9578056565206,7.37177697524629,-3.12843224360179));
#4732=CARTESIAN_POINT('Ctrl Pts',(54.5938148244881,5.68501544240413,-3.25356953334586));
#4733=CARTESIAN_POINT('Ctrl Pts',(54.0977647610121,3.38814283685649,-3.37870682308993));
#4734=CARTESIAN_POINT('Ctrl Pts',(51.9114647111803,2.52687574239267,-3.503844112834));
#4735=CARTESIAN_POINT('Ctrl Pts',(49.9821487153791,3.86830559463914,-3.62898140257808));
#4736=CARTESIAN_POINT('Ctrl Pts',(50.0281709440522,6.21768133496319,-3.75411869232214));
#4737=CARTESIAN_POINT('Ctrl Pts',(52.0085364078689,7.48252811097292,-3.87925598206622));
#4738=CARTESIAN_POINT('Ctrl Pts',(54.159436464471,6.53629722638509,-4.00439327181029));
#4739=CARTESIAN_POINT('Ctrl Pts',(54.5651440809643,4.22176997723244,-4.12953056155436));
#4740=CARTESIAN_POINT('Ctrl Pts',(52.8643564141407,2.60035209277053,-4.25466785129843));
#4741=CARTESIAN_POINT('Ctrl Pts',(50.5718010489256,3.11623632469512,-4.37980514104251));
#4742=CARTESIAN_POINT('Ctrl Pts',(49.7295201527962,5.30980451522371,-4.50494243078657));
#4743=CARTESIAN_POINT('Ctrl Pts',(51.0873512003837,7.22763829182155,-4.63007972053065));
#4744=CARTESIAN_POINT('Ctrl Pts',(53.4366278033633,7.16102806042944,-4.75521701027471));
#4745=CARTESIAN_POINT('Ctrl Pts',(54.6835683329399,5.17047794006475,-4.88035430001879));
#4746=CARTESIAN_POINT('Ctrl Pts',(53.7203921064276,3.02650448386322,-5.00549158976286));
#4747=CARTESIAN_POINT('Ctrl Pts',(51.3991786786927,2.64346186136006,-5.13062887950694));
#4748=CARTESIAN_POINT('Ctrl Pts',(50.3342250154985,3.78279792823168,-5.21405373933631));
#4749=CARTESIAN_POINT('Ctrl Pts',(50.154949137336,4.45277429782828,-5.255766169251));
#4750=CARTESIAN_POINT('Ctrl Pts',(53.9329200389981,6.45797916636348,0.085255389750335));
#4751=CARTESIAN_POINT('Ctrl Pts',(54.4105666377508,5.89025955717159,0.0435429598356445));
#4752=CARTESIAN_POINT('Ctrl Pts',(54.7571077120315,4.25830876624469,-0.0398818999937362));
#4753=CARTESIAN_POINT('Ctrl Pts',(52.9989447402535,2.45756599940668,-0.165019189737808));
#4754=CARTESIAN_POINT('Ctrl Pts',(50.5287527330182,2.92664535356623,-0.290156479481879));
#4755=CARTESIAN_POINT('Ctrl Pts',(49.5473009884236,5.23974277931015,-0.415293769225951));
#4756=CARTESIAN_POINT('Ctrl Pts',(50.9283638583389,7.34060966977334,-0.540431058970022));
#4757=CARTESIAN_POINT('Ctrl Pts',(53.4420735677144,7.35616104663126,-0.665568348714095));
#4758=CARTESIAN_POINT('Ctrl Pts',(54.8494966060929,5.27350956329321,-0.790705638458165));
#4759=CARTESIAN_POINT('Ctrl Pts',(53.8971515916356,2.94709713041492,-0.915842928202239));
#4760=CARTESIAN_POINT('Ctrl Pts',(51.4332256041767,2.44918820881354,-1.04098021794631));
#4761=CARTESIAN_POINT('Ctrl Pts',(49.6522333930858,4.22312902187648,-1.16611750769038));
#4762=CARTESIAN_POINT('Ctrl Pts',(50.1404160534919,6.68901196106013,-1.29125479743445));
#4763=CARTESIAN_POINT('Ctrl Pts',(52.462974808312,7.65056120414403,-1.41639208717852));
#4764=CARTESIAN_POINT('Ctrl Pts',(54.5513137412603,6.25138421435222,-1.5415293769226));
#4765=CARTESIAN_POINT('Ctrl Pts',(54.5454476025915,3.73765538990934,-1.66666666666667));
#4766=CARTESIAN_POINT('Ctrl Pts',(52.4506007559835,2.34823911396203,-1.79180395641074));
#4767=CARTESIAN_POINT('Ctrl Pts',(50.1325555791498,3.32062177881612,-1.91694124615481));
#4768=CARTESIAN_POINT('Ctrl Pts',(49.6558865273526,5.78874845464918,-2.04207853589889));
#4769=CARTESIAN_POINT('Ctrl Pts',(51.4451404957888,7.55437358796996,-2.16721582564295));
#4770=CARTESIAN_POINT('Ctrl Pts',(53.9067125492446,7.04493758220423,-2.29235311538703));
#4771=CARTESIAN_POINT('Ctrl Pts',(54.8481954795461,4.71417117656187,-2.41749040513109));
#4772=CARTESIAN_POINT('Ctrl Pts',(53.4310544177882,2.63797917029261,-2.54262769487517));
#4773=CARTESIAN_POINT('Ctrl Pts',(50.9174707098769,2.66552874633832,-2.66776498461924));
#4774=CARTESIAN_POINT('Ctrl Pts',(49.5461759055177,4.77228281486585,-2.79290227436331));
#4775=CARTESIAN_POINT('Ctrl Pts',(50.5385182601307,7.08185391564768,-2.91803956410738));
#4776=CARTESIAN_POINT('Ctrl Pts',(53.010664719005,7.5372150479961,-3.04317685385146));
#4777=CARTESIAN_POINT('Ctrl Pts',(54.7607900988147,5.73279718401727,-3.16831414359552));
#4778=CARTESIAN_POINT('Ctrl Pts',(54.2301391570329,3.27571129485167,-3.2934514333396));
#4779=CARTESIAN_POINT('Ctrl Pts',(51.8913385683765,2.3543684134492,-3.41858872308367));
#4780=CARTESIAN_POINT('Ctrl Pts',(49.8274473897473,3.78936674696556,-3.54372601282774));
#4781=CARTESIAN_POINT('Ctrl Pts',(49.876679797495,6.30261801129584,-3.66886330257181));
#4782=CARTESIAN_POINT('Ctrl Pts',(51.9951812872085,7.65569138497086,-3.79400059231588));
#4783=CARTESIAN_POINT('Ctrl Pts',(54.2961126341704,6.64345825162342,-3.91913788205995));
#4784=CARTESIAN_POINT('Ctrl Pts',(54.7301194908001,4.16748625811954,-4.04427517180403));
#4785=CARTESIAN_POINT('Ctrl Pts',(52.9106971307939,2.43296994462021,-4.1694124615481));
#4786=CARTESIAN_POINT('Ctrl Pts',(50.45822962154,2.98483854353309,-4.29454975129217));
#4787=CARTESIAN_POINT('Ctrl Pts',(49.5571972788691,5.33141424601321,-4.41968704103624));
#4788=CARTESIAN_POINT('Ctrl Pts',(51.0097408369401,7.38302228855859,-4.54482433078032));
#4789=CARTESIAN_POINT('Ctrl Pts',(53.5228860488192,7.31176580736225,-4.66996162052438));
#4790=CARTESIAN_POINT('Ctrl Pts',(54.8568041653273,5.18236925284206,-4.79509891026846));
#4791=CARTESIAN_POINT('Ctrl Pts',(53.8264437050967,2.88884765601743,-4.92023620001252));
#4792=CARTESIAN_POINT('Ctrl Pts',(51.3433191533677,2.47908674005357,-5.0453734897566));
#4793=CARTESIAN_POINT('Ctrl Pts',(50.2040819957954,3.69789468184633,-5.12879834958598));
#4794=CARTESIAN_POINT('Ctrl Pts',(50.0123011240845,4.41460377569601,-5.17051077950067));
#4795=CARTESIAN_POINT('Ctrl Pts',(54.0459143836075,6.55304610346961,0.17051077950067));
#4796=CARTESIAN_POINT('Ctrl Pts',(54.5547057340893,5.94830856862684,0.128798349585979));
#4797=CARTESIAN_POINT('Ctrl Pts',(54.9238428778292,4.2099470917446,0.0453734897565987));
#4798=CARTESIAN_POINT('Ctrl Pts',(53.0510396063018,2.29178762698059,-0.0797637999874732));
#4799=CARTESIAN_POINT('Ctrl Pts',(50.4197797363634,2.79145310917852,-0.204901089731545));
#4800=CARTESIAN_POINT('Ctrl Pts',(49.3743328309128,5.25537510948889,-0.330038379475616));
#4801=CARTESIAN_POINT('Ctrl Pts',(50.8454473421841,7.49322816899465,-0.455175669219687));
#4802=CARTESIAN_POINT('Ctrl Pts',(53.5230624682881,7.5097935670401,-0.58031295896376));
#4803=CARTESIAN_POINT('Ctrl Pts',(55.0222559520598,5.29134364285442,-0.70545024870783));
#4804=CARTESIAN_POINT('Ctrl Pts',(54.007813669218,2.81323843579818,-0.830587538451903));
#4805=CARTESIAN_POINT('Ctrl Pts',(51.3832283923206,2.28286356596755,-0.955724828195973));
#4806=CARTESIAN_POINT('Ctrl Pts',(49.4861073102387,4.1724734664881,-1.08086211794005));
#4807=CARTESIAN_POINT('Ctrl Pts',(50.0061217219783,6.79914329734944,-1.20599940768412));
#4808=CARTESIAN_POINT('Ctrl Pts',(52.48012197347,7.82338996679282,-1.33113669742819));
#4809=CARTESIAN_POINT('Ctrl Pts',(54.7046301950987,6.33298021184383,-1.45627398717226));
#4810=CARTESIAN_POINT('Ctrl Pts',(54.6983815572498,3.6553447242823,-1.58141127691633));
#4811=CARTESIAN_POINT('Ctrl Pts',(52.4669410761043,2.17533212654448,-1.7065485666604));
#4812=CARTESIAN_POINT('Ctrl Pts',(49.9977487086117,3.21111860660764,-1.83168585640447));
#4813=CARTESIAN_POINT('Ctrl Pts',(49.489998645636,5.84017847605182,-1.95682314614855));
#4814=CARTESIAN_POINT('Ctrl Pts',(51.3959201895825,7.72093047632303,-2.08196043589262));
#4815=CARTESIAN_POINT('Ctrl Pts',(54.0179980451698,7.17827690350484,-2.20709772563669));
#4816=CARTESIAN_POINT('Ctrl Pts',(55.020869986087,4.69553382466563,-2.33223501538076));
#4817=CARTESIAN_POINT('Ctrl Pts',(53.5113248191835,2.4839645651174,-2.45737230512483));
#4818=CARTESIAN_POINT('Ctrl Pts',(50.8338439104179,2.51331050003686,-2.5825095948689));
#4819=CARTESIAN_POINT('Ctrl Pts',(49.3731343874348,4.75743460865236,-2.70764688461298));
#4820=CARTESIAN_POINT('Ctrl Pts',(50.4301820206897,7.21760035141923,-2.83278417435705));
#4821=CARTESIAN_POINT('Ctrl Pts',(53.0635237814895,7.70265312074592,-2.95792146410112));
#4822=CARTESIAN_POINT('Ctrl Pts',(54.9277653731413,5.78057892563041,-3.08305875384519));
#4823=CARTESIAN_POINT('Ctrl Pts',(54.3625135530538,3.16327975284686,-3.20819604358926));
#4824=CARTESIAN_POINT('Ctrl Pts',(51.8712124255726,2.18186108450571,-3.33333333333333));
#4825=CARTESIAN_POINT('Ctrl Pts',(49.6727460641156,3.710427899292,-3.45847062307741));
#4826=CARTESIAN_POINT('Ctrl Pts',(49.7251886509378,6.38755468762849,-3.58360791282148));
#4827=CARTESIAN_POINT('Ctrl Pts',(51.9818261665482,7.82885465896882,-3.70874520256555));
#4828=CARTESIAN_POINT('Ctrl Pts',(54.4327888038698,6.75061927686174,-3.83388249230962));
#4829=CARTESIAN_POINT('Ctrl Pts',(54.8950949006359,4.11320253900664,-3.95901978205369));
#4830=CARTESIAN_POINT('Ctrl Pts',(52.9570378474471,2.2655877964699,-4.08415707179776));
#4831=CARTESIAN_POINT('Ctrl Pts',(50.3446581941543,2.85344076237105,-4.20929436154183));
#4832=CARTESIAN_POINT('Ctrl Pts',(49.384874404942,5.35302397680272,-4.3344316512859));
#4833=CARTESIAN_POINT('Ctrl Pts',(50.9321304734965,7.53840628529561,-4.45956894102998));
#4834=CARTESIAN_POINT('Ctrl Pts',(53.609144294275,7.46250355429506,-4.58470623077404));
#4835=CARTESIAN_POINT('Ctrl Pts',(55.0300399977148,5.19426056561936,-4.70984352051812));
#4836=CARTESIAN_POINT('Ctrl Pts',(53.9324953037657,2.75119082817165,-4.83498081026219));
#4837=CARTESIAN_POINT('Ctrl Pts',(51.2874596280428,2.31471161874708,-4.96011810000627));
#4838=CARTESIAN_POINT('Ctrl Pts',(50.0739389760923,3.61299143546098,-5.04354295983565));
#4839=CARTESIAN_POINT('Ctrl Pts',(49.8696531108331,4.37643325356374,-5.08525538975034));
#4840=CARTESIAN_POINT('Ctrl Pts',(54.1589087282169,6.64811304057573,0.255766169251004));
#4841=CARTESIAN_POINT('Ctrl Pts',(54.6988448304277,6.0063575800821,0.214053739336314));
#4842=CARTESIAN_POINT('Ctrl Pts',(55.0905780436269,4.16158541724452,0.130628879506933));
#4843=CARTESIAN_POINT('Ctrl Pts',(53.1031344723502,2.12600925455451,0.00549158976286142));
#4844=CARTESIAN_POINT('Ctrl Pts',(50.3108067397085,2.6562608647908,-0.11964569998121));
#4845=CARTESIAN_POINT('Ctrl Pts',(49.2013646734021,5.27100743966764,-0.244782989725282));
#4846=CARTESIAN_POINT('Ctrl Pts',(50.7625308260293,7.64584666821596,-0.369920279469352));
#4847=CARTESIAN_POINT('Ctrl Pts',(53.6040513688617,7.66342608744893,-0.495057569213425));
#4848=CARTESIAN_POINT('Ctrl Pts',(55.1950152980267,5.30917772241564,-0.620194858957495));
#4849=CARTESIAN_POINT('Ctrl Pts',(54.1184757468003,2.67937974118143,-0.745332148701568));
#4850=CARTESIAN_POINT('Ctrl Pts',(51.3332311804647,2.11653892312157,-0.87046943844564));
#4851=CARTESIAN_POINT('Ctrl Pts',(49.3199812273916,4.12181791109971,-0.995606728189711));
#4852=CARTESIAN_POINT('Ctrl Pts',(49.8718273904649,6.90927463363876,-1.12074401793378));
#4853=CARTESIAN_POINT('Ctrl Pts',(52.4972691386277,7.9962187294416,-1.24588130767785));
#4854=CARTESIAN_POINT('Ctrl Pts',(54.8579466489371,6.41457620933545,-1.37101859742193));
#4855=CARTESIAN_POINT('Ctrl Pts',(54.851315511908,3.57303405865525,-1.496155887166));
#4856=CARTESIAN_POINT('Ctrl Pts',(52.4832813962251,2.00242513912694,-1.62129317691007));
#4857=CARTESIAN_POINT('Ctrl Pts',(49.8629418380734,3.10161543439915,-1.74643046665414));
#4858=CARTESIAN_POINT('Ctrl Pts',(49.3241107639194,5.89160849745448,-1.87156775639821));
#4859=CARTESIAN_POINT('Ctrl Pts',(51.3466998833761,7.88748736467608,-1.99670504614228));
#4860=CARTESIAN_POINT('Ctrl Pts',(54.1292835410949,7.31161622480548,-2.12184233588636));
#4861=CARTESIAN_POINT('Ctrl Pts',(55.1935444926279,4.67689647276939,-2.24697962563042));
#4862=CARTESIAN_POINT('Ctrl Pts',(53.5915952205789,2.32994995994219,-2.3721169153745));
#4863=CARTESIAN_POINT('Ctrl Pts',(50.7502171109589,2.3610922537354,-2.49725420511857));
#4864=CARTESIAN_POINT('Ctrl Pts',(49.2000928693518,4.74258640243887,-2.62239149486264));
#4865=CARTESIAN_POINT('Ctrl Pts',(50.3218457812487,7.35334678719079,-2.74752878460671));
#4866=CARTESIAN_POINT('Ctrl Pts',(53.1163828439739,7.86809119349573,-2.87266607435079));
#4867=CARTESIAN_POINT('Ctrl Pts',(55.0947406474679,5.82836066724354,-2.99780336409485));
#4868=CARTESIAN_POINT('Ctrl Pts',(54.4948879490746,3.05084821084205,-3.12294065383893));
#4869=CARTESIAN_POINT('Ctrl Pts',(51.8510862827688,2.00935375556224,-3.248077943583));
#4870=CARTESIAN_POINT('Ctrl Pts',(49.5180447384839,3.63148905161842,-3.37321523332707));
#4871=CARTESIAN_POINT('Ctrl Pts',(49.5736975043806,6.47249136396115,-3.49835252307114));
#4872=CARTESIAN_POINT('Ctrl Pts',(51.9684710458878,8.00201793296676,-3.62348981281522));
#4873=CARTESIAN_POINT('Ctrl Pts',(54.5694649735691,6.85778030210007,-3.74862710255928));
#4874=CARTESIAN_POINT('Ctrl Pts',(55.0600703104717,4.05891881989374,-3.87376439230336));
#4875=CARTESIAN_POINT('Ctrl Pts',(53.0033785641003,2.09820564831959,-3.99890168204743));
#4876=CARTESIAN_POINT('Ctrl Pts',(50.2310867667687,2.72204298120902,-4.1240389717915));
#4877=CARTESIAN_POINT('Ctrl Pts',(49.2125515310149,5.37463370759222,-4.24917626153557));
#4878=CARTESIAN_POINT('Ctrl Pts',(50.854520110053,7.69379028203266,-4.37431355127964));
#4879=CARTESIAN_POINT('Ctrl Pts',(53.6954025397308,7.61324130122786,-4.49945084102371));
#4880=CARTESIAN_POINT('Ctrl Pts',(55.2032758301021,5.20615187839667,-4.62458813076779));
#4881=CARTESIAN_POINT('Ctrl Pts',(54.0385469024348,2.61353400032586,-4.74972542051185));
#4882=CARTESIAN_POINT('Ctrl Pts',(51.2316001027177,2.1503364974406,-4.87486271025593));
#4883=CARTESIAN_POINT('Ctrl Pts',(49.9437959563893,3.52808818907563,-4.95828757008531));
#4884=CARTESIAN_POINT('Ctrl Pts',(49.7270050975816,4.33826273143146,-5.));
#4885=CARTESIAN_POINT('Ctrl Pts',(49.7270050975816,4.33826273143146,-5.));
#4886=CARTESIAN_POINT('Ctrl Pts',(49.7564355741739,4.25698031961838,-5.));
#4887=CARTESIAN_POINT('Ctrl Pts',(49.7902206145173,4.1775666051772,-5.));
#4888=CARTESIAN_POINT('Ctrl Pts',(49.8280487301289,4.10022313236213,-5.));
#4889=CARTESIAN_POINT('Ctrl Pts',(49.8676141515241,4.01932755919886,-5.));
#4890=CARTESIAN_POINT('Ctrl Pts',(49.9116030540498,3.94069587903229,-5.));
#4891=CARTESIAN_POINT('Ctrl Pts',(49.9597081231712,3.86458984761713,-5.));
#4892=CARTESIAN_POINT('Ctrl Pts',(50.0018000586523,3.79799707012887,-5.));
#4893=CARTESIAN_POINT('Ctrl Pts',(50.0470445550234,3.73333818613877,-5.));
#4894=CARTESIAN_POINT('Ctrl Pts',(50.0952591079048,3.67081466203422,-5.));
#4895=CARTESIAN_POINT('Ctrl Pts',(50.1189041212438,3.64015235214841,-5.));
#4896=CARTESIAN_POINT('Ctrl Pts',(50.1432637304342,3.61000401249125,-5.));
#4897=CARTESIAN_POINT('Ctrl Pts',(50.1683177939717,3.58039595478298,-5.));
#4898=CARTESIAN_POINT('Ctrl Pts',(50.1816314189907,3.56466235622811,-5.));
#4899=CARTESIAN_POINT('Ctrl Pts',(50.1951411583093,3.54908135332289,-5.));
#4900=CARTESIAN_POINT('Ctrl Pts',(50.2088440685587,3.53365710696262,-5.));
#4901=CARTESIAN_POINT('Ctrl Pts',(50.2176530071859,3.52374160455581,-5.));
#4902=CARTESIAN_POINT('Ctrl Pts',(50.226543351831,3.51388917185399,-5.));
#4903=CARTESIAN_POINT('Ctrl Pts',(50.2355091835815,3.50410654955853,-5.));
#4904=CARTESIAN_POINT('Ctrl Pts',(50.2941183745539,3.44015803989596,-5.));
#4905=CARTESIAN_POINT('Ctrl Pts',(50.355798650483,3.37935251943243,-5.));
#4906=CARTESIAN_POINT('Ctrl Pts',(50.4202716143688,3.32191899217557,-5.));
#4907=CARTESIAN_POINT('Ctrl Pts',(50.4844489583521,3.26474880776353,-5.));
#4908=CARTESIAN_POINT('Ctrl Pts',(50.5513942603938,3.21091923626031,-5.));
#4909=CARTESIAN_POINT('Ctrl Pts',(50.6208608421747,3.16069914392849,-5.));
#4910=CARTESIAN_POINT('Ctrl Pts',(50.6829319614488,3.1158255189254,-5.));
#4911=CARTESIAN_POINT('Ctrl Pts',(50.7470168435673,3.07383405686878,-5.));
#4912=CARTESIAN_POINT('Ctrl Pts',(50.8129506442351,3.03495099015127,-5.));
#4913=CARTESIAN_POINT('Ctrl Pts',(50.8668691842567,3.00315366969148,-5.));
#4914=CARTESIAN_POINT('Ctrl Pts',(50.9220244702254,2.97343559800623,-5.));
#4915=CARTESIAN_POINT('Ctrl Pts',(50.9783284048777,2.94593893754625,-5.));
#4916=CARTESIAN_POINT('Ctrl Pts',(50.9905706197522,2.93996031406704,-5.));
#4917=CARTESIAN_POINT('Ctrl Pts',(51.0028597774406,2.93409040383795,-5.));
#4918=CARTESIAN_POINT('Ctrl Pts',(51.0151904207711,2.928332338828,-5.));
#4919=CARTESIAN_POINT('Ctrl Pts',(51.0893728414201,2.89369122649953,-5.));
#4920=CARTESIAN_POINT('Ctrl Pts',(51.1651065504482,2.86306936324344,-5.));
#4921=CARTESIAN_POINT('Ctrl Pts',(51.2421735880977,2.83670595727135,-5.));
#4922=CARTESIAN_POINT('Ctrl Pts',(51.3095147230133,2.81366962769975,-5.));
#4923=CARTESIAN_POINT('Ctrl Pts',(51.3778744589027,2.79388523144252,-5.));
#4924=CARTESIAN_POINT('Ctrl Pts',(51.4471132963729,2.77754447896443,-5.));
#4925=CARTESIAN_POINT('Ctrl Pts',(51.528203458197,2.75840674772586,-5.));
#4926=CARTESIAN_POINT('Ctrl Pts',(51.6105004739199,2.74399180115774,-5.));
#4927=CARTESIAN_POINT('Ctrl Pts',(51.6936150283904,2.73422838743531,-5.));
#4928=CARTESIAN_POINT('Ctrl Pts',(51.734564793767,2.7294180446048,-5.));
#4929=CARTESIAN_POINT('Ctrl Pts',(51.77571286213,2.7257376220857,-5.));
#4930=CARTESIAN_POINT('Ctrl Pts',(51.8170111804942,2.72318298744902,-5.));
#4931=CARTESIAN_POINT('Ctrl Pts',(51.8304827484572,2.72234966213478,-5.));
#4932=CARTESIAN_POINT('Ctrl Pts',(51.8439725967706,2.72163605255527,-5.));
#4933=CARTESIAN_POINT('Ctrl Pts',(51.8574716076592,2.72104239525985,-5.));
#4934=CARTESIAN_POINT('Ctrl Pts',(51.9390439579911,2.71745501976412,-5.));
#4935=CARTESIAN_POINT('Ctrl Pts',(52.0207099364933,2.71825236816219,-5.));
#4936=CARTESIAN_POINT('Ctrl Pts',(52.1021097731217,2.72330854150039,-5.));
#4937=CARTESIAN_POINT('Ctrl Pts',(52.183749352098,2.72837960650076,-5.));
#4938=CARTESIAN_POINT('Ctrl Pts',(52.2651222477106,2.73773497987945,-5.));
#4939=CARTESIAN_POINT('Ctrl Pts',(52.3458548374656,2.7512989783762,-5.));
#4940=CARTESIAN_POINT('Ctrl Pts',(52.4254135305235,2.76466574880084,-5.));
#4941=CARTESIAN_POINT('Ctrl Pts',(52.5043512925661,2.78212009823888,-5.));
#4942=CARTESIAN_POINT('Ctrl Pts',(52.5822860619861,2.80363310304922,-5.));
#4943=CARTESIAN_POINT('Ctrl Pts',(52.615461232391,2.81279073071419,-5.));
#4944=CARTESIAN_POINT('Ctrl Pts',(52.6484542752222,2.82268430008671,-5.));
#4945=CARTESIAN_POINT('Ctrl Pts',(52.6812337495531,2.83331372376209,-5.));
#4946=CARTESIAN_POINT('Ctrl Pts',(52.6941737381504,2.83750978315484,-5.));
#4947=CARTESIAN_POINT('Ctrl Pts',(52.7070813000593,2.8418208268703,-5.));
#4948=CARTESIAN_POINT('Ctrl Pts',(52.7199517572704,2.8462459767576,-5.));
#4949=CARTESIAN_POINT('Ctrl Pts',(52.7947310873062,2.87195677618391,-5.));
#4950=CARTESIAN_POINT('Ctrl Pts',(52.8680198621462,2.90143300849936,-5.));
#4951=CARTESIAN_POINT('Ctrl Pts',(52.9394632708969,2.93462206425621,-5.));
#4952=CARTESIAN_POINT('Ctrl Pts',(52.9909300168189,2.95853095564172,-5.));
#4953=CARTESIAN_POINT('Ctrl Pts',(53.0414386694849,2.98436755229459,-5.));
#4954=CARTESIAN_POINT('Ctrl Pts',(53.0908454695745,3.01212462342097,-5.));
#4955=CARTESIAN_POINT('Ctrl Pts',(53.1120855176999,3.02405742468469,-5.));
#4956=CARTESIAN_POINT('Ctrl Pts',(53.1331217913852,3.03634528202277,-5.));
#4957=CARTESIAN_POINT('Ctrl Pts',(53.1539422053143,3.048988158681,-5.));
#4958=CARTESIAN_POINT('Ctrl Pts',(53.1720281563141,3.0599705747135,-5.));
#4959=CARTESIAN_POINT('Ctrl Pts',(53.1899543501739,3.07122310144651,-5.));
#4960=CARTESIAN_POINT('Ctrl Pts',(53.2076902628288,3.08273086125692,-5.));
#4961=CARTESIAN_POINT('Ctrl Pts',(53.271057941859,3.1238463112601,-5.));
#4962=CARTESIAN_POINT('Ctrl Pts',(53.3320562350989,3.1682500100195,-5.));
#4963=CARTESIAN_POINT('Ctrl Pts',(53.3903433930503,3.2159178241767,-5.));
#4964=CARTESIAN_POINT('Ctrl Pts',(53.4280184926084,3.24672889315335,-5.));
#4965=CARTESIAN_POINT('Ctrl Pts',(53.4645602010649,3.27890439130648,-5.));
#4966=CARTESIAN_POINT('Ctrl Pts',(53.4998667703454,3.31244465951352,-5.));
#4967=CARTESIAN_POINT('Ctrl Pts',(53.5219998233969,3.33347045020112,-5.));
#4968=CARTESIAN_POINT('Ctrl Pts',(53.5436473124315,3.35503270088349,-5.));
#4969=CARTESIAN_POINT('Ctrl Pts',(53.5647998119873,3.37711007855836,-5.));
#4970=CARTESIAN_POINT('Ctrl Pts',(53.8199256943887,6.36291222925736,2.77555756156289E-16));
#4971=CARTESIAN_POINT('Ctrl Pts',(53.8734039378541,6.31130941608307,3.03132809797637E-16));
#4972=CARTESIAN_POINT('Ctrl Pts',(53.9237571569305,6.25685734928383,1.3452626869594E-16));
#4973=CARTESIAN_POINT('Ctrl Pts',(53.9709887752733,6.19992278464283,1.02348685082632E-16));
#4974=CARTESIAN_POINT('Ctrl Pts',(54.0195319299508,6.14140725045546,6.92775883619669E-17));
#4975=CARTESIAN_POINT('Ctrl Pts',(54.064778168283,6.08026896344288,3.6336641352015E-16));
#4976=CARTESIAN_POINT('Ctrl Pts',(54.1067042167661,6.0168584813878,3.60822483003176E-16));
#4977=CARTESIAN_POINT('Ctrl Pts',(54.1467408197451,5.95630566549883,3.58393197635263E-16));
#4978=CARTESIAN_POINT('Ctrl Pts',(54.183749830273,5.89367996592364,5.15084222436845E-16));
#4979=CARTESIAN_POINT('Ctrl Pts',(54.2176833253092,5.82925457652603,5.62050406216485E-16));
#4980=CARTESIAN_POINT('Ctrl Pts',(54.2325292293875,5.80106846866457,5.82598111620078E-16));
#4981=CARTESIAN_POINT('Ctrl Pts',(54.2467860860773,5.77253753825706,5.68757483893197E-16));
#4982=CARTESIAN_POINT('Ctrl Pts',(54.2604480380584,5.7436832222763,5.96744875736022E-16));
#4983=CARTESIAN_POINT('Ctrl Pts',(54.269556166576,5.72444667257964,6.15403465820896E-16));
#4984=CARTESIAN_POINT('Ctrl Pts',(54.2783998599438,5.70506637416001,6.35250729674736E-16));
#4985=CARTESIAN_POINT('Ctrl Pts',(54.2869770828498,5.68554850809595,6.52256026967279E-16));
#4986=CARTESIAN_POINT('Ctrl Pts',(54.2919720028509,5.67418233740747,6.6215901077714E-16));
#4987=CARTESIAN_POINT('Ctrl Pts',(54.2968754093427,5.66277196322712,4.66205586351743E-16));
#4988=CARTESIAN_POINT('Ctrl Pts',(54.3016829719009,5.65132864052659,4.71844785465692E-16));
#4989=CARTESIAN_POINT('Ctrl Pts',(54.3326950760256,5.57751129320649,5.08221520658387E-16));
#4990=CARTESIAN_POINT('Ctrl Pts',(54.3597731826426,5.50221021006239,9.72214761993754E-16));
#4991=CARTESIAN_POINT('Ctrl Pts',(54.3828923444593,5.42580512808858,8.60422844084496E-16));
#4992=CARTESIAN_POINT('Ctrl Pts',(54.4063856894399,5.34816343141688,7.46821576257393E-16));
#4993=CARTESIAN_POINT('Ctrl Pts',(54.4257914026815,5.26938089794631,3.80691682971113E-16));
#4994=CARTESIAN_POINT('Ctrl Pts',(54.4410428127953,5.18982088548511,2.91433543964104E-16));
#4995=CARTESIAN_POINT('Ctrl Pts',(54.4543705001973,5.12029610267042,2.13433898954848E-16));
#4996=CARTESIAN_POINT('Ctrl Pts',(54.464525348806,5.05017668036341,5.32567097281513E-16));
#4997=CARTESIAN_POINT('Ctrl Pts',(54.471433666884,4.97969136238715,5.41233724504764E-16));
#4998=CARTESIAN_POINT('Ctrl Pts',(54.4744345727036,4.94907322950406,5.44998422623301E-16));
#4999=CARTESIAN_POINT('Ctrl Pts',(54.4768225066224,4.91838593763372,4.61697988124555E-16));
#5000=CARTESIAN_POINT('Ctrl Pts',(54.4785896600801,4.88764785850831,4.30211422042248E-16));
#5001=CARTESIAN_POINT('Ctrl Pts',(54.4794179039579,4.87324128519165,4.15454041761464E-16));
#5002=CARTESIAN_POINT('Ctrl Pts',(54.4801097659652,4.85882355359654,2.63998780963274E-16));
#5003=CARTESIAN_POINT('Ctrl Pts',(54.4806643563234,4.84439654866163,2.63677968348475E-16));
#5004=CARTESIAN_POINT('Ctrl Pts',(54.4811500321149,4.83176227376439,2.63397020585293E-16));
#5005=CARTESIAN_POINT('Ctrl Pts',(54.4815303076298,4.81912230797579,6.67398079709413E-16));
#5006=CARTESIAN_POINT('Ctrl Pts',(54.4818045601996,4.80649024757555,6.66133814775094E-16));
#5007=CARTESIAN_POINT('Ctrl Pts',(54.4836160903321,4.72305125531663,6.57782921197518E-16));
#5008=CARTESIAN_POINT('Ctrl Pts',(54.480811674976,4.63981431250305,3.14509366104044E-16));
#5009=CARTESIAN_POINT('Ctrl Pts',(54.4733320903031,4.55715952506901,3.33066907387547E-16));
#5010=CARTESIAN_POINT('Ctrl Pts',(54.4669427833655,4.48655309037147,3.48919368780981E-16));
#5011=CARTESIAN_POINT('Ctrl Pts',(54.45714135987,4.41637060849788,2.751228142388E-16));
#5012=CARTESIAN_POINT('Ctrl Pts',(54.4438623082355,4.34683949630543,1.66533453693773E-16));
#5013=CARTESIAN_POINT('Ctrl Pts',(54.4287272511471,4.26759006032079,4.36700278613235E-17));
#5014=CARTESIAN_POINT('Ctrl Pts',(54.4090758835086,4.18918606745415,4.29634689163892E-16));
#5015=CARTESIAN_POINT('Ctrl Pts',(54.3851722137482,4.11185845884992,4.44089209850063E-16));
#5016=CARTESIAN_POINT('Ctrl Pts',(54.3717005889034,4.06827818252807,4.52235485377957E-16));
#5017=CARTESIAN_POINT('Ctrl Pts',(54.3568773674183,4.02503982971197,2.04733769428256E-16));
#5018=CARTESIAN_POINT('Ctrl Pts',(54.3407427762594,3.98218589113997,2.22044604925031E-16));
#5019=CARTESIAN_POINT('Ctrl Pts',(54.3340680238147,3.96445755650589,2.29205960326861E-16));
#5020=CARTESIAN_POINT('Ctrl Pts',(54.327166382181,3.94678942564153,3.3159251068717E-16));
#5021=CARTESIAN_POINT('Ctrl Pts',(54.3200535052781,3.92921578955989,3.33066907387547E-16));
#5022=CARTESIAN_POINT('Ctrl Pts',(54.2888224482969,3.85205387078586,3.3954065464774E-16));
#5023=CARTESIAN_POINT('Ctrl Pts',(54.2534915847226,3.77662110396784,8.26193521208674E-16));
#5024=CARTESIAN_POINT('Ctrl Pts',(54.2143885149304,3.70315404346343,8.32667268468867E-16));
#5025=CARTESIAN_POINT('Ctrl Pts',(54.1744424310287,3.6281031234584,8.39280581760861E-16));
#5026=CARTESIAN_POINT('Ctrl Pts',(54.1305594346704,3.55510279702945,1.18350742566396E-16));
#5027=CARTESIAN_POINT('Ctrl Pts',(54.0830329629978,3.48441024078308,1.66533453693773E-16));
#5028=CARTESIAN_POINT('Ctrl Pts',(54.0350509060355,3.41304003085073,2.15178040774285E-16));
#5029=CARTESIAN_POINT('Ctrl Pts',(53.9833547289255,3.34402118348017,6.65749567702406E-16));
#5030=CARTESIAN_POINT('Ctrl Pts',(53.928196075079,3.27763589796139,8.32667268468867E-16));
#5031=CARTESIAN_POINT('Ctrl Pts',(53.9022085042359,3.24635898690477,9.11309245223962E-16));
#5032=CARTESIAN_POINT('Ctrl Pts',(53.8754516730163,3.21566699296379,2.92042156626254E-16));
#5033=CARTESIAN_POINT('Ctrl Pts',(53.8479485402309,3.18559161854265,2.4980018054066E-16));
#5034=CARTESIAN_POINT('Ctrl Pts',(53.8353642687061,3.17183039792536,2.30472037054088E-16));
#5035=CARTESIAN_POINT('Ctrl Pts',(53.8226213664081,3.15819599099117,6.88132071054297E-16));
#5036=CARTESIAN_POINT('Ctrl Pts',(53.8097398407378,3.14470984741457,6.93889390390723E-16));
#5037=CARTESIAN_POINT('Ctrl Pts',(53.7486208276688,3.08072210197163,7.21206160528923E-16));
#5038=CARTESIAN_POINT('Ctrl Pts',(53.6843098842863,3.01998579445509,1.49948271824152E-16));
#5039=CARTESIAN_POINT('Ctrl Pts',(53.6171007646597,2.96278552650728,1.66533453693773E-16));
#5040=CARTESIAN_POINT('Ctrl Pts',(53.5682670709584,2.92122419703117,1.78584135147461E-16));
#5041=CARTESIAN_POINT('Ctrl Pts',(53.5179022052864,2.88152996073089,3.96216167936228E-16));
#5042=CARTESIAN_POINT('Ctrl Pts',(53.4661043015834,2.84382128712669,5.27355936696949E-16));
#5043=CARTESIAN_POINT('Ctrl Pts',(53.4427469430544,2.82681722043549,5.86491121277581E-16));
#5044=CARTESIAN_POINT('Ctrl Pts',(53.4190980389192,2.81021702433569,2.63171522069108E-16));
#5045=CARTESIAN_POINT('Ctrl Pts',(53.39516588759,2.79403225241759,2.77555756156289E-16));
#5046=CARTESIAN_POINT('Ctrl Pts',(53.3807464585664,2.78428071914641,2.86222442223384E-16));
#5047=CARTESIAN_POINT('Ctrl Pts',(53.3662285660424,2.77468302412568,7.62474687033553E-16));
#5048=CARTESIAN_POINT('Ctrl Pts',(53.3516207681626,2.76524558603138,7.21644966006352E-16));
#5049=CARTESIAN_POINT('Ctrl Pts',(53.2769202093643,2.716984930656,5.12852169076059E-16));
#5050=CARTESIAN_POINT('Ctrl Pts',(53.199820861446,2.67287788265294,8.80119167911619E-17));
#5051=CARTESIAN_POINT('Ctrl Pts',(53.1205928575674,2.63322416956428,5.55111512312578E-17));
#5052=CARTESIAN_POINT('Ctrl Pts',(53.0699546204221,2.60787966978167,3.47384270269382E-17));
#5053=CARTESIAN_POINT('Ctrl Pts',(53.0184459684675,2.58435497601763,-1.77549292286973E-16));
#5054=CARTESIAN_POINT('Ctrl Pts',(52.96612993075,2.56273667151675,-1.66533453693773E-16));
#5055=CARTESIAN_POINT('Ctrl Pts',(52.932206842925,2.54871879718592,-2.14289393383823E-16));
#5056=CARTESIAN_POINT('Ctrl Pts',(52.8979441716928,2.53550261567227,-2.39187704121386E-16));
#5057=CARTESIAN_POINT('Ctrl Pts',(52.8633681287909,2.52308091580451,-2.22044604925031E-16));
#5058=CARTESIAN_POINT('Ctrl Pts',(50.0809540721772,5.00132218473545,-4.48905627902251));
#5059=CARTESIAN_POINT('Ctrl Pts',(50.0854608664526,4.39747277630629,-4.45263923302918));
#5060=CARTESIAN_POINT('Ctrl Pts',(50.3573685473432,3.79009832207583,-4.41622218703584));
#5061=CARTESIAN_POINT('Ctrl Pts',(50.8135134604399,3.3958503177958,-4.37980514104251));
#5062=CARTESIAN_POINT('Ctrl Pts',(51.335986170664,2.9442749140536,-4.33809271112782));
#5063=CARTESIAN_POINT('Ctrl Pts',(52.1001712924023,2.77231350341207,-4.29638028121313));
#5064=CARTESIAN_POINT('Ctrl Pts',(52.7657284644088,2.95656911216829,-4.25466785129844));
#5065=CARTESIAN_POINT('Ctrl Pts',(53.4312856364152,3.14082472092451,-4.21295542138375));
#5066=CARTESIAN_POINT('Ctrl Pts',(53.9982148586898,3.68129734907849,-4.17124299146906));
#5067=CARTESIAN_POINT('Ctrl Pts',(54.2140615337448,4.33728820468091,-4.12953056155437));
#5068=CARTESIAN_POINT('Ctrl Pts',(54.4299082087999,4.99327906028333,-4.08781813163968));
#5069=CARTESIAN_POINT('Ctrl Pts',(54.2946723366355,5.7647881433342,-4.04610570172499));
#5070=CARTESIAN_POINT('Ctrl Pts',(53.8685710577862,6.30824783229095,-4.00439327181029));
#5071=CARTESIAN_POINT('Ctrl Pts',(53.442469778937,6.85170752124769,-3.9626808418956));
#5072=CARTESIAN_POINT('Ctrl Pts',(52.725503093403,7.1671178161103,-3.92096841198091));
#5073=CARTESIAN_POINT('Ctrl Pts',(52.0369588399998,7.11401516753998,-3.87925598206622));
#5074=CARTESIAN_POINT('Ctrl Pts',(51.3484145865967,7.06091251896966,-3.83754355215153));
#5075=CARTESIAN_POINT('Ctrl Pts',(50.6882927653245,6.63929692696643,-3.79583112223684));
#5076=CARTESIAN_POINT('Ctrl Pts',(50.3505614832428,6.03692650757748,-3.75411869232215));
#5077=CARTESIAN_POINT('Ctrl Pts',(50.1749654454514,5.72373710363625,-3.73243122122227));
#5078=CARTESIAN_POINT('Ctrl Pts',(50.0865197576387,5.36168507951222,-3.71074375012239));
#5079=CARTESIAN_POINT('Ctrl Pts',(50.0861847261481,4.99978659320597,-3.68905627902251));
#5080=CARTESIAN_POINT('Ctrl Pts',(51.5382627314315,2.52700509758157,0.));
#5081=CARTESIAN_POINT('Ctrl Pts',(50.7280881890757,2.74379595638924,-0.0417124299146905));
#5082=CARTESIAN_POINT('Ctrl Pts',(49.3503378415745,4.03160876831829,-0.125137289744072));
#5083=CARTESIAN_POINT('Ctrl Pts',(49.8135328401331,6.83854364570189,-0.250274579488143));
#5084=CARTESIAN_POINT('Ctrl Pts',(52.4061519755443,8.00327868331429,-0.375411869232214));
#5085=CARTESIAN_POINT('Ctrl Pts',(54.8132420583577,6.49540173005128,-0.500549158976286));
#5086=CARTESIAN_POINT('Ctrl Pts',(54.8937908434497,3.65452043437493,-0.625686448720358));
#5087=CARTESIAN_POINT('Ctrl Pts',(52.5746338889329,2.01255041751123,-0.750823738464429));
#5088=CARTESIAN_POINT('Ctrl Pts',(49.9220423516023,3.03108647295434,-0.875961028208501));
#5089=CARTESIAN_POINT('Ctrl Pts',(49.2982049582454,5.80337865729283,-1.00109831795257));
#5090=CARTESIAN_POINT('Ctrl Pts',(51.2589185619765,7.8600710851694,-1.12623560769664));
#5091=CARTESIAN_POINT('Ctrl Pts',(54.0577807804241,7.36946553609736,-1.25137289744071));
#5092=CARTESIAN_POINT('Ctrl Pts',(55.2020186777357,4.76847100443154,-1.37651018718479));
#5093=CARTESIAN_POINT('Ctrl Pts',(53.6724917369799,2.37369683763665,-1.50164747692886));
#5094=CARTESIAN_POINT('Ctrl Pts',(50.831488706488,2.31804407118874,-1.62678476667293));
#5095=CARTESIAN_POINT('Ctrl Pts',(49.2093530075476,4.65108619292216,-1.751922056417));
#5096=CARTESIAN_POINT('Ctrl Pts',(50.2508477218389,7.29488852529623,-1.87705934616107));
#5097=CARTESIAN_POINT('Ctrl Pts',(53.02836087514,7.8947413720321,-2.00219663590514));
#5098=CARTESIAN_POINT('Ctrl Pts',(55.0680919118531,5.91638307390609,-2.12733392564922));
#5099=CARTESIAN_POINT('Ctrl Pts',(54.5533473768912,3.12184531052715,-2.25247121539329));
#5100=CARTESIAN_POINT('Ctrl Pts',(51.9425863378854,2.000092117867,-2.37760850513736));
#5101=CARTESIAN_POINT('Ctrl Pts',(49.561091592644,3.55021674769155,-2.50274579488143));
#5102=CARTESIAN_POINT('Ctrl Pts',(49.5299492909598,6.39159556924369,-2.6278830846255));
#5103=CARTESIAN_POINT('Ctrl Pts',(51.8768963918854,7.99354524260309,-2.75302037436957));
#5104=CARTESIAN_POINT('Ctrl Pts',(54.5116168038309,6.92928402444359,-2.87815766411364));
#5105=CARTESIAN_POINT('Ctrl Pts',(55.0874880882989,4.1466996696109,-3.00329495385772));
#5106=CARTESIAN_POINT('Ctrl Pts',(53.0916087204354,2.12411004337403,-3.12843224360178));
#5107=CARTESIAN_POINT('Ctrl Pts',(50.3016149595444,2.66294125264439,-3.25356953334586));
#5108=CARTESIAN_POINT('Ctrl Pts',(49.2024243867018,5.28328146701966,-3.37870682308993));
#5109=CARTESIAN_POINT('Ctrl Pts',(50.7730337038575,7.65131617652588,-3.503844112834));
#5110=CARTESIAN_POINT('Ctrl Pts',(53.6145765586417,7.65794731405598,-3.62898140257807));
#5111=CARTESIAN_POINT('Ctrl Pts',(55.1962194896356,5.29726921475595,-3.75411869232215));
#5112=CARTESIAN_POINT('Ctrl Pts',(54.1092750942077,2.67182680371489,-3.87925598206622));
#5113=CARTESIAN_POINT('Ctrl Pts',(51.3218177239624,2.11998051310061,-4.00439327181029));
#5114=CARTESIAN_POINT('Ctrl Pts',(49.3165381403641,4.13323094815294,-4.12953056155436));
#5115=CARTESIAN_POINT('Ctrl Pts',(49.8793792695316,6.91847625908304,-4.25466785129843));
#5116=CARTESIAN_POINT('Ctrl Pts',(52.509177602634,7.99501598241255,-4.37980514104251));
#5117=CARTESIAN_POINT('Ctrl Pts',(54.8634271040678,6.40405185800452,-4.50494243078657));
#5118=CARTESIAN_POINT('Ctrl Pts',(54.8458467239327,3.56253018006542,-4.63007972053065));
#5119=CARTESIAN_POINT('Ctrl Pts',(52.4710085370378,2.00136451654052,-4.75521701027471));
#5120=CARTESIAN_POINT('Ctrl Pts',(49.8562585816254,3.11080502582023,-4.88035430001879));
#5121=CARTESIAN_POINT('Ctrl Pts',(49.3260112596022,5.90313728875557,-5.00549158976286));
#5122=CARTESIAN_POINT('Ctrl Pts',(51.3615790838457,7.89057197836611,-5.13062887950693));
#5123=CARTESIAN_POINT('Ctrl Pts',(53.2063575800821,7.49884483042776,-5.21405373933631));
#5124=CARTESIAN_POINT('Ctrl Pts',(53.8481130405757,6.9589087282169,-5.255766169251));
#5125=CARTESIAN_POINT('Ctrl Pts',(51.5764332535638,2.66965311083305,0.0852553897503348));
#5126=CARTESIAN_POINT('Ctrl Pts',(50.812991435461,2.87393897609231,0.0435429598356443));
#5127=CARTESIAN_POINT('Ctrl Pts',(49.5147128853482,4.08746779379159,-0.0398818999937369));
#5128=CARTESIAN_POINT('Ctrl Pts',(49.9511897349015,6.73249223488862,-0.165019189737808));
#5129=CARTESIAN_POINT('Ctrl Pts',(52.3942606571633,7.83004268634707,-0.29015647948188));
#5130=CARTESIAN_POINT('Ctrl Pts',(54.6625042677519,6.40914353129963,-0.415293769225951));
#5131=CARTESIAN_POINT('Ctrl Pts',(54.7384068143289,3.73213077911085,-0.540431058970023));
#5132=CARTESIAN_POINT('Ctrl Pts',(52.5530241476831,2.18487335566781,-0.665568348714094));
#5133=CARTESIAN_POINT('Ctrl Pts',(50.0534401690815,3.14465791728783,-0.790705638458166));
#5134=CARTESIAN_POINT('Ctrl Pts',(49.4655871462007,5.75703793526409,-0.915842928202237));
#5135=CARTESIAN_POINT('Ctrl Pts',(51.3132022959666,7.69509563064726,-1.04098021794631));
#5136=CARTESIAN_POINT('Ctrl Pts',(53.950619727595,7.23278933395008,-1.16611750769038));
#5137=CARTESIAN_POINT('Ctrl Pts',(55.0288553607777,4.78182612748321,-1.29125479743445));
#5138=CARTESIAN_POINT('Ctrl Pts',(53.5875550391307,2.52518802265319,-1.41639208717852));
#5139=CARTESIAN_POINT('Ctrl Pts',(50.9104275740695,2.47274543531157,-1.54152937692259));
#5140=CARTESIAN_POINT('Ctrl Pts',(49.3818603796382,4.67121234090856,-1.66666666666667));
#5141=CARTESIAN_POINT('Ctrl Pts',(50.3632792920505,7.1625140960376,-1.79180395641074));
#5142=CARTESIAN_POINT('Ctrl Pts',(52.9805791215349,7.72776605591098,-1.91694124615481));
#5143=CARTESIAN_POINT('Ctrl Pts',(54.9026537976668,5.86352399815864,-2.04207853589888));
#5144=CARTESIAN_POINT('Ctrl Pts',(54.4176009071044,3.23018157712044,-2.16721582564295));
#5145=CARTESIAN_POINT('Ctrl Pts',(51.9574345478225,2.17313367929733,-2.29235311538702));
#5146=CARTESIAN_POINT('Ctrl Pts',(49.7133098770787,3.63384356810465,-2.4174904051311));
#5147=CARTESIAN_POINT('Ctrl Pts',(49.6839639347235,6.31132514773654,-2.54262769487516));
#5148=CARTESIAN_POINT('Ctrl Pts',(51.8955337484472,7.8208706928019,-2.66776498461924));
#5149=CARTESIAN_POINT('Ctrl Pts',(54.3782774491308,6.81799850063779,-2.79290227436331));
#5150=CARTESIAN_POINT('Ctrl Pts',(54.9209311582056,4.19591998814767,-2.91803956410738));
#5151=CARTESIAN_POINT('Ctrl Pts',(53.0401786861708,2.28999796665336,-3.04317685385145));
#5152=CARTESIAN_POINT('Ctrl Pts',(50.4111181591435,2.79774815695148,-3.16831414359553));
#5153=CARTESIAN_POINT('Ctrl Pts',(49.375331417521,5.26694114281528,-3.29345143333959));
#5154=CARTESIAN_POINT('Ctrl Pts',(50.8553443899502,7.49838218353096,-3.41858872308367));
#5155=CARTESIAN_POINT('Ctrl Pts',(53.5329805410013,7.50463082185198,-3.54372601282774));
#5156=CARTESIAN_POINT('Ctrl Pts',(55.0233906831371,5.28012204520688,-3.66886330257181));
#5157=CARTESIAN_POINT('Ctrl Pts',(53.9991437313517,2.80612116907352,-3.79400059231588));
#5158=CARTESIAN_POINT('Ctrl Pts',(51.3724732901454,2.28610663714963,-3.91913788205996));
#5159=CARTESIAN_POINT('Ctrl Pts',(49.4828628283613,4.18322817340922,-4.04427517180402));
#5160=CARTESIAN_POINT('Ctrl Pts',(50.0132379913542,6.80781415195104,-4.1694124615481));
#5161=CARTESIAN_POINT('Ctrl Pts',(52.491343529982,7.8222565969687,-4.29454975129217));
#5162=CARTESIAN_POINT('Ctrl Pts',(54.7097945250182,6.32306292921597,-4.41968704103624));
#5163=CARTESIAN_POINT('Ctrl Pts',(54.6932282214975,3.64544673348092,-4.54482433078031));
#5164=CARTESIAN_POINT('Ctrl Pts',(52.4553761435602,2.17433268309943,-4.66996162052439));
#5165=CARTESIAN_POINT('Ctrl Pts',(49.9914509577113,3.21977812133607,-4.79509891026845));
#5166=CARTESIAN_POINT('Ctrl Pts',(49.4917895163726,5.85104226025051,-4.92023620001253));
#5167=CARTESIAN_POINT('Ctrl Pts',(51.4099411236707,7.72383716242651,-5.0453734897566));
#5168=CARTESIAN_POINT('Ctrl Pts',(53.1483085686268,7.35470573408928,-5.12879834958598));
#5169=CARTESIAN_POINT('Ctrl Pts',(53.7530461034696,6.84591438360752,-5.17051077950067));
#5170=CARTESIAN_POINT('Ctrl Pts',(51.614603775696,2.81230112408453,0.17051077950067));
#5171=CARTESIAN_POINT('Ctrl Pts',(50.8978946818464,3.00408199579538,0.128798349585979));
#5172=CARTESIAN_POINT('Ctrl Pts',(49.679087929122,4.1433268192649,0.0453734897565979));
#5173=CARTESIAN_POINT('Ctrl Pts',(50.0888466296699,6.62644082407535,-0.0797637999874734));
#5174=CARTESIAN_POINT('Ctrl Pts',(52.3823693387824,7.65680668937985,-0.204901089731545));
#5175=CARTESIAN_POINT('Ctrl Pts',(54.511766477146,6.32288533254798,-0.330038379475616));
#5176=CARTESIAN_POINT('Ctrl Pts',(54.583022785208,3.80974112384677,-0.455175669219688));
#5177=CARTESIAN_POINT('Ctrl Pts',(52.5314144064335,2.35719629382439,-0.580312958963759));
#5178=CARTESIAN_POINT('Ctrl Pts',(50.1848379865607,3.25822936162132,-0.705450248707831));
#5179=CARTESIAN_POINT('Ctrl Pts',(49.6329693341562,5.71069721323535,-0.830587538451903));
#5180=CARTESIAN_POINT('Ctrl Pts',(51.3674860299567,7.53012017612512,-0.955724828195974));
#5181=CARTESIAN_POINT('Ctrl Pts',(53.8434586747659,7.0961131318028,-1.08086211794005));
#5182=CARTESIAN_POINT('Ctrl Pts',(54.8556920438197,4.79518125053487,-1.20599940768412));
#5183=CARTESIAN_POINT('Ctrl Pts',(53.5026183412815,2.67667920766972,-1.33113669742819));
#5184=CARTESIAN_POINT('Ctrl Pts',(50.9893664416509,2.62744679943441,-1.45627398717226));
#5185=CARTESIAN_POINT('Ctrl Pts',(49.554367751729,4.69133848889494,-1.58141127691633));
#5186=CARTESIAN_POINT('Ctrl Pts',(50.4757108622621,7.03013966677899,-1.7065485666604));
#5187=CARTESIAN_POINT('Ctrl Pts',(52.9327973679298,7.56079073978985,-1.83168585640447));
#5188=CARTESIAN_POINT('Ctrl Pts',(54.7372156834805,5.8106649224112,-1.95682314614855));
#5189=CARTESIAN_POINT('Ctrl Pts',(54.2818544373176,3.33851784371373,-2.08196043589262));
#5190=CARTESIAN_POINT('Ctrl Pts',(51.9722827577595,2.34617524072765,-2.20709772563669));
#5191=CARTESIAN_POINT('Ctrl Pts',(49.8655281615135,3.71747038851776,-2.33223501538076));
#5192=CARTESIAN_POINT('Ctrl Pts',(49.837978578487,6.23105472622938,-2.45737230512483));
#5193=CARTESIAN_POINT('Ctrl Pts',(51.9141711050092,7.64819614300071,-2.5825095948689));
#5194=CARTESIAN_POINT('Ctrl Pts',(54.2449380944305,6.706712976832,-2.70764688461298));
#5195=CARTESIAN_POINT('Ctrl Pts',(54.7543742281124,4.24514030668443,-2.83278417435704));
#5196=CARTESIAN_POINT('Ctrl Pts',(52.988748651906,2.4558858899327,-2.95792146410112));
#5197=CARTESIAN_POINT('Ctrl Pts',(50.5206213587428,2.93255506125858,-3.08305875384519));
#5198=CARTESIAN_POINT('Ctrl Pts',(49.54823844834,5.25060081861089,-3.20819604358926));
#5199=CARTESIAN_POINT('Ctrl Pts',(50.9376550760429,7.34544819053604,-3.33333333333333));
#5200=CARTESIAN_POINT('Ctrl Pts',(53.4513845233608,7.35131432964797,-3.4584706230774));
#5201=CARTESIAN_POINT('Ctrl Pts',(54.8505618766386,5.26297487565781,-3.58360791282147));
#5202=CARTESIAN_POINT('Ctrl Pts',(53.8890123684957,2.94041553443215,-3.70874520256555));
#5203=CARTESIAN_POINT('Ctrl Pts',(51.4231288563283,2.45223276119864,-3.83388249230962));
#5204=CARTESIAN_POINT('Ctrl Pts',(49.6491875163585,4.23322539866551,-3.95901978205369));
#5205=CARTESIAN_POINT('Ctrl Pts',(50.1470967131768,6.69715204481903,-4.08415707179776));
#5206=CARTESIAN_POINT('Ctrl Pts',(52.4735094573301,7.64949721152486,-4.20929436154183));
#5207=CARTESIAN_POINT('Ctrl Pts',(54.5561619459684,6.24207400042744,-4.3344316512859));
#5208=CARTESIAN_POINT('Ctrl Pts',(54.5406097190623,3.72836328689641,-4.45956894102998));
#5209=CARTESIAN_POINT('Ctrl Pts',(52.4397437500826,2.34730084965836,-4.58470623077405));
#5210=CARTESIAN_POINT('Ctrl Pts',(50.1266433337973,3.32875121685191,-4.70984352051812));
#5211=CARTESIAN_POINT('Ctrl Pts',(49.6575677731429,5.79894723174548,-4.83498081026219));
#5212=CARTESIAN_POINT('Ctrl Pts',(51.4583031634958,7.5571023464869,-4.96011810000627));
#5213=CARTESIAN_POINT('Ctrl Pts',(53.0902595571715,7.21056663775081,-5.04354295983564));
#5214=CARTESIAN_POINT('Ctrl Pts',(53.6579791663635,6.73292003899813,-5.08525538975033));
#5215=CARTESIAN_POINT('Ctrl Pts',(51.6527742978283,2.954949137336,0.255766169251004));
#5216=CARTESIAN_POINT('Ctrl Pts',(50.9827979282317,3.13422501549844,0.214053739336314));
#5217=CARTESIAN_POINT('Ctrl Pts',(49.8434629728958,4.1991858447382,0.130628879506933));
#5218=CARTESIAN_POINT('Ctrl Pts',(50.2265035244382,6.52038941326208,0.00549158976286129));
#5219=CARTESIAN_POINT('Ctrl Pts',(52.3704780204014,7.48357069241263,-0.11964569998121));
#5220=CARTESIAN_POINT('Ctrl Pts',(54.3610286865403,6.23662713379632,-0.244782989725282));
#5221=CARTESIAN_POINT('Ctrl Pts',(54.4276387560872,3.8873514685827,-0.369920279469353));
#5222=CARTESIAN_POINT('Ctrl Pts',(52.5098046651839,2.52951923198097,-0.495057569213425));
#5223=CARTESIAN_POINT('Ctrl Pts',(50.3162358040399,3.37180080595482,-0.620194858957496));
#5224=CARTESIAN_POINT('Ctrl Pts',(49.8003515221115,5.66435649120661,-0.745332148701567));
#5225=CARTESIAN_POINT('Ctrl Pts',(51.4217697639469,7.36514472160298,-0.87046943844564));
#5226=CARTESIAN_POINT('Ctrl Pts',(53.7362976219367,6.95943692965552,-0.99560672818971));
#5227=CARTESIAN_POINT('Ctrl Pts',(54.6825287268618,4.80853637358654,-1.12074401793378));
#5228=CARTESIAN_POINT('Ctrl Pts',(53.4176816434322,2.82817039268625,-1.24588130767785));
#5229=CARTESIAN_POINT('Ctrl Pts',(51.0683053092325,2.78214816355724,-1.37101859742193));
#5230=CARTESIAN_POINT('Ctrl Pts',(49.7268751238197,4.71146463688133,-1.496155887166));
#5231=CARTESIAN_POINT('Ctrl Pts',(50.5881424324737,6.89776523752036,-1.62129317691007));
#5232=CARTESIAN_POINT('Ctrl Pts',(52.8850156143248,7.39381542366874,-1.74643046665414));
#5233=CARTESIAN_POINT('Ctrl Pts',(54.5717775692942,5.75780584666376,-1.87156775639821));
#5234=CARTESIAN_POINT('Ctrl Pts',(54.1461079675307,3.44685411030702,-1.99670504614228));
#5235=CARTESIAN_POINT('Ctrl Pts',(51.9871309676967,2.51921680215798,-2.12184233588635));
#5236=CARTESIAN_POINT('Ctrl Pts',(50.0177464459482,3.80109720893086,-2.24697962563043));
#5237=CARTESIAN_POINT('Ctrl Pts',(49.9919932222508,6.15078430472223,-2.3721169153745));
#5238=CARTESIAN_POINT('Ctrl Pts',(51.9328084615708,7.47552159319951,-2.49725420511857));
#5239=CARTESIAN_POINT('Ctrl Pts',(54.1115987397305,6.5954274530262,-2.62239149486264));
#5240=CARTESIAN_POINT('Ctrl Pts',(54.587817298019,4.2943606252212,-2.74752878460671));
#5241=CARTESIAN_POINT('Ctrl Pts',(52.9373186176413,2.62177381321203,-2.87266607435078));
#5242=CARTESIAN_POINT('Ctrl Pts',(50.630124558342,3.06736196556568,-2.99780336409486));
#5243=CARTESIAN_POINT('Ctrl Pts',(49.7211454791592,5.2342604944065,-3.12294065383893));
#5244=CARTESIAN_POINT('Ctrl Pts',(51.0199657621354,7.19251419754113,-3.248077943583));
#5245=CARTESIAN_POINT('Ctrl Pts',(53.3697885057204,7.19799783744396,-3.37321523332707));
#5246=CARTESIAN_POINT('Ctrl Pts',(54.6777330701402,5.24582770610873,-3.49835252307114));
#5247=CARTESIAN_POINT('Ctrl Pts',(53.7788810056397,3.07470989979078,-3.62348981281521));
#5248=CARTESIAN_POINT('Ctrl Pts',(51.4737844225112,2.61835888524765,-3.74862710255928));
#5249=CARTESIAN_POINT('Ctrl Pts',(49.8155122043558,4.28322262392179,-3.87376439230335));
#5250=CARTESIAN_POINT('Ctrl Pts',(50.2809554349994,6.58648993768703,-3.99890168204743));
#5251=CARTESIAN_POINT('Ctrl Pts',(52.4556753846781,7.47673782608101,-4.1240389717915));
#5252=CARTESIAN_POINT('Ctrl Pts',(54.4025293669187,6.1610850716389,-4.24917626153557));
#5253=CARTESIAN_POINT('Ctrl Pts',(54.3879912166271,3.81127984031191,-4.37431355127964));
#5254=CARTESIAN_POINT('Ctrl Pts',(52.4241113566051,2.52026901621729,-4.49945084102371));
#5255=CARTESIAN_POINT('Ctrl Pts',(50.2618357098832,3.43772431236774,-4.62458813076779));
#5256=CARTESIAN_POINT('Ctrl Pts',(49.8233460299132,5.74685220324044,-4.74972542051185));
#5257=CARTESIAN_POINT('Ctrl Pts',(51.5066652033208,7.39036753054729,-4.87486271025593));
#5258=CARTESIAN_POINT('Ctrl Pts',(53.0322105457163,7.06642754141233,-4.95828757008531));
#5259=CARTESIAN_POINT('Ctrl Pts',(53.5629122292573,6.61992569438875,-5.));
#5260=CARTESIAN_POINT('Ctrl Pts',(53.5629122292573,6.61992569438875,-5.));
#5261=CARTESIAN_POINT('Ctrl Pts',(53.5113095785078,6.67340376952626,-5.));
#5262=CARTESIAN_POINT('Ctrl Pts',(53.456857662345,6.72375681149322,-5.));
#5263=CARTESIAN_POINT('Ctrl Pts',(53.3999232394468,6.77098825011262,-5.));
#5264=CARTESIAN_POINT('Ctrl Pts',(53.3414078258311,6.81953124090443,-5.));
#5265=CARTESIAN_POINT('Ctrl Pts',(53.2802696477478,6.86477730974745,-5.));
#5266=CARTESIAN_POINT('Ctrl Pts',(53.2168592666475,6.90670318968583,-5.));
#5267=CARTESIAN_POINT('Ctrl Pts',(53.1563063367264,6.94673977085344,-5.));
#5268=CARTESIAN_POINT('Ctrl Pts',(53.0936805014533,6.98374873939161,-5.));
#5269=CARTESIAN_POINT('Ctrl Pts',(53.0292549607078,7.01768217747321,-5.));
#5270=CARTESIAN_POINT('Ctrl Pts',(53.0010687866316,7.0325280566339,-5.));
#5271=CARTESIAN_POINT('Ctrl Pts',(52.9725377870095,7.04678488553834,-5.));
#5272=CARTESIAN_POINT('Ctrl Pts',(52.9436833993015,7.06044680729028,-5.));
#5273=CARTESIAN_POINT('Ctrl Pts',(52.9244468727108,7.0695548820733,-5.));
#5274=CARTESIAN_POINT('Ctrl Pts',(52.90506659734,7.07839852257006,-5.));
#5275=CARTESIAN_POINT('Ctrl Pts',(52.8855487543424,7.08697569361561,-5.));
#5276=CARTESIAN_POINT('Ctrl Pts',(52.8741826989626,7.09197053864628,-5.));
#5277=CARTESIAN_POINT('Ctrl Pts',(52.8627724399418,7.09687387256597,-5.));
#5278=CARTESIAN_POINT('Ctrl Pts',(52.8513292331731,7.10168136457363,-5.));
#5279=CARTESIAN_POINT('Ctrl Pts',(52.7775119131709,7.13269331630283,-5.));
#5280=CARTESIAN_POINT('Ctrl Pts',(52.7022108533031,7.15977128080366,-5.));
#5281=CARTESIAN_POINT('Ctrl Pts',(52.6258057952614,7.18289031791516,-5.));
#5282=CARTESIAN_POINT('Ctrl Pts',(52.5481640274855,7.20638356504597,-5.));
#5283=CARTESIAN_POINT('Ctrl Pts',(52.469381420785,7.22578918835996,-5.));
#5284=CARTESIAN_POINT('Ctrl Pts',(52.3898213391429,7.24104052384281,-5.));
#5285=CARTESIAN_POINT('Ctrl Pts',(52.3202962332856,7.2543681963643,-5.));
#5286=CARTESIAN_POINT('Ctrl Pts',(52.2501764865333,7.26452301781786,-5.));
#5287=CARTESIAN_POINT('Ctrl Pts',(52.1796908493394,7.27143130062193,-5.));
#5288=CARTESIAN_POINT('Ctrl Pts',(52.1490721630759,7.27443223176505,-5.));
#5289=CARTESIAN_POINT('Ctrl Pts',(52.1183843169365,7.27682017286952,-5.));
#5290=CARTESIAN_POINT('Ctrl Pts',(52.0876456839388,7.27858731537678,-5.));
#5291=CARTESIAN_POINT('Ctrl Pts',(52.073239578081,7.27941551232449,-5.));
#5292=CARTESIAN_POINT('Ctrl Pts',(52.058822315158,7.28010733718172,-5.));
#5293=CARTESIAN_POINT('Ctrl Pts',(52.0443957799553,7.28066190030084,-5.));
#5294=CARTESIAN_POINT('Ctrl Pts',(52.0317614536947,7.28114757002544,-5.));
#5295=CARTESIAN_POINT('Ctrl Pts',(52.0191214356973,7.28152783940041,-5.));
#5296=CARTESIAN_POINT('Ctrl Pts',(52.0064893236841,7.28180208572238,-5.));
#5297=CARTESIAN_POINT('Ctrl Pts',(51.9230501820014,7.28361357042825,-5.));
#5298=CARTESIAN_POINT('Ctrl Pts',(51.8398131059774,7.28080912658831,-5.));
#5299=CARTESIAN_POINT('Ctrl Pts',(51.757158209082,7.27332953757499,-5.));
#5300=CARTESIAN_POINT('Ctrl Pts',(51.6865511652157,7.26694018026644,-5.));
#5301=CARTESIAN_POINT('Ctrl Pts',(51.6163680976904,7.2571386742046,-5.));
#5302=CARTESIAN_POINT('Ctrl Pts',(51.5468364329854,7.24385951078008,-5.));
#5303=CARTESIAN_POINT('Ctrl Pts',(51.4675868553242,7.22872441948675,-5.));
#5304=CARTESIAN_POINT('Ctrl Pts',(51.3891827533756,7.20907303527527,-5.));
#5305=CARTESIAN_POINT('Ctrl Pts',(51.3118550640243,7.18516936227265,-5.));
#5306=CARTESIAN_POINT('Ctrl Pts',(51.2682746827145,7.17169771721385,-5.));
#5307=CARTESIAN_POINT('Ctrl Pts',(51.2250362348503,7.15687447606196,-5.));
#5308=CARTESIAN_POINT('Ctrl Pts',(51.1821822106322,7.14073986517756,-5.));
#5309=CARTESIAN_POINT('Ctrl Pts',(51.1644541139201,7.13406520749045,-5.));
#5310=CARTESIAN_POINT('Ctrl Pts',(51.1467862208204,7.12716366763839,-5.));
#5311=CARTESIAN_POINT('Ctrl Pts',(51.1292128213821,7.1200508990311,-5.));
#5312=CARTESIAN_POINT('Ctrl Pts',(51.052050850212,7.08881987579374,-5.));
#5313=CARTESIAN_POINT('Ctrl Pts',(50.9766180578189,7.05348905509799,-5.));
#5314=CARTESIAN_POINT('Ctrl Pts',(50.9031509938968,7.01438603287372,-5.));
#5315=CARTESIAN_POINT('Ctrl Pts',(50.8281001258806,6.97444002709487,-5.));
#5316=CARTESIAN_POINT('Ctrl Pts',(50.7550998715363,6.93055711957414,-5.));
#5317=CARTESIAN_POINT('Ctrl Pts',(50.6844074023367,6.88303074212566,-5.));
#5318=CARTESIAN_POINT('Ctrl Pts',(50.613037325878,6.83504881094251,-5.));
#5319=CARTESIAN_POINT('Ctrl Pts',(50.5440186242375,6.78335276985191,-5.));
#5320=CARTESIAN_POINT('Ctrl Pts',(50.4776334911717,6.72819425639103,-5.));
#5321=CARTESIAN_POINT('Ctrl Pts',(50.4463567269285,6.70220681399475,-5.));
#5322=CARTESIAN_POINT('Ctrl Pts',(50.415664878492,6.67545011588093,-5.));
#5323=CARTESIAN_POINT('Ctrl Pts',(50.3855896474667,6.64794712008782,-5.));
#5324=CARTESIAN_POINT('Ctrl Pts',(50.3718285261354,6.63536294203902,-5.));
#5325=CARTESIAN_POINT('Ctrl Pts',(50.3581942175111,6.62262013488917,-5.));
#5326=CARTESIAN_POINT('Ctrl Pts',(50.3447081709142,6.60973870570502,-5.));
#5327=CARTESIAN_POINT('Ctrl Pts',(50.280720580337,6.54861985884645,-5.));
#5328=CARTESIAN_POINT('Ctrl Pts',(50.2199844289614,6.4843090814106,-5.));
#5329=CARTESIAN_POINT('Ctrl Pts',(50.1627843124668,6.41710012131189,-5.));
#5330=CARTESIAN_POINT('Ctrl Pts',(50.1212231015799,6.36826655356173,-5.));
#5331=CARTESIAN_POINT('Ctrl Pts',(50.0815289806324,6.31790181108692,-5.));
#5332=CARTESIAN_POINT('Ctrl Pts',(50.0438204168126,6.26610402542763,-5.));
#5333=CARTESIAN_POINT('Ctrl Pts',(50.0268163369054,6.24274663397216,-5.));
#5334=CARTESIAN_POINT('Ctrl Pts',(50.0102161294365,6.21909769371215,-5.));
#5335=CARTESIAN_POINT('Ctrl Pts',(49.9940313479097,6.19516550293012,-5.));
#5336=CARTESIAN_POINT('Ctrl Pts',(49.9842797908859,6.18074602357359,-5.));
#5337=CARTESIAN_POINT('Ctrl Pts',(49.9746820734839,6.16622807939848,-5.));
#5338=CARTESIAN_POINT('Ctrl Pts',(49.9652446141909,6.15162022828344,-5.));
#5339=CARTESIAN_POINT('Ctrl Pts',(49.9169841123202,6.07691980265209,-5.));
#5340=CARTESIAN_POINT('Ctrl Pts',(49.8728772048561,5.99982057427624,-5.));
#5341=CARTESIAN_POINT('Ctrl Pts',(49.8332236134383,5.92059267006651,-5.));
#5342=CARTESIAN_POINT('Ctrl Pts',(49.8078792885222,5.86995469063229,-5.));
#5343=CARTESIAN_POINT('Ctrl Pts',(49.7843547479792,5.81844629493814,-5.));
#5344=CARTESIAN_POINT('Ctrl Pts',(49.7627365724905,5.76613050966973,-5.));
#5345=CARTESIAN_POINT('Ctrl Pts',(49.7487187275899,5.73220745431623,-5.));
#5346=CARTESIAN_POINT('Ctrl Pts',(49.7355025715266,5.6979448113277,-5.));
#5347=CARTESIAN_POINT('Ctrl Pts',(49.7230808934076,5.66336879270858,-5.));
#5348=CARTESIAN_POINT('Ctrl Pts',(50.0841872499905,4.99831556090968,-3.91094372097749));
#5349=CARTESIAN_POINT('Ctrl Pts',(50.0879985787477,5.48640297534688,-3.94026304133414));
#5350=CARTESIAN_POINT('Ctrl Pts',(50.2565434282242,5.97687081721205,-3.96958236169078));
#5351=CARTESIAN_POINT('Ctrl Pts',(50.5658348881719,6.35098670012515,-3.99890168204742));
#5352=CARTESIAN_POINT('Ctrl Pts',(51.0058620848923,6.88323923381835,-4.04061411196211));
#5353=CARTESIAN_POINT('Ctrl Pts',(51.7307687347852,7.17998852994967,-4.0823265418768));
#5354=CARTESIAN_POINT('Ctrl Pts',(52.4176977234384,7.10908771894165,-4.12403897179149));
#5355=CARTESIAN_POINT('Ctrl Pts',(53.1046267120917,7.03818690793363,-4.16575140170618));
#5356=CARTESIAN_POINT('Ctrl Pts',(53.7535780395051,6.59963598978626,-4.20746383162087));
#5357=CARTESIAN_POINT('Ctrl Pts',(54.0756306781633,5.98872632549142,-4.24917626153557));
#5358=CARTESIAN_POINT('Ctrl Pts',(54.3976833168215,5.37781666119657,-4.29088869145026));
#5359=CARTESIAN_POINT('Ctrl Pts',(54.3928372667243,4.59454825075425,-4.33260112136494));
#5360=CARTESIAN_POINT('Ctrl Pts',(54.063100931672,3.98774557485065,-4.37431355127963));
#5361=CARTESIAN_POINT('Ctrl Pts',(53.7333645966198,3.38094289894704,-4.41602598119433));
#5362=CARTESIAN_POINT('Ctrl Pts',(53.0787379766124,2.95060595758217,-4.45773841110902));
#5363=CARTESIAN_POINT('Ctrl Pts',(52.3910453921551,2.88834670292481,-4.49945084102371));
#5364=CARTESIAN_POINT('Ctrl Pts',(51.7033528076978,2.82608744826745,-4.5411632709384));
#5365=CARTESIAN_POINT('Ctrl Pts',(50.9825942587905,3.1319058803176,-4.58287570085309));
#5366=CARTESIAN_POINT('Ctrl Pts',(50.5491333710085,3.66966974482146,-4.62458813076778));
#5367=CARTESIAN_POINT('Ctrl Pts',(50.2500077396816,4.04077348222591,-4.65337332750435));
#5368=CARTESIAN_POINT('Ctrl Pts',(50.0876989354776,4.5223342209498,-4.68215852424092));
#5369=CARTESIAN_POINT('Ctrl Pts',(50.084007532517,5.00167000453554,-4.71094372097749));
#5370=CARTESIAN_POINT('Ctrl Pts',(51.5382627314315,2.52700509758157,0.));
#5371=CARTESIAN_POINT('Ctrl Pts',(51.4569805041315,2.55643550736593,-2.11144092104701E-17));
#5372=CARTESIAN_POINT('Ctrl Pts',(51.3775669728088,2.59022050679785,1.57611127499078E-16));
#5373=CARTESIAN_POINT('Ctrl Pts',(51.300223678704,2.62804859981199,7.45931094670027E-17));
#5374=CARTESIAN_POINT('Ctrl Pts',(51.2193280868771,2.66761409812028,-1.22378405039262E-17));
#5375=CARTESIAN_POINT('Ctrl Pts',(51.1406963947276,2.71160312007112,-4.07405616353032E-16));
#5376=CARTESIAN_POINT('Ctrl Pts',(51.0645903563662,2.75970834018103,-4.47558656802016E-16));
#5377=CARTESIAN_POINT('Ctrl Pts',(50.9979975727999,2.8018004077772,-4.82692567194878E-16));
#5378=CARTESIAN_POINT('Ctrl Pts',(50.9333386865903,2.84704506044691,-3.05311331771918E-16));
#5379=CARTESIAN_POINT('Ctrl Pts',(50.8708151630471,2.89525978658999,-3.05311331771918E-16));
#5380=CARTESIAN_POINT('Ctrl Pts',(50.8401529196213,2.91890483386066,-3.05311331771918E-16));
#5381=CARTESIAN_POINT('Ctrl Pts',(50.8100046448751,2.94326447797812,-3.47609781971631E-16));
#5382=CARTESIAN_POINT('Ctrl Pts',(50.7803966502294,2.96831857671124,-3.81639164714898E-16));
#5383=CARTESIAN_POINT('Ctrl Pts',(50.7646629908703,2.98163230024213,-3.99722345379131E-16));
#5384=CARTESIAN_POINT('Ctrl Pts',(50.7490819284679,2.99514214049952,2.58391929698722E-17));
#5385=CARTESIAN_POINT('Ctrl Pts',(50.7336576239461,3.00884515395089,4.16333634234434E-17));
#5386=CARTESIAN_POINT('Ctrl Pts',(50.7237421255638,3.01765412212948,5.17866297415862E-17));
#5387=CARTESIAN_POINT('Ctrl Pts',(50.713889696992,3.02654449651308,6.03670612095E-17));
#5388=CARTESIAN_POINT('Ctrl Pts',(50.7041070785729,3.03551035846103,5.55111512312578E-17));
#5389=CARTESIAN_POINT('Ctrl Pts',(50.6401585976095,3.09411974375421,2.37683137309798E-17));
#5390=CARTESIAN_POINT('Ctrl Pts',(50.5793531056853,3.15580022277277,-1.23658895667758E-16));
#5391=CARTESIAN_POINT('Ctrl Pts',(50.5219196050366,3.22027338890438,-1.80411241501588E-16));
#5392=CARTESIAN_POINT('Ctrl Pts',(50.4647494042323,3.28445098234031,-2.36903410197376E-16));
#5393=CARTESIAN_POINT('Ctrl Pts',(50.4109198194317,3.35139653716723,-3.90930629190744E-16));
#5394=CARTESIAN_POINT('Ctrl Pts',(50.3606997157226,3.42086336499431,-4.85722573273506E-16));
#5395=CARTESIAN_POINT('Ctrl Pts',(50.3158260947516,3.48293468448086,-5.70422871674327E-16));
#5396=CARTESIAN_POINT('Ctrl Pts',(50.2738346364397,3.54701976016808,-2.0255560851434E-16));
#5397=CARTESIAN_POINT('Ctrl Pts',(50.2349515721599,3.61295374054522,-2.35922392732846E-16));
#5398=CARTESIAN_POINT('Ctrl Pts',(50.2031542982353,3.66687235199797,-2.63208636691039E-16));
#5399=CARTESIAN_POINT('Ctrl Pts',(50.1734362663902,3.72202769666386,-1.28052853239911E-16));
#5400=CARTESIAN_POINT('Ctrl Pts',(50.1459396378963,3.77833167352613,-1.66533453693773E-16));
#5401=CARTESIAN_POINT('Ctrl Pts',(50.1399609667554,3.79057400940588,-1.74900401498596E-16));
#5402=CARTESIAN_POINT('Ctrl Pts',(50.1340910103005,3.80286328853384,-2.74935316304054E-16));
#5403=CARTESIAN_POINT('Ctrl Pts',(50.128332900801,3.81519405308663,-2.63677968348475E-16));
#5404=CARTESIAN_POINT('Ctrl Pts',(50.0936917727948,3.8893766634247,-1.95953095875715E-16));
#5405=CARTESIAN_POINT('Ctrl Pts',(50.0630698950358,3.96511053820468,-1.06912179192898E-16));
#5406=CARTESIAN_POINT('Ctrl Pts',(50.0367064748302,4.04217770850781,-6.93889390390723E-17));
#5407=CARTESIAN_POINT('Ctrl Pts',(50.0136701611964,4.10951887638865,-3.66011929119884E-17));
#5408=CARTESIAN_POINT('Ctrl Pts',(49.9938857730799,4.17787861746863,-3.81516902412896E-17));
#5409=CARTESIAN_POINT('Ctrl Pts',(49.977545019664,4.2471174264939,-2.77555756156289E-17));
#5410=CARTESIAN_POINT('Ctrl Pts',(49.958407279845,4.32820758670704,-4.42721550787968E-17));
#5411=CARTESIAN_POINT('Ctrl Pts',(49.9439923159306,4.41050455560515,1.30348630963799E-16));
#5412=CARTESIAN_POINT('Ctrl Pts',(49.9342288776907,4.49361902637106,1.38777878078145E-16));
#5413=CARTESIAN_POINT('Ctrl Pts',(49.9294185194153,4.5345687791566,1.42930892376616E-16));
#5414=CARTESIAN_POINT('Ctrl Pts',(49.9257380812905,4.57571682625051,2.54022008464951E-16));
#5415=CARTESIAN_POINT('Ctrl Pts',(49.9231834310682,4.61701511555524,2.77555756156289E-16));
#5416=CARTESIAN_POINT('Ctrl Pts',(49.922350100847,4.63048667117663,2.8523249522566E-16));
#5417=CARTESIAN_POINT('Ctrl Pts',(49.9216364863098,4.64397650633928,-1.79779591695826E-16));
#5418=CARTESIAN_POINT('Ctrl Pts',(49.9210428240194,4.65747550320467,-1.66533453693773E-16));
#5419=CARTESIAN_POINT('Ctrl Pts',(49.9174554198991,4.73904773333653,-8.64892083148574E-17));
#5420=CARTESIAN_POINT('Ctrl Pts',(49.9182527344585,4.82071356251702,1.33762144899708E-16));
#5421=CARTESIAN_POINT('Ctrl Pts',(49.9233088703304,4.90211322892151,1.11022302462516E-16));
#5422=CARTESIAN_POINT('Ctrl Pts',(49.9283798977373,4.98375263690167,8.82154857255897E-17));
#5423=CARTESIAN_POINT('Ctrl Pts',(49.9377352298417,5.06512534047621,2.54224062281204E-16));
#5424=CARTESIAN_POINT('Ctrl Pts',(49.9512991849477,5.14585772524106,3.05311331771918E-16));
#5425=CARTESIAN_POINT('Ctrl Pts',(49.9646659197364,5.22541625869029,3.55655790819489E-16));
#5426=CARTESIAN_POINT('Ctrl Pts',(49.9821202358334,5.30435384787044,8.40520565441739E-17));
#5427=CARTESIAN_POINT('Ctrl Pts',(50.0036332110726,5.3822884383559,1.11022302462516E-16));
#5428=CARTESIAN_POINT('Ctrl Pts',(50.0127908756993,5.41546371209417,1.22503023481976E-16));
#5429=CARTESIAN_POINT('Ctrl Pts',(50.0226844906812,5.44845685519019,1.94490874478326E-16));
#5430=CARTESIAN_POINT('Ctrl Pts',(50.0333139687364,5.48123642676712,2.22044604925031E-16));
#5431=CARTESIAN_POINT('Ctrl Pts',(50.0375099706509,5.49417621029891,2.32921480073842E-16));
#5432=CARTESIAN_POINT('Ctrl Pts',(50.0418209539708,5.50708356801279,8.90481829400906E-17));
#5433=CARTESIAN_POINT('Ctrl Pts',(50.0462460404517,5.51995382173006,5.55111512312578E-17));
#5434=CARTESIAN_POINT('Ctrl Pts',(50.0719568187236,5.59473297939121,-1.39346777503907E-16));
#5435=CARTESIAN_POINT('Ctrl Pts',(50.1014330351239,5.66802158052093,3.08513446450858E-16));
#5436=CARTESIAN_POINT('Ctrl Pts',(50.134622081615,5.73946482106853,1.11022302462516E-16));
#5437=CARTESIAN_POINT('Ctrl Pts',(50.1585309367151,5.79093138207962,-3.12471401512214E-17));
#5438=CARTESIAN_POINT('Ctrl Pts',(50.1843674957627,5.84143985506215,-1.16146775806506E-16));
#5439=CARTESIAN_POINT('Ctrl Pts',(50.2121245285569,5.89084648383882,-8.32667268468867E-17));
#5440=CARTESIAN_POINT('Ctrl Pts',(50.2240573558735,5.91208653402203,-6.91315003151238E-17));
#5441=CARTESIAN_POINT('Ctrl Pts',(50.2363452416608,5.93312280986132,3.45356885185145E-16));
#5442=CARTESIAN_POINT('Ctrl Pts',(50.2489881492118,5.95394322616757,3.88578058618805E-16));
#5443=CARTESIAN_POINT('Ctrl Pts',(50.2599704896124,5.97202901048858,4.26122400159555E-16));
#5444=CARTESIAN_POINT('Ctrl Pts',(50.2712229374668,5.98995504072942,-1.07543643518929E-17));
#5445=CARTESIAN_POINT('Ctrl Pts',(50.2827306153989,6.00769079351876,-2.77555756156289E-17));
#5446=CARTESIAN_POINT('Ctrl Pts',(50.3238460891308,6.07105838880807,-8.84987471959268E-17));
#5447=CARTESIAN_POINT('Ctrl Pts',(50.3682498240526,6.1320566096578,-1.27221839902443E-16));
#5448=CARTESIAN_POINT('Ctrl Pts',(50.415917688104,6.19034371222202,-5.55111512312578E-17));
#5449=CARTESIAN_POINT('Ctrl Pts',(50.4467286603371,6.22801861824921,-9.15967143596154E-18));
#5450=CARTESIAN_POINT('Ctrl Pts',(50.4789040560673,6.26456014976433,5.29481870543414E-16));
#5451=CARTESIAN_POINT('Ctrl Pts',(50.5124442165609,6.29986656155418,5.55111512312578E-16));
#5452=CARTESIAN_POINT('Ctrl Pts',(50.5334700003512,6.3219995796966,5.15325321738465E-16));
#5453=CARTESIAN_POINT('Ctrl Pts',(50.5550322451497,6.34364703867099,1.55252503657126E-16));
#5454=CARTESIAN_POINT('Ctrl Pts',(50.5771096179048,6.36479951269807,1.66533453693773E-16));
#5455=CARTESIAN_POINT('Origin',(5.,52.2,1.7667098902285));
#5456=CARTESIAN_POINT('Ctrl Pts',(2.43685812273285,52.2011840006497,-0.233290109771496));
#5457=CARTESIAN_POINT('Ctrl Pts',(2.43639135962187,52.2779341540991,-0.237121069756091));
#5458=CARTESIAN_POINT('Ctrl Pts',(2.47395976306384,53.1899170549314,-0.282664459655377));
#5459=CARTESIAN_POINT('Ctrl Pts',(3.56253082602934,54.8458466682159,-0.369920279469352));
#5460=CARTESIAN_POINT('Ctrl Pts',(6.40405136886165,54.8634260874489,-0.495057569213425));
#5461=CARTESIAN_POINT('Ctrl Pts',(7.99501529802672,52.5091777224156,-0.620194858957496));
#5462=CARTESIAN_POINT('Ctrl Pts',(6.91847574680028,49.8793797411815,-0.745332148701567));
#5463=CARTESIAN_POINT('Ctrl Pts',(4.13323118046467,49.3165389231215,-0.870469438445639));
#5464=CARTESIAN_POINT('Ctrl Pts',(2.58897699160083,50.8546790195856,-0.966455425468948));
#5465=CARTESIAN_POINT('Ctrl Pts',(2.43957180019823,51.9450914951236,-1.02072898257757));
#5466=CARTESIAN_POINT('Ctrl Pts',(2.44152479886035,52.197979842378,-1.0332901097715));
#5467=CARTESIAN_POINT('Ctrl Pts',(2.44279009076581,52.1975200211539,-0.166709890228505));
#5468=CARTESIAN_POINT('Ctrl Pts',(2.44649318608658,52.7587184787221,-0.194564786648384));
#5469=CARTESIAN_POINT('Ctrl Pts',(2.90063596168647,54.1675248217311,-0.264132112982954));
#5470=CARTESIAN_POINT('Ctrl Pts',(5.20615197554434,55.2032786833143,-0.375411869232214));
#5471=CARTESIAN_POINT('Ctrl Pts',(7.61324205835761,53.6954017300512,-0.500549158976285));
#5472=CARTESIAN_POINT('Ctrl Pts',(7.69379084344971,50.8545204343749,-0.625686448720357));
#5473=CARTESIAN_POINT('Ctrl Pts',(5.37463388893279,49.2125504175113,-0.750823738464428));
#5474=CARTESIAN_POINT('Ctrl Pts',(2.96502468604343,50.1377866697313,-0.864498218967145));
#5475=CARTESIAN_POINT('Ctrl Pts',(2.44597470994155,51.5934603816978,-0.93646026955517));
#5476=CARTESIAN_POINT('Ctrl Pts',(2.44094074616457,52.2021166651752,-0.966709890228505));
#5477=CARTESIAN_POINT('Ctrl Pts',(6.61992569438872,53.5629122292573,8.32667268468867E-16));
#5478=CARTESIAN_POINT('Ctrl Pts',(7.0664275414123,53.0322105457163,-0.0417124299146897));
#5479=CARTESIAN_POINT('Ctrl Pts',(7.39037254623372,51.5066704407448,-0.125137289744071));
#5480=CARTESIAN_POINT('Ctrl Pts',(5.74684987420514,49.8233443718328,-0.250274579488143));
#5481=CARTESIAN_POINT('Ctrl Pts',(3.43772572967307,50.261837597954,-0.375411869232214));
#5482=CARTESIAN_POINT('Ctrl Pts',(2.52026914593443,52.4241104491314,-0.500549158976286));
#5483=CARTESIAN_POINT('Ctrl Pts',(3.81128037449379,54.387991170552,-0.625686448720357));
#5484=CARTESIAN_POINT('Ctrl Pts',(6.16108466714068,54.4025285262224,-0.75082373846443));
#5485=CARTESIAN_POINT('Ctrl Pts',(7.47673726012599,52.4556754837319,-0.875961028208498));
#5486=CARTESIAN_POINT('Ctrl Pts',(6.58648951405321,50.2809558250317,-1.00109831795257));
#5487=CARTESIAN_POINT('Ctrl Pts',(4.28322281603269,49.8155128516595,-1.12623560769664));
#5488=CARTESIAN_POINT('Ctrl Pts',(2.61835947593282,51.4737845772649,-1.25137289744071));
#5489=CARTESIAN_POINT('Ctrl Pts',(3.07471038500548,53.7788806247708,-1.37651018718479));
#5490=CARTESIAN_POINT('Ctrl Pts',(5.24582764315423,54.6777324414953,-1.50164747692886));
#5491=CARTESIAN_POINT('Ctrl Pts',(7.19799728742186,53.3697882168606,-1.62678476667293));
#5492=CARTESIAN_POINT('Ctrl Pts',(7.19251364793327,51.0199660555365,-1.751922056417));
#5493=CARTESIAN_POINT('Ctrl Pts',(5.23426043586271,49.7211461013795,-1.87705934616107));
#5494=CARTESIAN_POINT('Ctrl Pts',(3.06736244968806,50.6301249510247,-2.00219663590515));
#5495=CARTESIAN_POINT('Ctrl Pts',(2.62177440906928,52.9373184332465,-2.12733392564921));
#5496=CARTESIAN_POINT('Ctrl Pts',(4.29436080199504,54.5878166996169,-2.25247121539329));
#5497=CARTESIAN_POINT('Ctrl Pts',(6.59542705331948,54.1115982609036,-2.37760850513736));
#5498=CARTESIAN_POINT('Ctrl Pts',(7.47552097300515,51.9328085284582,-2.50274579488143));
#5499=CARTESIAN_POINT('Ctrl Pts',(6.15078401639274,49.9919937754678,-2.6278830846255));
#5500=CARTESIAN_POINT('Ctrl Pts',(3.80109750933595,50.0177469926399,-2.75302037436958));
#5501=CARTESIAN_POINT('Ctrl Pts',(2.51921742360067,51.9871310210793,-2.87815766411364));
#5502=CARTESIAN_POINT('Ctrl Pts',(3.44685449957173,54.1461074798762,-3.00329495385772));
#5503=CARTESIAN_POINT('Ctrl Pts',(5.7578056565206,54.5717769752462,-3.12843224360179));
#5504=CARTESIAN_POINT('Ctrl Pts',(7.39381482448812,52.8850154424042,-3.25356953334586));
#5505=CARTESIAN_POINT('Ctrl Pts',(6.89776476101204,50.5881428368565,-3.37870682308993));
#5506=CARTESIAN_POINT('Ctrl Pts',(4.71146471118028,49.7268757423927,-3.503844112834));
#5507=CARTESIAN_POINT('Ctrl Pts',(2.78214871537906,51.0683055946392,-3.62898140257808));
#5508=CARTESIAN_POINT('Ctrl Pts',(2.82817094405224,53.4176813349632,-3.75411869232215));
#5509=CARTESIAN_POINT('Ctrl Pts',(4.80853640786894,54.6825281109729,-3.87925598206622));
#5510=CARTESIAN_POINT('Ctrl Pts',(6.95943646447108,53.7362972263851,-4.00439327181029));
#5511=CARTESIAN_POINT('Ctrl Pts',(7.36514408096423,51.4217699772324,-4.12953056155436));
#5512=CARTESIAN_POINT('Ctrl Pts',(5.66435641414073,49.8003520927706,-4.25466785129844));
#5513=CARTESIAN_POINT('Ctrl Pts',(3.37180104892555,50.3162363246951,-4.3798051410425));
#5514=CARTESIAN_POINT('Ctrl Pts',(2.52952015279631,52.5098045152237,-4.50494243078658));
#5515=CARTESIAN_POINT('Ctrl Pts',(3.88735120038368,54.4276382918216,-4.63007972053065));
#5516=CARTESIAN_POINT('Ctrl Pts',(6.23662780336337,54.3610280604295,-4.75521701027472));
#5517=CARTESIAN_POINT('Ctrl Pts',(7.48356833293986,52.3704779400647,-4.88035430001879));
#5518=CARTESIAN_POINT('Ctrl Pts',(6.52039210642755,50.2265044838633,-5.00549158976286));
#5519=CARTESIAN_POINT('Ctrl Pts',(4.19917867869269,49.84346186136,-5.13062887950693));
#5520=CARTESIAN_POINT('Ctrl Pts',(3.13422501549846,50.9827979282317,-5.21405373933631));
#5521=CARTESIAN_POINT('Ctrl Pts',(2.95494913733602,51.6527742978283,-5.255766169251));
#5522=CARTESIAN_POINT('Ctrl Pts',(6.7329200389981,53.6579791663635,0.0852553897503356));
#5523=CARTESIAN_POINT('Ctrl Pts',(7.21056663775077,53.0902595571716,0.0435429598356451));
#5524=CARTESIAN_POINT('Ctrl Pts',(7.55710771203147,51.4583087662446,-0.0398818999937359));
#5525=CARTESIAN_POINT('Ctrl Pts',(5.79894474025347,49.6575659994068,-0.165019189737808));
#5526=CARTESIAN_POINT('Ctrl Pts',(3.32875273301823,50.1266453535662,-0.290156479481879));
#5527=CARTESIAN_POINT('Ctrl Pts',(2.34730098842363,52.4397427793102,-0.415293769225952));
#5528=CARTESIAN_POINT('Ctrl Pts',(3.72836385833897,54.5406096697733,-0.540431058970021));
#5529=CARTESIAN_POINT('Ctrl Pts',(6.24207356771434,54.5561610466313,-0.665568348714095));
#5530=CARTESIAN_POINT('Ctrl Pts',(7.6494966060929,52.4735095632931,-0.790705638458165));
#5531=CARTESIAN_POINT('Ctrl Pts',(6.69715159163556,50.147097130415,-0.915842928202238));
#5532=CARTESIAN_POINT('Ctrl Pts',(4.23322560417669,49.6491882088135,-1.04098021794631));
#5533=CARTESIAN_POINT('Ctrl Pts',(2.45223339308574,51.4231290218765,-1.16611750769038));
#5534=CARTESIAN_POINT('Ctrl Pts',(2.94041605349193,53.8890119610601,-1.29125479743445));
#5535=CARTESIAN_POINT('Ctrl Pts',(5.26297480831205,54.850561204144,-1.41639208717852));
#5536=CARTESIAN_POINT('Ctrl Pts',(7.3513137412603,53.4513842143522,-1.5415293769226));
#5537=CARTESIAN_POINT('Ctrl Pts',(7.3454476025915,50.9376553899094,-1.66666666666667));
#5538=CARTESIAN_POINT('Ctrl Pts',(5.25060075598351,49.548239113962,-1.79180395641074));
#5539=CARTESIAN_POINT('Ctrl Pts',(2.93255557914985,50.5206217788162,-1.91694124615481));
#5540=CARTESIAN_POINT('Ctrl Pts',(2.45588652735265,52.9887484546492,-2.04207853589889));
#5541=CARTESIAN_POINT('Ctrl Pts',(4.24514049578874,54.75437358797,-2.16721582564295));
#5542=CARTESIAN_POINT('Ctrl Pts',(6.70671254924461,54.2449375822042,-2.29235311538702));
#5543=CARTESIAN_POINT('Ctrl Pts',(7.64819547954606,51.9141711765619,-2.41749040513109));
#5544=CARTESIAN_POINT('Ctrl Pts',(6.23105441778811,49.8379791702926,-2.54262769487517));
#5545=CARTESIAN_POINT('Ctrl Pts',(3.71747070987695,49.8655287463384,-2.66776498461924));
#5546=CARTESIAN_POINT('Ctrl Pts',(2.3461759055177,51.9722828148658,-2.79290227436331));
#5547=CARTESIAN_POINT('Ctrl Pts',(3.33851826013074,54.2818539156477,-2.91803956410738));
#5548=CARTESIAN_POINT('Ctrl Pts',(5.81066471900503,54.7372150479961,-3.04317685385145));
#5549=CARTESIAN_POINT('Ctrl Pts',(7.56079009881472,52.9327971840173,-3.16831414359553));
#5550=CARTESIAN_POINT('Ctrl Pts',(7.03013915703287,50.4757112948517,-3.29345143333959));
#5551=CARTESIAN_POINT('Ctrl Pts',(4.69133856837644,49.5543684134492,-3.41858872308367));
#5552=CARTESIAN_POINT('Ctrl Pts',(2.62744738974734,50.9893667469656,-3.54372601282774));
#5553=CARTESIAN_POINT('Ctrl Pts',(2.67667979749502,53.5026180112959,-3.66886330257181));
#5554=CARTESIAN_POINT('Ctrl Pts',(4.79518128720857,54.8556913849708,-3.79400059231589));
#5555=CARTESIAN_POINT('Ctrl Pts',(7.09611263417044,53.8434582516234,-3.91913788205995));
#5556=CARTESIAN_POINT('Ctrl Pts',(7.53011949080002,51.3674862581195,-4.04427517180403));
#5557=CARTESIAN_POINT('Ctrl Pts',(5.71069713079391,49.6329699446203,-4.1694124615481));
#5558=CARTESIAN_POINT('Ctrl Pts',(3.25822962153994,50.1848385435331,-4.29454975129217));
#5559=CARTESIAN_POINT('Ctrl Pts',(2.35719727886917,52.5314142460132,-4.41968704103624));
#5560=CARTESIAN_POINT('Ctrl Pts',(3.80974083694012,54.5830222885586,-4.54482433078031));
#5561=CARTESIAN_POINT('Ctrl Pts',(6.3228860488192,54.5117658073622,-4.66996162052438));
#5562=CARTESIAN_POINT('Ctrl Pts',(7.65680416532725,52.382369252842,-4.79509891026845));
#5563=CARTESIAN_POINT('Ctrl Pts',(6.62644370509664,50.0888476560175,-4.92023620001253));
#5564=CARTESIAN_POINT('Ctrl Pts',(4.14331915336768,49.6790867400536,-5.0453734897566));
#5565=CARTESIAN_POINT('Ctrl Pts',(3.00408199579539,50.8978946818464,-5.12879834958598));
#5566=CARTESIAN_POINT('Ctrl Pts',(2.81230112408454,51.614603775696,-5.17051077950067));
#5567=CARTESIAN_POINT('Ctrl Pts',(6.84591438360749,53.7530461034696,0.17051077950067));
#5568=CARTESIAN_POINT('Ctrl Pts',(7.35470573408925,53.1483085686268,0.12879834958598));
#5569=CARTESIAN_POINT('Ctrl Pts',(7.72384287782922,51.4099470917446,0.0453734897565985));
#5570=CARTESIAN_POINT('Ctrl Pts',(5.85103960630179,49.4917876269806,-0.0797637999874726));
#5571=CARTESIAN_POINT('Ctrl Pts',(3.2197797363634,49.9914531091785,-0.204901089731544));
#5572=CARTESIAN_POINT('Ctrl Pts',(2.17433283091284,52.455375109489,-0.330038379475616));
#5573=CARTESIAN_POINT('Ctrl Pts',(3.64544734218415,54.6932281689946,-0.455175669219688));
#5574=CARTESIAN_POINT('Ctrl Pts',(6.323062468288,54.7097935670401,-0.580312958963759));
#5575=CARTESIAN_POINT('Ctrl Pts',(7.82225595205981,52.4913436428543,-0.70545024870783));
#5576=CARTESIAN_POINT('Ctrl Pts',(6.80781366921792,50.0132384357983,-0.830587538451903));
#5577=CARTESIAN_POINT('Ctrl Pts',(4.18322839232067,49.4828635659675,-0.955724828195974));
#5578=CARTESIAN_POINT('Ctrl Pts',(2.28610731023867,51.3724734664882,-1.08086211794004));
#5579=CARTESIAN_POINT('Ctrl Pts',(2.80612172197837,53.9991432973494,-1.20599940768412));
#5580=CARTESIAN_POINT('Ctrl Pts',(5.28012197346987,55.0233899667928,-1.33113669742819));
#5581=CARTESIAN_POINT('Ctrl Pts',(7.50463019509873,53.5329802118438,-1.45627398717226));
#5582=CARTESIAN_POINT('Ctrl Pts',(7.49838155724973,50.8553447242823,-1.58141127691633));
#5583=CARTESIAN_POINT('Ctrl Pts',(5.26694107610431,49.3753321265445,-1.7065485666604));
#5584=CARTESIAN_POINT('Ctrl Pts',(2.79774870861163,50.4111186066077,-1.83168585640447));
#5585=CARTESIAN_POINT('Ctrl Pts',(2.28999864563602,53.0401784760518,-1.95682314614855));
#5586=CARTESIAN_POINT('Ctrl Pts',(4.19592018958245,54.9209304763231,-2.08196043589262));
#5587=CARTESIAN_POINT('Ctrl Pts',(6.81799804516974,54.3782769035048,-2.20709772563669));
#5588=CARTESIAN_POINT('Ctrl Pts',(7.82086998608697,51.8955338246657,-2.33223501538076));
#5589=CARTESIAN_POINT('Ctrl Pts',(6.31132481918348,49.6839645651174,-2.45737230512483));
#5590=CARTESIAN_POINT('Ctrl Pts',(3.63384391041794,49.713310500037,-2.58250959486891));
#5591=CARTESIAN_POINT('Ctrl Pts',(2.17313438743474,51.9574346086523,-2.70764688461298));
#5592=CARTESIAN_POINT('Ctrl Pts',(3.23018202068975,54.4176003514193,-2.83278417435704));
#5593=CARTESIAN_POINT('Ctrl Pts',(5.86352378148946,54.9026531207459,-2.95792146410112));
#5594=CARTESIAN_POINT('Ctrl Pts',(7.72776537314133,52.9805789256304,-3.08305875384519));
#5595=CARTESIAN_POINT('Ctrl Pts',(7.16251355305371,50.3632797528468,-3.20819604358926));
#5596=CARTESIAN_POINT('Ctrl Pts',(4.67121242557261,49.3818610845058,-3.33333333333334));
#5597=CARTESIAN_POINT('Ctrl Pts',(2.47274606411561,50.910427899292,-3.4584706230774));
#5598=CARTESIAN_POINT('Ctrl Pts',(2.52518865093781,53.5875546876285,-3.58360791282148));
#5599=CARTESIAN_POINT('Ctrl Pts',(4.78182616654819,55.0288546589688,-3.70874520256554));
#5600=CARTESIAN_POINT('Ctrl Pts',(7.23278880386981,53.9506192768617,-3.83388249230963));
#5601=CARTESIAN_POINT('Ctrl Pts',(7.69509490063583,51.3132025390067,-3.95901978205369));
#5602=CARTESIAN_POINT('Ctrl Pts',(5.75703784744709,49.4655877964699,-4.08415707179777));
#5603=CARTESIAN_POINT('Ctrl Pts',(3.14465819415434,50.0534407623711,-4.20929436154183));
#5604=CARTESIAN_POINT('Ctrl Pts',(2.18487440494203,52.5530239768027,-4.33443165128591));
#5605=CARTESIAN_POINT('Ctrl Pts',(3.73213047349657,54.7384062852956,-4.45956894102998));
#5606=CARTESIAN_POINT('Ctrl Pts',(6.40914429427502,54.662503554295,-4.58470623077405));
#5607=CARTESIAN_POINT('Ctrl Pts',(7.83003999771466,52.3942605656193,-4.70984352051812));
#5608=CARTESIAN_POINT('Ctrl Pts',(6.73249530376573,49.9511908281717,-4.8349808102622));
#5609=CARTESIAN_POINT('Ctrl Pts',(4.08745962804267,49.5147116187471,-4.96011810000626));
#5610=CARTESIAN_POINT('Ctrl Pts',(2.87393897609233,50.812991435461,-5.04354295983565));
#5611=CARTESIAN_POINT('Ctrl Pts',(2.66965311083306,51.5764332535638,-5.08525538975034));
#5612=CARTESIAN_POINT('Ctrl Pts',(6.95890872821687,53.8481130405757,0.255766169251005));
#5613=CARTESIAN_POINT('Ctrl Pts',(7.49884483042772,53.2063575800821,0.214053739336314));
#5614=CARTESIAN_POINT('Ctrl Pts',(7.89057804362698,51.3615854172445,0.130628879506933));
#5615=CARTESIAN_POINT('Ctrl Pts',(5.90313447235011,49.3260092545545,0.00549158976286214));
#5616=CARTESIAN_POINT('Ctrl Pts',(3.11080673970858,49.8562608647908,-0.119645699981209));
#5617=CARTESIAN_POINT('Ctrl Pts',(2.00136467340204,52.4710074396677,-0.244782989725281));
#5618=CARTESIAN_POINT('Ctrl Pts',(3.56253082602934,54.8458466682159,-0.369920279469352));
#5619=CARTESIAN_POINT('Ctrl Pts',(6.40405136886165,54.8634260874489,-0.495057569213425));
#5620=CARTESIAN_POINT('Ctrl Pts',(7.99501529802672,52.5091777224156,-0.620194858957496));
#5621=CARTESIAN_POINT('Ctrl Pts',(6.91847574680028,49.8793797411815,-0.745332148701567));
#5622=CARTESIAN_POINT('Ctrl Pts',(4.13323118046467,49.3165389231215,-0.870469438445639));
#5623=CARTESIAN_POINT('Ctrl Pts',(2.11998122739159,51.3218179110998,-0.99560672818971));
#5624=CARTESIAN_POINT('Ctrl Pts',(2.67182739046482,54.1092746336387,-1.12074401793378));
#5625=CARTESIAN_POINT('Ctrl Pts',(5.29726913862769,55.1962187294416,-1.24588130767785));
#5626=CARTESIAN_POINT('Ctrl Pts',(7.65794664893716,53.6145762093354,-1.37101859742193));
#5627=CARTESIAN_POINT('Ctrl Pts',(7.65131551190796,50.7730340586553,-1.496155887166));
#5628=CARTESIAN_POINT('Ctrl Pts',(5.28328139622511,49.2024251391269,-1.62129317691007));
#5629=CARTESIAN_POINT('Ctrl Pts',(2.66294183807342,50.3016154343992,-1.74643046665414));
#5630=CARTESIAN_POINT('Ctrl Pts',(2.12411076391939,53.0916084974545,-1.87156775639821));
#5631=CARTESIAN_POINT('Ctrl Pts',(4.14669988337615,55.0874873646761,-1.99670504614228));
#5632=CARTESIAN_POINT('Ctrl Pts',(6.92928354109488,54.5116162248055,-2.12184233588636));
#5633=CARTESIAN_POINT('Ctrl Pts',(7.99354449262787,51.8768964727694,-2.24697962563043));
#5634=CARTESIAN_POINT('Ctrl Pts',(6.39159522057884,49.5299499599422,-2.3721169153745));
#5635=CARTESIAN_POINT('Ctrl Pts',(3.55021711095893,49.5610922537355,-2.49725420511857));
#5636=CARTESIAN_POINT('Ctrl Pts',(2.00009286935177,51.9425864024389,-2.62239149486264));
#5637=CARTESIAN_POINT('Ctrl Pts',(3.12184578124877,54.5533467871908,-2.74752878460671));
#5638=CARTESIAN_POINT('Ctrl Pts',(5.91638284397389,55.0680911934957,-2.87266607435078));
#5639=CARTESIAN_POINT('Ctrl Pts',(7.89474064746792,53.0283606672435,-2.99780336409486));
#5640=CARTESIAN_POINT('Ctrl Pts',(7.29488794907455,50.250848210842,-3.12294065383893));
#5641=CARTESIAN_POINT('Ctrl Pts',(4.65108628276878,49.2093537555623,-3.248077943583));
#5642=CARTESIAN_POINT('Ctrl Pts',(2.31804473848389,50.8314890516184,-3.37321523332707));
#5643=CARTESIAN_POINT('Ctrl Pts',(2.37369750438059,53.6724913639612,-3.49835252307114));
#5644=CARTESIAN_POINT('Ctrl Pts',(4.76847104588781,55.2020179329667,-3.62348981281521));
#5645=CARTESIAN_POINT('Ctrl Pts',(7.36946497356917,54.0577803021001,-3.74862710255929));
#5646=CARTESIAN_POINT('Ctrl Pts',(7.86007031047162,51.2589188198937,-3.87376439230336));
#5647=CARTESIAN_POINT('Ctrl Pts',(5.80337856410027,49.2982056483196,-3.99890168204743));
#5648=CARTESIAN_POINT('Ctrl Pts',(3.03108676676874,49.922042981209,-4.1240389717915));
#5649=CARTESIAN_POINT('Ctrl Pts',(2.01255153101489,52.5746337075923,-4.24917626153558));
#5650=CARTESIAN_POINT('Ctrl Pts',(3.65452011005301,54.8937902820326,-4.37431355127964));
#5651=CARTESIAN_POINT('Ctrl Pts',(6.49540253973085,54.8132413012279,-4.49945084102372));
#5652=CARTESIAN_POINT('Ctrl Pts',(8.00327583010206,52.4061518783966,-4.62458813076778));
#5653=CARTESIAN_POINT('Ctrl Pts',(6.83854690243482,49.8135340003259,-4.74972542051186));
#5654=CARTESIAN_POINT('Ctrl Pts',(4.03160010271766,49.3503364974406,-4.87486271025593));
#5655=CARTESIAN_POINT('Ctrl Pts',(2.74379595638926,50.7280881890757,-4.95828757008531));
#5656=CARTESIAN_POINT('Ctrl Pts',(2.52700509758158,51.5382627314315,-5.));
#5657=CARTESIAN_POINT('Ctrl Pts',(2.52700509758158,51.5382627314315,-5.));
#5658=CARTESIAN_POINT('Ctrl Pts',(2.55643557417414,51.4569803196176,-5.));
#5659=CARTESIAN_POINT('Ctrl Pts',(2.59022061451791,51.3775666051757,-5.));
#5660=CARTESIAN_POINT('Ctrl Pts',(2.62804873013004,51.3002231323599,-5.));
#5661=CARTESIAN_POINT('Ctrl Pts',(2.66761415152523,51.2193275591968,-5.));
#5662=CARTESIAN_POINT('Ctrl Pts',(2.71160305405098,51.1406958790304,-5.));
#5663=CARTESIAN_POINT('Ctrl Pts',(2.75970812317231,51.0645898476153,-5.));
#5664=CARTESIAN_POINT('Ctrl Pts',(2.80180005865347,50.9979970701272,-5.));
#5665=CARTESIAN_POINT('Ctrl Pts',(2.84704455502457,50.9333381861372,-5.));
#5666=CARTESIAN_POINT('Ctrl Pts',(2.89525910790593,50.8708146620327,-5.));
#5667=CARTESIAN_POINT('Ctrl Pts',(2.91890412124505,50.8401523521468,-5.));
#5668=CARTESIAN_POINT('Ctrl Pts',(2.94326373043554,50.8100040124896,-5.));
#5669=CARTESIAN_POINT('Ctrl Pts',(2.96831779397317,50.7803959547813,-5.));
#5670=CARTESIAN_POINT('Ctrl Pts',(2.9816314190008,50.7646623562162,-5.));
#5671=CARTESIAN_POINT('Ctrl Pts',(2.99514115832843,50.7490813533009,-5.));
#5672=CARTESIAN_POINT('Ctrl Pts',(3.00884406858701,50.7336571069308,-5.));
#5673=CARTESIAN_POINT('Ctrl Pts',(3.01765300714011,50.7237416046077,-5.));
#5674=CARTESIAN_POINT('Ctrl Pts',(3.02654335170978,50.7138891719885,-5.));
#5675=CARTESIAN_POINT('Ctrl Pts',(3.03550918338358,50.7041065497745,-5.));
#5676=CARTESIAN_POINT('Ctrl Pts',(3.09411837434799,50.640158040106,-5.));
#5677=CARTESIAN_POINT('Ctrl Pts',(3.15579865026936,50.5793525196361,-5.));
#5678=CARTESIAN_POINT('Ctrl Pts',(3.22027161414758,50.5219189923726,-5.));
#5679=CARTESIAN_POINT('Ctrl Pts',(3.28444895812474,50.4647488079527,-5.));
#5680=CARTESIAN_POINT('Ctrl Pts',(3.35139426016052,50.4109192364414,-5.));
#5681=CARTESIAN_POINT('Ctrl Pts',(3.42086084193582,50.3606991441012,-5.));
#5682=CARTESIAN_POINT('Ctrl Pts',(3.48293196122461,50.3158255190763,-5.));
#5683=CARTESIAN_POINT('Ctrl Pts',(3.54701684335935,50.2738340569995,-5.));
#5684=CARTESIAN_POINT('Ctrl Pts',(3.61295064404479,50.2349509902635,-5.));
#5685=CARTESIAN_POINT('Ctrl Pts',(3.66686918398727,50.2031536698437,-5.));
#5686=CARTESIAN_POINT('Ctrl Pts',(3.72202446987361,50.1734355981924,-5.));
#5687=CARTESIAN_POINT('Ctrl Pts',(3.77832840444037,50.1459389377598,-5.));
#5688=CARTESIAN_POINT('Ctrl Pts',(3.79057061943658,50.1399603142181,-5.));
#5689=CARTESIAN_POINT('Ctrl Pts',(3.80285977724797,50.1340904039284,-5.));
#5690=CARTESIAN_POINT('Ctrl Pts',(3.81519042070208,50.1283323388602,-5.));
#5691=CARTESIAN_POINT('Ctrl Pts',(3.88937284135063,50.093691226529,-5.));
#5692=CARTESIAN_POINT('Ctrl Pts',(3.96510655037851,50.0630693632701,-5.));
#5693=CARTESIAN_POINT('Ctrl Pts',(4.0421735880278,50.0367059572953,-5.));
#5694=CARTESIAN_POINT('Ctrl Pts',(4.10951472296597,50.0136696277134,-5.));
#5695=CARTESIAN_POINT('Ctrl Pts',(4.17787445887869,49.9938852314482,-5.));
#5696=CARTESIAN_POINT('Ctrl Pts',(4.24711329637281,49.9775444789644,-5.));
#5697=CARTESIAN_POINT('Ctrl Pts',(4.32820345821104,49.9584067477225,-5.));
#5698=CARTESIAN_POINT('Ctrl Pts',(4.41050047394856,49.9439918011527,-5.));
#5699=CARTESIAN_POINT('Ctrl Pts',(4.49361502843382,49.9342283874302,-5.));
#5700=CARTESIAN_POINT('Ctrl Pts',(4.53456479382203,49.9294180445992,-5.));
#5701=CARTESIAN_POINT('Ctrl Pts',(4.57571286219665,49.9257376220802,-5.));
#5702=CARTESIAN_POINT('Ctrl Pts',(4.61701118057262,49.9231829874442,-5.));
#5703=CARTESIAN_POINT('Ctrl Pts',(4.63048274841534,49.9223496621378,-5.));
#5704=CARTESIAN_POINT('Ctrl Pts',(4.64397259660803,49.9216360525641,-5.));
#5705=CARTESIAN_POINT('Ctrl Pts',(4.65747160737609,49.9210423952723,-5.));
#5706=CARTESIAN_POINT('Ctrl Pts',(4.73904395770743,49.9174550197664,-5.));
#5707=CARTESIAN_POINT('Ctrl Pts',(4.82070993620966,49.9182523681545,-5.));
#5708=CARTESIAN_POINT('Ctrl Pts',(4.90210977283842,49.9233085414828,-5.));
#5709=CARTESIAN_POINT('Ctrl Pts',(4.98374935181534,49.9283796064733,-5.));
#5710=CARTESIAN_POINT('Ctrl Pts',(5.06512224742894,49.9377349798421,-5.));
#5711=CARTESIAN_POINT('Ctrl Pts',(5.14585483718536,49.9512989783291,-5.));
#5712=CARTESIAN_POINT('Ctrl Pts',(5.22541353026135,49.964665748747,-5.));
#5713=CARTESIAN_POINT('Ctrl Pts',(5.30435129232222,49.98212009818,-5.));
#5714=CARTESIAN_POINT('Ctrl Pts',(5.38228606176041,50.0036331029869,-5.));
#5715=CARTESIAN_POINT('Ctrl Pts',(5.41546123198117,50.0127907305975,-5.));
#5716=CARTESIAN_POINT('Ctrl Pts',(5.44845427463039,50.0226842999075,-5.));
#5717=CARTESIAN_POINT('Ctrl Pts',(5.48123374878195,50.0333137235121,-5.));
#5718=CARTESIAN_POINT('Ctrl Pts',(5.49417373751225,50.037509782943,-5.));
#5719=CARTESIAN_POINT('Ctrl Pts',(5.50708129955338,50.0418208266989,-5.));
#5720=CARTESIAN_POINT('Ctrl Pts',(5.51995175689632,50.046245976629,-5.));
#5721=CARTESIAN_POINT('Ctrl Pts',(5.59473108693979,50.0719567760437,-5.));
#5722=CARTESIAN_POINT('Ctrl Pts',(5.66801986178788,50.1014330083479,-5.));
#5723=CARTESIAN_POINT('Ctrl Pts',(5.73946327054709,50.1346220640938,-5.));
#5724=CARTESIAN_POINT('Ctrl Pts',(5.79093001650261,50.1585309554841,-5.));
#5725=CARTESIAN_POINT('Ctrl Pts',(5.84143866920134,50.1843675521439,-5.));
#5726=CARTESIAN_POINT('Ctrl Pts',(5.8908454693226,50.2121246232795,-5.));
#5727=CARTESIAN_POINT('Ctrl Pts',(5.91208551743103,50.22405742453,-5.));
#5728=CARTESIAN_POINT('Ctrl Pts',(5.93312179109986,50.2363452818542,-5.));
#5729=CARTESIAN_POINT('Ctrl Pts',(5.95394220501275,50.2489881584979,-5.));
#5730=CARTESIAN_POINT('Ctrl Pts',(5.97202815607575,50.2599705745647,-5.));
#5731=CARTESIAN_POINT('Ctrl Pts',(5.98995434999774,50.2712231013339,-5.));
#5732=CARTESIAN_POINT('Ctrl Pts',(6.00769026271361,50.2827308611822,-5.));
#5733=CARTESIAN_POINT('Ctrl Pts',(6.07105794174826,50.3238463111825,-5.));
#5734=CARTESIAN_POINT('Ctrl Pts',(6.13205623499274,50.3682500099391,-5.));
#5735=CARTESIAN_POINT('Ctrl Pts',(6.19034339294874,50.4159178240937,-5.));
#5736=CARTESIAN_POINT('Ctrl Pts',(6.22801849254278,50.4467288930956,-5.));
#5737=CARTESIAN_POINT('Ctrl Pts',(6.26456020103319,50.4789043912764,-5.));
#5738=CARTESIAN_POINT('Ctrl Pts',(6.29986677034536,50.5124446595136,-5.));
#5739=CARTESIAN_POINT('Ctrl Pts',(6.32199982339686,50.5334704502012,-5.));
#5740=CARTESIAN_POINT('Ctrl Pts',(6.34364731243154,50.5550327008835,-5.));
#5741=CARTESIAN_POINT('Ctrl Pts',(6.36479981198729,50.5771100785584,-5.));
#5742=CARTESIAN_POINT('Ctrl Pts',(6.61992569438872,53.5629122292573,8.32667268468867E-16));
#5743=CARTESIAN_POINT('Ctrl Pts',(6.67340393785484,53.5113094160823,8.51643792138526E-16));
#5744=CARTESIAN_POINT('Ctrl Pts',(6.72375715693193,53.4568573492823,4.57732851641639E-16));
#5745=CARTESIAN_POINT('Ctrl Pts',(6.77098877527533,53.3999227846404,5.3776427755281E-16));
#5746=CARTESIAN_POINT('Ctrl Pts',(6.81953192995319,53.3414072504524,6.20018030935737E-16));
#5747=CARTESIAN_POINT('Ctrl Pts',(6.86477816828567,53.2802689634391,4.82853608223111E-16));
#5748=CARTESIAN_POINT('Ctrl Pts',(6.90670421676899,53.2168584813834,3.57353036051222E-16));
#5749=CARTESIAN_POINT('Ctrl Pts',(6.94674081974776,53.1563056654945,2.37508291234559E-16));
#5750=CARTESIAN_POINT('Ctrl Pts',(6.9837498302754,53.0936799659194,7.48452042381483E-16));
#5751=CARTESIAN_POINT('Ctrl Pts',(7.01768332531135,53.0292545765219,8.32667268468867E-16));
#5752=CARTESIAN_POINT('Ctrl Pts',(7.03252922938957,53.0010684686605,8.69511429882098E-16));
#5753=CARTESIAN_POINT('Ctrl Pts',(7.04678608607923,52.972537538253,1.11274008018597E-15));
#5754=CARTESIAN_POINT('Ctrl Pts',(7.06044803806028,52.9436832222723,1.15879528195251E-15));
#5755=CARTESIAN_POINT('Ctrl Pts',(7.06955616657764,52.924446672576,1.18949929095242E-15));
#5756=CARTESIAN_POINT('Ctrl Pts',(7.07839985994532,52.9050663741566,9.55856957362439E-16));
#5757=CARTESIAN_POINT('Ctrl Pts',(7.08697708285111,52.8855485080929,9.71445146547012E-16));
#5758=CARTESIAN_POINT('Ctrl Pts',(7.09197200284868,52.8741823374124,9.80522881699649E-16));
#5759=CARTESIAN_POINT('Ctrl Pts',(7.09687540933709,52.8627719632401,6.42016138462413E-16));
#5760=CARTESIAN_POINT('Ctrl Pts',(7.10168297189201,52.8513286405477,6.45317133063372E-16));
#5761=CARTESIAN_POINT('Ctrl Pts',(7.13269507601721,52.7775112932285,6.6661083171259E-16));
#5762=CARTESIAN_POINT('Ctrl Pts',(7.15977318263477,52.7022102100852,8.21769204283869E-16));
#5763=CARTESIAN_POINT('Ctrl Pts',(7.18289234445213,52.6258051281122,8.04911692853238E-16));
#5764=CARTESIAN_POINT('Ctrl Pts',(7.20638568943359,52.5481634314405,7.87781342942735E-16));
#5765=CARTESIAN_POINT('Ctrl Pts',(7.22579140267618,52.4693808979698,8.36981312628017E-16));
#5766=CARTESIAN_POINT('Ctrl Pts',(7.24104281279086,52.3898208855085,8.60422844084496E-16));
#5767=CARTESIAN_POINT('Ctrl Pts',(7.25437050019392,52.320296102692,8.80907599340028E-16));
#5768=CARTESIAN_POINT('Ctrl Pts',(7.26452534880355,52.2501766803831,1.24075008381267E-15));
#5769=CARTESIAN_POINT('Ctrl Pts',(7.27143366688223,52.1796913624049,1.37390099297363E-15));
#5770=CARTESIAN_POINT('Ctrl Pts',(7.27443457270254,52.1490732295168,1.43174044589523E-15));
#5771=CARTESIAN_POINT('Ctrl Pts',(7.27682250662193,52.1183859376414,1.30918292673355E-15));
#5772=CARTESIAN_POINT('Ctrl Pts',(7.27858966007993,52.0876478585109,1.346145417358E-15));
#5773=CARTESIAN_POINT('Ctrl Pts',(7.27941790396274,52.0732412851067,1.36346929866247E-15));
#5774=CARTESIAN_POINT('Ctrl Pts',(7.28010976597349,52.0588235534239,6.8362338665474E-16));
#5775=CARTESIAN_POINT('Ctrl Pts',(7.28066435633343,52.0443965484012,6.93889390390723E-16));
#5776=CARTESIAN_POINT('Ctrl Pts',(7.28115003212318,52.0317622735122,7.0287971880663E-16));
#5777=CARTESIAN_POINT('Ctrl Pts',(7.28153030763642,52.019122307732,8.33539238218401E-16));
#5778=CARTESIAN_POINT('Ctrl Pts',(7.28180456020474,52.0064902473401,8.18789480661053E-16));
#5779=CARTESIAN_POINT('Ctrl Pts',(7.28361609032846,51.9230512550818,7.21362388922934E-16));
#5780=CARTESIAN_POINT('Ctrl Pts',(7.28081167496375,51.8398143122692,7.01312406904103E-16));
#5781=CARTESIAN_POINT('Ctrl Pts',(7.27333209028201,51.7571595248365,6.93889390390723E-16));
#5782=CARTESIAN_POINT('Ctrl Pts',(7.26694278334393,51.6865530902174,6.87548405840308E-16));
#5783=CARTESIAN_POINT('Ctrl Pts',(7.25714135985541,51.6163706084216,4.67033974222632E-16));
#5784=CARTESIAN_POINT('Ctrl Pts',(7.24386230823546,51.5468394963054,3.60822483003176E-16));
#5785=CARTESIAN_POINT('Ctrl Pts',(7.22872725114714,51.4675900603208,2.38862464713634E-16));
#5786=CARTESIAN_POINT('Ctrl Pts',(7.20907588350863,51.3891860674542,5.58878375385542E-16));
#5787=CARTESIAN_POINT('Ctrl Pts',(7.18517221374822,51.31185845885,6.38378239159465E-16));
#5788=CARTESIAN_POINT('Ctrl Pts',(7.17170058890346,51.2682781825284,6.8318275456261E-16));
#5789=CARTESIAN_POINT('Ctrl Pts',(7.15687736741851,51.2250398297125,1.09368322705813E-15));
#5790=CARTESIAN_POINT('Ctrl Pts',(7.14074277625974,51.1821858911408,1.13797860024079E-15));
#5791=CARTESIAN_POINT('Ctrl Pts',(7.13406802381993,51.1644575565197,1.15630324493204E-15));
#5792=CARTESIAN_POINT('Ctrl Pts',(7.12716638219145,51.1467894256682,6.91572481291829E-16));
#5793=CARTESIAN_POINT('Ctrl Pts',(7.12005350529407,51.1292157895993,6.93889390390723E-16));
#5794=CARTESIAN_POINT('Ctrl Pts',(7.08882244831419,51.0520538708245,7.0406242179963E-16));
#5795=CARTESIAN_POINT('Ctrl Pts',(7.05349158474106,50.9766211040056,2.25754833574152E-16));
#5796=CARTESIAN_POINT('Ctrl Pts',(7.01438851495003,50.9031540435003,2.4980018054066E-16));
#5797=CARTESIAN_POINT('Ctrl Pts',(6.97444243104949,50.8281031234944,2.74363915625263E-16));
#5798=CARTESIAN_POINT('Ctrl Pts',(6.93055943469237,50.7551027970646,5.14614804694736E-16));
#5799=CARTESIAN_POINT('Ctrl Pts',(6.88303296302076,50.6844102408173,6.38378239159465E-16));
#5800=CARTESIAN_POINT('Ctrl Pts',(6.8350509060593,50.6130400308836,7.63328060877056E-16));
#5801=CARTESIAN_POINT('Ctrl Pts',(6.78335472894997,50.5440211835117,4.56583738538352E-16));
#5802=CARTESIAN_POINT('Ctrl Pts',(6.72819607510406,50.4776358979916,4.71844785465692E-16));
#5803=CARTESIAN_POINT('Ctrl Pts',(6.70220850425665,50.4463589869288,4.79034909056052E-16));
#5804=CARTESIAN_POINT('Ctrl Pts',(6.67545167303252,50.415666992982,7.96716650517064E-16));
#5805=CARTESIAN_POINT('Ctrl Pts',(6.64794854024231,50.3855916185551,8.32667268468867E-16));
#5806=CARTESIAN_POINT('Ctrl Pts',(6.63536426869825,50.3718303979166,8.49116752312512E-16));
#5807=CARTESIAN_POINT('Ctrl Pts',(6.62262136638047,50.3581959909615,4.97952484326436E-16));
#5808=CARTESIAN_POINT('Ctrl Pts',(6.60973984069,50.3447098473646,5.27355936696949E-16));
#5809=CARTESIAN_POINT('Ctrl Pts',(6.54862082761881,50.2807221019228,6.66866584189692E-16));
#5810=CARTESIAN_POINT('Ctrl Pts',(6.48430988423419,50.2199857944075,3.31115709520516E-16));
#5811=CARTESIAN_POINT('Ctrl Pts',(6.41710076460544,50.1627855264611,3.33066907387547E-16));
#5812=CARTESIAN_POINT('Ctrl Pts',(6.36826707090743,50.1212241969902,3.34484634617261E-16));
#5813=CARTESIAN_POINT('Ctrl Pts',(6.31790220523915,50.0815299606949,8.60373348286835E-16));
#5814=CARTESIAN_POINT('Ctrl Pts',(6.26610430154022,50.0438212870953,1.02695629777827E-15));
#5815=CARTESIAN_POINT('Ctrl Pts',(6.2427469429954,50.0268172203933,1.10207396472751E-15));
#5816=CARTESIAN_POINT('Ctrl Pts',(6.2190980388441,50.0102170242834,7.00867738977838E-16));
#5817=CARTESIAN_POINT('Ctrl Pts',(6.19516588749843,49.9940322523557,7.21644966006352E-16));
#5818=CARTESIAN_POINT('Ctrl Pts',(6.18074645847905,49.9842807190883,7.34163512543603E-16));
#5819=CARTESIAN_POINT('Ctrl Pts',(6.1662285659595,49.9746830240714,7.36282035803753E-16));
#5820=CARTESIAN_POINT('Ctrl Pts',(6.15162076808418,49.9652455859807,7.21644966006352E-16));
#5821=CARTESIAN_POINT('Ctrl Pts',(6.07692020928508,49.9169849306089,6.46794718051103E-16));
#5822=CARTESIAN_POINT('Ctrl Pts',(5.99982086136612,49.8728778826093,6.70968034031496E-16));
#5823=CARTESIAN_POINT('Ctrl Pts',(5.92059285748712,49.8332241695241,4.9960036108132E-16));
#5824=CARTESIAN_POINT('Ctrl Pts',(5.86995462036763,49.8078796697568,3.90071451698254E-16));
#5825=CARTESIAN_POINT('Ctrl Pts',(5.81844596843982,49.7843549760062,-2.47063068258685E-16));
#5826=CARTESIAN_POINT('Ctrl Pts',(5.76612993074996,49.7627366715168,-4.44089209850063E-16));
#5827=CARTESIAN_POINT('Ctrl Pts',(5.73220684292495,49.7487187971859,-5.7307062285122E-16));
#5828=CARTESIAN_POINT('Ctrl Pts',(5.69794417169276,49.7355026156723,-1.14083570176151E-16));
#5829=CARTESIAN_POINT('Ctrl Pts',(5.66336812879087,49.7230809158045,-1.11022302462516E-16));
#5830=CARTESIAN_POINT('Ctrl Pts',(2.88095407217722,52.2013221847354,-4.4890562790225));
#5831=CARTESIAN_POINT('Ctrl Pts',(2.88546086645261,51.5974727763063,-4.45263923302917));
#5832=CARTESIAN_POINT('Ctrl Pts',(3.15736854734311,50.9900983220758,-4.41622218703583));
#5833=CARTESIAN_POINT('Ctrl Pts',(3.61351346043987,50.5958503177958,-4.3798051410425));
#5834=CARTESIAN_POINT('Ctrl Pts',(4.13598617066394,50.1442749140536,-4.33809271112781));
#5835=CARTESIAN_POINT('Ctrl Pts',(4.90017129240233,49.9723135034121,-4.29638028121312));
#5836=CARTESIAN_POINT('Ctrl Pts',(5.56572846440879,50.1565691121683,-4.25466785129843));
#5837=CARTESIAN_POINT('Ctrl Pts',(6.23128563641523,50.3408247209245,-4.21295542138374));
#5838=CARTESIAN_POINT('Ctrl Pts',(6.79821485868973,50.8812973490785,-4.17124299146905));
#5839=CARTESIAN_POINT('Ctrl Pts',(7.01406153374478,51.5372882046809,-4.12953056155436));
#5840=CARTESIAN_POINT('Ctrl Pts',(7.22990820879985,52.1932790602833,-4.08781813163967));
#5841=CARTESIAN_POINT('Ctrl Pts',(7.09467233663546,52.9647881433342,-4.04610570172498));
#5842=CARTESIAN_POINT('Ctrl Pts',(6.66857105778623,53.508247832291,-4.00439327181029));
#5843=CARTESIAN_POINT('Ctrl Pts',(6.24246977893702,54.0517075212477,-3.9626808418956));
#5844=CARTESIAN_POINT('Ctrl Pts',(5.52550309340298,54.3671178161103,-3.92096841198091));
#5845=CARTESIAN_POINT('Ctrl Pts',(4.83695883999985,54.31401516754,-3.87925598206622));
#5846=CARTESIAN_POINT('Ctrl Pts',(4.14841458659671,54.2609125189697,-3.83754355215153));
#5847=CARTESIAN_POINT('Ctrl Pts',(3.48829276532447,53.8392969269664,-3.79583112223684));
#5848=CARTESIAN_POINT('Ctrl Pts',(3.15056148324282,53.2369265075775,-3.75411869232215));
#5849=CARTESIAN_POINT('Ctrl Pts',(2.97496544545141,52.9237371036363,-3.73243122122226));
#5850=CARTESIAN_POINT('Ctrl Pts',(2.88651975763867,52.5616850795122,-3.71074375012238));
#5851=CARTESIAN_POINT('Ctrl Pts',(2.88618472614808,52.199786593206,-3.6890562790225));
#5852=CARTESIAN_POINT('Ctrl Pts',(4.3382627314315,49.7270050975816,5.55111512312578E-16));
#5853=CARTESIAN_POINT('Ctrl Pts',(3.52808818907567,49.9437959563893,-0.04171242991469));
#5854=CARTESIAN_POINT('Ctrl Pts',(2.15033784157448,51.2316087683183,-0.125137289744071));
#5855=CARTESIAN_POINT('Ctrl Pts',(2.61353284013312,54.0385436457019,-0.250274579488142));
#5856=CARTESIAN_POINT('Ctrl Pts',(5.20615197554434,55.2032786833143,-0.375411869232214));
#5857=CARTESIAN_POINT('Ctrl Pts',(7.61324205835761,53.6954017300512,-0.500549158976285));
#5858=CARTESIAN_POINT('Ctrl Pts',(7.69379084344971,50.8545204343749,-0.625686448720357));
#5859=CARTESIAN_POINT('Ctrl Pts',(5.37463388893279,49.2125504175113,-0.750823738464428));
#5860=CARTESIAN_POINT('Ctrl Pts',(2.72204235160228,50.2310864729543,-0.875961028208501));
#5861=CARTESIAN_POINT('Ctrl Pts',(2.09820495824544,53.0033786572928,-1.00109831795257));
#5862=CARTESIAN_POINT('Ctrl Pts',(4.0589185619764,55.0600710851694,-1.12623560769664));
#5863=CARTESIAN_POINT('Ctrl Pts',(6.85778078042418,54.5694655360973,-1.25137289744071));
#5864=CARTESIAN_POINT('Ctrl Pts',(8.00201867773556,51.9684710044316,-1.37651018718479));
#5865=CARTESIAN_POINT('Ctrl Pts',(6.47249173697994,49.5736968376366,-1.50164747692886));
#5866=CARTESIAN_POINT('Ctrl Pts',(3.63148870648796,49.5180440711888,-1.62678476667293));
#5867=CARTESIAN_POINT('Ctrl Pts',(2.00935300754761,51.8510861929221,-1.751922056417));
#5868=CARTESIAN_POINT('Ctrl Pts',(3.05084772183881,54.4948885252963,-1.87705934616107));
#5869=CARTESIAN_POINT('Ctrl Pts',(5.82836087514004,55.0947413720321,-2.00219663590514));
#5870=CARTESIAN_POINT('Ctrl Pts',(7.86809191185306,53.1163830739061,-2.12733392564922));
#5871=CARTESIAN_POINT('Ctrl Pts',(7.35334737689127,50.3218453105271,-2.25247121539329));
#5872=CARTESIAN_POINT('Ctrl Pts',(4.74258633788539,49.200092117867,-2.37760850513736));
#5873=CARTESIAN_POINT('Ctrl Pts',(2.36109159264399,50.7502167476916,-2.50274579488143));
#5874=CARTESIAN_POINT('Ctrl Pts',(2.32994929095984,53.5915955692437,-2.6278830846255));
#5875=CARTESIAN_POINT('Ctrl Pts',(4.6768963918854,55.1935452426031,-2.75302037436957));
#5876=CARTESIAN_POINT('Ctrl Pts',(7.31161680383098,54.1292840244435,-2.87815766411364));
#5877=CARTESIAN_POINT('Ctrl Pts',(7.88748808829884,51.3466996696109,-3.00329495385772));
#5878=CARTESIAN_POINT('Ctrl Pts',(5.89160872043537,49.3241100433741,-3.12843224360179));
#5879=CARTESIAN_POINT('Ctrl Pts',(3.10161495954438,49.8629412526444,-3.25356953334586));
#5880=CARTESIAN_POINT('Ctrl Pts',(2.00242438670174,52.4832814670198,-3.37870682308993));
#5881=CARTESIAN_POINT('Ctrl Pts',(3.57303370385765,54.8513161765258,-3.50384411283401));
#5882=CARTESIAN_POINT('Ctrl Pts',(6.41457655864167,54.857947314056,-3.62898140257807));
#5883=CARTESIAN_POINT('Ctrl Pts',(7.99621948963561,52.4972692147559,-3.75411869232215));
#5884=CARTESIAN_POINT('Ctrl Pts',(6.90927509420765,49.8718268037149,-3.87925598206622));
#5885=CARTESIAN_POINT('Ctrl Pts',(4.12181772396243,49.3199805131006,-4.00439327181028));
#5886=CARTESIAN_POINT('Ctrl Pts',(2.11653814036413,51.333230948153,-4.12953056155437));
#5887=CARTESIAN_POINT('Ctrl Pts',(2.67937926953161,54.1184762590831,-4.25466785129843));
#5888=CARTESIAN_POINT('Ctrl Pts',(5.30917760263401,55.1950159824125,-4.37980514104251));
#5889=CARTESIAN_POINT('Ctrl Pts',(7.66342710406787,53.6040518580045,-4.50494243078657));
#5890=CARTESIAN_POINT('Ctrl Pts',(7.64584672393266,50.7625301800654,-4.63007972053065));
#5891=CARTESIAN_POINT('Ctrl Pts',(5.27100853703771,49.2013645165405,-4.75521701027472));
#5892=CARTESIAN_POINT('Ctrl Pts',(2.65625858162536,50.3108050258203,-4.88035430001879));
#5893=CARTESIAN_POINT('Ctrl Pts',(2.12601125960226,53.1031372887556,-5.00549158976287));
#5894=CARTESIAN_POINT('Ctrl Pts',(4.16157908384567,55.0905719783661,-5.13062887950693));
#5895=CARTESIAN_POINT('Ctrl Pts',(6.00635758008207,54.6988448304277,-5.21405373933631));
#5896=CARTESIAN_POINT('Ctrl Pts',(6.6481130405757,54.1589087282169,-5.255766169251));
#5897=CARTESIAN_POINT('Ctrl Pts',(4.37643325356377,49.8696531108331,0.0852553897503353));
#5898=CARTESIAN_POINT('Ctrl Pts',(3.61299143546102,50.0739389760923,0.0435429598356448));
#5899=CARTESIAN_POINT('Ctrl Pts',(2.31471288534824,51.2874677937916,-0.039881899993736));
#5900=CARTESIAN_POINT('Ctrl Pts',(2.75118973490148,53.9324922348886,-0.165019189737808));
#5901=CARTESIAN_POINT('Ctrl Pts',(5.19426065716333,55.030042686347,-0.290156479481879));
#5902=CARTESIAN_POINT('Ctrl Pts',(7.46250426775183,53.6091435312996,-0.415293769225951));
#5903=CARTESIAN_POINT('Ctrl Pts',(7.53840681432884,50.9321307791109,-0.540431058970022));
#5904=CARTESIAN_POINT('Ctrl Pts',(5.35302414768316,49.3848733556679,-0.665568348714094));
#5905=CARTESIAN_POINT('Ctrl Pts',(2.85344016908146,50.3446579172878,-0.790705638458165));
#5906=CARTESIAN_POINT('Ctrl Pts',(2.26558714620082,52.9570379352642,-0.915842928202237));
#5907=CARTESIAN_POINT('Ctrl Pts',(4.11320229596657,54.8950956306472,-1.04098021794631));
#5908=CARTESIAN_POINT('Ctrl Pts',(6.75061972759503,54.4327893339502,-1.16611750769038));
#5909=CARTESIAN_POINT('Ctrl Pts',(7.82885536077764,51.9818261274831,-1.29125479743445));
#5910=CARTESIAN_POINT('Ctrl Pts',(6.3875550391307,49.7251880226533,-1.41639208717852));
#5911=CARTESIAN_POINT('Ctrl Pts',(3.71042757406945,49.6727454353116,-1.5415293769226));
#5912=CARTESIAN_POINT('Ctrl Pts',(2.18186037963829,51.8712123409085,-1.66666666666667));
#5913=CARTESIAN_POINT('Ctrl Pts',(3.16327929205045,54.3625140960377,-1.79180395641074));
#5914=CARTESIAN_POINT('Ctrl Pts',(5.78057912153495,54.9277660559109,-1.91694124615481));
#5915=CARTESIAN_POINT('Ctrl Pts',(7.70265379766676,53.0635239981587,-2.04207853589888));
#5916=CARTESIAN_POINT('Ctrl Pts',(7.21760090710443,50.4301815771204,-2.16721582564295));
#5917=CARTESIAN_POINT('Ctrl Pts',(4.75743454782247,49.3731336792974,-2.29235311538702));
#5918=CARTESIAN_POINT('Ctrl Pts',(2.51330987707872,50.8338435681046,-2.4174904051311));
#5919=CARTESIAN_POINT('Ctrl Pts',(2.48396393472349,53.5113251477366,-2.54262769487517));
#5920=CARTESIAN_POINT('Ctrl Pts',(4.69553374844722,55.0208706928018,-2.66776498461924));
#5921=CARTESIAN_POINT('Ctrl Pts',(7.17827744913084,54.0179985006378,-2.79290227436331));
#5922=CARTESIAN_POINT('Ctrl Pts',(7.72093115820556,51.3959199881476,-2.91803956410738));
#5923=CARTESIAN_POINT('Ctrl Pts',(5.84017868617067,49.4899979666534,-3.04317685385145));
#5924=CARTESIAN_POINT('Ctrl Pts',(3.21111815914358,49.9977481569515,-3.16831414359553));
#5925=CARTESIAN_POINT('Ctrl Pts',(2.17533141752089,52.4669411428153,-3.2934514333396));
#5926=CARTESIAN_POINT('Ctrl Pts',(3.65534438995025,54.698382183531,-3.41858872308367));
#5927=CARTESIAN_POINT('Ctrl Pts',(6.33298054100127,54.704630821852,-3.54372601282774));
#5928=CARTESIAN_POINT('Ctrl Pts',(7.8233906831371,52.4801220452069,-3.66886330257181));
#5929=CARTESIAN_POINT('Ctrl Pts',(6.79914373135166,50.0061211690735,-3.79400059231588));
#5930=CARTESIAN_POINT('Ctrl Pts',(4.17247329014532,49.4861066371497,-3.91913788205995));
#5931=CARTESIAN_POINT('Ctrl Pts',(2.28286282836136,51.3832281734093,-4.04427517180403));
#5932=CARTESIAN_POINT('Ctrl Pts',(2.8132379913542,54.0078141519511,-4.1694124615481));
#5933=CARTESIAN_POINT('Ctrl Pts',(5.29134352998208,55.0222565969687,-4.29454975129217));
#5934=CARTESIAN_POINT('Ctrl Pts',(7.50979452501812,53.5230629292159,-4.41968704103624));
#5935=CARTESIAN_POINT('Ctrl Pts',(7.49322822149749,50.8454467334809,-4.54482433078032));
#5936=CARTESIAN_POINT('Ctrl Pts',(5.25537614356014,49.3743326830994,-4.66996162052438));
#5937=CARTESIAN_POINT('Ctrl Pts',(2.7914509577113,50.4197781213361,-4.79509891026845));
#5938=CARTESIAN_POINT('Ctrl Pts',(2.29178951637259,53.0510422602506,-4.92023620001253));
#5939=CARTESIAN_POINT('Ctrl Pts',(4.20994112367071,54.9238371624265,-5.0453734897566));
#5940=CARTESIAN_POINT('Ctrl Pts',(5.94830856862681,54.5547057340893,-5.12879834958598));
#5941=CARTESIAN_POINT('Ctrl Pts',(6.55304610346958,54.0459143836075,-5.17051077950067));
#5942=CARTESIAN_POINT('Ctrl Pts',(4.41460377569604,50.0123011240845,0.17051077950067));
#5943=CARTESIAN_POINT('Ctrl Pts',(3.69789468184637,50.2040819957954,0.12879834958598));
#5944=CARTESIAN_POINT('Ctrl Pts',(2.47908792912201,51.3433268192649,0.0453734897565987));
#5945=CARTESIAN_POINT('Ctrl Pts',(2.88884662966985,53.8264408240754,-0.0797637999874729));
#5946=CARTESIAN_POINT('Ctrl Pts',(5.18236933878232,54.8568066893798,-0.204901089731544));
#5947=CARTESIAN_POINT('Ctrl Pts',(7.31176647714605,53.522885332548,-0.330038379475616));
#5948=CARTESIAN_POINT('Ctrl Pts',(7.38302278520797,51.0097411238467,-0.455175669219688));
#5949=CARTESIAN_POINT('Ctrl Pts',(5.33141440643352,49.5571962938244,-0.580312958963759));
#5950=CARTESIAN_POINT('Ctrl Pts',(2.98483798656066,50.4582293616213,-0.705450248707831));
#5951=CARTESIAN_POINT('Ctrl Pts',(2.43296933415619,52.9106972132354,-0.830587538451902));
#5952=CARTESIAN_POINT('Ctrl Pts',(4.16748602995673,54.7301201761251,-0.955724828195975));
#5953=CARTESIAN_POINT('Ctrl Pts',(6.64345867476588,54.2961131318028,-1.08086211794005));
#5954=CARTESIAN_POINT('Ctrl Pts',(7.65569204381971,51.9951812505349,-1.20599940768412));
#5955=CARTESIAN_POINT('Ctrl Pts',(6.30261834128147,49.8766792076697,-1.33113669742819));
#5956=CARTESIAN_POINT('Ctrl Pts',(3.78936644165094,49.8274467994344,-1.45627398717226));
#5957=CARTESIAN_POINT('Ctrl Pts',(2.35436775172897,51.891338488895,-1.58141127691633));
#5958=CARTESIAN_POINT('Ctrl Pts',(3.27571086226209,54.230139666779,-1.7065485666604));
#5959=CARTESIAN_POINT('Ctrl Pts',(5.73279736792987,54.7607907397899,-1.83168585640447));
#5960=CARTESIAN_POINT('Ctrl Pts',(7.53721568348044,53.0106649224112,-1.95682314614855));
#5961=CARTESIAN_POINT('Ctrl Pts',(7.0818544373176,50.5385178437137,-2.08196043589262));
#5962=CARTESIAN_POINT('Ctrl Pts',(4.77228275775955,49.5461752407277,-2.20709772563669));
#5963=CARTESIAN_POINT('Ctrl Pts',(2.66552816151344,50.9174703885177,-2.33223501538076));
#5964=CARTESIAN_POINT('Ctrl Pts',(2.63797857848713,53.4310547262294,-2.45737230512483));
#5965=CARTESIAN_POINT('Ctrl Pts',(4.71417110500904,54.8481961430007,-2.5825095948689));
#5966=CARTESIAN_POINT('Ctrl Pts',(7.04493809443069,53.906712976832,-2.70764688461298));
#5967=CARTESIAN_POINT('Ctrl Pts',(7.55437422811229,51.4451403066844,-2.83278417435705));
#5968=CARTESIAN_POINT('Ctrl Pts',(5.78874865190597,49.6558858899327,-2.95792146410112));
#5969=CARTESIAN_POINT('Ctrl Pts',(3.32062135874278,50.1325550612586,-3.08305875384519));
#5970=CARTESIAN_POINT('Ctrl Pts',(2.34823844834005,52.450600818611,-3.20819604358926));
#5971=CARTESIAN_POINT('Ctrl Pts',(3.73765507604282,54.545448190536,-3.33333333333334));
#5972=CARTESIAN_POINT('Ctrl Pts',(6.25138452336088,54.551314329648,-3.4584706230774));
#5973=CARTESIAN_POINT('Ctrl Pts',(7.65056187663858,52.4629748756578,-3.58360791282148));
#5974=CARTESIAN_POINT('Ctrl Pts',(6.68901236849568,50.1404155344322,-3.70874520256555));
#5975=CARTESIAN_POINT('Ctrl Pts',(4.22312885632821,49.6522327611986,-3.83388249230962));
#5976=CARTESIAN_POINT('Ctrl Pts',(2.44918751635858,51.4332253986656,-3.95901978205369));
#5977=CARTESIAN_POINT('Ctrl Pts',(2.94709671317679,53.897152044819,-4.08415707179776));
#5978=CARTESIAN_POINT('Ctrl Pts',(5.27350945733014,54.8494972115249,-4.20929436154184));
#5979=CARTESIAN_POINT('Ctrl Pts',(7.35616194596836,53.4420740004274,-4.3344316512859));
#5980=CARTESIAN_POINT('Ctrl Pts',(7.34060971906231,50.9283632868964,-4.45956894102998));
#5981=CARTESIAN_POINT('Ctrl Pts',(5.23974375008257,49.5473008496584,-4.58470623077405));
#5982=CARTESIAN_POINT('Ctrl Pts',(2.92664333379723,50.5287512168519,-4.70984352051812));
#5983=CARTESIAN_POINT('Ctrl Pts',(2.45756777314293,52.9989472317455,-4.83498081026219));
#5984=CARTESIAN_POINT('Ctrl Pts',(4.25830316349576,54.7571023464869,-4.96011810000626));
#5985=CARTESIAN_POINT('Ctrl Pts',(5.89025955717156,54.4105666377508,-5.04354295983564));
#5986=CARTESIAN_POINT('Ctrl Pts',(6.45797916636346,53.9329200389981,-5.08525538975033));
#5987=CARTESIAN_POINT('Ctrl Pts',(4.45277429782831,50.154949137336,0.255766169251005));
#5988=CARTESIAN_POINT('Ctrl Pts',(3.78279792823172,50.3342250154985,0.214053739336314));
#5989=CARTESIAN_POINT('Ctrl Pts',(2.64346297289578,51.3991858447382,0.130628879506933));
#5990=CARTESIAN_POINT('Ctrl Pts',(3.02650352443821,53.7203894132621,0.00549158976286185));
#5991=CARTESIAN_POINT('Ctrl Pts',(5.17047802040132,54.6835706924126,-0.119645699981209));
#5992=CARTESIAN_POINT('Ctrl Pts',(7.16102868654026,53.4366271337964,-0.244782989725281));
#5993=CARTESIAN_POINT('Ctrl Pts',(7.22763875608712,51.0873514685827,-0.369920279469353));
#5994=CARTESIAN_POINT('Ctrl Pts',(5.30980466518387,49.729519231981,-0.495057569213425));
#5995=CARTESIAN_POINT('Ctrl Pts',(3.11623580403985,50.5718008059548,-0.620194858957496));
#5996=CARTESIAN_POINT('Ctrl Pts',(2.60035152211156,52.8643564912066,-0.745332148701567));
#5997=CARTESIAN_POINT('Ctrl Pts',(4.2217697639469,54.565144721603,-0.870469438445639));
#5998=CARTESIAN_POINT('Ctrl Pts',(6.53629762193671,54.1594369296555,-0.995606728189711));
#5999=CARTESIAN_POINT('Ctrl Pts',(7.48252872686179,52.0085363735866,-1.12074401793378));
#6000=CARTESIAN_POINT('Ctrl Pts',(6.21768164343223,50.0281703926862,-1.24588130767785));
#6001=CARTESIAN_POINT('Ctrl Pts',(3.86830530923243,49.9821481635573,-1.37101859742193));
#6002=CARTESIAN_POINT('Ctrl Pts',(2.52687512381965,51.9114646368813,-1.496155887166));
#6003=CARTESIAN_POINT('Ctrl Pts',(3.38814243247373,54.0977652375204,-1.62129317691007));
#6004=CARTESIAN_POINT('Ctrl Pts',(5.68501561432479,54.5938154236687,-1.74643046665414));
#6005=CARTESIAN_POINT('Ctrl Pts',(7.37177756929412,52.9578058466638,-1.87156775639821));
#6006=CARTESIAN_POINT('Ctrl Pts',(6.94610796753078,50.646854110307,-1.99670504614228));
#6007=CARTESIAN_POINT('Ctrl Pts',(4.78713096769663,49.719216802158,-2.12184233588635));
#6008=CARTESIAN_POINT('Ctrl Pts',(2.81774644594817,51.0010972089309,-2.24697962563043));
#6009=CARTESIAN_POINT('Ctrl Pts',(2.79199322225078,53.3507843047222,-2.3721169153745));
#6010=CARTESIAN_POINT('Ctrl Pts',(4.73280846157086,54.6755215931995,-2.49725420511857));
#6011=CARTESIAN_POINT('Ctrl Pts',(6.91159873973054,53.7954274530262,-2.62239149486264));
#6012=CARTESIAN_POINT('Ctrl Pts',(7.38781729801901,51.4943606252212,-2.74752878460671));
#6013=CARTESIAN_POINT('Ctrl Pts',(5.73731861764127,49.8217738132121,-2.87266607435078));
#6014=CARTESIAN_POINT('Ctrl Pts',(3.43012455834198,50.2673619655657,-2.99780336409486));
#6015=CARTESIAN_POINT('Ctrl Pts',(2.52114547915921,52.4342604944065,-3.12294065383893));
#6016=CARTESIAN_POINT('Ctrl Pts',(3.81996576213541,54.3925141975412,-3.248077943583));
#6017=CARTESIAN_POINT('Ctrl Pts',(6.16978850572048,54.3979978374439,-3.37321523332707));
#6018=CARTESIAN_POINT('Ctrl Pts',(7.47773307014006,52.4458277061088,-3.49835252307114));
#6019=CARTESIAN_POINT('Ctrl Pts',(6.57888100563969,50.2747098997907,-3.62348981281521));
#6020=CARTESIAN_POINT('Ctrl Pts',(4.27378442251111,49.8183588852477,-3.74862710255929));
#6021=CARTESIAN_POINT('Ctrl Pts',(2.61551220435581,51.4832226239218,-3.87376439230336));
#6022=CARTESIAN_POINT('Ctrl Pts',(3.08095543499937,53.7864899376871,-3.99890168204743));
#6023=CARTESIAN_POINT('Ctrl Pts',(5.25567538467821,54.676737826081,-4.1240389717915));
#6024=CARTESIAN_POINT('Ctrl Pts',(7.20252936691861,53.3610850716389,-4.24917626153557));
#6025=CARTESIAN_POINT('Ctrl Pts',(7.18799121662713,51.0112798403119,-4.37431355127964));
#6026=CARTESIAN_POINT('Ctrl Pts',(5.22411135660501,49.7202690162173,-4.49945084102372));
#6027=CARTESIAN_POINT('Ctrl Pts',(3.06183570988316,50.6377243123678,-4.62458813076779));
#6028=CARTESIAN_POINT('Ctrl Pts',(2.62334602991327,52.9468522032405,-4.74972542051185));
#6029=CARTESIAN_POINT('Ctrl Pts',(4.30666520332081,54.5903675305473,-4.87486271025593));
#6030=CARTESIAN_POINT('Ctrl Pts',(5.83221054571631,54.2664275414123,-4.95828757008531));
#6031=CARTESIAN_POINT('Ctrl Pts',(6.36291222925733,53.8199256943887,-5.));
#6032=CARTESIAN_POINT('Ctrl Pts',(6.36291222925733,53.8199256943887,-5.));
#6033=CARTESIAN_POINT('Ctrl Pts',(6.3113095785051,53.873403769529,-5.));
#6034=CARTESIAN_POINT('Ctrl Pts',(6.25685766233929,53.9237568114984,-5.));
#6035=CARTESIAN_POINT('Ctrl Pts',(6.19992323943792,53.97098825012,-5.));
#6036=CARTESIAN_POINT('Ctrl Pts',(6.1414078258191,54.0195312409138,-5.));
#6037=CARTESIAN_POINT('Ctrl Pts',(6.08026964773254,54.0647773097585,-5.));
#6038=CARTESIAN_POINT('Ctrl Pts',(6.01685926662877,54.1067031896982,-5.));
#6039=CARTESIAN_POINT('Ctrl Pts',(5.95630633670801,54.1467397708647,-5.));
#6040=CARTESIAN_POINT('Ctrl Pts',(5.89368050143539,54.1837487394018,-5.));
#6041=CARTESIAN_POINT('Ctrl Pts',(5.82925496069036,54.2176821774824,-5.));
#6042=CARTESIAN_POINT('Ctrl Pts',(5.80106878661441,54.2325280566426,-5.));
#6043=CARTESIAN_POINT('Ctrl Pts',(5.77253778699252,54.2467848855467,-5.));
#6044=CARTESIAN_POINT('Ctrl Pts',(5.74368339928481,54.2604468072982,-5.));
#6045=CARTESIAN_POINT('Ctrl Pts',(5.72444687269102,54.2695548820825,-5.));
#6046=CARTESIAN_POINT('Ctrl Pts',(5.70506659731717,54.2783985225804,-5.));
#6047=CARTESIAN_POINT('Ctrl Pts',(5.68554875431651,54.286975693627,-5.));
#6048=CARTESIAN_POINT('Ctrl Pts',(5.67418269891995,54.2919705386649,-5.));
#6049=CARTESIAN_POINT('Ctrl Pts',(5.66277243988228,54.2968738725915,-5.));
#6050=CARTESIAN_POINT('Ctrl Pts',(5.65132923309666,54.3016813646057,-5.));
#6051=CARTESIAN_POINT('Ctrl Pts',(5.57751191309335,54.3326933163322,-5.));
#6052=CARTESIAN_POINT('Ctrl Pts',(5.50221085322467,54.3597712808304,-5.));
#6053=CARTESIAN_POINT('Ctrl Pts',(5.42580579518225,54.3828903179391,-5.));
#6054=CARTESIAN_POINT('Ctrl Pts',(5.34816402741162,54.4063835650653,-5.));
#6055=CARTESIAN_POINT('Ctrl Pts',(5.26938142071684,54.4257891883753,-5.));
#6056=CARTESIAN_POINT('Ctrl Pts',(5.18982133908055,54.4410405238548,-5.));
#6057=CARTESIAN_POINT('Ctrl Pts',(5.12029623322813,54.4543681963734,-5.));
#6058=CARTESIAN_POINT('Ctrl Pts',(5.0501764864808,54.4645230178245,-5.));
#6059=CARTESIAN_POINT('Ctrl Pts',(4.97969084929208,54.4714313006266,-5.));
#6060=CARTESIAN_POINT('Ctrl Pts',(4.94907216304159,54.4744322317678,-5.));
#6061=CARTESIAN_POINT('Ctrl Pts',(4.91838431691528,54.4768201728708,-5.));
#6062=CARTESIAN_POINT('Ctrl Pts',(4.88764568393068,54.4785873153772,-5.));
#6063=CARTESIAN_POINT('Ctrl Pts',(4.8732395783307,54.4794155123101,-5.));
#6064=CARTESIAN_POINT('Ctrl Pts',(4.85882231566596,54.4801073371573,-5.));
#6065=CARTESIAN_POINT('Ctrl Pts',(4.84439578072177,54.4806619002714,-5.));
#6066=CARTESIAN_POINT('Ctrl Pts',(4.83176145463799,54.4811475699935,-5.));
#6067=CARTESIAN_POINT('Ctrl Pts',(4.81912143681682,54.4815278393689,-5.));
#6068=CARTESIAN_POINT('Ctrl Pts',(4.80648932497973,54.4818020856943,-5.));
#6069=CARTESIAN_POINT('Ctrl Pts',(4.72305018329175,54.483613570448,-5.));
#6070=CARTESIAN_POINT('Ctrl Pts',(4.63981310726046,54.4808091266558,-5.));
#6071=CARTESIAN_POINT('Ctrl Pts',(4.55715821035595,54.4733295376903,-5.));
#6072=CARTESIAN_POINT('Ctrl Pts',(4.48655116605991,54.4669401803844,-5.));
#6073=CARTESIAN_POINT('Ctrl Pts',(4.4163680981086,54.4571386742845,-5.));
#6074=CARTESIAN_POINT('Ctrl Pts',(4.34683643298539,54.4438595107801,-5.));
#6075=CARTESIAN_POINT('Ctrl Pts',(4.26758685532877,54.4287244194876,-5.));
#6076=CARTESIAN_POINT('Ctrl Pts',(4.18918275338474,54.4090730352776,-5.));
#6077=CARTESIAN_POINT('Ctrl Pts',(4.11185506403775,54.3851693622768,-5.));
#6078=CARTESIAN_POINT('Ctrl Pts',(4.06827468273183,54.3716977172195,-5.));
#6079=CARTESIAN_POINT('Ctrl Pts',(4.02503623487148,54.3568744760694,-5.));
#6080=CARTESIAN_POINT('Ctrl Pts',(3.98218221065707,54.3407398651869,-5.));
#6081=CARTESIAN_POINT('Ctrl Pts',(3.96445411389322,54.3340652074806,-5.));
#6082=CARTESIAN_POINT('Ctrl Pts',(3.94678622074214,54.327163667608,-5.));
#6083=CARTESIAN_POINT('Ctrl Pts',(3.9292128212531,54.3200508989789,-5.));
#6084=CARTESIAN_POINT('Ctrl Pts',(3.8520508500845,54.2888198757368,-5.));
#6085=CARTESIAN_POINT('Ctrl Pts',(3.77661805769315,54.2534890550365,-5.));
#6086=CARTESIAN_POINT('Ctrl Pts',(3.70315099377288,54.2143860328078,-5.));
#6087=CARTESIAN_POINT('Ctrl Pts',(3.62810012575711,54.1744400270236,-5.));
#6088=CARTESIAN_POINT('Ctrl Pts',(3.55509987141343,54.1305571194975,-5.));
#6089=CARTESIAN_POINT('Ctrl Pts',(3.48440740221472,54.0830307420437,-5.));
#6090=CARTESIAN_POINT('Ctrl Pts',(3.41303732576004,54.0350488108572,-5.));
#6091=CARTESIAN_POINT('Ctrl Pts',(3.34401862412354,53.9833527697635,-5.));
#6092=CARTESIAN_POINT('Ctrl Pts',(3.27763349106186,53.9281942562998,-5.));
#6093=CARTESIAN_POINT('Ctrl Pts',(3.24635672683566,53.9022068139146,-5.));
#6094=CARTESIAN_POINT('Ctrl Pts',(3.21566487841555,53.8754501158128,-5.));
#6095=CARTESIAN_POINT('Ctrl Pts',(3.18558964740595,53.8479471200323,-5.));
#6096=CARTESIAN_POINT('Ctrl Pts',(3.17182852608101,53.8353629419885,-5.));
#6097=CARTESIAN_POINT('Ctrl Pts',(3.15819421746292,53.8226201348438,-5.));
#6098=CARTESIAN_POINT('Ctrl Pts',(3.14470817087213,53.8097387056649,-5.));
#6099=CARTESIAN_POINT('Ctrl Pts',(3.08072058029915,53.7486198588075,-5.));
#6100=CARTESIAN_POINT('Ctrl Pts',(3.01998442892751,53.6843090813733,-5.));
#6101=CARTESIAN_POINT('Ctrl Pts',(2.96278431243661,53.6171001212764,-5.));
#6102=CARTESIAN_POINT('Ctrl Pts',(2.92122310155306,53.5682665535284,-5.));
#6103=CARTESIAN_POINT('Ctrl Pts',(2.88152898060884,53.5179018110561,-5.));
#6104=CARTESIAN_POINT('Ctrl Pts',(2.84382041679201,53.4661040253994,-5.));
#6105=CARTESIAN_POINT('Ctrl Pts',(2.82681633687797,53.4427466339338,-5.));
#6106=CARTESIAN_POINT('Ctrl Pts',(2.81021612940249,53.4190976936634,-5.));
#6107=CARTESIAN_POINT('Ctrl Pts',(2.79403134786951,53.3951655028707,-5.));
#6108=CARTESIAN_POINT('Ctrl Pts',(2.78427979086468,53.3807460235413,-5.));
#6109=CARTESIAN_POINT('Ctrl Pts',(2.77468207348109,53.3662280793937,-5.));
#6110=CARTESIAN_POINT('Ctrl Pts',(2.76524461420588,53.3516202283066,-5.));
#6111=CARTESIAN_POINT('Ctrl Pts',(2.71698411232971,53.2769198026687,-5.));
#6112=CARTESIAN_POINT('Ctrl Pts',(2.672877204861,53.1998205742858,-5.));
#6113=CARTESIAN_POINT('Ctrl Pts',(2.63322361343935,53.1205926700686,-5.));
#6114=CARTESIAN_POINT('Ctrl Pts',(2.60787928852289,53.0699546906337,-5.));
#6115=CARTESIAN_POINT('Ctrl Pts',(2.58435474797948,53.0184462949388,-5.));
#6116=CARTESIAN_POINT('Ctrl Pts',(2.5627365724905,52.9661305096697,-5.));
#6117=CARTESIAN_POINT('Ctrl Pts',(2.54871872758991,52.9322074543162,-5.));
#6118=CARTESIAN_POINT('Ctrl Pts',(2.5355025715266,52.8979448113277,-5.));
#6119=CARTESIAN_POINT('Ctrl Pts',(2.52308089340758,52.8633687927085,-5.));
#6120=CARTESIAN_POINT('Ctrl Pts',(2.88418724999046,52.1983155609097,-3.9109437209775));
#6121=CARTESIAN_POINT('Ctrl Pts',(2.88799857874766,52.6864029753469,-3.94026304133414));
#6122=CARTESIAN_POINT('Ctrl Pts',(3.05654342822421,53.1768708172121,-3.96958236169079));
#6123=CARTESIAN_POINT('Ctrl Pts',(3.36583488817191,53.5509867001252,-3.99890168204743));
#6124=CARTESIAN_POINT('Ctrl Pts',(3.80586208489232,54.0832392338184,-4.04061411196212));
#6125=CARTESIAN_POINT('Ctrl Pts',(4.53076873478527,54.3799885299497,-4.08232654187681));
#6126=CARTESIAN_POINT('Ctrl Pts',(5.21769772343848,54.3090877189416,-4.1240389717915));
#6127=CARTESIAN_POINT('Ctrl Pts',(5.90462671209169,54.2381869079336,-4.16575140170619));
#6128=CARTESIAN_POINT('Ctrl Pts',(6.55357803950515,53.7996359897862,-4.20746383162088));
#6129=CARTESIAN_POINT('Ctrl Pts',(6.8756306781633,53.1887263254914,-4.24917626153557));
#6130=CARTESIAN_POINT('Ctrl Pts',(7.19768331682145,52.5778166611965,-4.29088869145026));
#6131=CARTESIAN_POINT('Ctrl Pts',(7.19283726672429,51.7945482507542,-4.33260112136495));
#6132=CARTESIAN_POINT('Ctrl Pts',(6.86310093167203,51.1877455748506,-4.37431355127964));
#6133=CARTESIAN_POINT('Ctrl Pts',(6.53336459661976,50.580942898947,-4.41602598119434));
#6134=CARTESIAN_POINT('Ctrl Pts',(5.87873797661239,50.1506059575822,-4.45773841110903));
#6135=CARTESIAN_POINT('Ctrl Pts',(5.19104539215506,50.0883467029248,-4.49945084102372));
#6136=CARTESIAN_POINT('Ctrl Pts',(4.50335280769773,50.0260874482675,-4.54116327093841));
#6137=CARTESIAN_POINT('Ctrl Pts',(3.78259425879044,50.3319058803176,-4.5828757008531));
#6138=CARTESIAN_POINT('Ctrl Pts',(3.34913337100848,50.8696697448215,-4.62458813076779));
#6139=CARTESIAN_POINT('Ctrl Pts',(3.05000773968154,51.2407734822259,-4.65337332750436));
#6140=CARTESIAN_POINT('Ctrl Pts',(2.88769893547761,51.7223342209498,-4.68215852424093));
#6141=CARTESIAN_POINT('Ctrl Pts',(2.884007532517,52.2016700045356,-4.7109437209775));
#6142=CARTESIAN_POINT('Ctrl Pts',(4.3382627314315,49.7270050975816,5.55111512312578E-16));
#6143=CARTESIAN_POINT('Ctrl Pts',(4.25698050413098,49.7564355073661,5.51752401756345E-16));
#6144=CARTESIAN_POINT('Ctrl Pts',(4.17756697280776,49.7902205067983,5.03188012927164E-16));
#6145=CARTESIAN_POINT('Ctrl Pts',(4.10022367870247,49.8280485998127,4.38885039422132E-16));
#6146=CARTESIAN_POINT('Ctrl Pts',(4.01932808687566,49.8676140981211,3.71628696670147E-16));
#6147=CARTESIAN_POINT('Ctrl Pts',(3.94069639472631,49.9116031200719,3.96978747452218E-16));
#6148=CARTESIAN_POINT('Ctrl Pts',(3.86459035636493,49.9597083401818,3.98986399474666E-16));
#6149=CARTESIAN_POINT('Ctrl Pts',(3.79799757279872,50.001800407778,4.00743094994307E-16));
#6150=CARTESIAN_POINT('Ctrl Pts',(3.73333868658919,50.0470450604477,8.61212769682895E-16));
#6151=CARTESIAN_POINT('Ctrl Pts',(3.67081516304613,50.0952597865908,9.36750677027476E-16));
#6152=CARTESIAN_POINT('Ctrl Pts',(3.64015291962034,50.1189048338615,9.73795321532828E-16));
#6153=CARTESIAN_POINT('Ctrl Pts',(3.61000464487408,50.143264477979,6.87765132828215E-16));
#6154=CARTESIAN_POINT('Ctrl Pts',(3.58039665022837,50.1683185767121,6.80011602582908E-16));
#6155=CARTESIAN_POINT('Ctrl Pts',(3.56466299086939,50.1816323002429,6.75891384203754E-16));
#6156=CARTESIAN_POINT('Ctrl Pts',(3.54908192846718,50.1951421405002,3.92469375976895E-16));
#6157=CARTESIAN_POINT('Ctrl Pts',(3.53365762394552,50.2088451539514,3.88578058618805E-16));
#6158=CARTESIAN_POINT('Ctrl Pts',(3.52374212556946,50.2176541221245,3.86076529237644E-16));
#6159=CARTESIAN_POINT('Ctrl Pts',(3.51388969700377,50.2265444965025,1.10041960103904E-15));
#6160=CARTESIAN_POINT('Ctrl Pts',(3.50410707859075,50.2355103584447,1.08246744900953E-15));
#6161=CARTESIAN_POINT('Ctrl Pts',(3.44015859762613,50.2941197437379,9.65115140674102E-16));
#6162=CARTESIAN_POINT('Ctrl Pts',(3.37935310570085,50.3558002227565,5.01384524196486E-16));
#6163=CARTESIAN_POINT('Ctrl Pts',(3.32191960505103,50.4202733888882,5.27355936696949E-16));
#6164=CARTESIAN_POINT('Ctrl Pts',(3.26474940424595,50.4844509823239,5.5320828508324E-16));
#6165=CARTESIAN_POINT('Ctrl Pts',(3.21091981944464,50.5513965371506,4.87625800502844E-16));
#6166=CARTESIAN_POINT('Ctrl Pts',(3.16069971573478,50.6208633649775,5.13478148889135E-16));
#6167=CARTESIAN_POINT('Ctrl Pts',(3.11582609476218,50.6829346844651,5.36578230271694E-16));
#6168=CARTESIAN_POINT('Ctrl Pts',(3.0738346364489,50.7470197601534,7.64989446569244E-16));
#6169=CARTESIAN_POINT('Ctrl Pts',(3.03495157216781,50.8129537405318,7.63278329429795E-16));
#6170=CARTESIAN_POINT('Ctrl Pts',(3.00315429824581,50.8668723519793,7.61879034867968E-16));
#6171=CARTESIAN_POINT('Ctrl Pts',(2.973436266403,50.9220276966397,1.32142744690512E-15));
#6172=CARTESIAN_POINT('Ctrl Pts',(2.94593963791088,50.9783316734963,1.37390099297363E-15));
#6173=CARTESIAN_POINT('Ctrl Pts',(2.9399609667657,50.9905740093844,1.38531046726083E-15));
#6174=CARTESIAN_POINT('Ctrl Pts',(2.93409101030659,51.0028632885208,1.16280948336431E-15));
#6175=CARTESIAN_POINT('Ctrl Pts',(2.92833290080306,51.0151940530821,1.1518563880486E-15));
#6176=CARTESIAN_POINT('Ctrl Pts',(2.89369177279672,51.0893766634202,1.08596191753454E-15));
#6177=CARTESIAN_POINT('Ctrl Pts',(2.86306989503751,51.1651105382002,8.5416621034635E-16));
#6178=CARTESIAN_POINT('Ctrl Pts',(2.83670647483177,51.2421777085033,8.74300631892311E-16));
#6179=CARTESIAN_POINT('Ctrl Pts',(2.81367016119726,51.3095188763856,8.91894056643821E-16));
#6180=CARTESIAN_POINT('Ctrl Pts',(2.79388577308032,51.3778786174671,9.13105308499275E-16));
#6181=CARTESIAN_POINT('Ctrl Pts',(2.77754501966399,51.4471174264939,7.7715611723761E-16));
#6182=CARTESIAN_POINT('Ctrl Pts',(2.75840727984385,51.5282075867119,5.88308263427132E-16));
#6183=CARTESIAN_POINT('Ctrl Pts',(2.74399231592885,51.610504555615,9.57143647877227E-16));
#6184=CARTESIAN_POINT('Ctrl Pts',(2.73422887768901,51.6936190263859,9.15933995315754E-16));
#6185=CARTESIAN_POINT('Ctrl Pts',(2.72941851941341,51.7345687791752,8.95630369854748E-16));
#6186=CARTESIAN_POINT('Ctrl Pts',(2.72573808128867,51.7757168262728,8.91477355555905E-16));
#6187=CARTESIAN_POINT('Ctrl Pts',(2.72318343106663,51.8170151155813,9.15933995315754E-16));
#6188=CARTESIAN_POINT('Ctrl Pts',(2.72235010084356,51.830486671235,9.23911782995186E-16));
#6189=CARTESIAN_POINT('Ctrl Pts',(2.72163648630504,51.84397650643,1.2280189204004E-15));
#6190=CARTESIAN_POINT('Ctrl Pts',(2.72104282401395,51.8574755033278,1.22124532708767E-15));
#6191=CARTESIAN_POINT('Ctrl Pts',(2.71745541989813,51.9390477334604,1.18031361070042E-15));
#6192=CARTESIAN_POINT('Ctrl Pts',(2.71825273446183,52.0207135626414,6.85261218106568E-16));
#6193=CARTESIAN_POINT('Ctrl Pts',(2.72330887033815,52.1021132290463,7.21644966006352E-16));
#6194=CARTESIAN_POINT('Ctrl Pts',(2.7283798977494,52.1837526370257,7.581358727852E-16));
#6195=CARTESIAN_POINT('Ctrl Pts',(2.73773522985801,52.2651253405993,9.0733614575902E-16));
#6196=CARTESIAN_POINT('Ctrl Pts',(2.75129918496822,52.345857725363,8.88178419700125E-16));
#6197=CARTESIAN_POINT('Ctrl Pts',(2.76466591976104,52.4254162588114,8.69299247557331E-16));
#6198=CARTESIAN_POINT('Ctrl Pts',(2.78212023586211,52.5043538479905,8.98181188370084E-16));
#6199=CARTESIAN_POINT('Ctrl Pts',(2.80363321110545,52.5822884384748,8.60422844084496E-16));
#6200=CARTESIAN_POINT('Ctrl Pts',(2.8127908757598,52.6154637123064,8.4434983461185E-16));
#6201=CARTESIAN_POINT('Ctrl Pts',(2.82268449077342,52.6484568554946,1.15731498041836E-15));
#6202=CARTESIAN_POINT('Ctrl Pts',(2.83331396886461,52.6812364271624,1.16573417585641E-15));
#6203=CARTESIAN_POINT('Ctrl Pts',(2.83750997076637,52.6941762106473,1.16905766547333E-15));
#6204=CARTESIAN_POINT('Ctrl Pts',(2.84182095407282,52.7070835683145,6.18094283039614E-16));
#6205=CARTESIAN_POINT('Ctrl Pts',(2.84624604053947,52.7199538219852,6.66133814775094E-16));
#6206=CARTESIAN_POINT('Ctrl Pts',(2.87195681881928,52.7947329796413,9.45254631605682E-16));
#6207=CARTESIAN_POINT('Ctrl Pts',(2.90143303522732,52.8680215807656,7.48831642200595E-16));
#6208=CARTESIAN_POINT('Ctrl Pts',(2.93462208172596,52.9394648213075,9.43689570931383E-16));
#6209=CARTESIAN_POINT('Ctrl Pts',(2.95853093682278,52.9909313822957,1.08406208758931E-15));
#6210=CARTESIAN_POINT('Ctrl Pts',(2.98436749586563,53.0414398552558,8.01051836789154E-16));
#6211=CARTESIAN_POINT('Ctrl Pts',(3.01212452865355,53.0908464840108,8.32667268468867E-16));
#6212=CARTESIAN_POINT('Ctrl Pts',(3.02405735597778,53.1120865342032,8.46258832448259E-16));
#6213=CARTESIAN_POINT('Ctrl Pts',(3.03634524177313,53.1331228100514,8.85188275624659E-16));
#6214=CARTESIAN_POINT('Ctrl Pts',(3.04898814933247,53.1539432263663,8.88178419700125E-16));
#6215=CARTESIAN_POINT('Ctrl Pts',(3.05997048969265,53.1720290106162,8.90775826966501E-16));
#6216=CARTESIAN_POINT('Ctrl Pts',(3.07122293750441,53.1899550407872,5.7685636908095E-16));
#6217=CARTESIAN_POINT('Ctrl Pts',(3.08273061539204,53.2076907935082,6.10622663543836E-16));
#6218=CARTESIAN_POINT('Ctrl Pts',(3.12384608912414,53.2710583887986,7.31265351545316E-16));
#6219=CARTESIAN_POINT('Ctrl Pts',(3.16824982404628,53.3320566096495,2.30396111841121E-16));
#6220=CARTESIAN_POINT('Ctrl Pts',(3.2159176880981,53.3903437122148,2.4980018054066E-16));
#6221=CARTESIAN_POINT('Ctrl Pts',(3.246728660333,53.4280186182445,2.62342345662547E-16));
#6222=CARTESIAN_POINT('Ctrl Pts',(3.27890405606518,53.4645601497621,2.98056345130404E-16));
#6223=CARTESIAN_POINT('Ctrl Pts',(3.31244421656093,53.4998665615542,3.88578058618805E-16));
#6224=CARTESIAN_POINT('Ctrl Pts',(3.33347000035122,53.5219995796966,3.89813504541605E-16));
#6225=CARTESIAN_POINT('Ctrl Pts',(3.35503224514969,53.543647038671,-1.16833700966244E-16));
#6226=CARTESIAN_POINT('Ctrl Pts',(3.37710961790486,53.5647995126981,-1.11022302462516E-16));
#6227=CARTESIAN_POINT('Origin',(6.25,50.9499993607402,-5.));
#6228=CARTESIAN_POINT('Ctrl Pts',(53.5629122292573,53.8199256943887,-5.));
#6229=CARTESIAN_POINT('Ctrl Pts',(53.5113180706279,53.8733949687722,-5.));
#6230=CARTESIAN_POINT('Ctrl Pts',(53.45687401785,53.9237387543171,-5.));
#6231=CARTESIAN_POINT('Ctrl Pts',(53.3999469797368,53.9709607995954,-5.));
#6232=CARTESIAN_POINT('Ctrl Pts',(53.341437861754,54.0194952097834,-5.));
#6233=CARTESIAN_POINT('Ctrl Pts',(53.2803053578434,54.0647324068475,-5.));
#6234=CARTESIAN_POINT('Ctrl Pts',(53.216900219485,54.1066494623289,-5.));
#6235=CARTESIAN_POINT('Ctrl Pts',(53.156341271309,54.1466849051386,-5.));
#6236=CARTESIAN_POINT('Ctrl Pts',(53.0937082699996,54.1836916760466,-5.));
#6237=CARTESIAN_POINT('Ctrl Pts',(53.0292747287837,54.2176221266013,-5.));
#6238=CARTESIAN_POINT('Ctrl Pts',(53.0010850545018,54.232466698719,-5.));
#6239=CARTESIAN_POINT('Ctrl Pts',(52.9725503947283,54.2467220692152,-5.));
#6240=CARTESIAN_POINT('Ctrl Pts',(52.9436922122895,54.260382403079,-5.));
#6241=CARTESIAN_POINT('Ctrl Pts',(52.9244568302608,54.2694876799296,-5.));
#6242=CARTESIAN_POINT('Ctrl Pts',(52.9050776945498,54.2783285659499,-5.));
#6243=CARTESIAN_POINT('Ctrl Pts',(52.8855609902072,54.286903033577,-5.));
#6244=CARTESIAN_POINT('Ctrl Pts',(52.8742007448042,54.2918940430596,-5.));
#6245=CARTESIAN_POINT('Ctrl Pts',(52.8627962861891,54.2967936631709,-5.));
#6246=CARTESIAN_POINT('Ctrl Pts',(52.8513589184533,54.3015975434325,-5.));
#6247=CARTESIAN_POINT('Ctrl Pts',(52.7775429379567,54.3326014544626,-5.));
#6248=CARTESIAN_POINT('Ctrl Pts',(52.7022429894621,54.3596719084842,-5.));
#6249=CARTESIAN_POINT('Ctrl Pts',(52.6258390579791,54.382784334038,-5.));
#6250=CARTESIAN_POINT('Ctrl Pts',(52.5481934900167,54.4062723584665,-5.));
#6251=CARTESIAN_POINT('Ctrl Pts',(52.4694069535674,54.4256731662588,-5.));
#6252=CARTESIAN_POINT('Ctrl Pts',(52.3898431323995,54.4409204748328,-5.));
#6253=CARTESIAN_POINT('Ctrl Pts',(52.3203009680883,54.4542472711403,-5.));
#6254=CARTESIAN_POINT('Ctrl Pts',(52.2501640721438,54.4644005606624,-5.));
#6255=CARTESIAN_POINT('Ctrl Pts',(52.1796615403147,54.4713068702935,-5.));
#6256=CARTESIAN_POINT('Ctrl Pts',(52.1490138702203,54.4743090645929,-5.));
#6257=CARTESIAN_POINT('Ctrl Pts',(52.1182969904745,54.4766973186661,-5.));
#6258=CARTESIAN_POINT('Ctrl Pts',(52.087529341186,54.4784638238742,-5.));
#6259=CARTESIAN_POINT('Ctrl Pts',(52.0731476597526,54.4792895390568,-5.));
#6260=CARTESIAN_POINT('Ctrl Pts',(52.0587548837946,54.4799793927013,-5.));
#6261=CARTESIAN_POINT('Ctrl Pts',(52.0443528900744,54.4805325019726,-5.));
#6262=CARTESIAN_POINT('Ctrl Pts',(52.0317155363281,54.4810178401596,-5.));
#6263=CARTESIAN_POINT('Ctrl Pts',(52.0190724460405,54.4813977685554,-5.));
#6264=CARTESIAN_POINT('Ctrl Pts',(52.0064372924928,54.4816716626278,-5.));
#6265=CARTESIAN_POINT('Ctrl Pts',(51.9229901675737,54.4834805581653,-5.));
#6266=CARTESIAN_POINT('Ctrl Pts',(51.8397459300265,54.4806743968161,-5.));
#6267=CARTESIAN_POINT('Ctrl Pts',(51.7570850838496,54.4731943343155,-5.));
#6268=CARTESIAN_POINT('Ctrl Pts',(51.6864460353152,54.4668021362863,-5.));
#6269=CARTESIAN_POINT('Ctrl Pts',(51.6162321714647,54.456996096942,-5.));
#6270=CARTESIAN_POINT('Ctrl Pts',(51.546671419596,54.443710860863,-5.));
#6271=CARTESIAN_POINT('Ctrl Pts',(51.4674141718125,54.4285737149944,-5.));
#6272=CARTESIAN_POINT('Ctrl Pts',(51.3890040730492,54.4089211788071,-5.));
#6273=CARTESIAN_POINT('Ctrl Pts',(51.3116718467702,54.385017040563,-5.));
#6274=CARTESIAN_POINT('Ctrl Pts',(51.2680859189471,54.3715442091923,-5.));
#6275=CARTESIAN_POINT('Ctrl Pts',(51.224842435584,54.3567198145711,-5.));
#6276=CARTESIAN_POINT('Ctrl Pts',(51.1819838600167,54.3405840526688,-5.));
#6277=CARTESIAN_POINT('Ctrl Pts',(51.1642677795321,54.333914151657,-5.));
#6278=CARTESIAN_POINT('Ctrl Pts',(51.1466118956052,54.3270177263647,-5.));
#6279=CARTESIAN_POINT('Ctrl Pts',(51.1290504494444,54.3199104044064,-5.));
#6280=CARTESIAN_POINT('Ctrl Pts',(51.0518854068425,54.288680812226,-5.));
#6281=CARTESIAN_POINT('Ctrl Pts',(50.9764509316897,54.2533519004855,-5.));
#6282=CARTESIAN_POINT('Ctrl Pts',(50.902983339638,54.2142510419413,-5.));
#6283=CARTESIAN_POINT('Ctrl Pts',(50.827934743255,54.1743087426339,-5.));
#6284=CARTESIAN_POINT('Ctrl Pts',(50.7549378120113,54.1304301023205,-5.));
#6285=CARTESIAN_POINT('Ctrl Pts',(50.6842494599521,54.0829082851221,-5.));
#6286=CARTESIAN_POINT('Ctrl Pts',(50.6128858757263,54.0349325280786,-5.));
#6287=CARTESIAN_POINT('Ctrl Pts',(50.5438743222011,53.9832432031203,-5.));
#6288=CARTESIAN_POINT('Ctrl Pts',(50.4774967156333,53.928091652383,-5.));
#6289=CARTESIAN_POINT('Ctrl Pts',(50.4462274565584,53.9021107799539,-5.));
#6290=CARTESIAN_POINT('Ctrl Pts',(50.4155430493476,53.8753609013487,-5.));
#6291=CARTESIAN_POINT('Ctrl Pts',(50.3854751549427,53.8478649353872,-5.));
#6292=CARTESIAN_POINT('Ctrl Pts',(50.3717189883802,53.835285435058,-5.));
#6293=CARTESIAN_POINT('Ctrl Pts',(50.3580895874999,53.8225473906349,-5.));
#6294=CARTESIAN_POINT('Ctrl Pts',(50.3446083839198,53.8096707924479,-5.));
#6295=CARTESIAN_POINT('Ctrl Pts',(50.2806284884466,53.7485602691062,-5.));
#6296=CARTESIAN_POINT('Ctrl Pts',(50.2199001380308,53.6842578309181,-5.));
#6297=CARTESIAN_POINT('Ctrl Pts',(50.1627076288597,53.6170569161002,-5.));
#6298=CARTESIAN_POINT('Ctrl Pts',(50.1211523816094,53.5682297065377,-5.));
#6299=CARTESIAN_POINT('Ctrl Pts',(50.0814640831959,53.5178711994662,-5.));
#6300=CARTESIAN_POINT('Ctrl Pts',(50.0437610837704,53.4660794057468,-5.));
#6301=CARTESIAN_POINT('Ctrl Pts',(50.0267563340505,53.4427203493543,-5.));
#6302=CARTESIAN_POINT('Ctrl Pts',(50.0101555552909,53.419069585611,-5.));
#6303=CARTESIAN_POINT('Ctrl Pts',(49.9939702967308,53.3951354063188,-5.));
#6304=CARTESIAN_POINT('Ctrl Pts',(49.9842175336158,53.3807133703579,-5.));
#6305=CARTESIAN_POINT('Ctrl Pts',(49.9746186817195,53.366192803909,-5.));
#6306=CARTESIAN_POINT('Ctrl Pts',(49.965180149989,53.3515822514028,-5.));
#6307=CARTESIAN_POINT('Ctrl Pts',(49.9169275061219,53.2768886648454,-5.));
#6308=CARTESIAN_POINT('Ctrl Pts',(49.8728278429117,53.1997956231418,-5.));
#6309=CARTESIAN_POINT('Ctrl Pts',(49.8331805852099,53.1205729383547,-5.));
#6310=CARTESIAN_POINT('Ctrl Pts',(49.8078451999752,53.0699480690761,-5.));
#6311=CARTESIAN_POINT('Ctrl Pts',(49.7843285251392,53.0184527244928,-5.));
#6312=CARTESIAN_POINT('Ctrl Pts',(49.7627170125393,52.9661498125003,-5.));
#6313=CARTESIAN_POINT('Ctrl Pts',(49.7487007489574,52.9322284755647,-5.));
#6314=CARTESIAN_POINT('Ctrl Pts',(49.735485981534,52.8979673435241,-5.));
#6315=CARTESIAN_POINT('Ctrl Pts',(49.7230655127655,52.8633926412666,-5.));
#6316=CARTESIAN_POINT('Ctrl Pts',(49.7270050975816,51.5382627314315,-5.));
#6317=CARTESIAN_POINT('Ctrl Pts',(49.7564320581394,51.4569900303603,-5.));
#6318=CARTESIAN_POINT('Ctrl Pts',(49.7902149505727,51.3775859418555,-5.));
#6319=CARTESIAN_POINT('Ctrl Pts',(49.8280418914236,51.3002518542179,-5.));
#6320=CARTESIAN_POINT('Ctrl Pts',(49.8676113763329,51.2193552777324,-5.));
#6321=CARTESIAN_POINT('Ctrl Pts',(49.9116065904016,51.1407229363006,-5.));
#6322=CARTESIAN_POINT('Ctrl Pts',(49.9597196474782,51.0646165020295,-5.));
#6323=CARTESIAN_POINT('Ctrl Pts',(50.0018185724203,50.9980233720423,-5.));
#6324=CARTESIAN_POINT('Ctrl Pts',(50.0470713426893,50.9333643335179,-5.));
#6325=CARTESIAN_POINT('Ctrl Pts',(50.0952950771426,50.8708407980515,-5.));
#6326=CARTESIAN_POINT('Ctrl Pts',(50.1189418842581,50.8401819948686,-5.));
#6327=CARTESIAN_POINT('Ctrl Pts',(50.1433033418098,50.810037078644,-5.));
#6328=CARTESIAN_POINT('Ctrl Pts',(50.1683592705123,50.7804323455098,-5.));
#6329=CARTESIAN_POINT('Ctrl Pts',(50.1816776639704,50.7646960505679,-5.));
#6330=CARTESIAN_POINT('Ctrl Pts',(50.1951922877515,50.7491124099164,-5.));
#6331=CARTESIAN_POINT('Ctrl Pts',(50.2089001902254,50.7336855855716,-5.));
#6332=CARTESIAN_POINT('Ctrl Pts',(50.2177107920463,50.7237701658406,-5.));
#6333=CARTESIAN_POINT('Ctrl Pts',(50.2266028117762,50.7139178231119,-5.));
#6334=CARTESIAN_POINT('Ctrl Pts',(50.2355703460491,50.7041352779006,-5.));
#6335=CARTESIAN_POINT('Ctrl Pts',(50.2941897776877,50.6401882415352,-5.));
#6336=CARTESIAN_POINT('Ctrl Pts',(50.3558807737432,50.5793841780093,-5.));
#6337=CARTESIAN_POINT('Ctrl Pts',(50.4203644359879,50.5219519998829,-5.));
#6338=CARTESIAN_POINT('Ctrl Pts',(50.4845549572699,50.4647809068656,-5.));
#6339=CARTESIAN_POINT('Ctrl Pts',(50.5515136339331,50.410950582937,-5.));
#6340=CARTESIAN_POINT('Ctrl Pts',(50.6209932624814,50.3607298340291,-5.));
#6341=CARTESIAN_POINT('Ctrl Pts',(50.6830752056071,50.3158562251373,-5.));
#6342=CARTESIAN_POINT('Ctrl Pts',(50.7471705963003,50.273864778453,-5.));
#6343=CARTESIAN_POINT('Ctrl Pts',(50.8131142127286,50.23498167591,-5.));
#6344=CARTESIAN_POINT('Ctrl Pts',(50.8670360394895,50.203187121216,-5.));
#6345=CARTESIAN_POINT('Ctrl Pts',(50.9221939315115,50.1734714158137,-5.));
#6346=CARTESIAN_POINT('Ctrl Pts',(50.9784995992245,50.1459766558935,-5.));
#6347=CARTESIAN_POINT('Ctrl Pts',(50.9907491772098,50.1399950341579,-5.));
#6348=CARTESIAN_POINT('Ctrl Pts',(51.0030457324017,50.1341222167587,-5.));
#6349=CARTESIAN_POINT('Ctrl Pts',(51.0153837677924,50.1283613543183,-5.));
#6350=CARTESIAN_POINT('Ctrl Pts',(51.0895763999685,50.0937194089416,-5.));
#6351=CARTESIAN_POINT('Ctrl Pts',(51.1653190916568,50.0630967741672,-5.));
#6352=CARTESIAN_POINT('Ctrl Pts',(51.24239340554,50.036732612071,-5.));
#6353=CARTESIAN_POINT('Ctrl Pts',(51.3097368720285,50.0136969990741,-5.));
#6354=CARTESIAN_POINT('Ctrl Pts',(51.3780975152657,49.9939129427328,-5.));
#6355=CARTESIAN_POINT('Ctrl Pts',(51.4473355286689,49.977572089993,-5.));
#6356=CARTESIAN_POINT('Ctrl Pts',(51.5284260316302,49.958433933042,-5.));
#6357=CARTESIAN_POINT('Ctrl Pts',(51.6107210513291,49.9440181088534,-5.));
#6358=CARTESIAN_POINT('Ctrl Pts',(51.6938316950203,49.9342534467896,-5.));
#6359=CARTESIAN_POINT('Ctrl Pts',(51.7347809563729,49.9294423217506,-5.));
#6360=CARTESIAN_POINT('Ctrl Pts',(51.7759280694999,49.925761105493,-5.));
#6361=CARTESIAN_POINT('Ctrl Pts',(51.8172250264593,49.9232056747951,-5.));
#6362=CARTESIAN_POINT('Ctrl Pts',(51.8306960245919,49.9223720975852,-5.));
#6363=CARTESIAN_POINT('Ctrl Pts',(51.8441852608084,49.9216582335298,-5.));
#6364=CARTESIAN_POINT('Ctrl Pts',(51.8576836144635,49.9210643198496,-5.));
#6365=CARTESIAN_POINT('Ctrl Pts',(51.9392501482647,49.9174754762389,-5.));
#6366=CARTESIAN_POINT('Ctrl Pts',(52.0209087899652,49.9182710869224,-5.));
#6367=CARTESIAN_POINT('Ctrl Pts',(52.1023001865972,49.9233253337155,-5.));
#6368=CARTESIAN_POINT('Ctrl Pts',(52.1839312296625,49.9283944620842,-5.));
#6369=CARTESIAN_POINT('Ctrl Pts',(52.2652944792014,49.9377477012566,-5.));
#6370=CARTESIAN_POINT('Ctrl Pts',(52.3460167234898,49.9513094476664,-5.));
#6371=CARTESIAN_POINT('Ctrl Pts',(52.4255673342606,49.9646743537036,-5.));
#6372=CARTESIAN_POINT('Ctrl Pts',(52.5044963010869,49.9821269410564,-5.));
#6373=CARTESIAN_POINT('Ctrl Pts',(52.5824219272504,50.0036383610793,-5.));
#6374=CARTESIAN_POINT('Ctrl Pts',(52.6156015984441,50.0127976309936,-5.));
#6375=CARTESIAN_POINT('Ctrl Pts',(52.6485989869139,50.0226932472385,-5.));
#6376=CARTESIAN_POINT('Ctrl Pts',(52.6813826563449,50.0333251286453,-5.));
#6377=CARTESIAN_POINT('Ctrl Pts',(52.6943130763779,50.0375185180589,-5.));
#6378=CARTESIAN_POINT('Ctrl Pts',(52.7072111082534,50.0418267583617,-5.));
#6379=CARTESIAN_POINT('Ctrl Pts',(52.7200720657844,50.0462489669472,-5.));
#6380=CARTESIAN_POINT('Ctrl Pts',(52.7948425344413,50.0719586085224,-5.));
#6381=CARTESIAN_POINT('Ctrl Pts',(52.8681223424162,50.101433935813,-5.));
#6382=CARTESIAN_POINT('Ctrl Pts',(52.9395570267993,50.1346224111572,-5.));
#6383=CARTESIAN_POINT('Ctrl Pts',(52.9910144299864,50.1585294637564,-5.));
#6384=CARTESIAN_POINT('Ctrl Pts',(53.0415139794194,50.1843641611817,-5.));
#6385=CARTESIAN_POINT('Ctrl Pts',(53.0909120739605,50.2121193026725,-5.));
#6386=CARTESIAN_POINT('Ctrl Pts',(53.1121521639821,50.2240534007243,-5.));
#6387=CARTESIAN_POINT('Ctrl Pts',(53.1331884805368,50.2363426757728,-5.));
#6388=CARTESIAN_POINT('Ctrl Pts',(53.1540089447509,50.2489870934542,-5.));
#6389=CARTESIAN_POINT('Ctrl Pts',(53.1720866427581,50.259965809489,-5.));
#6390=CARTESIAN_POINT('Ctrl Pts',(53.1900047313464,50.2712144789703,-5.));
#6391=CARTESIAN_POINT('Ctrl Pts',(53.207732720662,50.2827182363963,-5.));
#6392=CARTESIAN_POINT('Ctrl Pts',(53.2710958319582,50.3238347922071,-5.));
#6393=CARTESIAN_POINT('Ctrl Pts',(53.3320900995529,50.3682402149984,-5.));
#6394=CARTESIAN_POINT('Ctrl Pts',(53.3903740614323,50.4159104375134,-5.));
#6395=CARTESIAN_POINT('Ctrl Pts',(53.4280392965801,50.4467166847671,-5.));
#6396=CARTESIAN_POINT('Ctrl Pts',(53.4645719560553,50.4788870825603,-5.));
#6397=CARTESIAN_POINT('Ctrl Pts',(53.4998704353693,50.5124219915231,-5.));
#6398=CARTESIAN_POINT('Ctrl Pts',(53.5220015763118,50.5334474240963,-5.));
#6399=CARTESIAN_POINT('Ctrl Pts',(53.5436473918133,50.5550093680375,-5.));
#6400=CARTESIAN_POINT('Ctrl Pts',(53.5647984410106,50.5770864879319,-5.));
#6401=CARTESIAN_POINT('',(8.32667268468867E-16,44.6999987214804,-5.));
#6402=CARTESIAN_POINT('Origin',(0.,57.1999987214804,-5.));
#6403=CARTESIAN_POINT('',(-2.22044604925031E-15,12.5,-5.));
#6404=CARTESIAN_POINT('',(0.,16.8,-5.));
#6405=CARTESIAN_POINT('',(12.5,0.,-5.));
#6406=CARTESIAN_POINT('Origin',(0.,0.,-5.));
#6407=CARTESIAN_POINT('',(44.7641012039649,-1.11022302462516E-15,-5.));
#6408=CARTESIAN_POINT('',(40.4,0.,-5.));
#6409=CARTESIAN_POINT('Origin',(57.2636057707526,-0.111290542513623,-5.));
#6410=CARTESIAN_POINT('Origin',(57.1999987214804,57.1999987214804,-5.));
#6411=CARTESIAN_POINT('Origin',(52.2,52.2,1.7667098902285));
#6412=CARTESIAN_POINT('Ctrl Pts',(49.6368243565573,52.2011946998079,-0.233290109771497));
#6413=CARTESIAN_POINT('Ctrl Pts',(49.636358568995,52.2779472802704,-0.237121069756092));
#6414=CARTESIAN_POINT('Ctrl Pts',(49.6739377277227,53.1899564439414,-0.282664459655377));
#6415=CARTESIAN_POINT('Ctrl Pts',(50.7624973755198,54.8458573801074,-0.369920279469354));
#6416=CARTESIAN_POINT('Ctrl Pts',(53.60407768303,54.8634807173773,-0.495057569213424));
#6417=CARTESIAN_POINT('Ctrl Pts',(55.1950562227032,52.5091734201379,-0.620194858957496));
#6418=CARTESIAN_POINT('Ctrl Pts',(54.1185049834634,49.8793507550933,-0.745332148701567));
#6419=CARTESIAN_POINT('Ctrl Pts',(51.3332179550199,49.316494263867,-0.870469438445639));
#6420=CARTESIAN_POINT('Ctrl Pts',(49.7889419202716,50.8546598829012,-0.966455425468949));
#6421=CARTESIAN_POINT('Ctrl Pts',(49.6395345692696,51.9450882528919,-1.02072898257757));
#6422=CARTESIAN_POINT('Ctrl Pts',(49.6414875899004,52.1979802358818,-1.0332901097715));
#6423=CARTESIAN_POINT('Ctrl Pts',(49.6428058997236,52.1977186683671,-0.166709890228504));
#6424=CARTESIAN_POINT('Ctrl Pts',(49.6464944528942,52.7588586173211,-0.194564786648384));
#6425=CARTESIAN_POINT('Ctrl Pts',(50.1005841897653,54.1674145524313,-0.264132112982954));
#6426=CARTESIAN_POINT('Ctrl Pts',(52.406155842981,55.203420234766,-0.375411869232214));
#6427=CARTESIAN_POINT('Ctrl Pts',(54.813285666268,53.6953695050793,-0.500549158976286));
#6428=CARTESIAN_POINT('Ctrl Pts',(54.8938243716808,50.854530543754,-0.625686448720357));
#6429=CARTESIAN_POINT('Ctrl Pts',(52.5746435681697,49.2124908089448,-0.75082373846443));
#6430=CARTESIAN_POINT('Ctrl Pts',(50.1649929315789,50.1377630737917,-0.864498218967145));
#6431=CARTESIAN_POINT('Ctrl Pts',(49.6459370787264,51.5934533184105,-0.93646026955517));
#6432=CARTESIAN_POINT('Ctrl Pts',(49.6409035645919,52.2021168842425,-0.966709890228505));
#6433=CARTESIAN_POINT('Ctrl Pts',(53.8199256943887,53.5629122292573,0.));
#6434=CARTESIAN_POINT('Ctrl Pts',(54.2664275414123,53.0322105457163,-0.0417124299146905));
#6435=CARTESIAN_POINT('Ctrl Pts',(54.5901095216383,51.5063930432902,-0.125137289744071));
#6436=CARTESIAN_POINT('Ctrl Pts',(52.9469577799632,49.8234135286734,-0.250274579488143));
#6437=CARTESIAN_POINT('Ctrl Pts',(50.637655580654,50.2617428692951,-0.375411869232214));
#6438=CARTESIAN_POINT('Ctrl Pts',(49.7202550219637,52.4241533175289,-0.500549158976286));
#6439=CARTESIAN_POINT('Ctrl Pts',(51.0112527124904,54.3880000287842,-0.625686448720357));
#6440=CARTESIAN_POINT('Ctrl Pts',(53.3611064277244,54.4025737026124,-0.750823738464429));
#6441=CARTESIAN_POINT('Ctrl Pts',(54.6767711029151,52.45567192595,-0.875961028208501));
#6442=CARTESIAN_POINT('Ctrl Pts',(53.7865136914031,50.2809318548956,-1.00109831795257));
#6443=CARTESIAN_POINT('Ctrl Pts',(51.4832118792099,49.8154759205493,-1.12623560769664));
#6444=CARTESIAN_POINT('Ctrl Pts',(49.8183249870208,51.4737751620857,-1.25137289744072));
#6445=CARTESIAN_POINT('Ctrl Pts',(50.2746822169847,53.7789030137921,-1.37651018718479));
#6446=CARTESIAN_POINT('Ctrl Pts',(52.4458312744626,54.6777688892829,-1.50164747692886));
#6447=CARTESIAN_POINT('Ctrl Pts',(54.3980293039612,53.3698050928783,-1.62678476667293));
#6448=CARTESIAN_POINT('Ctrl Pts',(54.3925456165586,51.0199489470525,-1.751922056417));
#6449=CARTESIAN_POINT('Ctrl Pts',(52.434263845975,49.7211099208875,-1.87705934616107));
#6450=CARTESIAN_POINT('Ctrl Pts',(50.2673342811093,50.6301020932363,-2.00219663590514));
#6451=CARTESIAN_POINT('Ctrl Pts',(49.8217397426198,52.9373291675187,-2.12733392564922));
#6452=CARTESIAN_POINT('Ctrl Pts',(51.4943505167262,54.5878515118266,-2.25247121539329));
#6453=CARTESIAN_POINT('Ctrl Pts',(53.7954503086772,54.1116261212026,-2.37760850513736));
#6454=CARTESIAN_POINT('Ctrl Pts',(54.6755570564773,51.9328046358676,-2.50274579488143));
#6455=CARTESIAN_POINT('Ctrl Pts',(53.3508007912428,49.9919615896078,-2.6278830846255));
#6456=CARTESIAN_POINT('Ctrl Pts',(51.0010800323407,50.0177151850329,-2.75302037436957));
#6457=CARTESIAN_POINT('Ctrl Pts',(49.7191812660652,51.9871279161542,-2.87815766411365));
#6458=CARTESIAN_POINT('Ctrl Pts',(50.6468318547891,54.1461358504686,-3.00329495385772));
#6459=CARTESIAN_POINT('Ctrl Pts',(52.9578167136757,54.5718115400642,-3.12843224360179));
#6460=CARTESIAN_POINT('Ctrl Pts',(54.593849695592,52.8850254400754,-3.25356953334586));
#6461=CARTESIAN_POINT('Ctrl Pts',(54.0977924653248,50.5881193181845,-3.37870682308993));
#6462=CARTESIAN_POINT('Ctrl Pts',(51.9114604242891,49.726839738007,-3.503844112834));
#6463=CARTESIAN_POINT('Ctrl Pts',(49.982116543574,51.0682890165298,-3.62898140257808));
#6464=CARTESIAN_POINT('Ctrl Pts',(50.0281389874684,53.4176992348059,-3.75411869232214));
#6465=CARTESIAN_POINT('Ctrl Pts',(52.0085341893453,54.6825640245335,-3.87925598206622));
#6466=CARTESIAN_POINT('Ctrl Pts',(54.1594639366639,53.7363201045246,-4.00439327181029));
#6467=CARTESIAN_POINT('Ctrl Pts',(54.5651806181659,51.4217577889641,-4.12953056155436));
#6468=CARTESIAN_POINT('Ctrl Pts',(52.8643622144874,49.8003185447801,-4.25466785129843));
#6469=CARTESIAN_POINT('Ctrl Pts',(50.5717845808964,50.3162065455717,-4.37980514104251));
#6470=CARTESIAN_POINT('Ctrl Pts',(49.7294706572432,52.5098125538454,-4.50494243078657));
#6471=CARTESIAN_POINT('Ctrl Pts',(51.0873597833616,54.4276660404648,-4.63007972053065));
#6472=CARTESIAN_POINT('Ctrl Pts',(53.4366007535561,54.3610641920498,-4.75521701027472));
#6473=CARTESIAN_POINT('Ctrl Pts',(54.6836861628318,52.37048118356,-4.88035430001879));
#6474=CARTESIAN_POINT('Ctrl Pts',(53.7202736118326,50.2264556437958,-5.00549158976286));
#6475=CARTESIAN_POINT('Ctrl Pts',(51.3995567189639,49.8435185785442,-5.13062887950693));
#6476=CARTESIAN_POINT('Ctrl Pts',(50.3342250154985,50.9827979282317,-5.21405373933631));
#6477=CARTESIAN_POINT('Ctrl Pts',(50.154949137336,51.6527742978283,-5.255766169251));
#6478=CARTESIAN_POINT('Ctrl Pts',(53.9329200389981,53.6579791663635,0.0852553897503348));
#6479=CARTESIAN_POINT('Ctrl Pts',(54.4105666377508,53.0902595571716,0.0435429598356442));
#6480=CARTESIAN_POINT('Ctrl Pts',(54.7568263407354,51.4580120195424,-0.0398818999937366));
#6481=CARTESIAN_POINT('Ctrl Pts',(52.9990601727396,49.6576399801303,-0.165019189737808));
#6482=CARTESIAN_POINT('Ctrl Pts',(50.528677690909,50.1265440173186,-0.290156479481879));
#6483=CARTESIAN_POINT('Ctrl Pts',(49.5472858792665,52.4397886378982,-0.415293769225951));
#6484=CARTESIAN_POINT('Ctrl Pts',(50.9283342668335,54.5406191458919,-0.540431058970022));
#6485=CARTESIAN_POINT('Ctrl Pts',(53.4420968461596,54.5562093742007,-0.665568348714095));
#6486=CARTESIAN_POINT('Ctrl Pts',(54.8495328095111,52.473505757346,-0.790705638458165));
#6487=CARTESIAN_POINT('Ctrl Pts',(53.8971774554232,50.1470714882948,-0.915842928202238));
#6488=CARTESIAN_POINT('Ctrl Pts',(51.4332139044799,49.6491487016552,-1.04098021794631));
#6489=CARTESIAN_POINT('Ctrl Pts',(49.6521964984758,51.4231189499622,-1.16611750769038));
#6490=CARTESIAN_POINT('Ctrl Pts',(50.1403859206729,53.8890359117783,-1.29125479743445));
#6491=CARTESIAN_POINT('Ctrl Pts',(52.4629786929145,54.8506001942667,-1.41639208717853));
#6492=CARTESIAN_POINT('Ctrl Pts',(54.5513479910426,53.4514022675193,-1.54152937692259));
#6493=CARTESIAN_POINT('Ctrl Pts',(54.5454818011178,50.9376370880609,-1.66666666666667));
#6494=CARTESIAN_POINT('Ctrl Pts',(52.4506044039606,49.5482004097795,-1.79180395641074));
#6495=CARTESIAN_POINT('Ctrl Pts',(50.132525445734,50.5205973266332,-1.91694124615481));
#6496=CARTESIAN_POINT('Ctrl Pts',(49.6558494428214,52.9887599376668,-2.04207853589888));
#6497=CARTESIAN_POINT('Ctrl Pts',(51.4451294930936,54.7544108284286,-2.16721582564295));
#6498=CARTESIAN_POINT('Ctrl Pts',(53.9067374267285,54.244967385837,-2.29235311538702));
#6499=CARTESIAN_POINT('Ctrl Pts',(54.8482340799412,51.9141670124523,-2.4174904051311));
#6500=CARTESIAN_POINT('Ctrl Pts',(53.4310723627308,49.8379447393789,-2.54262769487516));
#6501=CARTESIAN_POINT('Ctrl Pts',(50.9174520138124,49.865494720062,-2.66776498461924));
#6502=CARTESIAN_POINT('Ctrl Pts',(49.5461372258931,51.9722794933635,-2.79290227436331));
#6503=CARTESIAN_POINT('Ctrl Pts',(50.5384940358112,54.2818842651683,-2.91803956410738));
#6504=CARTESIAN_POINT('Ctrl Pts',(53.0106765474277,54.7372520238067,-3.04317685385145));
#6505=CARTESIAN_POINT('Ctrl Pts',(54.7608274022756,52.932807879054,-3.16831414359552));
#6506=CARTESIAN_POINT('Ctrl Pts',(54.2301687937988,50.4756861356866,-3.2934514333396));
#6507=CARTESIAN_POINT('Ctrl Pts',(51.8913339824627,49.554329897657,-3.41858872308366));
#6508=CARTESIAN_POINT('Ctrl Pts',(49.8274129738689,50.9893490124867,-3.54372601282774));
#6509=CARTESIAN_POINT('Ctrl Pts',(49.8766456118501,53.5026371597026,-3.66886330257181));
#6510=CARTESIAN_POINT('Ctrl Pts',(51.9951789139367,54.8557298036026,-3.79400059231588));
#6511=CARTESIAN_POINT('Ctrl Pts',(54.2961420226255,53.8434827255771,-3.91913788205995));
#6512=CARTESIAN_POINT('Ctrl Pts',(54.7301585765737,51.3674732196854,-4.04427517180403));
#6513=CARTESIAN_POINT('Ctrl Pts',(52.9107033357309,49.6329340565637,-4.16941246154809));
#6514=CARTESIAN_POINT('Ctrl Pts',(50.4582120048198,50.1848066872325,-4.29454975129217));
#6515=CARTESIAN_POINT('Ctrl Pts',(49.5571443308629,52.5314228453513,-4.41968704103624));
#6516=CARTESIAN_POINT('Ctrl Pts',(51.0097500186048,54.5830519727473,-4.54482433078031));
#6517=CARTESIAN_POINT('Ctrl Pts',(53.5228571122123,54.5118044592641,-4.66996162052438));
#6518=CARTESIAN_POINT('Ctrl Pts',(54.8569302141836,52.3823727225802,-4.79509891026846));
#6519=CARTESIAN_POINT('Ctrl Pts',(53.8263169451725,50.0887954092189,-4.92023620001253));
#6520=CARTESIAN_POINT('Ctrl Pts',(51.3437235630044,49.6791474134198,-5.0453734897566));
#6521=CARTESIAN_POINT('Ctrl Pts',(50.2040819957954,50.8978946818463,-5.12879834958598));
#6522=CARTESIAN_POINT('Ctrl Pts',(50.0123011240846,51.614603775696,-5.17051077950067));
#6523=CARTESIAN_POINT('Ctrl Pts',(54.0459143836075,53.7530461034696,0.17051077950067));
#6524=CARTESIAN_POINT('Ctrl Pts',(54.5547057340893,53.1483085686268,0.128798349585979));
#6525=CARTESIAN_POINT('Ctrl Pts',(54.9235431598325,51.4096309957946,0.045373489756598));
#6526=CARTESIAN_POINT('Ctrl Pts',(53.0511625655162,49.4918664315871,-0.0797637999874738));
#6527=CARTESIAN_POINT('Ctrl Pts',(50.4196998011641,49.9913451653422,-0.204901089731545));
#6528=CARTESIAN_POINT('Ctrl Pts',(49.3743167365693,52.4554239582676,-0.330038379475617));
#6529=CARTESIAN_POINT('Ctrl Pts',(50.8454158211766,54.6932382629997,-0.455175669219688));
#6530=CARTESIAN_POINT('Ctrl Pts',(53.5230872645948,54.709845045789,-0.58031295896376));
#6531=CARTESIAN_POINT('Ctrl Pts',(55.0222945161071,52.491339588742,-0.705450248707831));
#6532=CARTESIAN_POINT('Ctrl Pts',(54.0078412194434,50.0132111216941,-0.830587538451903));
#6533=CARTESIAN_POINT('Ctrl Pts',(51.3832159297499,49.4828214827611,-0.955724828195973));
#6534=CARTESIAN_POINT('Ctrl Pts',(49.4860680099307,51.3724627378387,-1.08086211794005));
#6535=CARTESIAN_POINT('Ctrl Pts',(50.0060896243612,53.9991688097644,-1.20599940768412));
#6536=CARTESIAN_POINT('Ctrl Pts',(52.4801261113662,55.0234314992506,-1.33113669742819));
#6537=CARTESIAN_POINT('Ctrl Pts',(54.7046666781242,53.5329994421603,-1.45627398717226));
#6538=CARTESIAN_POINT('Ctrl Pts',(54.698417985677,50.8553252290692,-1.58141127691633));
#6539=CARTESIAN_POINT('Ctrl Pts',(52.4669449619463,49.3752908986716,-1.7065485666604));
#6540=CARTESIAN_POINT('Ctrl Pts',(49.9977166103587,50.41109256003,-1.83168585640448));
#6541=CARTESIAN_POINT('Ctrl Pts',(49.4899591430231,53.040190707815,-1.95682314614855));
#6542=CARTESIAN_POINT('Ctrl Pts',(51.395908469461,54.9209701450305,-2.08196043589262));
#6543=CARTESIAN_POINT('Ctrl Pts',(54.0180245447799,54.3783086504714,-2.20709772563669));
#6544=CARTESIAN_POINT('Ctrl Pts',(55.0209111034051,51.895529389037,-2.33223501538076));
#6545=CARTESIAN_POINT('Ctrl Pts',(53.5113439342189,49.68392788915,-2.45737230512483));
#6546=CARTESIAN_POINT('Ctrl Pts',(50.8338239952841,49.7132742550911,-2.58250959486891));
#6547=CARTESIAN_POINT('Ctrl Pts',(49.373093185721,51.9574310705728,-2.70764688461297));
#6548=CARTESIAN_POINT('Ctrl Pts',(50.4301562168334,54.417632679868,-2.83278417435705));
#6549=CARTESIAN_POINT('Ctrl Pts',(53.0635363811796,54.9026925075492,-2.95792146410112));
#6550=CARTESIAN_POINT('Ctrl Pts',(54.9278051089592,52.9805903180327,-3.08305875384519));
#6551=CARTESIAN_POINT('Ctrl Pts',(54.3625451222729,50.3632529531887,-3.20819604358926));
#6552=CARTESIAN_POINT('Ctrl Pts',(51.8712075406363,49.3818200573069,-3.33333333333333));
#6553=CARTESIAN_POINT('Ctrl Pts',(49.6727094041638,50.9104090084437,-3.45847062307741));
#6554=CARTESIAN_POINT('Ctrl Pts',(49.7251522362319,53.5875750845994,-3.58360791282147));
#6555=CARTESIAN_POINT('Ctrl Pts',(51.9818236385281,55.0288955826718,-3.70874520256555));
#6556=CARTESIAN_POINT('Ctrl Pts',(54.4328201085871,53.9506453466296,-3.83388249230962));
#6557=CARTESIAN_POINT('Ctrl Pts',(54.8951365349814,51.3131886504068,-3.95901978205369));
#6558=CARTESIAN_POINT('Ctrl Pts',(52.9570444569745,49.4655495683473,-4.08415707179776));
#6559=CARTESIAN_POINT('Ctrl Pts',(50.3446394287432,50.0534068288934,-4.20929436154184));
#6560=CARTESIAN_POINT('Ctrl Pts',(49.3848180044826,52.5530331368571,-4.3344316512859));
#6561=CARTESIAN_POINT('Ctrl Pts',(50.9321402538479,54.7384379050297,-4.45956894102998));
#6562=CARTESIAN_POINT('Ctrl Pts',(53.6091134708685,54.6625447264784,-4.58470623077405));
#6563=CARTESIAN_POINT('Ctrl Pts',(55.0301742655352,52.3942642616004,-4.70984352051812));
#6564=CARTESIAN_POINT('Ctrl Pts',(53.9323602785124,49.9511351746418,-4.83498081026219));
#6565=CARTESIAN_POINT('Ctrl Pts',(51.2878904070448,49.5147762482955,-4.96011810000627));
#6566=CARTESIAN_POINT('Ctrl Pts',(50.0739389760923,50.812991435461,-5.04354295983564));
#6567=CARTESIAN_POINT('Ctrl Pts',(49.8696531108331,51.5764332535637,-5.08525538975034));
#6568=CARTESIAN_POINT('Ctrl Pts',(54.1589087282169,53.8481130405757,0.255766169251004));
#6569=CARTESIAN_POINT('Ctrl Pts',(54.6988448304277,53.2063575800821,0.214053739336314));
#6570=CARTESIAN_POINT('Ctrl Pts',(55.0902599789296,51.3612499720467,0.130628879506933));
#6571=CARTESIAN_POINT('Ctrl Pts',(53.1032649582927,49.326092883044,0.00549158976286108));
#6572=CARTESIAN_POINT('Ctrl Pts',(50.3107219114191,49.8561463133657,-0.11964569998121));
#6573=CARTESIAN_POINT('Ctrl Pts',(49.201347593872,52.4710592786369,-0.244782989725282));
#6574=CARTESIAN_POINT('Ctrl Pts',(50.7624973755198,54.8458573801074,-0.369920279469354));
#6575=CARTESIAN_POINT('Ctrl Pts',(53.60407768303,54.8634807173773,-0.495057569213424));
#6576=CARTESIAN_POINT('Ctrl Pts',(55.1950562227032,52.5091734201379,-0.620194858957496));
#6577=CARTESIAN_POINT('Ctrl Pts',(54.1185049834634,49.8793507550933,-0.745332148701567));
#6578=CARTESIAN_POINT('Ctrl Pts',(51.3332179550199,49.316494263867,-0.870469438445639));
#6579=CARTESIAN_POINT('Ctrl Pts',(49.3199395213856,51.3218065257152,-0.995606728189711));
#6580=CARTESIAN_POINT('Ctrl Pts',(49.8717933280495,54.1093017077506,-1.12074401793378));
#6581=CARTESIAN_POINT('Ctrl Pts',(52.4972735298179,55.1962628042344,-1.24588130767785));
#6582=CARTESIAN_POINT('Ctrl Pts',(54.8579853652057,53.6145966168013,-1.37101859742192));
#6583=CARTESIAN_POINT('Ctrl Pts',(54.8513541702361,50.7730133700777,-1.496155887166));
#6584=CARTESIAN_POINT('Ctrl Pts',(52.483285519932,49.2023813875636,-1.62129317691007));
#6585=CARTESIAN_POINT('Ctrl Pts',(49.8629077749833,50.301587793427,-1.74643046665414));
#6586=CARTESIAN_POINT('Ctrl Pts',(49.3240688432247,53.0916214779631,-1.87156775639821));
#6587=CARTESIAN_POINT('Ctrl Pts',(51.3466874458285,55.0875294616325,-1.99670504614228));
#6588=CARTESIAN_POINT('Ctrl Pts',(54.1293116628311,54.5116499151057,-2.12184233588635));
#6589=CARTESIAN_POINT('Ctrl Pts',(55.1935881268691,51.8768917656217,-2.24697962563043));
#6590=CARTESIAN_POINT('Ctrl Pts',(53.5916155057068,49.5299110389211,-2.3721169153745));
#6591=CARTESIAN_POINT('Ctrl Pts',(50.7501959767559,49.5610537901202,-2.49725420511857));
#6592=CARTESIAN_POINT('Ctrl Pts',(49.2000491455488,51.9425826477821,-2.62239149486264));
#6593=CARTESIAN_POINT('Ctrl Pts',(50.3218183978555,54.5533810945676,-2.74752878460671));
#6594=CARTESIAN_POINT('Ctrl Pts',(53.1163962149315,55.0681329912916,-2.87266607435078));
#6595=CARTESIAN_POINT('Ctrl Pts',(55.0947828156427,53.0283727570113,-2.99780336409485));
#6596=CARTESIAN_POINT('Ctrl Pts',(54.494921450747,50.2508197706907,-3.12294065383893));
#6597=CARTESIAN_POINT('Ctrl Pts',(51.8510810988098,49.2093102169569,-3.248077943583));
#6598=CARTESIAN_POINT('Ctrl Pts',(49.5180058344588,50.8314690044006,-3.37321523332707));
#6599=CARTESIAN_POINT('Ctrl Pts',(49.5736588606136,53.6725130094961,-3.49835252307114));
#6600=CARTESIAN_POINT('Ctrl Pts',(51.9684683631195,55.2020613617409,-3.62348981281521));
#6601=CARTESIAN_POINT('Ctrl Pts',(54.5694981945486,54.0578079676822,-3.74862710255928));
#6602=CARTESIAN_POINT('Ctrl Pts',(55.0601144933892,51.258904081128,-3.87376439230336));
#6603=CARTESIAN_POINT('Ctrl Pts',(53.003385578218,49.298165080131,-3.99890168204743));
#6604=CARTESIAN_POINT('Ctrl Pts',(50.2310668526665,49.9220069705542,-4.1240389717915));
#6605=CARTESIAN_POINT('Ctrl Pts',(49.2124916781023,52.574643428363,-4.24917626153557));
#6606=CARTESIAN_POINT('Ctrl Pts',(50.854530489091,54.8938238373122,-4.37431355127965));
#6607=CARTESIAN_POINT('Ctrl Pts',(53.6953698295247,54.8132849936927,-4.49945084102371));
#6608=CARTESIAN_POINT('Ctrl Pts',(55.2034183168869,52.4061558006206,-4.62458813076779));
#6609=CARTESIAN_POINT('Ctrl Pts',(54.0384036118524,49.8134749400649,-4.74972542051185));
#6610=CARTESIAN_POINT('Ctrl Pts',(51.2320572510853,49.3504050831711,-4.87486271025593));
#6611=CARTESIAN_POINT('Ctrl Pts',(49.9437959563893,50.7280881890756,-4.95828757008531));
#6612=CARTESIAN_POINT('Ctrl Pts',(49.7270050975816,51.5382627314315,-5.));
#6613=CARTESIAN_POINT('Ctrl Pts',(53.8199256943887,53.5629122292573,0.));
#6614=CARTESIAN_POINT('Ctrl Pts',(53.8733950931131,53.5113179506475,1.40238064161572E-17));
#6615=CARTESIAN_POINT('Ctrl Pts',(53.9237390093793,53.4568737869527,-5.82239358608235E-16));
#6616=CARTESIAN_POINT('Ctrl Pts',(53.9709611873102,53.3999466448814,-4.85722573273506E-16));
#6617=CARTESIAN_POINT('Ctrl Pts',(54.0194957188854,53.3414374380763,-3.86523485670749E-16));
#6618=CARTESIAN_POINT('Ctrl Pts',(54.0647330414179,53.2803048543083,4.93108239043974E-17));
#6619=CARTESIAN_POINT('Ctrl Pts',(54.1066502217231,53.2168996423964,-6.93889390390723E-17));
#6620=CARTESIAN_POINT('Ctrl Pts',(54.1466856805605,53.1563407800614,-1.82760101858983E-16));
#6621=CARTESIAN_POINT('Ctrl Pts',(54.1836924825179,53.0937078810249,-1.74282141617823E-16));
#6622=CARTESIAN_POINT('Ctrl Pts',(54.2176229753849,53.0292744541026,-1.73472347597681E-16));
#6623=CARTESIAN_POINT('Ctrl Pts',(54.2324675660143,53.0010848298241,-1.73118062713868E-16));
#6624=CARTESIAN_POINT('Ctrl Pts',(54.2467229571804,52.9725502223582,1.68719840335785E-16));
#6625=CARTESIAN_POINT('Ctrl Pts',(54.2603833135671,52.9436920941741,1.80411241501588E-16));
#6626=CARTESIAN_POINT('Ctrl Pts',(54.2694886297935,52.9244566968405,1.88204149807243E-16));
#6627=CARTESIAN_POINT('Ctrl Pts',(54.2783295545982,52.9050775459206,-1.89093757105633E-16));
#6628=CARTESIAN_POINT('Ctrl Pts',(54.2869040603124,52.8855608264102,-1.94289029309402E-16));
#6629=CARTESIAN_POINT('Ctrl Pts',(54.2918951228745,52.8742005018236,-1.97313102003536E-16));
#6630=CARTESIAN_POINT('Ctrl Pts',(54.2967947943936,52.8627959641838,-1.12952167374038E-16));
#6631=CARTESIAN_POINT('Ctrl Pts',(54.301598724669,52.8513585169014,-9.71445146547012E-17));
#6632=CARTESIAN_POINT('Ctrl Pts',(54.332602750266,52.7775425187539,4.87629777215156E-18));
#6633=CARTESIAN_POINT('Ctrl Pts',(54.359673311464,52.7022425560727,-1.00128256283502E-17));
#6634=CARTESIAN_POINT('Ctrl Pts',(54.3827858316553,52.6258386104606,-2.77555756156289E-17));
#6635=CARTESIAN_POINT('Ctrl Pts',(54.4062739313128,52.5481930973835,-4.57866460678995E-17));
#6636=CARTESIAN_POINT('Ctrl Pts',(54.4256748086811,52.4694066179127,2.93236651009331E-16));
#6637=CARTESIAN_POINT('Ctrl Pts',(54.4409221758499,52.3898428513403,2.91433543964104E-16));
#6638=CARTESIAN_POINT('Ctrl Pts',(54.4542489858564,52.3203009305104,2.89857556139635E-16));
#6639=CARTESIAN_POINT('Ctrl Pts',(54.464402298547,52.2501642795771,-3.78237077872502E-17));
#6640=CARTESIAN_POINT('Ctrl Pts',(54.4713086378274,52.179661989429,0.));
#6641=CARTESIAN_POINT('Ctrl Pts',(54.4743108151077,52.1490147297023,1.64419197440172E-17));
#6642=CARTESIAN_POINT('Ctrl Pts',(54.4766990656191,52.118298261075,1.07420714494712E-16));
#6643=CARTESIAN_POINT('Ctrl Pts',(54.4784655807264,52.0875310227094,9.71445146547012E-17));
#6644=CARTESIAN_POINT('Ctrl Pts',(54.4792913313945,52.0731489958996,9.23409447065004E-17));
#6645=CARTESIAN_POINT('Ctrl Pts',(54.4799812133119,52.0587558736931,-5.75401331668437E-17));
#6646=CARTESIAN_POINT('Ctrl Pts',(54.480534343548,52.0443535329664,-6.93889390390723E-17));
#6647=CARTESIAN_POINT('Ctrl Pts',(54.4810196866107,52.0317162267722,-7.97856509822089E-17));
#6648=CARTESIAN_POINT('Ctrl Pts',(54.4813996200942,52.0190731846795,-2.34517431659449E-16));
#6649=CARTESIAN_POINT('Ctrl Pts',(54.4816735194922,52.0064380788976,-2.35922392732846E-16));
#6650=CARTESIAN_POINT('Ctrl Pts',(54.4834824545426,51.9229910692095,-2.45201286184698E-16));
#6651=CARTESIAN_POINT('Ctrl Pts',(54.4806763205973,51.8397469356526,6.94254361720403E-16));
#6652=CARTESIAN_POINT('Ctrl Pts',(54.4731962681911,51.7570861767554,5.68989300120393E-16));
#6653=CARTESIAN_POINT('Ctrl Pts',(54.4668041132169,51.6864475832725,4.61942765803289E-16));
#6654=CARTESIAN_POINT('Ctrl Pts',(54.4569981410415,51.6162341576943,5.17053292755469E-16));
#6655=CARTESIAN_POINT('Ctrl Pts',(54.4437129941155,51.5466738202681,5.82867087928207E-16));
#6656=CARTESIAN_POINT('Ctrl Pts',(54.4285758810427,51.4674166845463,6.30099833091119E-16));
#6657=CARTESIAN_POINT('Ctrl Pts',(54.4089233651778,51.3890066746376,2.52258491315336E-16));
#6658=CARTESIAN_POINT('Ctrl Pts',(54.3850192377067,51.3116745168936,2.77555756156289E-16));
#6659=CARTESIAN_POINT('Ctrl Pts',(54.3715464249294,51.2680886682068,2.91813767179309E-16));
#6660=CARTESIAN_POINT('Ctrl Pts',(54.3567220483787,51.2248452568839,5.25067846228357E-16));
#6661=CARTESIAN_POINT('Ctrl Pts',(54.3405863044355,51.1819867466231,5.55111512312578E-16));
#6662=CARTESIAN_POINT('Ctrl Pts',(54.3339163390499,51.1642705024311,5.67530537648096E-16));
#6663=CARTESIAN_POINT('Ctrl Pts',(54.3270198444624,51.1466144548797,1.18179028927051E-16));
#6664=CARTESIAN_POINT('Ctrl Pts',(54.3199124486391,51.1290528458447,1.11022302462516E-16));
#6665=CARTESIAN_POINT('Ctrl Pts',(54.2886828409887,51.051887851308,7.95759379842208E-17));
#6666=CARTESIAN_POINT('Ctrl Pts',(54.2533539070312,50.9764534047987,1.85956208224485E-16));
#6667=CARTESIAN_POINT('Ctrl Pts',(54.2142530225469,50.9029858251411,1.66533453693773E-16));
#6668=CARTESIAN_POINT('Ctrl Pts',(54.1743106762712,50.827937202957,1.46692716142005E-16));
#6669=CARTESIAN_POINT('Ctrl Pts',(54.1304319810696,50.754940231056,-2.13738697506561E-17));
#6670=CARTESIAN_POINT('Ctrl Pts',(54.0829101046936,50.6842518269693,2.77555756156289E-17));
#6671=CARTESIAN_POINT('Ctrl Pts',(54.034934266188,50.612888157912,7.73543397324625E-17));
#6672=CARTESIAN_POINT('Ctrl Pts',(53.9832448520305,50.5438765100897,1.63766712929812E-16));
#6673=CARTESIAN_POINT('Ctrl Pts',(53.9280932083668,50.4774988035176,1.94289029309402E-16));
#6674=CARTESIAN_POINT('Ctrl Pts',(53.9021122453342,50.4462294409731,2.08667552248191E-16));
#6675=CARTESIAN_POINT('Ctrl Pts',(53.8753622725255,50.415544931132,2.8149690315455E-16));
#6676=CARTESIAN_POINT('Ctrl Pts',(53.8478662092979,50.3854769354944,3.05311331771918E-16));
#6677=CARTESIAN_POINT('Ctrl Pts',(53.8352866458797,50.3717207022893,3.16206532025838E-16));
#6678=CARTESIAN_POINT('Ctrl Pts',(53.8225485372019,50.3580912353749,1.86679295672721E-16));
#6679=CARTESIAN_POINT('Ctrl Pts',(53.8096718738203,50.344609966608,1.66533453693773E-16));
#6680=CARTESIAN_POINT('Ctrl Pts',(53.7485612382258,50.280629968176,7.09244304993577E-17));
#6681=CARTESIAN_POINT('Ctrl Pts',(53.6842586871631,50.2199015127732,2.8691906458762E-16));
#6682=CARTESIAN_POINT('Ctrl Pts',(53.6170576630553,50.1627089006492,4.9960036108132E-16));
#6683=CARTESIAN_POINT('Ctrl Pts',(53.5682303670489,50.1211535726073,6.54131527187785E-16));
#6684=CARTESIAN_POINT('Ctrl Pts',(53.5178717749809,50.0814651950095,-5.09895083939855E-17));
#6685=CARTESIAN_POINT('Ctrl Pts',(53.4660798993505,50.0437621195932,-1.66533453693773E-16));
#6686=CARTESIAN_POINT('Ctrl Pts',(53.4427208656316,50.0267573789995,-2.18645775972667E-16));
#6687=CARTESIAN_POINT('Ctrl Pts',(53.4190701266782,50.0101566079538,-2.65347894441479E-16));
#6688=CARTESIAN_POINT('Ctrl Pts',(53.3951359743797,49.9939713557525,-3.05311331771918E-16));
#6689=CARTESIAN_POINT('Ctrl Pts',(53.38071397333,49.9842186090779,-3.29392098366131E-16));
#6690=CARTESIAN_POINT('Ctrl Pts',(53.3661934426726,49.9746197726176,1.06962201175593E-16));
#6691=CARTESIAN_POINT('Ctrl Pts',(53.3515829270215,49.9651812554487,8.32667268468867E-17));
#6692=CARTESIAN_POINT('Ctrl Pts',(53.2768892458605,49.9169285031924,-3.78722012190035E-17));
#6693=CARTESIAN_POINT('Ctrl Pts',(53.1997961179493,49.8728287393861,4.87944618889509E-17));
#6694=CARTESIAN_POINT('Ctrl Pts',(53.1205733596321,49.8331813929115,-2.22044604925031E-16));
#6695=CARTESIAN_POINT('Ctrl Pts',(53.069948310877,49.8078458846445,-3.95116601576966E-16));
#6696=CARTESIAN_POINT('Ctrl Pts',(53.0184527874387,49.7843291011189,-1.89003587382389E-16));
#6697=CARTESIAN_POINT('Ctrl Pts',(52.9661496988248,49.7627174959188,-2.22044604925031E-16));
#6698=CARTESIAN_POINT('Ctrl Pts',(52.9322283374734,49.7487012095235,-3.54903950411466E-16));
#6699=CARTESIAN_POINT('Ctrl Pts',(52.8979671837609,49.7354864217972,-3.19189160419075E-16));
#6700=CARTESIAN_POINT('Ctrl Pts',(52.8633924624078,49.7230659350627,-3.33066907387547E-16));
#6701=CARTESIAN_POINT('Ctrl Pts',(50.0809188702653,52.2013234257052,-4.4890562790225));
#6702=CARTESIAN_POINT('Ctrl Pts',(50.0854251463993,51.5974650998333,-4.45263923302916));
#6703=CARTESIAN_POINT('Ctrl Pts',(50.3573422401064,50.9900802689655,-4.41622218703583));
#6704=CARTESIAN_POINT('Ctrl Pts',(50.8134951992194,50.5958262134854,-4.3798051410425));
#6705=CARTESIAN_POINT('Ctrl Pts',(51.3359771254267,50.1442438786411,-4.33809271112781));
#6706=CARTESIAN_POINT('Ctrl Pts',(52.1001696699571,49.9722812117106,-4.29638028121312));
#6707=CARTESIAN_POINT('Ctrl Pts',(52.7657356761686,50.156539752276,-4.25466785129842));
#6708=CARTESIAN_POINT('Ctrl Pts',(53.4313016823802,50.3407982928414,-4.21295542138373));
#6709=CARTESIAN_POINT('Ctrl Pts',(53.9982411502731,50.8812780409028,-4.17124299146905));
#6710=CARTESIAN_POINT('Ctrl Pts',(54.2140914373025,51.5372783008602,-4.12953056155436));
#6711=CARTESIAN_POINT('Ctrl Pts',(54.4299417243319,52.1932785608176,-4.08781813163967));
#6712=CARTESIAN_POINT('Ctrl Pts',(54.2947028304979,52.9647993326711,-4.04610570172497));
#6713=CARTESIAN_POINT('Ctrl Pts',(53.8685950923611,53.5082670385994,-4.00439327181028));
#6714=CARTESIAN_POINT('Ctrl Pts',(53.4424873542244,54.0517347445276,-3.96268084189559));
#6715=CARTESIAN_POINT('Ctrl Pts',(52.7255107717848,54.3671493845305,-3.9209684119809));
#6716=CARTESIAN_POINT('Ctrl Pts',(52.0369566135856,54.3140459062441,-3.87925598206621));
#6717=CARTESIAN_POINT('Ctrl Pts',(51.3484024553863,54.2609424279576,-3.83754355215152));
#6718=CARTESIAN_POINT('Ctrl Pts',(50.6882707214273,53.8393208313818,-3.79583112223683));
#6719=CARTESIAN_POINT('Ctrl Pts',(50.3505344471321,53.2369416633812,-3.75411869232214));
#6720=CARTESIAN_POINT('Ctrl Pts',(50.1749358137478,52.9237477107895,-3.73243122122226));
#6721=CARTESIAN_POINT('Ctrl Pts',(50.086488860471,52.5616903962316,-3.71074375012238));
#6722=CARTESIAN_POINT('Ctrl Pts',(50.0861538603184,52.1997866159673,-3.6890562790225));
#6723=CARTESIAN_POINT('Ctrl Pts',(51.5382627314315,49.7270050975816,2.77555756156289E-16));
#6724=CARTESIAN_POINT('Ctrl Pts',(50.7280881890757,49.9437959563893,-0.0417124299146902));
#6725=CARTESIAN_POINT('Ctrl Pts',(49.3504060144503,51.232063704875,-0.125137289744071));
#6726=CARTESIAN_POINT('Ctrl Pts',(49.8134741395099,54.0384020174685,-0.250274579488143));
#6727=CARTESIAN_POINT('Ctrl Pts',(52.406155842981,55.203420234766,-0.375411869232214));
#6728=CARTESIAN_POINT('Ctrl Pts',(54.813285666268,53.6953695050793,-0.500549158976286));
#6729=CARTESIAN_POINT('Ctrl Pts',(54.8938243716808,50.854530543754,-0.625686448720357));
#6730=CARTESIAN_POINT('Ctrl Pts',(52.5746435681697,49.2124908089448,-0.75082373846443));
#6731=CARTESIAN_POINT('Ctrl Pts',(49.922006419009,50.2310665084884,-0.8759610282085));
#6732=CARTESIAN_POINT('Ctrl Pts',(49.2981644440339,53.0033857065806,-1.00109831795257));
#6733=CARTESIAN_POINT('Ctrl Pts',(51.2589038554451,55.060115169526,-1.12623560769664));
#6734=CARTESIAN_POINT('Ctrl Pts',(54.0578083956676,54.5694987168241,-1.25137289744072));
#6735=CARTESIAN_POINT('Ctrl Pts',(55.2020620380614,51.968468318229,-1.37651018718479));
#6736=CARTESIAN_POINT('Ctrl Pts',(53.6725133452696,49.5736582616213,-1.50164747692886));
#6737=CARTESIAN_POINT('Ctrl Pts',(50.8314686931684,49.5180052287705,-1.62678476667293));
#6738=CARTESIAN_POINT('Ctrl Pts',(49.2093095399262,51.8510810187213,-1.751922056417));
#6739=CARTESIAN_POINT('Ctrl Pts',(50.2508193287147,54.4949219712647,-1.87705934616107));
#6740=CARTESIAN_POINT('Ctrl Pts',(53.0283729448773,55.0947834712855,-2.00219663590515));
#6741=CARTESIAN_POINT('Ctrl Pts',(55.0681336410746,53.1163964227083,-2.12733392564921));
#6742=CARTESIAN_POINT('Ctrl Pts',(54.5533816278531,50.3218179722209,-2.25247121539329));
#6743=CARTESIAN_POINT('Ctrl Pts',(51.9425825894289,49.2000484658438,-2.37760850513736));
#6744=CARTESIAN_POINT('Ctrl Pts',(49.5610531921956,50.750195648236,-2.50274579488143));
#6745=CARTESIAN_POINT('Ctrl Pts',(49.529910433905,53.5916158210334,-2.6278830846255));
#6746=CARTESIAN_POINT('Ctrl Pts',(51.8768916924353,55.1935888051631,-2.75302037436957));
#6747=CARTESIAN_POINT('Ctrl Pts',(54.5116504388441,54.1293120999837,-2.87815766411364));
#6748=CARTESIAN_POINT('Ctrl Pts',(55.0875301159837,51.3466872524824,-3.00329495385772));
#6749=CARTESIAN_POINT('Ctrl Pts',(53.0916216798271,49.3240681915805,-3.12843224360179));
#6750=CARTESIAN_POINT('Ctrl Pts',(50.3015873635948,49.8629072454502,-3.25356953334586));
#6751=CARTESIAN_POINT('Ctrl Pts',(49.2023807077355,52.4832855840837,-3.37870682308993));
#6752=CARTESIAN_POINT('Ctrl Pts',(50.7730130479391,54.8513547710785,-3.50384411283401));
#6753=CARTESIAN_POINT('Ctrl Pts',(53.6145969350239,54.8579859672508,-3.62898140257807));
#6754=CARTESIAN_POINT('Ctrl Pts',(55.1962634875584,52.4972735976699,-3.75411869232215));
#6755=CARTESIAN_POINT('Ctrl Pts',(54.1093021319289,49.8717927993744,-3.87925598206622));
#6756=CARTESIAN_POINT('Ctrl Pts',(51.3218063427408,49.3199388714137,-4.00439327181029));
#6757=CARTESIAN_POINT('Ctrl Pts',(49.3164935803641,51.3332177527387,-4.12953056155436));
#6758=CARTESIAN_POINT('Ctrl Pts',(49.8793502855312,54.1185054313561,-4.25466785129844));
#6759=CARTESIAN_POINT('Ctrl Pts',(52.5091733863518,55.1950568719483,-4.3798051410425));
#6760=CARTESIAN_POINT('Ctrl Pts',(54.8634815099135,53.6040780662627,-4.50494243078658));
#6761=CARTESIAN_POINT('Ctrl Pts',(54.8458576413738,50.7624969061822,-4.63007972053065));
#6762=CARTESIAN_POINT('Ctrl Pts',(52.4710599298242,49.2013472283897,-4.75521701027472));
#6763=CARTESIAN_POINT('Ctrl Pts',(49.8561447655223,50.310720778178,-4.88035430001879));
#6764=CARTESIAN_POINT('Ctrl Pts',(49.3260937314383,53.1032665277433,-5.00549158976286));
#6765=CARTESIAN_POINT('Ctrl Pts',(51.3612452152198,55.0902555189654,-5.13062887950693));
#6766=CARTESIAN_POINT('Ctrl Pts',(53.2063575800821,54.6988448304277,-5.21405373933632));
#6767=CARTESIAN_POINT('Ctrl Pts',(53.8481130405757,54.1589087282169,-5.25576616925101));
#6768=CARTESIAN_POINT('Ctrl Pts',(51.5764332535638,49.8696531108331,0.0852553897503351));
#6769=CARTESIAN_POINT('Ctrl Pts',(50.812991435461,50.0739389760923,0.0435429598356446));
#6770=CARTESIAN_POINT('Ctrl Pts',(49.5147771258564,51.2878964885651,-0.0398818999937366));
#6771=CARTESIAN_POINT('Ctrl Pts',(49.9511344202648,53.9323587760963,-0.165019189737808));
#6772=CARTESIAN_POINT('Ctrl Pts',(52.3942643015174,55.0301760727866,-0.29015647948188));
#6773=CARTESIAN_POINT('Ctrl Pts',(54.662545360258,53.6091131651379,-0.415293769225951));
#6774=CARTESIAN_POINT('Ctrl Pts',(54.7384384085747,50.9321403053578,-0.540431058970023));
#6775=CARTESIAN_POINT('Ctrl Pts',(52.5530332685995,49.38481718546,-0.665568348714095));
#6776=CARTESIAN_POINT('Ctrl Pts',(50.0534063091625,50.344639104418,-0.790705638458166));
#6777=CARTESIAN_POINT('Ctrl Pts',(49.4655489689419,52.9570445779327,-0.915842928202237));
#6778=CARTESIAN_POINT('Ctrl Pts',(51.3131884377417,54.8951371721171,-1.04098021794631));
#6779=CARTESIAN_POINT('Ctrl Pts',(53.9506457499279,54.4328206007365,-1.16611750769038));
#6780=CARTESIAN_POINT('Ctrl Pts',(55.0288962199805,51.981823596227,-1.29125479743445));
#6781=CARTESIAN_POINT('Ctrl Pts',(53.5875754010048,49.7251516717908,-1.41639208717852));
#6782=CARTESIAN_POINT('Ctrl Pts',(50.910408715164,49.6727088334131,-1.5415293769226));
#6783=CARTESIAN_POINT('Ctrl Pts',(49.3818194193289,51.8712074651675,-1.66666666666667));
#6784=CARTESIAN_POINT('Ctrl Pts',(50.3632525367068,54.362545612766,-1.79180395641074));
#6785=CARTESIAN_POINT('Ctrl Pts',(52.980590495062,54.927805726783,-1.91694124615481));
#6786=CARTESIAN_POINT('Ctrl Pts',(54.9026931198512,53.0635365769713,-2.04207853589888));
#6787=CARTESIAN_POINT('Ctrl Pts',(54.4176331823923,50.4301558157504,-2.16721582564295));
#6788=CARTESIAN_POINT('Ctrl Pts',(51.9574310155855,49.3730925452227,-2.29235311538702));
#6789=CARTESIAN_POINT('Ctrl Pts',(49.7132736916562,50.8338236857141,-2.4174904051311));
#6790=CARTESIAN_POINT('Ctrl Pts',(49.6839273190326,53.5113442313565,-2.54262769487517));
#6791=CARTESIAN_POINT('Ctrl Pts',(51.8955293200722,55.0209117425736,-2.66776498461924));
#6792=CARTESIAN_POINT('Ctrl Pts',(54.3783091439993,54.0180249567164,-2.79290227436331));
#6793=CARTESIAN_POINT('Ctrl Pts',(54.9209707616372,51.3959082872676,-2.91803956410738));
#6794=CARTESIAN_POINT('Ctrl Pts',(53.0401908980351,49.4899585289672,-3.04317685385146));
#6795=CARTESIAN_POINT('Ctrl Pts',(50.4110921549915,49.9977161113702,-3.16831414359552));
#6796=CARTESIAN_POINT('Ctrl Pts',(49.3752902580576,52.4669450223977,-3.2934514333396));
#6797=CARTESIAN_POINT('Ctrl Pts',(50.8553249255124,54.6984185518614,-3.41858872308367));
#6798=CARTESIAN_POINT('Ctrl Pts',(53.532999742027,54.7046672454419,-3.54372601282774));
#6799=CARTESIAN_POINT('Ctrl Pts',(55.0234321431589,52.4801261753042,-3.66886330257181));
#6800=CARTESIAN_POINT('Ctrl Pts',(53.9991692094752,50.0060891261813,-3.79400059231588));
#6801=CARTESIAN_POINT('Ctrl Pts',(51.3724625654186,49.4860673974507,-3.91913788205996));
#6802=CARTESIAN_POINT('Ctrl Pts',(49.4828208386842,51.3832157391367,-4.04427517180402));
#6803=CARTESIAN_POINT('Ctrl Pts',(50.0132106792174,54.0078416415005,-4.1694124615481));
#6804=CARTESIAN_POINT('Ctrl Pts',(52.4913395569047,55.0222951279023,-4.29454975129217));
#6805=CARTESIAN_POINT('Ctrl Pts',(54.7098457926099,53.5230876257218,-4.41968704103625));
#6806=CARTESIAN_POINT('Ctrl Pts',(54.6932385091956,50.8454153789115,-4.54482433078031));
#6807=CARTESIAN_POINT('Ctrl Pts',(52.4554245718929,49.3743163921688,-4.66996162052439));
#6808=CARTESIAN_POINT('Ctrl Pts',(49.9913437067819,50.4196987332909,-4.79509891026845));
#6809=CARTESIAN_POINT('Ctrl Pts',(49.4918672310441,53.0511640444372,-4.92023620001253));
#6810=CARTESIAN_POINT('Ctrl Pts',(51.4096265133524,54.9235389571292,-5.0453734897566));
#6811=CARTESIAN_POINT('Ctrl Pts',(53.1483085686268,54.5547057340892,-5.12879834958598));
#6812=CARTESIAN_POINT('Ctrl Pts',(53.7530461034696,54.0459143836075,-5.17051077950067));
#6813=CARTESIAN_POINT('Ctrl Pts',(51.614603775696,50.0123011240845,0.17051077950067));
#6814=CARTESIAN_POINT('Ctrl Pts',(50.8978946818464,50.2040819957954,0.128798349585979));
#6815=CARTESIAN_POINT('Ctrl Pts',(49.6791482372624,51.3437292722553,0.0453734897565982));
#6816=CARTESIAN_POINT('Ctrl Pts',(50.0887947010196,53.8263155347241,-0.0797637999874732));
#6817=CARTESIAN_POINT('Ctrl Pts',(52.3823727600538,54.8569319108073,-0.204901089731545));
#6818=CARTESIAN_POINT('Ctrl Pts',(54.511805054248,53.5228568251965,-0.330038379475616));
#6819=CARTESIAN_POINT('Ctrl Pts',(54.5830524454686,51.0097500669616,-0.455175669219688));
#6820=CARTESIAN_POINT('Ctrl Pts',(52.5314229690294,49.5571435619753,-0.58031295896376));
#6821=CARTESIAN_POINT('Ctrl Pts',(50.184806199316,50.4582117003477,-0.705450248707831));
#6822=CARTESIAN_POINT('Ctrl Pts',(49.6329334938498,52.9107034492849,-0.830587538451904));
#6823=CARTESIAN_POINT('Ctrl Pts',(51.3674730200382,54.7301591747083,-0.955724828195973));
#6824=CARTESIAN_POINT('Ctrl Pts',(53.8434831041883,54.2961424846488,-1.08086211794005));
#6825=CARTESIAN_POINT('Ctrl Pts',(54.8557304018997,51.995178874225,-1.20599940768412));
#6826=CARTESIAN_POINT('Ctrl Pts',(53.5026374567398,49.8766450819603,-1.33113669742819));
#6827=CARTESIAN_POINT('Ctrl Pts',(50.9893487371597,49.8274124380556,-1.45627398717226));
#6828=CARTESIAN_POINT('Ctrl Pts',(49.5543292987316,51.8913339116136,-1.58141127691633));
#6829=CARTESIAN_POINT('Ctrl Pts',(50.4756857446989,54.2301692542673,-1.7065485666604));
#6830=CARTESIAN_POINT('Ctrl Pts',(52.9328080452469,54.7608279822804,-1.83168585640448));
#6831=CARTESIAN_POINT('Ctrl Pts',(54.7372525986277,53.0106767312344,-1.95682314614855));
#6832=CARTESIAN_POINT('Ctrl Pts',(54.2818847369315,50.5384936592798,-2.08196043589262));
#6833=CARTESIAN_POINT('Ctrl Pts',(51.9722794417422,49.5461366246019,-2.20709772563669));
#6834=CARTESIAN_POINT('Ctrl Pts',(49.8654941911168,50.9174517231921,-2.33223501538076));
#6835=CARTESIAN_POINT('Ctrl Pts',(49.8379442041602,53.4310726416798,-2.45737230512483));
#6836=CARTESIAN_POINT('Ctrl Pts',(51.9141669477091,54.8482346799841,-2.5825095948689));
#6837=CARTESIAN_POINT('Ctrl Pts',(54.2449678491545,53.9067378134492,-2.70764688461298));
#6838=CARTESIAN_POINT('Ctrl Pts',(54.7544114072908,51.4451293220527,-2.83278417435705));
#6839=CARTESIAN_POINT('Ctrl Pts',(52.9887601162429,49.655848866354,-2.95792146410112));
#6840=CARTESIAN_POINT('Ctrl Pts',(50.5205969463884,50.1325249772901,-3.08305875384519));
#6841=CARTESIAN_POINT('Ctrl Pts',(49.5481998083796,52.4506044607116,-3.20819604358926));
#6842=CARTESIAN_POINT('Ctrl Pts',(50.9376368030858,54.5454823326443,-3.33333333333333));
#6843=CARTESIAN_POINT('Ctrl Pts',(53.4514025490302,54.551348523633,-3.45847062307741));
#6844=CARTESIAN_POINT('Ctrl Pts',(54.8506007987594,52.4629787529387,-3.58360791282148));
#6845=CARTESIAN_POINT('Ctrl Pts',(53.8890362870215,50.1403854529882,-3.70874520256555));
#6846=CARTESIAN_POINT('Ctrl Pts',(51.4231187880965,49.6521959234877,-3.83388249230962));
#6847=CARTESIAN_POINT('Ctrl Pts',(49.6491480970043,51.4332137255347,-3.95901978205369));
#6848=CARTESIAN_POINT('Ctrl Pts',(50.1470710729035,53.897177851645,-4.08415707179777));
#6849=CARTESIAN_POINT('Ctrl Pts',(52.4735057274576,54.8495333838563,-4.20929436154183));
#6850=CARTESIAN_POINT('Ctrl Pts',(54.5562100753062,53.4420971851809,-4.33443165128591));
#6851=CARTESIAN_POINT('Ctrl Pts',(54.5406193770174,50.9283338516408,-4.45956894102998));
#6852=CARTESIAN_POINT('Ctrl Pts',(52.4397892139617,49.5472855559478,-4.58470623077405));
#6853=CARTESIAN_POINT('Ctrl Pts',(50.1265426480415,50.5286766884038,-4.70984352051812));
#6854=CARTESIAN_POINT('Ctrl Pts',(49.6576407306499,52.9990615611312,-4.83498081026219));
#6855=CARTESIAN_POINT('Ctrl Pts',(51.4580078114849,54.7568223952931,-4.96011810000626));
#6856=CARTESIAN_POINT('Ctrl Pts',(53.0902595571716,54.4105666377508,-5.04354295983565));
#6857=CARTESIAN_POINT('Ctrl Pts',(53.6579791663635,53.9329200389981,-5.08525538975034));
#6858=CARTESIAN_POINT('Ctrl Pts',(51.6527742978283,50.154949137336,0.255766169251005));
#6859=CARTESIAN_POINT('Ctrl Pts',(50.9827979282317,50.3342250154985,0.214053739336314));
#6860=CARTESIAN_POINT('Ctrl Pts',(49.8435193486685,51.3995620559454,0.130628879506933));
#6861=CARTESIAN_POINT('Ctrl Pts',(50.2264549817745,53.7202722933519,0.00549158976286159));
#6862=CARTESIAN_POINT('Ctrl Pts',(52.3704812185902,54.683687748828,-0.11964569998121));
#6863=CARTESIAN_POINT('Ctrl Pts',(54.361064748238,53.436600485255,-0.244782989725281));
#6864=CARTESIAN_POINT('Ctrl Pts',(54.4276664823626,51.0873598285654,-0.369920279469353));
#6865=CARTESIAN_POINT('Ctrl Pts',(52.5098126694591,49.7294699384906,-0.495057569213425));
#6866=CARTESIAN_POINT('Ctrl Pts',(50.3162060894695,50.5717842962773,-0.620194858957496));
#6867=CARTESIAN_POINT('Ctrl Pts',(49.8003180187577,52.8643623206371,-0.745332148701568));
#6868=CARTESIAN_POINT('Ctrl Pts',(51.4217576023349,54.5651811772994,-0.870469438445639));
#6869=CARTESIAN_POINT('Ctrl Pts',(53.7363204584486,54.1594643685612,-0.995606728189713));
#6870=CARTESIAN_POINT('Ctrl Pts',(54.6825645838188,52.008534152223,-1.12074401793378));
#6871=CARTESIAN_POINT('Ctrl Pts',(53.4176995124749,50.0281384921298,-1.24588130767786));
#6872=CARTESIAN_POINT('Ctrl Pts',(51.0682887591553,49.9821160426981,-1.37101859742192));
#6873=CARTESIAN_POINT('Ctrl Pts',(49.7268391781343,51.9114603580597,-1.496155887166));
#6874=CARTESIAN_POINT('Ctrl Pts',(50.588118952691,54.0977928957685,-1.62129317691007));
#6875=CARTESIAN_POINT('Ctrl Pts',(52.8850255954317,54.5938502377779,-1.74643046665414));
#6876=CARTESIAN_POINT('Ctrl Pts',(54.5718120774043,52.9578168854975,-1.87156775639821));
#6877=CARTESIAN_POINT('Ctrl Pts',(54.1461362914707,50.6468315028092,-1.99670504614228));
#6878=CARTESIAN_POINT('Ctrl Pts',(51.9871278678988,49.7191807039809,-2.12184233588636));
#6879=CARTESIAN_POINT('Ctrl Pts',(50.0177146905774,51.0010797606701,-2.24697962563043));
#6880=CARTESIAN_POINT('Ctrl Pts',(49.9919610892879,53.350801052003,-2.3721169153745));
#6881=CARTESIAN_POINT('Ctrl Pts',(51.9328045753459,54.6755576173946,-2.49725420511857));
#6882=CARTESIAN_POINT('Ctrl Pts',(54.1116265543098,53.7954506701818,-2.62239149486264));
#6883=CARTESIAN_POINT('Ctrl Pts',(54.5878520529443,51.494350356838,-2.74752878460671));
#6884=CARTESIAN_POINT('Ctrl Pts',(52.9373293344508,49.8217392037407,-2.87266607435079));
#6885=CARTESIAN_POINT('Ctrl Pts',(50.6301017377852,50.2673338432102,-2.99780336409485));
#6886=CARTESIAN_POINT('Ctrl Pts',(49.7211093587016,52.4342638990255,-3.12294065383893));
#6887=CARTESIAN_POINT('Ctrl Pts',(51.0199486806591,54.3925461134271,-3.248077943583));
#6888=CARTESIAN_POINT('Ctrl Pts',(53.3698053560334,54.3980298018242,-3.37321523332707));
#6889=CARTESIAN_POINT('Ctrl Pts',(54.6777694543598,52.4458313305731,-3.49835252307114));
#6890=CARTESIAN_POINT('Ctrl Pts',(53.7789033645677,50.2746817797951,-3.62348981281522));
#6891=CARTESIAN_POINT('Ctrl Pts',(51.4737750107743,49.8183244495246,-3.74862710255928));
#6892=CARTESIAN_POINT('Ctrl Pts',(49.8154753553245,51.4832117119327,-3.87376439230335));
#6893=CARTESIAN_POINT('Ctrl Pts',(50.2809314665897,53.7865140617894,-3.99890168204743));
#6894=CARTESIAN_POINT('Ctrl Pts',(52.4556718980105,54.6767716398103,-4.1240389717915));
#6895=CARTESIAN_POINT('Ctrl Pts',(54.4025743580026,53.3611067446399,-4.24917626153557));
#6896=CARTESIAN_POINT('Ctrl Pts',(54.3880002448393,51.0112523243702,-4.37431355127964));
#6897=CARTESIAN_POINT('Ctrl Pts',(52.4241538560304,49.7202547197269,-4.49945084102372));
#6898=CARTESIAN_POINT('Ctrl Pts',(50.261741589301,50.6376546435167,-4.62458813076779));
#6899=CARTESIAN_POINT('Ctrl Pts',(49.8234142302558,52.9469590778252,-4.74972542051186));
#6900=CARTESIAN_POINT('Ctrl Pts',(51.5063891096173,54.5901058334569,-4.87486271025593));
#6901=CARTESIAN_POINT('Ctrl Pts',(53.0322105457163,54.2664275414123,-4.95828757008531));
#6902=CARTESIAN_POINT('Ctrl Pts',(53.5629122292573,53.8199256943887,-5.));
#6903=CARTESIAN_POINT('Ctrl Pts',(50.0841565946471,52.1983156139549,-3.9109437209775));
#6904=CARTESIAN_POINT('Ctrl Pts',(50.0879686863794,52.686410308828,-3.94026304133415));
#6905=CARTESIAN_POINT('Ctrl Pts',(50.2565168183132,53.1768854773477,-3.96958236169079));
#6906=CARTESIAN_POINT('Ctrl Pts',(50.5658121866156,53.5510065998168,-3.99890168204744));
#6907=CARTESIAN_POINT('Ctrl Pts',(51.0058449437299,54.0832665877964,-4.04061411196212));
#6908=CARTESIAN_POINT('Ctrl Pts',(51.7307584208702,54.3800191138034,-4.08232654187681));
#6909=CARTESIAN_POINT('Ctrl Pts',(52.4176989027724,54.3091178942784,-4.1240389717915));
#6910=CARTESIAN_POINT('Ctrl Pts',(53.1046393846745,54.2382166747535,-4.1657514017062));
#6911=CARTESIAN_POINT('Ctrl Pts',(53.7536068713386,53.7996617096967,-4.20746383162089));
#6912=CARTESIAN_POINT('Ctrl Pts',(54.07566159581,53.18874182379,-4.24917626153558));
#6913=CARTESIAN_POINT('Ctrl Pts',(54.3977163202815,52.5778219378833,-4.29088869145027));
#6914=CARTESIAN_POINT('Ctrl Pts',(54.3928582825604,51.7945371311268,-4.33260112136496));
#6915=CARTESIAN_POINT('Ctrl Pts',(54.0631215322317,51.1877284603079,-4.37431355127965));
#6916=CARTESIAN_POINT('Ctrl Pts',(53.733384781903,50.5809197894891,-4.41602598119434));
#6917=CARTESIAN_POINT('Ctrl Pts',(53.0787693189667,50.150587254608,-4.45773841110903));
#6918=CARTESIAN_POINT('Ctrl Pts',(52.3910595430436,50.0883209744658,-4.49945084102372));
#6919=CARTESIAN_POINT('Ctrl Pts',(51.7033497671206,50.0260546943235,-4.54116327093841));
#6920=CARTESIAN_POINT('Ctrl Pts',(50.9825456782108,50.3318546689201,-4.5828757008531));
#6921=CARTESIAN_POINT('Ctrl Pts',(50.549089073915,50.8696387286032,-4.62458813076779));
#6922=CARTESIAN_POINT('Ctrl Pts',(50.2499663985653,51.2407564024339,-4.65337332750436));
#6923=CARTESIAN_POINT('Ctrl Pts',(50.0876842772691,51.7223494847321,-4.68215852424094));
#6924=CARTESIAN_POINT('Ctrl Pts',(50.0839991621081,52.2016934593773,-4.71094372097751));
#6925=CARTESIAN_POINT('Ctrl Pts',(51.5382627314315,49.7270050975816,2.77555756156289E-16));
#6926=CARTESIAN_POINT('Ctrl Pts',(51.4569901670904,49.7564320086326,2.94349312255651E-16));
#6927=CARTESIAN_POINT('Ctrl Pts',(51.3775862139395,49.790214870905,-2.93793880824279E-17));
#6928=CARTESIAN_POINT('Ctrl Pts',(51.3002522581257,49.8280417954401,4.16333634234434E-17));
#6929=CARTESIAN_POINT('Ctrl Pts',(51.2193556671764,49.8676113378072,1.15917543642963E-16));
#6930=CARTESIAN_POINT('Ctrl Pts',(51.1407233159442,49.9116066411501,4.6090851655733E-16));
#6931=CARTESIAN_POINT('Ctrl Pts',(51.0646168754045,49.9597198113372,5.03069808033274E-16));
#6932=CARTESIAN_POINT('Ctrl Pts',(50.9980237399322,50.001818835251,5.39960938074725E-16));
#6933=CARTESIAN_POINT('Ctrl Pts',(50.9333646986283,50.0470717227544,3.49491787903858E-16));
#6934=CARTESIAN_POINT('Ctrl Pts',(50.870841162347,50.0952955874483,3.53883589099269E-16));
#6935=CARTESIAN_POINT('Ctrl Pts',(50.8401824086505,50.1189424199514,3.56037132534943E-16));
#6936=CARTESIAN_POINT('Ctrl Pts',(50.8100375407131,50.1433039036929,3.5225586417023E-16));
#6937=CARTESIAN_POINT('Ctrl Pts',(50.7804328544499,50.1683598588623,3.67761376907083E-16));
#6938=CARTESIAN_POINT('Ctrl Pts',(50.7646965289703,50.1816783133207,3.7600330836978E-16));
#6939=CARTESIAN_POINT('Ctrl Pts',(50.7491128584565,50.195192999563,1.87525549746785E-16));
#6940=CARTESIAN_POINT('Ctrl Pts',(50.733686004935,50.2089009658482,1.59594559789866E-16));
#6941=CARTESIAN_POINT('Ctrl Pts',(50.7237705843664,50.2177115927637,1.41642259151626E-16));
#6942=CARTESIAN_POINT('Ctrl Pts',(50.7139182409297,50.2266036377876,3.97995658953619E-16));
#6943=CARTESIAN_POINT('Ctrl Pts',(50.704135694837,50.2355711977906,3.88578058618805E-16));
#6944=CARTESIAN_POINT('Ctrl Pts',(50.6401886786243,50.2941907738669,3.27016637329152E-16));
#6945=CARTESIAN_POINT('Ctrl Pts',(50.5793846349002,50.3558819213819,6.7095040413138E-16));
#6946=CARTESIAN_POINT('Ctrl Pts',(50.5219524749663,50.4203657351202,5.68989300120393E-16));
#6947=CARTESIAN_POINT('Ctrl Pts',(50.4647813684528,50.4845564426937,4.67491652385234E-16));
#6948=CARTESIAN_POINT('Ctrl Pts',(50.4109510331253,50.5515153087546,2.1965711686082E-16));
#6949=CARTESIAN_POINT('Ctrl Pts',(50.360730274091,50.6209951224856,2.08166817117217E-16));
#6950=CARTESIAN_POINT('Ctrl Pts',(50.3158566624863,50.6830772223123,1.97899922354335E-16));
#6951=CARTESIAN_POINT('Ctrl Pts',(50.2738652132932,50.7471727657808,3.12822908053441E-16));
#6952=CARTESIAN_POINT('Ctrl Pts',(50.2349821077846,50.8131165257762,2.91433543964104E-16));
#6953=CARTESIAN_POINT('Ctrl Pts',(50.2031875966718,50.8670383919072,2.73943573311304E-16));
#6954=CARTESIAN_POINT('Ctrl Pts',(50.1734719285338,50.9221963135648,3.18146954610344E-16));
#6955=CARTESIAN_POINT('Ctrl Pts',(50.1459771985674,50.9785019985488,3.60822483003176E-16));
#6956=CARTESIAN_POINT('Ctrl Pts',(50.1399955273855,50.9907516948963,3.70106843266805E-16));
#6957=CARTESIAN_POINT('Ctrl Pts',(50.1341226620517,51.0030483691049,7.26125429378038E-17));
#6958=CARTESIAN_POINT('Ctrl Pts',(50.128361753493,51.0153865235242,8.32667268468867E-17));
#6959=CARTESIAN_POINT('Ctrl Pts',(50.0937197962612,51.0895793029017,1.47333319738681E-16));
#6960=CARTESIAN_POINT('Ctrl Pts',(50.0630971504966,51.1653221249512,-2.79236998050768E-16));
#6961=CARTESIAN_POINT('Ctrl Pts',(50.0367329776497,51.2423965456996,-2.63677968348475E-16));
#6962=CARTESIAN_POINT('Ctrl Pts',(50.0136973729053,51.3097400539741,-2.50083320016058E-16));
#6963=CARTESIAN_POINT('Ctrl Pts',(49.9939133200234,51.3781007195058,8.07682047984763E-17));
#6964=CARTESIAN_POINT('Ctrl Pts',(49.9775724651157,51.4473387314054,0.));
#6965=CARTESIAN_POINT('Ctrl Pts',(49.9584343025653,51.5284292455724,-9.55310812328382E-17));
#6966=CARTESIAN_POINT('Ctrl Pts',(49.9440184665654,51.610724244204,3.14588299624744E-16));
#6967=CARTESIAN_POINT('Ctrl Pts',(49.9342537875791,51.6938348402646,3.88578058618805E-16));
#6968=CARTESIAN_POINT('Ctrl Pts',(49.9294426519996,51.7347840968969,4.25033405744486E-16));
#6969=CARTESIAN_POINT('Ctrl Pts',(49.9257614249946,51.775931199034,-1.81829606874043E-16));
#6970=CARTESIAN_POINT('Ctrl Pts',(49.9232059834672,51.8172281393436,-1.94289029309402E-16));
#6971=CARTESIAN_POINT('Ctrl Pts',(49.9223724028087,51.8306991306877,-1.98353271612098E-16));
#6972=CARTESIAN_POINT('Ctrl Pts',(49.9216585352706,51.8441883595255,1.15387599750596E-16));
#6973=CARTESIAN_POINT('Ctrl Pts',(49.9210646180825,51.8576867051785,1.11022302462516E-16));
#6974=CARTESIAN_POINT('Ctrl Pts',(49.9174757544132,51.9392531647391,8.46441185078767E-17));
#6975=CARTESIAN_POINT('Ctrl Pts',(49.9182713413208,52.0209117109858,8.91920812586765E-17));
#6976=CARTESIAN_POINT('Ctrl Pts',(49.9233255617158,52.1023029965957,1.11022302462516E-16));
#6977=CARTESIAN_POINT('Ctrl Pts',(49.9283946634968,52.1839339265103,1.32916799444102E-16));
#6978=CARTESIAN_POINT('Ctrl Pts',(49.9377478732525,52.2652970472375,4.88515750660252E-16));
#6979=CARTESIAN_POINT('Ctrl Pts',(49.9513095884981,52.3460191526165,5.55111512312578E-16));
#6980=CARTESIAN_POINT('Ctrl Pts',(49.9646744685335,52.4255696545304,6.20740700747491E-16));
#6981=CARTESIAN_POINT('Ctrl Pts',(49.982127031064,52.5044985022453,-7.24783671041614E-17));
#6982=CARTESIAN_POINT('Ctrl Pts',(50.0036384284595,52.5824240039878,-8.32667268468867E-17));
#6983=CARTESIAN_POINT('Ctrl Pts',(50.0127977170326,52.615603724698,-8.78602778049181E-17));
#6984=CARTESIAN_POINT('Ctrl Pts',(50.0226933568838,52.6486011605971,6.44125921678717E-16));
#6985=CARTESIAN_POINT('Ctrl Pts',(50.0333252669286,52.6813848754647,6.93889390390723E-16));
#6986=CARTESIAN_POINT('Ctrl Pts',(50.0375186238511,52.6943151784025,7.13516718418636E-16));
#6987=CARTESIAN_POINT('Ctrl Pts',(50.0418268300721,52.7072130936201,-1.96729342967486E-16));
#6988=CARTESIAN_POINT('Ctrl Pts',(50.04624900293,52.7200739348285,-1.66533453693773E-16));
#6989=CARTESIAN_POINT('Ctrl Pts',(50.0719586276013,52.7948442821339,9.0193808067653E-18));
#6990=CARTESIAN_POINT('Ctrl Pts',(50.101433941219,52.8681239667647,6.23548803023779E-18));
#6991=CARTESIAN_POINT('Ctrl Pts',(50.1346224070942,52.939558530532,1.38777878078145E-16));
#6992=CARTESIAN_POINT('Ctrl Pts',(50.1585294349492,52.9910158082567,2.34253656403179E-16));
#6993=CARTESIAN_POINT('Ctrl Pts',(50.1843641069239,53.0415152350765,3.4475451100654E-16));
#6994=CARTESIAN_POINT('Ctrl Pts',(50.2121192226627,53.0909132119736,4.71844785465692E-16));
#6995=CARTESIAN_POINT('Ctrl Pts',(50.2240533378129,53.1121533015494,5.26490926528169E-16));
#6996=CARTESIAN_POINT('Ctrl Pts',(50.2363426315808,53.133189617616,2.86774683946117E-16));
#6997=CARTESIAN_POINT('Ctrl Pts',(50.2489870696348,53.1540100813871,2.4980018054066E-16));
#6998=CARTESIAN_POINT('Ctrl Pts',(50.2599657379836,53.1720876713627,2.17696673170937E-16));
#6999=CARTESIAN_POINT('Ctrl Pts',(50.2712143577787,53.1900056537969,6.21344085731626E-16));
#7000=CARTESIAN_POINT('Ctrl Pts',(50.282718063675,53.2077335392822,5.82867087928207E-16));
#7001=CARTESIAN_POINT('Ctrl Pts',(50.3238346330703,53.2710965842316,4.45342522838264E-16));
#7002=CARTESIAN_POINT('Ctrl Pts',(50.3682400776221,53.3320907923049,-8.43708988281863E-18));
#7003=CARTESIAN_POINT('Ctrl Pts',(50.4159103309698,53.3903747053887,0.));
#7004=CARTESIAN_POINT('Ctrl Pts',(50.4467165144246,53.428039806638,5.45234229947676E-18));
#7005=CARTESIAN_POINT('Ctrl Pts',(50.4788868447982,53.4645723428473,3.80842039176132E-16));
#7006=CARTESIAN_POINT('Ctrl Pts',(50.5124216829879,53.4998707114466,4.44089209850063E-16));
#7007=CARTESIAN_POINT('Ctrl Pts',(50.5334471106335,53.5220018244937,4.28232307232501E-16));
#7008=CARTESIAN_POINT('Ctrl Pts',(50.5550090503412,53.543647615216,3.77351087492562E-17));
#7009=CARTESIAN_POINT('Ctrl Pts',(50.5770861666649,53.5647986425518,5.55111512312578E-17));
#7010=CARTESIAN_POINT('Origin',(28.6,28.6,10.5));
#7011=CARTESIAN_POINT('',(26.6,28.6,21.));
#7012=CARTESIAN_POINT('Origin',(28.6,28.6,21.));
#7013=CARTESIAN_POINT('',(26.6,28.6,0.));
#7014=CARTESIAN_POINT('',(26.6,28.6,10.5));
#7015=CARTESIAN_POINT('Origin',(28.6,28.6,0.));
#7016=CARTESIAN_POINT('Origin',(28.6,28.6,0.));
#7017=CARTESIAN_POINT('Origin',(57.2636057707526,-0.111290542513623,-100.));
#7018=CARTESIAN_POINT('',(44.7641012039649,-6.24500451351651E-16,-100.));
#7019=CARTESIAN_POINT('Origin',(57.2636057707526,-0.111290542513623,-100.));
#7020=CARTESIAN_POINT('',(44.7641012039649,0.,-100.));
#7021=CARTESIAN_POINT('Origin',(57.1999987214804,57.1999987214804,-100.));
#7022=CARTESIAN_POINT('Origin',(57.1999987214804,57.1999987214804,-100.));
#7023=CARTESIAN_POINT('Origin',(0.,0.,-100.));
#7024=CARTESIAN_POINT('',(12.5,0.,-100.));
#7025=CARTESIAN_POINT('',(-2.29621274840129E-15,12.5,-100.));
#7026=CARTESIAN_POINT('Origin',(0.,0.,-100.));
#7027=CARTESIAN_POINT('',(12.5,0.,-100.));
#7028=CARTESIAN_POINT('',(-1.08434918294957E-15,12.5,-100.));
#7029=CARTESIAN_POINT('Origin',(0.,57.1999987214804,-100.));
#7030=CARTESIAN_POINT('',(7.65404249467096E-16,44.6999987214804,-100.));
#7031=CARTESIAN_POINT('Origin',(0.,57.1999987214804,-100.));
#7032=CARTESIAN_POINT('',(-3.35654282533229E-15,44.6999987214804,-100.));
#7033=CARTESIAN_POINT('Origin',(52.2,0.,0.));
#7034=CARTESIAN_POINT('',(5.,0.,-100.));
#7035=CARTESIAN_POINT('Origin',(-5.55111512312579E-16,5.,0.));
#7036=CARTESIAN_POINT('',(-3.88578058618805E-15,52.2,-100.));
#7037=CARTESIAN_POINT('Origin',(28.6,28.6,-100.));
#7038=CARTESIAN_POINT('Origin',(28.6,28.6,0.));
#7039=CARTESIAN_POINT('',(9.55,28.6,0.));
#7040=CARTESIAN_POINT('Origin',(28.6,28.6,0.));
#7041=CARTESIAN_POINT('Origin',(5.,52.2,0.));
#7042=CARTESIAN_POINT('Origin',(52.2,5.,0.));
#7043=CARTESIAN_POINT('Origin',(5.,5.,0.));
#7044=CARTESIAN_POINT('Origin',(52.2,52.2,0.));
#7045=CARTESIAN_POINT('Origin',(28.6,28.6,0.));
#7046=CARTESIAN_POINT('',(23.6,28.6,21.));
#7047=CARTESIAN_POINT('Origin',(28.6,28.6,21.));
#7048=CARTESIAN_POINT('',(23.6,28.6,1.5));
#7049=CARTESIAN_POINT('',(23.6,28.6,0.));
#7050=CARTESIAN_POINT('Origin',(28.6,28.6,1.5));
#7051=CARTESIAN_POINT('Origin',(28.6,28.6,21.));
#7052=CARTESIAN_POINT('Origin',(28.6,28.6,0.));
#7053=CARTESIAN_POINT('',(9.55,28.6,1.5));
#7054=CARTESIAN_POINT('Origin',(28.6,28.6,1.5));
#7055=CARTESIAN_POINT('',(9.55,28.6,0.));
#7056=CARTESIAN_POINT('Origin',(28.6,28.6,1.5));
#7057=CARTESIAN_POINT('Origin',(28.6,28.6,21.));
#7058=CARTESIAN_POINT('',(30.6,28.6,1.));
#7059=CARTESIAN_POINT('Origin',(28.6,28.6,1.));
#7060=CARTESIAN_POINT('',(30.6,28.6,21.));
#7061=CARTESIAN_POINT('',(30.6,28.6,21.));
#7062=CARTESIAN_POINT('Origin',(28.6,28.6,21.));
#7063=CARTESIAN_POINT('Origin',(28.6,28.6,21.));
#7064=CARTESIAN_POINT('Origin',(28.6,28.6,1.));
#7065=CARTESIAN_POINT('',(0.,0.,0.));
#7066=UNCERTAINTY_MEASURE_WITH_UNIT(LENGTH_MEASURE(0.01),#7072,
'DISTANCE_ACCURACY_VALUE',
'Maximum model space distance between geometric entities at asserted c
onnectivities');
#7067=UNCERTAINTY_MEASURE_WITH_UNIT(LENGTH_MEASURE(0.01),#7072,
'DISTANCE_ACCURACY_VALUE',
'Maximum model space distance between geometric entities at asserted c
onnectivities');
#7068=UNCERTAINTY_MEASURE_WITH_UNIT(LENGTH_MEASURE(0.01),#7072,
'DISTANCE_ACCURACY_VALUE',
'Maximum model space distance between geometric entities at asserted c
onnectivities');
#7069=(
GEOMETRIC_REPRESENTATION_CONTEXT(3)
GLOBAL_UNCERTAINTY_ASSIGNED_CONTEXT((#7066))
GLOBAL_UNIT_ASSIGNED_CONTEXT((#7072,#7074,#7075))
REPRESENTATION_CONTEXT('','3D')
);
#7070=(
GEOMETRIC_REPRESENTATION_CONTEXT(3)
GLOBAL_UNCERTAINTY_ASSIGNED_CONTEXT((#7067))
GLOBAL_UNIT_ASSIGNED_CONTEXT((#7072,#7074,#7075))
REPRESENTATION_CONTEXT('','3D')
);
#7071=(
GEOMETRIC_REPRESENTATION_CONTEXT(3)
GLOBAL_UNCERTAINTY_ASSIGNED_CONTEXT((#7068))
GLOBAL_UNIT_ASSIGNED_CONTEXT((#7072,#7074,#7075))
REPRESENTATION_CONTEXT('','3D')
);
#7072=(
LENGTH_UNIT()
NAMED_UNIT(*)
SI_UNIT(.MILLI.,.METRE.)
);
#7073=(
LENGTH_UNIT()
NAMED_UNIT(*)
SI_UNIT($,.METRE.)
);
#7074=(
NAMED_UNIT(*)
PLANE_ANGLE_UNIT()
SI_UNIT($,.RADIAN.)
);
#7075=(
NAMED_UNIT(*)
SI_UNIT($,.STERADIAN.)
SOLID_ANGLE_UNIT()
);
#7076=SHAPE_DEFINITION_REPRESENTATION(#7078,#7081);
#7077=SHAPE_DEFINITION_REPRESENTATION(#7079,#7082);
#7078=PRODUCT_DEFINITION_SHAPE('',$,#7084);
#7079=PRODUCT_DEFINITION_SHAPE('',$,#7085);
#7080=PRODUCT_DEFINITION_SHAPE($,$,#14);
#7081=SHAPE_REPRESENTATION('',(#1702,#1824),#7069);
#7082=SHAPE_REPRESENTATION('',(#1703),#7070);
#7083=PRODUCT_DEFINITION_CONTEXT('part definition',#7091,'design');
#7084=PRODUCT_DEFINITION('Stepper Motor','Stepper Motor v1',#7086,#7083);
#7085=PRODUCT_DEFINITION('F_M_step_motor','F_M_step_motor v1',#7087,#7083);
#7086=PRODUCT_DEFINITION_FORMATION('',$,#7093);
#7087=PRODUCT_DEFINITION_FORMATION('',$,#7094);
#7088=PRODUCT_RELATED_PRODUCT_CATEGORY('Stepper Motor v1',
'Stepper Motor v1',(#7093));
#7089=PRODUCT_RELATED_PRODUCT_CATEGORY('F_M_step_motor v1',
'F_M_step_motor v1',(#7094));
#7090=APPLICATION_PROTOCOL_DEFINITION('international standard',
'automotive_design',2009,#7091);
#7091=APPLICATION_CONTEXT(
'Core Data for Automotive Mechanical Design Process');
#7092=PRODUCT_CONTEXT('part definition',#7091,'mechanical');
#7093=PRODUCT('Stepper Motor','Stepper Motor v1',$,(#7092));
#7094=PRODUCT('F_M_step_motor','F_M_step_motor v1',$,(#7092));
#7095=PRESENTATION_STYLE_ASSIGNMENT((#7099));
#7096=PRESENTATION_STYLE_ASSIGNMENT((#7100));
#7097=PRESENTATION_STYLE_ASSIGNMENT((#7101));
#7098=PRESENTATION_STYLE_ASSIGNMENT((#7102));
#7099=SURFACE_STYLE_USAGE(.BOTH.,#7103);
#7100=SURFACE_STYLE_USAGE(.BOTH.,#7104);
#7101=SURFACE_STYLE_USAGE(.BOTH.,#7105);
#7102=SURFACE_STYLE_USAGE(.BOTH.,#7106);
#7103=SURFACE_SIDE_STYLE('',(#7107));
#7104=SURFACE_SIDE_STYLE('',(#7108));
#7105=SURFACE_SIDE_STYLE('',(#7109));
#7106=SURFACE_SIDE_STYLE('',(#7110));
#7107=SURFACE_STYLE_FILL_AREA(#7111);
#7108=SURFACE_STYLE_FILL_AREA(#7112);
#7109=SURFACE_STYLE_FILL_AREA(#7113);
#7110=SURFACE_STYLE_FILL_AREA(#7114);
#7111=FILL_AREA_STYLE('Steel - Satin',(#7115));
#7112=FILL_AREA_STYLE('Steel - Satin',(#7116));
#7113=FILL_AREA_STYLE('Steel - Satin',(#7117));
#7114=FILL_AREA_STYLE('Steel - Satin',(#7118));
#7115=FILL_AREA_STYLE_COLOUR('Steel - Satin',#7119);
#7116=FILL_AREA_STYLE_COLOUR('Steel - Satin',#7120);
#7117=FILL_AREA_STYLE_COLOUR('Steel - Satin',#7121);
#7118=FILL_AREA_STYLE_COLOUR('Steel - Satin',#7122);
#7119=COLOUR_RGB('Steel - Satin',0.627450980392157,0.627450980392157,0.627450980392157);
#7120=COLOUR_RGB('Steel - Satin',0.141176470588235,0.145098039215686,0.145098039215686);
#7121=COLOUR_RGB('Steel - Satin',0.670588235294118,0.52156862745098,0.435294117647059);
#7122=COLOUR_RGB('Steel - Satin',0.650980392156863,0.662745098039216,0.666666666666667);
ENDSEC;
END-ISO-10303-21;
